return_id,item_received,item_condition_ok,refund_completed,merchant_loss,abuse_rule_triggered,abusive_return
R000000,1,1,1,43.99,none,0
R000001,1,1,1,22.15,none,0
R000002,1,1,1,600.0,none,0
R000003,1,1,1,138.72,none,0
R000004,1,1,1,88.65,none,0
R000005,1,1,1,101.39,none,0
R000006,1,1,1,0.0,none,0
R000007,1,1,1,47.56,none,0
R000008,1,0,1,96.47,none,0
R000009,0,1,1,65.74,none,0
R000010,1,0,1,97.47,none,0
R000011,1,1,1,157.26,none,0
R000012,1,1,1,154.27,none,0
R000013,1,1,1,133.64,none,0
R000014,1,1,1,600.0,none,0
R000015,1,0,1,70.03,none,0
R000016,1,1,1,225.39,none,0
R000017,1,1,1,194.04,none,0
R000018,1,1,1,31.6,none,0
R000019,1,1,1,60.9,none,0
R000020,1,1,1,83.3,none,0
R000021,1,1,1,26.66,none,0
R000022,1,1,1,133.08,none,0
R000023,1,1,1,94.24,none,0
R000024,1,1,1,134.5,none,0
R000025,1,1,1,76.82,none,0
R000026,1,0,1,56.08,none,0
R000027,1,1,1,109.21,none,0
R000028,1,0,1,45.22,none,0
R000029,1,1,1,140.07,none,0
R000030,1,1,1,277.42,none,0
R000031,1,1,1,121.49,none,0
R000032,1,1,1,133.07,none,0
R000033,1,1,1,65.87,none,0
R000034,1,1,1,15.93,none,0
R000035,1,1,1,88.86,none,0
R000036,1,1,1,126.42,none,0
R000037,1,1,1,41.46,none,0
R000038,1,1,1,53.44,none,0
R000039,1,1,1,222.34,none,0
R000040,1,1,1,246.83,none,0
R000041,1,1,1,60.98,none,0
R000042,1,1,1,289.79,none,0
R000043,1,1,1,188.92,none,0
R000044,1,1,1,600.0,none,0
R000045,1,1,1,97.35,none,0
R000046,1,1,1,873.08,condition_mismatch,1
R000047,1,1,1,109.12,none,0
R000048,1,1,1,120.61,none,0
R000049,1,1,1,48.58,none,0
R000050,1,1,1,83.82,none,0
R000051,1,1,1,119.29,none,0
R000052,1,1,1,29.05,none,0
R000053,0,1,1,154.16,none,0
R000054,1,1,1,147.01,none,0
R000055,1,1,1,376.07,none,0
R000056,1,1,1,167.94,none,0
R000057,1,1,1,104.73,none,0
R000058,1,1,1,40.71,none,0
R000059,1,1,1,64.42,none,0
R000060,1,1,1,124.97,none,0
R000061,1,1,1,59.49,none,0
R000062,1,1,1,129.91,none,0
R000063,1,1,1,79.9,none,0
R000064,1,0,1,108.11,none,0
R000065,1,1,1,3.6,none,0
R000066,1,1,1,302.07,none,0
R000067,0,1,1,159.18,none,0
R000068,1,1,1,96.19,none,0
R000069,1,1,1,195.64,none,0
R000070,1,1,1,239.33,none,0
R000071,1,1,1,83.15,none,0
R000072,1,1,1,43.56,none,0
R000073,1,1,1,62.24,none,0
R000074,1,1,1,168.93,none,0
R000075,1,1,1,154.55,none,0
R000076,1,1,1,41.37,none,0
R000077,1,1,1,437.3,none,0
R000078,1,1,1,108.79,none,0
R000079,1,1,1,600.0,none,0
R000080,1,0,1,99.29,none,0
R000081,1,1,1,600.0,none,0
R000082,1,1,1,121.99,none,0
R000083,1,1,1,74.61,none,0
R000084,1,1,1,479.03,none,0
R000085,1,1,1,381.54,none,0
R000086,1,1,1,63.6,none,0
R000087,1,1,1,176.02,none,0
R000088,1,1,1,45.71,none,0
R000089,1,1,1,114.01,none,0
R000090,1,1,1,203.78,none,0
R000091,1,1,1,134.0,none,0
R000092,1,1,1,153.2,none,0
R000093,1,1,1,76.35,none,0
R000094,1,1,1,47.89,none,0
R000095,1,1,1,314.95,none,0
R000096,1,1,1,3.36,none,0
R000097,1,1,1,204.41,none,0
R000098,1,1,1,415.61,none,0
R000099,1,1,1,98.47,none,0
R000100,1,1,1,312.63,none,0
R000101,1,0,1,108.83,none,0
R000102,1,1,1,64.29,none,0
R000103,1,1,1,62.0,none,0
R000104,1,1,1,64.37,none,0
R000105,1,1,1,103.2,none,0
R000106,1,1,1,154.24,none,0
R000107,1,1,1,194.29,none,0
R000108,1,1,1,151.4,none,0
R000109,1,0,1,63.89,none,0
R000110,1,1,1,193.25,none,0
R000111,1,1,1,600.0,none,0
R000112,1,1,1,71.87,none,0
R000113,1,1,1,115.46,none,0
R000114,1,1,1,144.68,none,0
R000115,1,1,1,29.83,none,0
R000116,1,1,1,308.09,none,0
R000117,1,1,1,125.99,none,0
R000118,1,1,1,528.64,none,0
R000119,1,1,1,102.78,none,0
R000120,1,1,1,45.52,none,0
R000121,1,1,1,146.57,none,0
R000122,1,1,1,210.35,none,0
R000123,1,1,1,38.12,none,0
R000124,1,1,1,98.54,none,0
R000125,1,1,1,255.67,none,0
R000126,1,1,1,600.0,none,0
R000127,1,1,1,48.73,none,0
R000128,1,1,1,60.96,none,0
R000129,1,1,1,86.28,none,0
R000130,1,1,1,302.3,none,0
R000131,1,1,1,600.0,none,0
R000132,1,1,1,600.0,none,0
R000133,1,1,1,63.8,none,0
R000134,1,1,1,98.91,none,0
R000135,1,1,1,146.1,none,0
R000136,1,1,1,61.41,none,0
R000137,1,1,1,44.05,none,0
R000138,1,1,1,231.99,none,0
R000139,1,1,1,72.33,none,0
R000140,1,1,1,47.58,none,0
R000141,1,1,1,72.77,none,0
R000142,1,1,1,142.74,none,0
R000143,1,1,1,207.56,none,0
R000144,1,1,1,141.5,none,0
R000145,1,1,1,161.78,none,0
R000146,1,1,1,157.86,none,0
R000147,1,0,1,349.85,none,0
R000148,1,1,1,301.79,none,0
R000149,0,1,1,60.34,none,0
R000150,0,1,1,39.33,none,0
R000151,1,1,1,0.52,none,0
R000152,1,1,1,179.81,none,0
R000153,1,1,1,83.5,none,0
R000154,1,1,1,74.41,none,0
R000155,1,0,1,34.89,none,0
R000156,0,1,1,1279.44,condition_mismatch,1
R000157,1,1,1,112.4,none,0
R000158,1,1,1,175.59,none,0
R000159,1,1,1,150.51,none,0
R000160,1,1,1,93.25,none,0
R000161,1,1,1,240.53,none,0
R000162,1,1,1,37.03,none,0
R000163,1,1,1,34.0,none,0
R000164,0,1,1,119.08,none,0
R000165,0,1,1,444.44,none,0
R000166,1,1,1,527.26,none,0
R000167,1,1,1,64.62,none,0
R000168,1,1,1,65.35,none,0
R000169,1,1,1,64.19,none,0
R000170,1,1,1,128.5,none,0
R000171,1,1,1,56.48,none,0
R000172,1,1,1,38.84,none,0
R000173,1,1,1,45.89,none,0
R000174,1,1,1,89.8,none,0
R000175,1,1,1,600.0,none,0
R000176,1,1,1,44.75,none,0
R000177,1,0,1,187.48,none,0
R000178,1,1,1,86.19,none,0
R000179,1,1,1,136.07,none,0
R000180,1,1,1,176.74,none,0
R000181,1,1,1,600.0,none,0
R000182,1,1,1,154.65,none,0
R000183,1,1,1,44.74,none,0
R000184,1,1,1,91.95,none,0
R000185,1,1,1,51.86,none,0
R000186,0,1,1,120.44,none,0
R000187,1,0,1,89.43,none,0
R000188,1,1,1,84.62,none,0
R000189,1,1,1,71.23,none,0
R000190,1,1,1,62.44,none,0
R000191,1,1,1,600.0,none,0
R000192,1,1,1,102.94,none,0
R000193,1,1,1,169.07,none,0
R000194,1,1,1,38.99,none,0
R000195,1,1,1,112.7,none,0
R000196,1,1,1,297.22,none,0
R000197,1,1,1,202.35,none,0
R000198,1,1,1,123.45,none,0
R000199,1,1,1,32.5,none,0
R000200,1,1,1,114.3,none,0
R000201,1,1,1,95.22,none,0
R000202,1,1,1,53.59,none,0
R000203,1,1,1,109.44,none,0
R000204,1,1,1,169.69,none,0
R000205,1,1,1,52.96,none,0
R000206,0,1,1,45.22,none,0
R000207,1,1,1,56.21,none,0
R000208,1,1,1,289.68,none,0
R000209,1,1,1,94.54,none,0
R000210,1,1,1,62.84,none,0
R000211,1,1,1,84.77,none,0
R000212,1,1,1,74.24,none,0
R000213,1,1,1,41.36,none,0
R000214,1,1,1,204.62,none,0
R000215,1,1,1,84.45,none,0
R000216,1,1,1,81.32,none,0
R000217,1,1,1,48.41,none,0
R000218,1,1,1,58.19,none,0
R000219,1,1,1,160.97,none,0
R000220,1,1,1,66.59,none,0
R000221,1,1,1,76.26,none,0
R000222,1,1,1,600.0,none,0
R000223,1,1,1,42.76,none,0
R000224,1,1,1,134.43,none,0
R000225,1,1,1,118.74,none,0
R000226,0,1,1,525.04,none,0
R000227,1,1,1,377.84,none,0
R000228,1,1,1,264.49,none,0
R000229,1,1,1,171.94,none,0
R000230,1,1,1,46.2,none,0
R000231,1,1,1,49.78,none,0
R000232,1,1,1,127.12,none,0
R000233,1,1,1,30.01,none,0
R000234,0,1,1,68.46,none,0
R000235,1,1,1,177.29,none,0
R000236,1,1,1,68.67,none,0
R000237,1,1,1,349.0,none,0
R000238,1,1,1,99.37,none,0
R000239,1,1,1,152.35,none,0
R000240,0,1,1,58.37,none,0
R000241,1,1,1,13.48,none,0
R000242,1,1,1,32.09,none,0
R000243,1,1,1,297.98,none,0
R000244,1,1,1,181.03,none,0
R000245,1,1,1,85.16,none,0
R000246,1,1,1,228.67,none,0
R000247,1,1,1,90.63,none,0
R000248,1,1,1,72.15,none,0
R000249,1,1,1,30.37,none,0
R000250,1,1,1,140.73,none,0
R000251,1,1,1,0.0,none,0
R000252,1,1,1,600.0,none,0
R000253,1,1,1,121.09,none,0
R000254,1,1,1,131.05,none,0
R000255,1,1,1,102.65,none,0
R000256,1,1,1,56.22,none,0
R000257,1,1,1,47.9,none,0
R000258,1,1,1,71.22,none,0
R000259,1,1,1,388.68,none,0
R000260,1,1,1,33.49,none,0
R000261,1,1,1,136.13,none,0
R000262,1,1,1,345.33,none,0
R000263,1,1,1,90.81,none,0
R000264,1,1,1,178.44,none,0
R000265,1,1,1,35.38,none,0
R000266,1,1,1,62.78,none,0
R000267,1,1,1,57.82,none,0
R000268,1,1,1,51.76,none,0
R000269,1,1,1,55.64,none,0
R000270,1,1,1,216.53,none,0
R000271,1,1,1,70.08,none,0
R000272,1,1,1,315.33,none,0
R000273,1,1,1,89.94,none,0
R000274,1,1,1,49.02,none,0
R000275,1,1,1,161.88,none,0
R000276,1,1,1,87.77,none,0
R000277,1,1,1,150.35,none,0
R000278,1,0,1,50.8,none,0
R000279,0,1,1,46.95,none,0
R000280,1,1,1,58.44,none,0
R000281,1,1,1,92.41,none,0
R000282,1,1,1,65.02,none,0
R000283,1,1,1,66.93,none,0
R000284,1,1,1,600.0,none,0
R000285,1,1,1,168.01,none,0
R000286,1,1,1,111.09,none,0
R000287,1,1,1,310.57,none,0
R000288,1,1,1,600.0,none,0
R000289,1,1,1,141.68,none,0
R000290,1,1,1,107.15,none,0
R000291,1,1,1,4793.66,coordinated_abuse,1
R000292,1,1,1,123.99,none,0
R000293,1,1,1,600.0,none,0
R000294,1,1,1,21.83,none,0
R000295,1,0,1,71.75,none,0
R000296,1,1,1,32.67,none,0
R000297,1,1,1,67.41,none,0
R000298,1,1,1,80.72,none,0
R000299,1,1,1,105.42,none,0
R000300,1,1,1,119.32,none,0
R000301,1,1,1,85.51,none,0
R000302,1,1,1,111.15,none,0
R000303,1,1,1,121.51,none,0
R000304,1,1,1,60.63,none,0
R000305,1,1,1,160.72,none,0
R000306,1,1,1,468.76,none,0
R000307,1,1,1,111.05,none,0
R000308,1,1,1,175.08,none,0
R000309,1,1,1,93.92,none,0
R000310,1,1,1,240.56,none,0
R000311,1,1,1,261.78,none,0
R000312,1,1,1,156.44,none,0
R000313,1,0,1,600.0,none,0
R000314,1,1,1,178.22,none,0
R000315,1,1,1,91.65,none,0
R000316,1,1,1,28.01,none,0
R000317,1,1,1,30.09,none,0
R000318,1,1,1,22.84,none,0
R000319,1,1,1,124.24,none,0
R000320,1,1,1,118.36,none,0
R000321,1,1,1,10.93,none,0
R000322,1,1,1,237.07,none,0
R000323,1,1,1,432.77,none,0
R000324,1,1,1,175.65,none,0
R000325,1,1,1,121.59,none,0
R000326,1,1,1,43.53,none,0
R000327,1,1,1,49.71,none,0
R000328,1,1,1,116.01,none,0
R000329,1,1,1,128.24,none,0
R000330,1,1,1,64.68,none,0
R000331,1,1,1,59.26,none,0
R000332,1,1,1,49.27,none,0
R000333,1,1,1,57.48,none,0
R000334,1,1,1,68.25,none,0
R000335,0,1,1,35.76,none,0
R000336,1,1,1,211.73,none,0
R000337,1,1,1,149.88,none,0
R000338,1,1,1,750.0,condition_mismatch,1
R000339,1,1,1,56.14,none,0
R000340,1,1,1,150.05,none,0
R000341,1,0,1,68.54,none,0
R000342,1,1,1,95.08,none,0
R000343,1,1,1,600.0,none,0
R000344,1,1,1,50.34,none,0
R000345,1,1,1,81.66,none,0
R000346,1,1,1,118.46,none,0
R000347,1,1,1,137.65,none,0
R000348,1,1,1,106.3,none,0
R000349,1,1,1,38.09,none,0
R000350,1,1,1,69.94,none,0
R000351,1,1,1,78.97,none,0
R000352,1,1,1,78.78,none,0
R000353,1,1,1,97.41,none,0
R000354,1,1,1,105.16,none,0
R000355,1,1,1,61.78,none,0
R000356,1,1,1,138.34,none,0
R000357,1,0,1,551.94,none,0
R000358,1,1,1,329.72,none,0
R000359,1,1,1,39.39,none,0
R000360,1,1,1,54.18,none,0
R000361,1,1,1,261.51,none,0
R000362,1,1,1,70.75,none,0
R000363,1,1,1,110.89,none,0
R000364,1,1,1,8.2,none,0
R000365,1,1,1,187.41,none,0
R000366,1,1,1,25.88,none,0
R000367,1,1,1,73.86,none,0
R000368,1,1,1,91.2,none,0
R000369,1,0,1,171.72,none,0
R000370,1,1,1,37.28,none,0
R000371,0,1,1,73.36,none,0
R000372,1,1,1,153.76,none,0
R000373,1,1,1,120.54,none,0
R000374,1,1,1,75.82,none,0
R000375,1,1,1,110.02,none,0
R000376,1,1,1,62.43,none,0
R000377,1,1,1,39.85,none,0
R000378,1,1,1,51.46,none,0
R000379,1,1,1,117.61,none,0
R000380,1,1,1,176.95,none,0
R000381,1,1,1,150.78,none,0
R000382,1,1,1,17.08,none,0
R000383,1,1,1,68.62,none,0
R000384,1,1,1,258.74,none,0
R000385,1,1,1,155.49,none,0
R000386,1,1,1,54.49,none,0
R000387,1,1,1,56.13,none,0
R000388,1,1,1,98.38,none,0
R000389,1,1,1,83.51,none,0
R000390,1,1,1,408.69,none,0
R000391,1,1,1,122.27,none,0
R000392,1,1,1,151.16,none,0
R000393,0,1,1,872.47,refund_abuse,1
R000394,1,1,1,48.56,none,0
R000395,1,1,1,142.67,none,0
R000396,1,1,1,61.93,none,0
R000397,1,1,1,138.76,none,0
R000398,1,1,1,104.07,none,0
R000399,1,1,1,103.06,none,0
R000400,1,1,1,44.48,none,0
R000401,1,1,1,206.75,none,0
R000402,1,1,1,27.1,none,0
R000403,0,1,1,343.48,none,0
R000404,1,0,1,2943.06,refund_abuse,1
R000405,1,1,1,252.8,none,0
R000406,1,1,1,64.52,none,0
R000407,0,0,1,1058.48,condition_mismatch,1
R000408,1,1,1,250.21,none,0
R000409,1,1,1,159.5,none,0
R000410,1,1,1,288.88,none,0
R000411,1,1,1,105.94,none,0
R000412,1,1,1,84.5,none,0
R000413,1,1,1,27.85,none,0
R000414,1,1,1,100.29,none,0
R000415,1,1,1,312.44,none,0
R000416,1,1,1,126.77,none,0
R000417,1,1,1,115.54,none,0
R000418,1,1,1,132.66,none,0
R000419,1,1,1,108.59,none,0
R000420,1,1,1,74.37,none,0
R000421,1,1,1,122.52,none,0
R000422,1,1,1,63.02,none,0
R000423,1,1,1,126.68,none,0
R000424,1,1,1,89.53,none,0
R000425,1,1,1,528.63,none,0
R000426,1,1,1,13.7,none,0
R000427,1,1,1,71.02,none,0
R000428,1,1,1,107.95,none,0
R000429,1,1,1,39.6,none,0
R000430,0,1,1,29.71,none,0
R000431,1,0,1,352.13,none,0
R000432,1,1,1,386.28,none,0
R000433,0,1,1,39.28,none,0
R000434,1,1,1,189.38,none,0
R000435,1,0,1,106.15,none,0
R000436,1,1,1,202.23,none,0
R000437,1,1,1,84.09,none,0
R000438,1,1,1,49.81,none,0
R000439,1,1,1,45.11,none,0
R000440,1,1,1,0.0,none,0
R000441,1,1,1,57.95,none,0
R000442,1,1,1,600.0,none,0
R000443,1,1,1,145.89,none,0
R000444,1,1,1,303.47,none,0
R000445,1,1,1,42.6,none,0
R000446,1,1,1,101.43,none,0
R000447,1,1,1,33.9,none,0
R000448,1,1,1,70.06,none,0
R000449,1,1,1,189.45,none,0
R000450,1,1,1,177.76,none,0
R000451,1,1,1,50.1,none,0
R000452,1,1,1,152.44,none,0
R000453,1,1,1,71.94,none,0
R000454,1,1,1,29.39,none,0
R000455,1,1,1,99.95,none,0
R000456,1,1,1,121.6,none,0
R000457,1,1,1,75.62,none,0
R000458,1,1,1,70.82,none,0
R000459,1,1,1,117.62,none,0
R000460,0,1,1,80.69,none,0
R000461,1,1,1,54.79,none,0
R000462,1,1,1,295.22,none,0
R000463,1,1,1,116.53,none,0
R000464,1,1,1,61.35,none,0
R000465,1,1,1,58.67,none,0
R000466,1,1,1,120.18,none,0
R000467,1,1,1,600.0,none,0
R000468,1,1,1,138.94,none,0
R000469,1,1,1,184.48,none,0
R000470,1,1,1,163.3,none,0
R000471,1,1,1,65.46,none,0
R000472,1,1,1,107.48,none,0
R000473,1,1,1,237.21,none,0
R000474,1,1,1,310.93,none,0
R000475,1,1,1,34.88,none,0
R000476,1,1,1,133.56,none,0
R000477,1,1,1,224.33,none,0
R000478,1,1,1,159.3,none,0
R000479,1,1,1,113.99,none,0
R000480,1,1,1,66.7,none,0
R000481,1,1,1,61.41,none,0
R000482,1,0,1,2.28,none,0
R000483,1,1,1,50.18,none,0
R000484,1,1,1,0.0,none,0
R000485,1,1,1,208.64,none,0
R000486,1,1,1,76.09,none,0
R000487,1,1,1,600.0,none,0
R000488,1,1,1,132.93,none,0
R000489,1,1,1,40.48,none,0
R000490,1,1,1,70.09,none,0
R000491,1,1,1,90.0,none,0
R000492,1,1,1,85.77,none,0
R000493,1,1,1,67.43,none,0
R000494,1,1,1,195.62,none,0
R000495,1,1,1,67.98,none,0
R000496,1,1,1,258.03,none,0
R000497,1,1,1,168.7,none,0
R000498,1,1,1,132.32,none,0
R000499,1,1,1,233.95,none,0
R000500,1,1,1,86.85,none,0
R000501,1,1,1,408.92,none,0
R000502,1,1,1,46.96,none,0
R000503,1,1,1,3072.39,condition_mismatch,1
R000504,1,1,1,100.51,none,0
R000505,1,1,1,36.48,none,0
R000506,1,0,1,81.21,none,0
R000507,1,1,1,135.27,none,0
R000508,1,1,1,85.18,none,0
R000509,1,1,1,104.58,none,0
R000510,1,1,1,41.0,none,0
R000511,1,1,1,68.12,none,0
R000512,1,1,1,92.49,none,0
R000513,1,1,1,86.42,none,0
R000514,1,1,1,184.03,none,0
R000515,1,1,1,300.55,none,0
R000516,1,1,1,96.4,none,0
R000517,1,1,1,187.55,none,0
R000518,1,1,1,214.19,none,0
R000519,1,1,1,99.45,none,0
R000520,1,1,1,11.75,none,0
R000521,1,1,1,82.53,none,0
R000522,1,1,1,96.15,none,0
R000523,1,1,1,187.59,none,0
R000524,1,1,1,71.89,none,0
R000525,1,1,1,150.1,none,0
R000526,1,1,1,116.23,none,0
R000527,1,1,1,76.27,none,0
R000528,1,1,1,123.89,none,0
R000529,1,0,1,600.0,none,0
R000530,1,1,1,176.49,none,0
R000531,1,1,1,112.51,none,0
R000532,1,1,1,36.79,none,0
R000533,1,1,1,42.92,none,0
R000534,1,1,1,121.51,none,0
R000535,1,1,1,67.17,none,0
R000536,1,1,1,48.96,none,0
R000537,1,1,1,63.21,none,0
R000538,1,1,1,29.03,none,0
R000539,1,1,1,57.81,none,0
R000540,1,1,1,133.5,none,0
R000541,1,1,1,40.88,none,0
R000542,1,0,1,69.28,none,0
R000543,1,1,1,78.98,none,0
R000544,1,1,1,216.65,none,0
R000545,1,1,1,69.12,none,0
R000546,1,1,1,491.74,none,0
R000547,1,1,1,480.8,none,0
R000548,1,1,1,360.79,none,0
R000549,1,1,1,94.45,none,0
R000550,1,1,1,29.82,none,0
R000551,1,1,1,277.89,none,0
R000552,1,1,1,170.87,none,0
R000553,1,1,1,69.87,none,0
R000554,1,0,1,18.0,none,0
R000555,1,1,1,38.85,none,0
R000556,1,1,1,206.44,none,0
R000557,1,1,1,37.16,none,0
R000558,1,1,1,320.93,none,0
R000559,1,1,1,42.59,none,0
R000560,1,1,1,120.58,none,0
R000561,1,1,1,95.68,none,0
R000562,1,1,1,60.83,none,0
R000563,1,1,1,50.97,none,0
R000564,1,1,1,123.54,none,0
R000565,1,1,1,57.66,none,0
R000566,1,1,1,1302.67,condition_mismatch,1
R000567,1,1,1,369.65,none,0
R000568,1,1,1,0.0,none,0
R000569,1,1,1,291.88,none,0
R000570,1,1,1,254.78,none,0
R000571,1,1,1,23.54,none,0
R000572,1,1,1,51.72,none,0
R000573,1,1,1,127.19,none,0
R000574,1,1,1,219.97,none,0
R000575,1,1,1,51.17,none,0
R000576,1,1,1,10.68,none,0
R000577,1,1,1,111.12,none,0
R000578,1,1,1,67.27,none,0
R000579,1,1,1,211.16,none,0
R000580,1,1,1,123.21,none,0
R000581,1,1,1,69.38,none,0
R000582,1,1,1,115.07,none,0
R000583,1,1,1,105.48,none,0
R000584,1,1,1,62.73,none,0
R000585,0,0,1,11147.39,condition_mismatch,1
R000586,1,1,1,124.5,none,0
R000587,1,1,1,68.59,none,0
R000588,0,1,1,76.7,none,0
R000589,1,1,1,43.61,none,0
R000590,1,1,1,47.43,none,0
R000591,1,1,1,163.39,none,0
R000592,1,1,1,95.43,none,0
R000593,1,1,1,85.72,none,0
R000594,1,1,1,81.19,none,0
R000595,1,1,1,182.65,none,0
R000596,1,1,1,222.66,none,0
R000597,1,1,1,600.0,none,0
R000598,1,1,1,161.76,none,0
R000599,1,1,1,46.98,none,0
R000600,1,1,1,135.81,none,0
R000601,1,1,1,68.83,none,0
R000602,1,1,1,41.49,none,0
R000603,1,1,1,88.86,none,0
R000604,1,1,1,132.68,none,0
R000605,1,1,1,7.76,none,0
R000606,1,1,1,309.31,none,0
R000607,1,1,1,106.82,none,0
R000608,1,1,1,87.35,none,0
R000609,1,1,1,43.47,none,0
R000610,1,1,1,58.78,none,0
R000611,1,1,1,38.69,none,0
R000612,1,1,1,64.27,none,0
R000613,1,1,1,263.47,none,0
R000614,1,1,1,111.56,none,0
R000615,1,1,1,82.19,none,0
R000616,1,1,1,172.14,none,0
R000617,1,1,1,61.0,none,0
R000618,1,1,1,161.41,none,0
R000619,1,1,1,128.37,none,0
R000620,1,1,1,118.51,none,0
R000621,1,1,1,83.83,none,0
R000622,1,1,1,118.53,none,0
R000623,1,1,1,110.94,none,0
R000624,1,1,1,38.34,none,0
R000625,1,1,1,365.31,none,0
R000626,1,1,1,462.58,none,0
R000627,1,1,1,59.86,none,0
R000628,1,1,1,600.0,none,0
R000629,1,1,1,24.14,none,0
R000630,1,1,1,103.05,none,0
R000631,1,1,1,81.95,none,0
R000632,1,1,1,139.84,none,0
R000633,1,1,1,96.68,none,0
R000634,1,1,1,37.16,none,0
R000635,1,1,1,63.6,none,0
R000636,1,1,1,26.63,none,0
R000637,1,1,1,55.86,none,0
R000638,1,1,1,2075.66,condition_mismatch,1
R000639,1,1,1,150.08,none,0
R000640,1,1,1,147.08,none,0
R000641,0,1,1,185.82,none,0
R000642,1,1,1,120.26,none,0
R000643,0,1,1,90.9,none,0
R000644,1,0,1,289.5,none,0
R000645,1,0,1,2216.88,refund_abuse,1
R000646,1,1,1,143.89,none,0
R000647,1,1,1,62.15,none,0
R000648,1,1,1,380.57,none,0
R000649,1,1,1,83.46,none,0
R000650,1,1,1,26.13,none,0
R000651,1,1,1,31.58,none,0
R000652,0,1,1,70.54,none,0
R000653,1,0,1,412.06,none,0
R000654,1,1,1,104.16,none,0
R000655,1,1,1,168.66,none,0
R000656,1,1,1,83.85,none,0
R000657,1,1,1,466.26,none,0
R000658,1,1,1,137.44,none,0
R000659,1,1,1,71.33,none,0
R000660,1,1,1,399.63,none,0
R000661,1,1,1,201.39,none,0
R000662,1,1,1,434.97,none,0
R000663,1,1,1,177.5,none,0
R000664,1,1,1,45.29,none,0
R000665,1,1,1,90.15,none,0
R000666,1,1,1,145.37,none,0
R000667,1,1,1,98.66,none,0
R000668,1,1,1,107.63,none,0
R000669,1,1,1,405.37,none,0
R000670,1,1,1,536.19,none,0
R000671,1,1,1,543.68,none,0
R000672,1,1,1,19.91,none,0
R000673,1,1,1,69.07,none,0
R000674,1,1,1,164.08,none,0
R000675,1,1,1,166.23,none,0
R000676,1,1,1,107.07,none,0
R000677,1,1,1,58.0,none,0
R000678,1,0,1,0.0,none,0
R000679,1,1,1,57.4,none,0
R000680,1,1,1,116.61,none,0
R000681,1,1,1,67.41,none,0
R000682,1,1,1,119.36,none,0
R000683,1,1,1,116.45,none,0
R000684,1,1,1,117.78,none,0
R000685,1,1,1,76.61,none,0
R000686,1,1,1,35.08,none,0
R000687,1,1,1,50.85,none,0
R000688,1,1,1,223.23,none,0
R000689,1,1,1,45.42,none,0
R000690,1,1,1,166.23,none,0
R000691,1,1,1,20.83,none,0
R000692,1,1,1,30.69,none,0
R000693,1,1,1,417.2,none,0
R000694,1,1,1,82.23,none,0
R000695,1,1,1,108.58,none,0
R000696,1,1,1,39.05,none,0
R000697,1,1,1,435.49,none,0
R000698,1,1,1,89.71,none,0
R000699,1,1,1,261.09,none,0
R000700,1,1,1,177.14,none,0
R000701,1,1,1,62.49,none,0
R000702,1,1,1,128.0,none,0
R000703,1,1,1,88.37,none,0
R000704,1,1,1,179.31,none,0
R000705,1,1,1,125.09,none,0
R000706,1,1,1,226.26,none,0
R000707,1,1,1,113.73,none,0
R000708,1,1,1,36.6,none,0
R000709,1,1,1,64.08,none,0
R000710,1,1,1,56.93,none,0
R000711,0,0,1,3401.95,coordinated_abuse,1
R000712,1,1,1,85.7,none,0
R000713,1,1,1,111.46,none,0
R000714,1,1,1,67.28,none,0
R000715,1,1,1,200.51,none,0
R000716,1,1,1,173.76,none,0
R000717,1,1,1,83.27,none,0
R000718,1,0,1,48.76,none,0
R000719,1,1,1,135.62,none,0
R000720,1,1,1,153.7,none,0
R000721,1,1,1,46.86,none,0
R000722,1,1,1,131.18,none,0
R000723,1,1,1,17.61,none,0
R000724,1,1,1,108.0,none,0
R000725,1,1,1,50.45,none,0
R000726,0,1,1,58.72,none,0
R000727,1,1,1,145.27,none,0
R000728,1,1,1,97.19,none,0
R000729,1,1,1,229.05,none,0
R000730,1,1,1,53.05,none,0
R000731,1,1,1,9470.16,refund_abuse,1
R000732,1,1,1,128.05,none,0
R000733,0,1,1,112.37,none,0
R000734,1,1,1,92.07,none,0
R000735,1,1,1,119.02,none,0
R000736,1,1,1,50.26,none,0
R000737,1,1,1,86.73,none,0
R000738,1,1,1,193.01,none,0
R000739,1,1,1,107.9,none,0
R000740,1,1,1,108.52,none,0
R000741,1,1,1,41.43,none,0
R000742,1,1,1,21.87,none,0
R000743,1,1,1,391.81,none,0
R000744,1,1,1,66.34,none,0
R000745,1,1,1,148.6,none,0
R000746,1,1,1,113.18,none,0
R000747,1,1,1,142.47,none,0
R000748,1,1,1,46.77,none,0
R000749,1,1,1,35.97,none,0
R000750,1,1,1,140.24,none,0
R000751,1,1,1,173.38,none,0
R000752,1,1,1,71.63,none,0
R000753,1,1,1,231.38,none,0
R000754,1,1,1,183.42,none,0
R000755,1,1,1,127.18,none,0
R000756,1,1,1,600.0,none,0
R000757,1,1,1,37.08,none,0
R000758,1,1,1,76.32,none,0
R000759,1,1,1,198.53,none,0
R000760,1,1,1,83.58,none,0
R000761,1,1,1,98.78,none,0
R000762,1,1,1,267.6,none,0
R000763,1,1,1,255.21,none,0
R000764,1,1,1,64.78,none,0
R000765,1,1,1,86.67,none,0
R000766,1,1,1,31.67,none,0
R000767,1,1,1,116.57,none,0
R000768,1,1,1,527.76,none,0
R000769,1,1,1,146.6,none,0
R000770,1,1,1,151.25,none,0
R000771,1,1,1,67.45,none,0
R000772,1,1,1,44.73,none,0
R000773,1,1,1,157.39,none,0
R000774,1,1,1,58.25,none,0
R000775,1,1,1,69.94,none,0
R000776,1,1,1,90.83,none,0
R000777,1,1,1,83.05,none,0
R000778,0,1,1,134.19,none,0
R000779,1,1,1,172.4,none,0
R000780,1,0,1,52.71,none,0
R000781,1,1,1,64.73,none,0
R000782,1,1,1,70.49,none,0
R000783,1,1,1,53.97,none,0
R000784,1,1,1,41.47,none,0
R000785,1,1,1,89.44,none,0
R000786,1,1,1,310.93,none,0
R000787,0,1,1,94.48,none,0
R000788,1,1,1,91.29,none,0
R000789,1,1,1,0.0,none,0
R000790,1,1,1,24.71,none,0
R000791,1,1,1,31.0,none,0
R000792,1,1,1,600.0,none,0
R000793,1,1,1,600.0,none,0
R000794,1,1,1,265.16,none,0
R000795,1,1,1,49.24,none,0
R000796,1,1,1,79.67,none,0
R000797,1,1,1,308.05,none,0
R000798,1,1,1,87.9,none,0
R000799,1,1,1,163.54,none,0
R000800,1,1,1,101.14,none,0
R000801,1,0,1,124.84,none,0
R000802,1,1,1,37.41,none,0
R000803,1,1,1,5.35,none,0
R000804,1,1,1,50.04,none,0
R000805,1,1,1,126.33,none,0
R000806,1,1,1,158.75,none,0
R000807,1,1,1,71.11,none,0
R000808,1,1,1,75.5,none,0
R000809,1,1,1,89.36,none,0
R000810,1,1,1,176.82,none,0
R000811,0,1,1,172.17,none,0
R000812,1,1,1,85.34,none,0
R000813,1,1,1,106.73,none,0
R000814,1,1,1,73.04,none,0
R000815,1,1,1,63.43,none,0
R000816,1,1,1,86.85,none,0
R000817,1,1,1,220.35,none,0
R000818,1,1,1,600.0,none,0
R000819,1,1,1,147.54,none,0
R000820,1,1,1,33.83,none,0
R000821,1,1,1,157.65,none,0
R000822,1,1,1,104.19,none,0
R000823,1,1,1,100.88,none,0
R000824,1,1,1,66.98,none,0
R000825,1,1,1,312.19,none,0
R000826,1,1,1,205.53,none,0
R000827,1,1,1,140.55,none,0
R000828,1,1,1,600.0,none,0
R000829,1,0,1,370.78,none,0
R000830,1,1,1,68.67,none,0
R000831,1,1,1,51.53,none,0
R000832,1,1,1,76.39,none,0
R000833,1,1,1,47.39,none,0
R000834,1,1,1,40.47,none,0
R000835,1,1,1,49.47,none,0
R000836,1,1,1,52.51,none,0
R000837,1,1,1,21.13,none,0
R000838,1,1,1,223.87,none,0
R000839,1,1,1,165.76,none,0
R000840,0,1,1,74.51,none,0
R000841,1,1,1,44.02,none,0
R000842,1,1,1,0.0,none,0
R000843,1,1,1,94.12,none,0
R000844,1,1,1,27.18,none,0
R000845,1,1,1,78.92,none,0
R000846,1,1,1,43.97,none,0
R000847,1,1,1,46.58,none,0
R000848,1,1,1,600.0,none,0
R000849,1,1,1,464.25,none,0
R000850,1,1,1,530.85,none,0
R000851,1,1,1,42.31,none,0
R000852,1,1,1,209.02,none,0
R000853,1,1,1,152.71,none,0
R000854,1,1,1,39.87,none,0
R000855,1,1,1,113.04,none,0
R000856,1,1,1,178.69,none,0
R000857,1,1,1,270.12,none,0
R000858,1,0,1,221.07,none,0
R000859,0,1,1,49.49,none,0
R000860,0,1,1,79.36,none,0
R000861,1,1,1,7.44,none,0
R000862,1,1,1,1299.21,condition_mismatch,1
R000863,0,0,1,441.03,none,0
R000864,1,1,1,228.04,none,0
R000865,1,1,1,94.51,none,0
R000866,1,1,1,54.42,none,0
R000867,1,1,1,57.5,none,0
R000868,1,1,1,142.05,none,0
R000869,1,1,1,87.48,none,0
R000870,1,1,1,44.27,none,0
R000871,1,1,1,365.21,none,0
R000872,1,1,1,140.12,none,0
R000873,1,1,1,93.95,none,0
R000874,1,1,1,43.53,none,0
R000875,1,1,1,51.09,none,0
R000876,1,1,1,88.94,none,0
R000877,1,1,1,114.62,none,0
R000878,1,1,1,100.05,none,0
R000879,1,1,1,144.31,none,0
R000880,1,1,1,101.06,none,0
R000881,1,1,1,79.76,none,0
R000882,1,1,1,281.93,none,0
R000883,1,1,1,78.42,none,0
R000884,1,1,1,18.37,none,0
R000885,1,1,1,456.45,none,0
R000886,1,1,1,74.8,none,0
R000887,1,1,1,105.48,none,0
R000888,1,1,1,600.0,none,0
R000889,0,1,1,25.72,none,0
R000890,1,1,1,125.2,none,0
R000891,1,1,1,453.57,none,0
R000892,1,1,1,287.27,none,0
R000893,1,1,1,111.77,none,0
R000894,1,1,1,196.87,none,0
R000895,1,1,1,20.76,none,0
R000896,1,1,1,86.13,none,0
R000897,1,1,1,491.44,none,0
R000898,1,1,1,24.05,none,0
R000899,1,1,1,293.83,none,0
R000900,1,1,1,162.99,none,0
R000901,1,1,1,134.73,none,0
R000902,1,1,1,26.92,none,0
R000903,1,1,1,106.03,none,0
R000904,1,1,1,39.43,none,0
R000905,1,1,1,203.37,none,0
R000906,1,1,1,84.01,none,0
R000907,1,1,1,95.34,none,0
R000908,1,1,1,41.51,none,0
R000909,1,1,1,97.28,none,0
R000910,1,1,1,107.14,none,0
R000911,1,1,1,122.42,none,0
R000912,1,1,1,66.54,none,0
R000913,1,1,1,180.82,none,0
R000914,1,1,1,68.76,none,0
R000915,1,1,1,117.54,none,0
R000916,1,1,1,34.2,none,0
R000917,1,1,1,61.15,none,0
R000918,1,1,1,198.77,none,0
R000919,1,1,1,170.06,none,0
R000920,1,1,1,27.37,none,0
R000921,0,1,1,49.61,none,0
R000922,1,1,1,94.95,none,0
R000923,1,1,1,80.76,none,0
R000924,1,1,1,15.56,none,0
R000925,1,1,1,96.03,none,0
R000926,1,1,1,130.28,none,0
R000927,1,1,1,273.67,none,0
R000928,1,1,1,95.96,none,0
R000929,0,1,1,280.89,none,0
R000930,1,1,1,114.38,none,0
R000931,1,1,1,50.57,none,0
R000932,1,1,1,47.9,none,0
R000933,1,1,1,158.7,none,0
R000934,1,1,1,277.96,none,0
R000935,1,1,1,43.97,none,0
R000936,1,1,1,125.14,none,0
R000937,1,1,1,123.91,none,0
R000938,1,1,1,131.93,none,0
R000939,1,1,1,8.4,none,0
R000940,1,1,1,37.74,none,0
R000941,1,1,1,98.34,none,0
R000942,1,1,1,72.38,none,0
R000943,1,1,1,105.67,none,0
R000944,1,1,1,150.58,none,0
R000945,1,1,1,101.81,none,0
R000946,1,1,1,477.0,none,0
R000947,1,1,1,61.86,none,0
R000948,1,1,1,37.91,none,0
R000949,1,1,1,51.28,none,0
R000950,1,1,1,106.99,none,0
R000951,1,1,1,70.69,none,0
R000952,1,1,1,421.07,none,0
R000953,1,1,1,64.53,none,0
R000954,1,1,1,76.57,none,0
R000955,1,1,1,271.64,none,0
R000956,1,1,1,465.3,none,0
R000957,1,1,1,54.75,none,0
R000958,1,1,1,140.38,none,0
R000959,1,1,1,600.0,none,0
R000960,1,1,1,114.75,none,0
R000961,0,1,1,547.61,none,0
R000962,1,1,1,14.14,none,0
R000963,1,1,1,111.15,none,0
R000964,1,1,1,101.85,none,0
R000965,1,1,1,80.69,none,0
R000966,1,1,1,85.06,none,0
R000967,1,1,1,113.19,none,0
R000968,1,1,1,52.38,none,0
R000969,1,1,1,83.09,none,0
R000970,1,1,1,85.64,none,0
R000971,1,1,1,147.81,none,0
R000972,1,1,1,351.47,none,0
R000973,1,1,1,91.96,none,0
R000974,1,1,1,36.28,none,0
R000975,0,1,1,290.44,none,0
R000976,1,1,1,14.94,none,0
R000977,1,1,1,163.36,none,0
R000978,1,0,1,77.02,none,0
R000979,1,1,1,147.81,none,0
R000980,1,1,1,138.39,none,0
R000981,1,1,1,93.89,none,0
R000982,1,1,1,221.57,none,0
R000983,1,1,1,72.58,none,0
R000984,1,1,1,57.62,none,0
R000985,0,1,1,77.73,none,0
R000986,1,1,1,79.01,none,0
R000987,1,1,1,38.39,none,0
R000988,1,1,1,103.9,none,0
R000989,1,1,1,0.0,none,0
R000990,1,1,1,338.51,none,0
R000991,1,0,1,197.35,none,0
R000992,1,1,1,130.43,none,0
R000993,1,1,1,111.4,none,0
R000994,1,1,1,44.34,none,0
R000995,1,1,1,99.61,none,0
R000996,1,1,1,165.75,none,0
R000997,1,1,1,71.23,none,0
R000998,1,1,1,86.17,none,0
R000999,1,1,1,177.45,none,0
R001000,1,1,1,86.14,none,0
R001001,1,1,1,246.75,none,0
R001002,1,1,1,118.52,none,0
R001003,1,0,1,8.37,none,0
R001004,1,0,1,238.37,none,0
R001005,1,1,1,73.15,none,0
R001006,1,0,1,57.9,none,0
R001007,1,1,1,310.39,none,0
R001008,1,1,1,9.14,none,0
R001009,1,1,1,107.26,none,0
R001010,1,1,1,162.92,none,0
R001011,1,1,1,147.9,none,0
R001012,1,1,1,78.12,none,0
R001013,1,1,1,329.01,none,0
R001014,1,1,1,105.15,none,0
R001015,1,1,1,80.19,none,0
R001016,1,1,1,93.33,none,0
R001017,1,1,1,109.76,none,0
R001018,1,1,1,55.8,none,0
R001019,1,1,1,47.85,none,0
R001020,1,1,1,109.62,none,0
R001021,1,1,1,30.89,none,0
R001022,1,1,1,88.26,none,0
R001023,1,1,1,452.39,none,0
R001024,1,1,1,196.71,none,0
R001025,1,1,1,0.0,none,0
R001026,1,1,1,338.46,none,0
R001027,1,1,1,51.89,none,0
R001028,1,1,1,94.72,none,0
R001029,1,1,1,62.8,none,0
R001030,1,1,1,12.1,none,0
R001031,1,1,1,97.11,none,0
R001032,1,1,1,86.64,none,0
R001033,1,1,1,62.4,none,0
R001034,1,1,1,120.26,none,0
R001035,1,1,1,124.5,none,0
R001036,1,1,1,96.37,none,0
R001037,1,0,1,133.58,none,0
R001038,1,1,1,166.12,none,0
R001039,1,1,1,65.93,none,0
R001040,1,1,1,48.41,none,0
R001041,1,1,1,104.13,none,0
R001042,1,1,1,102.35,none,0
R001043,1,1,1,115.11,none,0
R001044,1,1,1,28.24,none,0
R001045,1,1,1,76.28,none,0
R001046,1,1,1,125.07,none,0
R001047,1,1,1,47.73,none,0
R001048,1,1,1,82.81,none,0
R001049,1,1,1,131.09,none,0
R001050,1,1,1,36.96,none,0
R001051,1,1,1,73.74,none,0
R001052,1,1,1,78.77,none,0
R001053,1,1,1,93.73,none,0
R001054,1,1,1,2150.97,coordinated_abuse,1
R001055,1,1,1,121.58,none,0
R001056,1,1,1,59.6,none,0
R001057,1,0,1,125.55,none,0
R001058,1,1,1,147.33,none,0
R001059,1,1,1,46.73,none,0
R001060,0,1,1,95.3,none,0
R001061,1,1,1,58.42,none,0
R001062,1,1,1,315.15,none,0
R001063,1,1,1,111.41,none,0
R001064,1,1,1,47.71,none,0
R001065,1,1,1,230.52,none,0
R001066,1,1,1,72.6,none,0
R001067,1,1,1,21.23,none,0
R001068,1,1,1,30.67,none,0
R001069,1,1,1,3106.61,refund_abuse,1
R001070,1,1,1,323.16,none,0
R001071,1,1,1,415.49,none,0
R001072,1,1,1,121.3,none,0
R001073,1,1,1,72.16,none,0
R001074,1,1,1,44.27,none,0
R001075,1,1,1,436.4,none,0
R001076,1,1,1,64.48,none,0
R001077,1,1,1,128.82,none,0
R001078,1,1,1,124.4,none,0
R001079,1,1,1,155.89,none,0
R001080,1,1,1,128.97,none,0
R001081,1,1,1,99.74,none,0
R001082,1,1,1,84.81,none,0
R001083,1,1,1,89.2,none,0
R001084,1,1,1,93.85,none,0
R001085,1,1,1,177.82,none,0
R001086,1,1,1,50.26,none,0
R001087,0,1,1,88.59,none,0
R001088,1,1,1,80.53,none,0
R001089,1,1,1,66.93,none,0
R001090,1,1,1,108.42,none,0
R001091,1,1,1,561.88,none,0
R001092,1,1,1,288.54,none,0
R001093,1,1,1,484.52,none,0
R001094,1,1,1,27.7,none,0
R001095,1,1,1,397.34,none,0
R001096,1,1,1,145.36,none,0
R001097,1,1,1,80.15,none,0
R001098,1,1,1,74.84,none,0
R001099,1,1,1,78.22,none,0
R001100,1,1,1,91.14,none,0
R001101,1,1,1,57.73,none,0
R001102,1,1,1,181.69,none,0
R001103,1,1,1,47.49,none,0
R001104,1,1,1,75.32,none,0
R001105,1,1,1,188.96,none,0
R001106,1,0,1,1838.76,condition_mismatch,1
R001107,1,1,1,172.54,none,0
R001108,1,1,1,13.41,none,0
R001109,1,1,1,43.95,none,0
R001110,1,1,1,56.95,none,0
R001111,1,1,1,58.94,none,0
R001112,1,1,1,97.53,none,0
R001113,1,1,1,94.19,none,0
R001114,1,1,1,45.11,none,0
R001115,1,1,1,129.31,none,0
R001116,1,1,1,551.37,none,0
R001117,1,1,1,90.06,none,0
R001118,1,1,1,600.0,none,0
R001119,1,0,1,62.83,none,0
R001120,1,1,1,69.96,none,0
R001121,1,1,1,114.51,none,0
R001122,1,1,1,127.7,none,0
R001123,1,0,1,112.57,none,0
R001124,1,1,1,43.43,none,0
R001125,1,1,1,100.27,none,0
R001126,1,1,1,159.43,none,0
R001127,1,1,1,600.0,none,0
R001128,1,1,1,84.31,none,0
R001129,1,1,1,92.62,none,0
R001130,1,1,1,259.05,none,0
R001131,1,0,1,175.23,none,0
R001132,1,1,1,114.02,none,0
R001133,1,0,1,87.66,none,0
R001134,1,1,1,82.38,none,0
R001135,1,1,1,50.51,none,0
R001136,1,0,1,57.64,none,0
R001137,1,1,1,308.74,none,0
R001138,1,1,1,106.51,none,0
R001139,1,1,1,163.02,none,0
R001140,1,1,1,135.03,none,0
R001141,0,1,1,488.96,none,0
R001142,1,1,1,764.66,refund_abuse,1
R001143,1,1,1,132.65,none,0
R001144,1,1,1,43.83,none,0
R001145,1,1,1,140.32,none,0
R001146,1,1,1,181.59,none,0
R001147,1,1,1,113.51,none,0
R001148,1,1,1,73.05,none,0
R001149,1,1,1,61.94,none,0
R001150,1,1,1,231.27,none,0
R001151,1,1,1,94.72,none,0
R001152,1,1,1,190.84,none,0
R001153,1,0,1,103.87,none,0
R001154,1,1,1,382.17,none,0
R001155,0,1,1,189.8,none,0
R001156,1,1,1,40.65,none,0
R001157,1,1,1,92.81,none,0
R001158,1,1,1,54.54,none,0
R001159,1,1,1,60.49,none,0
R001160,1,1,1,410.87,none,0
R001161,1,1,1,100.13,none,0
R001162,1,1,1,72.36,none,0
R001163,1,1,1,197.43,none,0
R001164,1,1,1,65.02,none,0
R001165,1,0,1,69.4,none,0
R001166,0,1,1,28.66,none,0
R001167,1,1,1,600.0,none,0
R001168,1,1,1,103.71,none,0
R001169,1,1,1,64.72,none,0
R001170,1,1,1,206.72,none,0
R001171,1,1,1,200.09,none,0
R001172,1,1,1,83.42,none,0
R001173,1,1,1,75.49,none,0
R001174,1,1,1,75.09,none,0
R001175,1,1,1,45.58,none,0
R001176,1,1,1,24.97,none,0
R001177,1,1,1,191.98,none,0
R001178,1,1,1,72.35,none,0
R001179,1,1,1,1940.2,refund_abuse,1
R001180,1,1,1,46.86,none,0
R001181,1,0,1,6299.02,coordinated_abuse,1
R001182,1,1,1,546.23,none,0
R001183,1,1,1,87.94,none,0
R001184,1,1,1,84.06,none,0
R001185,1,1,1,77.6,none,0
R001186,1,1,1,155.01,none,0
R001187,1,1,1,99.19,none,0
R001188,1,1,1,108.59,none,0
R001189,1,0,1,140.29,none,0
R001190,1,1,1,217.99,none,0
R001191,1,1,1,122.48,none,0
R001192,1,1,1,32.81,none,0
R001193,1,1,1,83.73,none,0
R001194,1,1,1,38.99,none,0
R001195,1,1,1,450.43,none,0
R001196,1,1,1,103.33,none,0
R001197,1,1,1,350.7,none,0
R001198,1,1,1,129.32,none,0
R001199,0,1,1,108.52,none,0
R001200,1,1,1,55.04,none,0
R001201,1,1,1,85.78,none,0
R001202,1,1,1,98.36,none,0
R001203,1,1,1,399.08,none,0
R001204,1,1,1,124.8,none,0
R001205,1,0,1,540.64,none,0
R001206,1,1,1,52.09,none,0
R001207,1,0,1,484.69,none,0
R001208,1,1,1,109.58,none,0
R001209,1,1,1,22.25,none,0
R001210,1,1,1,72.11,none,0
R001211,1,1,1,396.82,none,0
R001212,1,1,1,114.86,none,0
R001213,1,1,1,63.61,none,0
R001214,1,1,1,79.38,none,0
R001215,1,1,1,57.39,none,0
R001216,1,1,1,350.86,none,0
R001217,1,1,1,75.82,none,0
R001218,1,1,1,188.11,none,0
R001219,1,1,1,72.71,none,0
R001220,1,0,1,600.0,none,0
R001221,1,1,1,256.82,none,0
R001222,1,0,1,126.92,none,0
R001223,1,1,1,84.07,none,0
R001224,1,1,1,340.39,none,0
R001225,1,1,1,47.01,none,0
R001226,1,1,1,79.7,none,0
R001227,1,1,1,108.63,none,0
R001228,1,1,1,533.43,none,0
R001229,0,1,1,1716.77,refund_abuse,1
R001230,1,1,1,21.87,none,0
R001231,1,1,1,92.73,none,0
R001232,1,1,1,1766.91,refund_abuse,1
R001233,1,1,1,180.99,none,0
R001234,0,0,1,3237.59,coordinated_abuse,1
R001235,1,1,1,38.45,none,0
R001236,1,1,1,326.26,none,0
R001237,1,0,1,44.24,none,0
R001238,1,1,1,155.98,none,0
R001239,1,1,1,123.98,none,0
R001240,1,1,1,85.23,none,0
R001241,1,1,1,45.86,none,0
R001242,0,1,1,66.55,none,0
R001243,1,1,1,84.54,none,0
R001244,1,1,1,90.8,none,0
R001245,1,1,1,73.54,none,0
R001246,1,0,1,87.39,none,0
R001247,1,1,1,32.58,none,0
R001248,1,1,1,175.92,none,0
R001249,1,0,1,179.8,none,0
R001250,1,1,1,46.9,none,0
R001251,1,1,1,381.61,none,0
R001252,1,1,1,69.96,none,0
R001253,1,1,1,600.0,none,0
R001254,1,1,1,81.27,none,0
R001255,1,1,1,600.0,none,0
R001256,1,1,1,49.59,none,0
R001257,1,1,1,236.25,none,0
R001258,0,1,1,27.36,none,0
R001259,1,1,1,194.78,none,0
R001260,1,1,1,125.21,none,0
R001261,1,1,1,17.75,none,0
R001262,1,1,1,71.0,none,0
R001263,1,1,1,191.84,none,0
R001264,1,1,1,68.44,none,0
R001265,1,1,1,600.0,none,0
R001266,1,1,1,344.35,none,0
R001267,1,1,1,75.23,none,0
R001268,1,1,1,89.86,none,0
R001269,1,1,1,35.41,none,0
R001270,1,1,1,299.64,none,0
R001271,1,1,1,154.67,none,0
R001272,1,1,1,281.18,none,0
R001273,1,1,1,320.54,none,0
R001274,1,1,1,48.22,none,0
R001275,1,1,1,65.49,none,0
R001276,1,1,1,32.86,none,0
R001277,1,1,1,600.0,none,0
R001278,1,1,1,125.98,none,0
R001279,1,1,1,97.82,none,0
R001280,1,1,1,277.84,none,0
R001281,1,1,1,102.97,none,0
R001282,0,1,1,521.3,none,0
R001283,1,0,1,2198.5,refund_abuse,1
R001284,1,1,1,160.08,none,0
R001285,1,1,1,390.75,none,0
R001286,1,1,1,57.76,none,0
R001287,1,1,1,51.32,none,0
R001288,1,1,1,89.25,none,0
R001289,1,1,1,257.52,none,0
R001290,1,1,1,80.67,none,0
R001291,1,1,1,124.86,none,0
R001292,1,1,1,63.97,none,0
R001293,1,1,1,42.87,none,0
R001294,1,1,1,157.59,none,0
R001295,1,1,1,130.34,none,0
R001296,1,1,1,82.51,none,0
R001297,1,1,1,64.27,none,0
R001298,1,1,1,124.83,none,0
R001299,1,1,1,28.79,none,0
R001300,1,1,1,76.74,none,0
R001301,1,1,1,67.47,none,0
R001302,1,1,1,155.98,none,0
R001303,1,1,1,71.19,none,0
R001304,0,1,1,0.0,none,0
R001305,1,1,1,1315.06,condition_mismatch,1
R001306,1,1,1,1.82,none,0
R001307,1,1,1,306.93,none,0
R001308,1,1,1,41.01,none,0
R001309,1,1,1,52.75,none,0
R001310,1,1,1,69.75,none,0
R001311,1,1,1,87.12,none,0
R001312,1,1,1,125.17,none,0
R001313,1,1,1,120.2,none,0
R001314,1,1,1,127.45,none,0
R001315,1,1,1,600.0,none,0
R001316,1,1,1,977.0,refund_abuse,1
R001317,1,1,1,452.27,none,0
R001318,1,1,1,102.92,none,0
R001319,1,1,1,109.07,none,0
R001320,1,1,1,357.33,none,0
R001321,1,1,1,40.91,none,0
R001322,1,1,1,203.66,none,0
R001323,1,1,1,43.56,none,0
R001324,1,1,1,129.68,none,0
R001325,1,1,1,600.0,none,0
R001326,1,1,1,56.67,none,0
R001327,1,1,1,159.73,none,0
R001328,1,1,1,28.87,none,0
R001329,1,0,1,203.85,none,0
R001330,1,1,1,19.68,none,0
R001331,1,1,1,55.6,none,0
R001332,1,1,1,370.72,none,0
R001333,1,1,1,163.3,none,0
R001334,1,0,1,109.59,none,0
R001335,1,1,1,178.52,none,0
R001336,1,1,1,100.66,none,0
R001337,1,1,1,78.89,none,0
R001338,1,1,1,5.26,none,0
R001339,1,1,1,140.33,none,0
R001340,1,1,1,101.53,none,0
R001341,1,1,1,102.22,none,0
R001342,1,1,1,288.76,none,0
R001343,1,1,1,78.03,none,0
R001344,1,1,1,43.06,none,0
R001345,1,1,1,181.48,none,0
R001346,1,1,1,110.76,none,0
R001347,1,1,1,600.0,none,0
R001348,1,1,1,80.04,none,0
R001349,1,1,1,83.19,none,0
R001350,1,1,1,535.55,none,0
R001351,1,1,1,46.37,none,0
R001352,1,0,1,80.24,none,0
R001353,1,1,1,126.83,none,0
R001354,1,1,1,192.69,none,0
R001355,0,0,1,140.48,none,0
R001356,1,1,1,75.27,none,0
R001357,1,1,1,72.61,none,0
R001358,1,1,1,66.63,none,0
R001359,1,1,1,35.63,none,0
R001360,1,1,1,150.56,none,0
R001361,1,1,1,129.89,none,0
R001362,1,1,1,240.02,none,0
R001363,1,1,1,61.95,none,0
R001364,1,1,1,2903.22,refund_abuse,1
R001365,1,1,1,116.41,none,0
R001366,1,1,1,57.27,none,0
R001367,1,1,1,62.26,none,0
R001368,1,1,1,38.39,none,0
R001369,1,1,1,168.41,none,0
R001370,1,1,1,0.0,none,0
R001371,1,1,1,27.33,none,0
R001372,1,1,1,358.71,none,0
R001373,0,1,1,121.66,none,0
R001374,1,1,1,84.0,none,0
R001375,1,1,1,52.34,none,0
R001376,1,1,1,224.64,none,0
R001377,1,1,1,221.1,none,0
R001378,0,1,1,238.92,none,0
R001379,1,1,1,132.45,none,0
R001380,1,1,1,72.1,none,0
R001381,1,1,1,4950.37,condition_mismatch,1
R001382,1,1,1,27.53,none,0
R001383,1,1,1,263.48,none,0
R001384,1,1,1,79.14,none,0
R001385,1,1,1,393.47,none,0
R001386,1,1,1,59.87,none,0
R001387,1,1,1,54.81,none,0
R001388,0,1,1,600.0,none,0
R001389,1,0,1,158.67,none,0
R001390,1,1,1,479.79,none,0
R001391,1,1,1,79.41,none,0
R001392,1,1,1,83.81,none,0
R001393,1,1,1,50.52,none,0
R001394,1,1,1,47.01,none,0
R001395,1,1,1,131.68,none,0
R001396,1,0,1,5134.43,refund_abuse,1
R001397,1,1,1,67.42,none,0
R001398,1,1,1,92.88,none,0
R001399,1,1,1,85.29,none,0
R001400,1,1,1,49.0,none,0
R001401,1,1,1,338.37,none,0
R001402,1,1,1,60.1,none,0
R001403,1,1,1,83.32,none,0
R001404,1,1,1,86.62,none,0
R001405,1,1,1,204.5,none,0
R001406,1,1,1,148.8,none,0
R001407,1,1,1,105.63,none,0
R001408,1,1,1,214.89,none,0
R001409,1,1,1,105.52,none,0
R001410,1,1,1,244.7,none,0
R001411,1,1,1,86.11,none,0
R001412,1,1,1,169.09,none,0
R001413,1,1,1,277.42,none,0
R001414,1,1,1,63.72,none,0
R001415,1,1,1,133.29,none,0
R001416,1,1,1,54.99,none,0
R001417,1,1,1,234.71,none,0
R001418,1,1,1,112.52,none,0
R001419,1,0,1,86.28,none,0
R001420,1,1,1,48.44,none,0
R001421,1,1,1,69.37,none,0
R001422,1,1,1,600.0,none,0
R001423,1,1,1,308.04,none,0
R001424,1,1,1,128.37,none,0
R001425,0,1,1,562.47,none,0
R001426,1,1,1,52.72,none,0
R001427,1,1,1,37.79,none,0
R001428,1,1,1,39.93,none,0
R001429,1,1,1,85.3,none,0
R001430,0,1,1,600.0,none,0
R001431,1,1,1,250.58,none,0
R001432,1,1,1,187.61,none,0
R001433,1,1,1,204.67,none,0
R001434,1,1,1,93.33,none,0
R001435,1,1,1,600.0,none,0
R001436,1,1,1,600.0,none,0
R001437,1,0,1,74.05,none,0
R001438,0,1,1,49.13,none,0
R001439,1,1,1,51.62,none,0
R001440,1,1,1,151.61,none,0
R001441,1,1,1,67.73,none,0
R001442,1,1,1,77.14,none,0
R001443,1,1,1,123.95,none,0
R001444,1,1,1,112.02,none,0
R001445,1,1,1,58.98,none,0
R001446,1,1,1,3.85,none,0
R001447,1,1,1,75.79,none,0
R001448,1,1,1,92.83,none,0
R001449,1,1,1,99.25,none,0
R001450,1,1,1,90.21,none,0
R001451,1,1,1,178.22,none,0
R001452,1,1,1,108.3,none,0
R001453,1,1,1,202.67,none,0
R001454,1,1,1,247.91,none,0
R001455,1,1,1,439.87,none,0
R001456,1,1,1,205.15,none,0
R001457,1,1,1,30.13,none,0
R001458,1,1,1,154.5,none,0
R001459,1,1,1,223.34,none,0
R001460,1,1,1,222.46,none,0
R001461,1,1,1,149.35,none,0
R001462,1,1,1,129.12,none,0
R001463,1,1,1,66.85,none,0
R001464,1,1,1,101.28,none,0
R001465,1,1,1,71.49,none,0
R001466,1,1,1,76.16,none,0
R001467,1,1,1,87.4,none,0
R001468,1,1,1,78.02,none,0
R001469,1,1,1,12.24,none,0
R001470,1,1,1,128.29,none,0
R001471,1,1,1,43.64,none,0
R001472,0,1,1,15.92,none,0
R001473,1,1,1,72.81,none,0
R001474,1,1,1,50.53,none,0
R001475,1,1,1,223.08,none,0
R001476,1,1,1,96.77,none,0
R001477,1,1,1,600.0,none,0
R001478,1,1,1,128.57,none,0
R001479,1,1,1,546.98,none,0
R001480,1,1,1,70.16,none,0
R001481,1,0,1,6763.54,refund_abuse,1
R001482,1,1,1,331.06,none,0
R001483,1,1,1,53.7,none,0
R001484,1,1,1,466.9,none,0
R001485,0,0,1,135.26,none,0
R001486,1,1,1,40.14,none,0
R001487,1,1,1,100.69,none,0
R001488,1,1,1,587.84,none,0
R001489,1,1,1,40.64,none,0
R001490,1,1,1,70.46,none,0
R001491,1,1,1,82.88,none,0
R001492,0,1,1,3542.34,refund_abuse,1
R001493,1,1,1,73.43,none,0
R001494,1,1,1,56.64,none,0
R001495,1,1,1,146.07,none,0
R001496,1,1,1,270.63,none,0
R001497,1,1,1,264.18,none,0
R001498,1,1,1,600.0,none,0
R001499,1,1,1,44.43,none,0
R001500,1,1,1,142.55,none,0
R001501,1,1,1,54.58,none,0
R001502,1,1,1,122.28,none,0
R001503,1,1,1,105.42,none,0
R001504,1,1,1,74.36,none,0
R001505,1,1,1,173.45,none,0
R001506,1,1,1,81.67,none,0
R001507,1,0,1,123.06,none,0
R001508,1,1,1,436.47,none,0
R001509,1,1,1,109.33,none,0
R001510,1,1,1,61.71,none,0
R001511,1,1,1,123.57,none,0
R001512,1,1,1,118.68,none,0
R001513,1,1,1,45.29,none,0
R001514,1,1,1,170.89,none,0
R001515,1,0,1,270.64,none,0
R001516,1,1,1,83.05,none,0
R001517,1,1,1,118.93,none,0
R001518,1,1,1,100.11,none,0
R001519,1,1,1,43.16,none,0
R001520,1,1,1,105.16,none,0
R001521,1,1,1,52.96,none,0
R001522,1,1,1,191.58,none,0
R001523,1,1,1,140.25,none,0
R001524,1,1,1,190.37,none,0
R001525,1,1,1,69.58,none,0
R001526,1,1,1,26.53,none,0
R001527,1,1,1,75.48,none,0
R001528,1,1,1,106.07,none,0
R001529,1,1,1,43.21,none,0
R001530,1,1,1,155.94,none,0
R001531,1,1,1,70.15,none,0
R001532,1,1,1,290.0,none,0
R001533,1,0,1,1578.39,refund_abuse,1
R001534,1,1,1,85.99,none,0
R001535,1,1,1,16.57,none,0
R001536,1,1,1,85.13,none,0
R001537,1,1,1,51.32,none,0
R001538,0,1,1,90.95,none,0
R001539,1,1,1,600.0,none,0
R001540,1,1,1,109.56,none,0
R001541,1,1,1,199.76,none,0
R001542,1,1,1,92.89,none,0
R001543,1,1,1,100.32,none,0
R001544,1,1,1,54.12,none,0
R001545,1,1,1,83.54,none,0
R001546,1,1,1,172.4,none,0
R001547,1,1,1,335.06,none,0
R001548,1,1,1,82.61,none,0
R001549,1,1,1,99.74,none,0
R001550,1,1,1,104.1,none,0
R001551,1,1,1,119.27,none,0
R001552,1,1,1,118.79,none,0
R001553,1,1,1,73.13,none,0
R001554,0,1,1,160.85,none,0
R001555,1,1,1,347.45,none,0
R001556,1,1,1,28.41,none,0
R001557,1,1,1,65.19,none,0
R001558,1,1,1,80.61,none,0
R001559,1,1,1,68.84,none,0
R001560,1,1,1,79.64,none,0
R001561,1,1,1,74.0,none,0
R001562,1,1,1,224.1,none,0
R001563,1,1,1,100.5,none,0
R001564,1,1,1,67.06,none,0
R001565,1,1,1,48.54,none,0
R001566,1,1,1,116.51,none,0
R001567,1,1,1,39.2,none,0
R001568,1,1,1,1882.51,coordinated_abuse,1
R001569,1,1,1,78.75,none,0
R001570,1,1,1,76.18,none,0
R001571,1,0,1,8648.83,coordinated_abuse,1
R001572,1,1,1,82.16,none,0
R001573,1,1,1,36.2,none,0
R001574,1,1,1,600.0,none,0
R001575,1,1,1,274.45,none,0
R001576,1,1,1,56.73,none,0
R001577,1,1,1,62.54,none,0
R001578,1,1,1,272.63,none,0
R001579,1,1,1,89.99,none,0
R001580,1,1,1,102.81,none,0
R001581,1,1,1,56.65,none,0
R001582,1,1,1,29.39,none,0
R001583,1,1,1,64.63,none,0
R001584,1,1,1,99.93,none,0
R001585,1,0,1,7293.59,coordinated_abuse,1
R001586,1,1,1,65.23,none,0
R001587,1,1,1,57.74,none,0
R001588,1,1,1,10.53,none,0
R001589,1,1,1,120.04,none,0
R001590,1,1,1,236.16,none,0
R001591,1,1,1,362.62,none,0
R001592,1,0,1,228.27,none,0
R001593,1,1,1,85.09,none,0
R001594,1,1,1,80.26,none,0
R001595,1,1,1,54.27,none,0
R001596,1,1,1,202.25,none,0
R001597,1,1,1,116.95,none,0
R001598,1,0,1,750.0,condition_mismatch,1
R001599,0,0,1,10890.07,condition_mismatch,1
R001600,1,1,1,38.61,none,0
R001601,1,1,1,262.61,none,0
R001602,1,1,1,95.33,none,0
R001603,1,1,1,53.73,none,0
R001604,1,1,1,480.53,none,0
R001605,1,1,1,43.15,none,0
R001606,1,1,1,62.26,none,0
R001607,1,1,1,61.83,none,0
R001608,1,1,1,136.07,none,0
R001609,1,1,1,176.27,none,0
R001610,1,1,1,68.79,none,0
R001611,1,1,1,399.28,none,0
R001612,0,1,1,77.53,none,0
R001613,1,1,1,186.12,none,0
R001614,1,1,1,147.8,none,0
R001615,0,0,1,3959.85,refund_abuse,1
R001616,1,1,1,64.98,none,0
R001617,1,1,1,134.23,none,0
R001618,1,1,1,52.27,none,0
R001619,1,1,1,126.79,none,0
R001620,1,1,1,65.16,none,0
R001621,1,1,1,53.57,none,0
R001622,1,1,1,96.22,none,0
R001623,1,1,1,413.19,none,0
R001624,1,1,1,214.54,none,0
R001625,1,1,1,100.15,none,0
R001626,1,1,1,32.17,none,0
R001627,1,1,1,126.68,none,0
R001628,1,0,1,104.78,none,0
R001629,1,1,1,284.22,none,0
R001630,1,1,1,97.59,none,0
R001631,1,1,1,26.79,none,0
R001632,1,1,1,0.46,none,0
R001633,1,1,1,443.93,none,0
R001634,1,1,1,600.0,none,0
R001635,1,1,1,213.41,none,0
R001636,1,1,1,27.16,none,0
R001637,1,1,1,116.61,none,0
R001638,1,0,1,87.97,none,0
R001639,1,1,1,72.38,none,0
R001640,1,1,1,417.46,none,0
R001641,1,0,1,73.0,none,0
R001642,1,1,1,130.17,none,0
R001643,1,1,1,22.93,none,0
R001644,1,1,1,66.23,none,0
R001645,1,1,1,139.31,none,0
R001646,1,1,1,92.12,none,0
R001647,1,1,1,97.87,none,0
R001648,1,1,1,98.62,none,0
R001649,1,1,1,54.81,none,0
R001650,1,1,1,278.05,none,0
R001651,1,1,1,173.3,none,0
R001652,1,1,1,73.38,none,0
R001653,1,1,1,62.7,none,0
R001654,1,1,1,67.19,none,0
R001655,0,1,1,93.81,none,0
R001656,1,1,1,34.64,none,0
R001657,1,1,1,55.43,none,0
R001658,1,1,1,60.3,none,0
R001659,0,1,1,290.29,none,0
R001660,0,1,1,141.9,none,0
R001661,1,1,1,55.12,none,0
R001662,1,1,1,77.68,none,0
R001663,1,0,1,138.0,none,0
R001664,1,1,1,84.52,none,0
R001665,1,1,1,37.6,none,0
R001666,1,1,1,135.21,none,0
R001667,0,0,1,1347.5,refund_abuse,1
R001668,1,1,1,105.8,none,0
R001669,0,1,1,166.75,none,0
R001670,1,1,1,5.66,none,0
R001671,1,1,1,105.9,none,0
R001672,0,1,1,1174.12,refund_abuse,1
R001673,1,1,1,51.04,none,0
R001674,1,1,1,62.93,none,0
R001675,1,1,1,17.47,none,0
R001676,1,1,1,106.24,none,0
R001677,1,1,1,57.69,none,0
R001678,1,1,1,42.89,none,0
R001679,1,1,1,104.44,none,0
R001680,1,1,1,104.57,none,0
R001681,1,1,1,72.5,none,0
R001682,0,1,1,276.15,none,0
R001683,1,1,1,165.3,none,0
R001684,1,1,1,70.6,none,0
R001685,1,1,1,154.24,none,0
R001686,1,1,1,55.69,none,0
R001687,1,1,1,89.8,none,0
R001688,1,1,1,97.2,none,0
R001689,1,1,1,52.25,none,0
R001690,1,1,1,82.63,none,0
R001691,1,1,1,96.86,none,0
R001692,1,1,1,352.55,none,0
R001693,1,1,1,277.03,none,0
R001694,0,1,1,151.91,none,0
R001695,1,1,1,141.05,none,0
R001696,1,1,1,69.46,none,0
R001697,1,1,1,61.55,none,0
R001698,1,1,1,246.75,none,0
R001699,1,1,1,35.56,none,0
R001700,1,1,1,62.44,none,0
R001701,1,1,1,248.81,none,0
R001702,1,1,1,115.17,none,0
R001703,1,1,1,33.64,none,0
R001704,1,1,1,155.48,none,0
R001705,1,1,1,348.43,none,0
R001706,1,1,1,111.35,none,0
R001707,1,1,1,108.55,none,0
R001708,1,1,1,63.81,none,0
R001709,1,1,1,162.76,none,0
R001710,1,0,1,44.16,none,0
R001711,1,1,1,69.53,none,0
R001712,1,1,1,141.97,none,0
R001713,1,1,1,159.87,none,0
R001714,1,1,1,76.31,none,0
R001715,1,1,1,64.28,none,0
R001716,1,1,1,118.43,none,0
R001717,1,1,1,111.77,none,0
R001718,1,1,1,132.24,none,0
R001719,1,1,1,358.49,none,0
R001720,1,1,1,324.48,none,0
R001721,1,1,1,537.23,none,0
R001722,1,1,1,70.56,none,0
R001723,1,1,1,49.42,none,0
R001724,1,1,1,92.53,none,0
R001725,1,1,1,101.68,none,0
R001726,1,1,1,75.97,none,0
R001727,1,1,1,56.61,none,0
R001728,1,1,1,533.16,none,0
R001729,1,1,1,600.0,none,0
R001730,1,1,1,144.54,none,0
R001731,1,0,1,73.24,none,0
R001732,1,1,1,750.0,refund_abuse,1
R001733,1,1,1,40.43,none,0
R001734,1,1,1,128.22,none,0
R001735,1,1,1,127.38,none,0
R001736,1,1,1,58.61,none,0
R001737,1,1,1,188.77,none,0
R001738,1,0,1,1475.64,refund_abuse,1
R001739,1,1,1,76.29,none,0
R001740,1,1,1,92.78,none,0
R001741,1,1,1,42.36,none,0
R001742,1,1,1,157.12,none,0
R001743,1,1,1,1657.39,refund_abuse,1
R001744,1,0,1,63.21,none,0
R001745,1,1,1,65.85,none,0
R001746,1,1,1,113.66,none,0
R001747,1,1,1,122.84,none,0
R001748,1,1,1,127.81,none,0
R001749,1,1,1,114.7,none,0
R001750,1,1,1,76.22,none,0
R001751,1,1,1,192.74,none,0
R001752,1,1,1,67.29,none,0
R001753,1,1,1,33.56,none,0
R001754,0,0,1,39.82,none,0
R001755,1,1,1,43.27,none,0
R001756,1,1,1,52.97,none,0
R001757,1,1,1,89.03,none,0
R001758,0,1,1,600.0,none,0
R001759,1,1,1,84.17,none,0
R001760,1,1,1,332.01,none,0
R001761,1,1,1,31.6,none,0
R001762,1,1,1,100.06,none,0
R001763,1,1,1,99.22,none,0
R001764,1,1,1,1.74,none,0
R001765,1,1,1,132.35,none,0
R001766,1,0,1,131.43,none,0
R001767,1,1,1,233.68,none,0
R001768,1,1,1,78.53,none,0
R001769,1,1,1,75.88,none,0
R001770,1,1,1,89.19,none,0
R001771,1,1,1,117.8,none,0
R001772,0,1,1,128.7,none,0
R001773,1,1,1,90.53,none,0
R001774,1,1,1,123.29,none,0
R001775,1,0,1,127.31,none,0
R001776,1,1,1,78.68,none,0
R001777,1,1,1,134.4,none,0
R001778,1,1,1,25.51,none,0
R001779,1,1,1,73.6,none,0
R001780,1,1,1,391.48,none,0
R001781,1,1,1,66.83,none,0
R001782,1,1,1,353.46,none,0
R001783,1,1,1,383.98,none,0
R001784,1,1,1,52.69,none,0
R001785,1,0,1,1782.21,refund_abuse,1
R001786,1,1,1,151.69,none,0
R001787,1,1,1,77.03,none,0
R001788,1,1,1,122.02,none,0
R001789,1,1,1,132.18,none,0
R001790,1,1,1,81.73,none,0
R001791,1,1,1,67.96,none,0
R001792,1,1,1,247.5,none,0
R001793,1,1,1,32.2,none,0
R001794,1,1,1,30.63,none,0
R001795,1,1,1,68.27,none,0
R001796,1,1,1,43.03,none,0
R001797,1,1,1,117.34,none,0
R001798,1,1,1,96.64,none,0
R001799,1,1,1,67.81,none,0
R001800,1,1,1,328.93,none,0
R001801,1,1,1,109.76,none,0
R001802,1,1,1,258.39,none,0
R001803,1,0,1,130.75,none,0
R001804,1,1,1,201.36,none,0
R001805,1,1,1,113.71,none,0
R001806,1,1,1,304.58,none,0
R001807,1,1,1,94.43,none,0
R001808,1,1,1,65.81,none,0
R001809,1,1,1,57.78,none,0
R001810,1,1,1,34.73,none,0
R001811,1,1,1,97.38,none,0
R001812,1,1,1,119.88,none,0
R001813,1,1,1,40.4,none,0
R001814,1,0,1,57.42,none,0
R001815,1,1,1,51.72,none,0
R001816,0,1,1,600.0,none,0
R001817,1,1,1,138.33,none,0
R001818,1,0,1,327.16,none,0
R001819,1,1,1,136.93,none,0
R001820,1,1,1,90.38,none,0
R001821,1,1,1,140.1,none,0
R001822,1,1,1,600.0,none,0
R001823,1,1,1,93.33,none,0
R001824,1,1,1,86.59,none,0
R001825,1,1,1,84.45,none,0
R001826,1,1,1,155.41,none,0
R001827,1,1,1,90.58,none,0
R001828,1,1,1,23.04,none,0
R001829,1,1,1,327.4,none,0
R001830,1,1,1,64.39,none,0
R001831,1,0,1,0.0,none,0
R001832,1,1,1,70.28,none,0
R001833,1,1,1,600.0,none,0
R001834,1,1,1,295.15,none,0
R001835,1,1,1,128.67,none,0
R001836,1,1,1,44.81,none,0
R001837,1,1,1,173.88,none,0
R001838,1,1,1,71.94,none,0
R001839,1,1,1,143.17,none,0
R001840,1,1,1,71.21,none,0
R001841,1,1,1,297.28,none,0
R001842,1,1,1,189.29,none,0
R001843,1,1,1,84.87,none,0
R001844,1,1,1,128.84,none,0
R001845,1,1,1,321.06,none,0
R001846,1,1,1,168.05,none,0
R001847,1,1,1,51.63,none,0
R001848,1,1,1,36.91,none,0
R001849,1,1,1,38.12,none,0
R001850,1,1,1,169.93,none,0
R001851,1,1,1,52.12,none,0
R001852,1,1,1,75.07,none,0
R001853,1,0,1,51.71,none,0
R001854,1,1,1,91.54,none,0
R001855,1,1,1,143.18,none,0
R001856,1,1,1,127.94,none,0
R001857,1,1,1,54.34,none,0
R001858,1,1,1,137.12,none,0
R001859,0,1,1,83.69,none,0
R001860,1,1,1,164.77,none,0
R001861,1,1,1,146.87,none,0
R001862,1,1,1,77.6,none,0
R001863,1,1,1,80.8,none,0
R001864,1,1,1,94.71,none,0
R001865,1,1,1,92.9,none,0
R001866,1,1,1,47.74,none,0
R001867,1,1,1,94.35,none,0
R001868,1,1,1,87.01,none,0
R001869,1,1,1,145.68,none,0
R001870,1,1,1,296.86,none,0
R001871,1,1,1,34.81,none,0
R001872,1,0,1,141.32,none,0
R001873,1,1,1,229.57,none,0
R001874,1,0,1,149.89,none,0
R001875,1,1,1,105.09,none,0
R001876,1,0,1,470.81,none,0
R001877,1,1,1,339.21,none,0
R001878,1,1,1,261.62,none,0
R001879,1,0,1,1.56,none,0
R001880,1,1,1,40.63,none,0
R001881,1,1,1,82.56,none,0
R001882,1,1,1,155.34,none,0
R001883,1,1,1,109.78,none,0
R001884,1,1,1,0.0,none,0
R001885,1,1,1,96.42,none,0
R001886,1,1,1,89.66,none,0
R001887,1,1,1,52.02,none,0
R001888,1,1,1,63.48,none,0
R001889,1,1,1,56.21,none,0
R001890,1,1,1,228.86,none,0
R001891,1,1,1,68.31,none,0
R001892,1,1,1,49.58,none,0
R001893,1,1,1,105.75,none,0
R001894,1,0,1,95.16,none,0
R001895,1,1,1,54.54,none,0
R001896,1,1,1,38.53,none,0
R001897,1,1,1,54.76,none,0
R001898,1,1,1,17.13,none,0
R001899,1,1,1,600.0,none,0
R001900,1,1,1,31.98,none,0
R001901,1,1,1,107.38,none,0
R001902,1,1,1,76.13,none,0
R001903,1,1,1,67.92,none,0
R001904,1,1,1,92.68,none,0
R001905,1,1,1,104.17,none,0
R001906,1,1,1,381.86,none,0
R001907,1,1,1,149.59,none,0
R001908,1,1,1,90.73,none,0
R001909,1,0,1,69.21,none,0
R001910,1,1,1,220.8,none,0
R001911,1,1,1,43.64,none,0
R001912,1,1,1,70.17,none,0
R001913,1,1,1,114.98,none,0
R001914,1,1,1,100.16,none,0
R001915,1,1,1,167.46,none,0
R001916,1,1,1,187.65,none,0
R001917,1,1,1,3545.67,refund_abuse,1
R001918,1,1,1,195.78,none,0
R001919,1,0,1,1601.21,condition_mismatch,1
R001920,1,1,1,199.5,none,0
R001921,1,1,1,103.48,none,0
R001922,1,1,1,115.58,none,0
R001923,1,1,1,120.48,none,0
R001924,1,1,1,137.39,none,0
R001925,1,1,1,111.97,none,0
R001926,1,1,1,154.44,none,0
R001927,0,1,1,19.05,none,0
R001928,1,1,1,600.0,none,0
R001929,1,1,1,109.54,none,0
R001930,1,1,1,74.3,none,0
R001931,1,1,1,52.98,none,0
R001932,1,1,1,119.07,none,0
R001933,1,1,1,74.81,none,0
R001934,1,1,1,200.99,none,0
R001935,1,1,1,212.24,none,0
R001936,1,1,1,15.26,none,0
R001937,1,1,1,531.97,none,0
R001938,1,1,1,37.18,none,0
R001939,1,1,1,56.69,none,0
R001940,1,1,1,66.26,none,0
R001941,1,1,1,117.38,none,0
R001942,1,0,1,490.29,none,0
R001943,1,1,1,167.19,none,0
R001944,1,1,1,183.78,none,0
R001945,1,1,1,42.39,none,0
R001946,1,1,1,151.61,none,0
R001947,1,0,1,61.38,none,0
R001948,1,1,1,197.14,none,0
R001949,1,1,1,582.81,none,0
R001950,1,0,1,105.25,none,0
R001951,1,1,1,600.0,none,0
R001952,1,1,1,74.77,none,0
R001953,1,1,1,23.34,none,0
R001954,1,1,1,118.2,none,0
R001955,1,1,1,204.98,none,0
R001956,1,1,1,80.52,none,0
R001957,1,0,1,1130.99,coordinated_abuse,1
R001958,1,1,1,600.0,none,0
R001959,1,1,1,345.11,none,0
R001960,1,1,1,156.19,none,0
R001961,0,1,1,108.3,none,0
R001962,0,1,1,39.63,none,0
R001963,1,1,1,95.82,none,0
R001964,1,1,1,98.43,none,0
R001965,1,0,1,8353.64,coordinated_abuse,1
R001966,1,1,1,62.98,none,0
R001967,1,1,1,26.75,none,0
R001968,1,1,1,522.48,none,0
R001969,1,1,1,12.99,none,0
R001970,1,1,1,161.31,none,0
R001971,0,1,1,34.93,none,0
R001972,1,1,1,130.69,none,0
R001973,1,1,1,600.0,none,0
R001974,1,1,1,1832.71,refund_abuse,1
R001975,1,1,1,82.29,none,0
R001976,1,1,1,65.08,none,0
R001977,1,1,1,161.67,none,0
R001978,1,1,1,233.26,none,0
R001979,1,0,1,1605.67,condition_mismatch,1
R001980,1,1,1,257.59,none,0
R001981,0,1,1,42.93,none,0
R001982,1,1,1,67.02,none,0
R001983,1,1,1,112.49,none,0
R001984,1,1,1,187.75,none,0
R001985,1,1,1,88.15,none,0
R001986,1,1,1,110.66,none,0
R001987,1,1,1,212.41,none,0
R001988,1,1,1,64.58,none,0
R001989,1,1,1,25.65,none,0
R001990,1,1,1,115.99,none,0
R001991,1,1,1,135.87,none,0
R001992,0,1,1,28.3,none,0
R001993,1,1,1,76.09,none,0
R001994,1,0,1,36.45,none,0
R001995,1,1,1,47.06,none,0
R001996,0,1,1,207.57,none,0
R001997,1,1,1,282.82,none,0
R001998,1,1,1,200.95,none,0
R001999,1,1,1,85.2,none,0
R002000,1,1,1,600.0,none,0
R002001,1,0,1,75.3,none,0
R002002,1,1,1,65.42,none,0
R002003,1,1,1,3.4,none,0
R002004,1,1,1,542.36,none,0
R002005,1,1,1,120.57,none,0
R002006,1,1,1,64.23,none,0
R002007,1,1,1,105.46,none,0
R002008,1,1,1,57.32,none,0
R002009,1,1,1,542.03,none,0
R002010,1,1,1,63.5,none,0
R002011,1,1,1,82.68,none,0
R002012,1,1,1,76.15,none,0
R002013,1,1,1,38.64,none,0
R002014,1,1,1,82.2,none,0
R002015,1,1,1,310.97,none,0
R002016,1,1,1,600.0,none,0
R002017,0,1,1,111.29,none,0
R002018,1,1,1,67.25,none,0
R002019,1,1,1,600.0,none,0
R002020,1,1,1,139.69,none,0
R002021,1,1,1,25.07,none,0
R002022,1,1,1,227.14,none,0
R002023,1,1,1,67.98,none,0
R002024,1,1,1,56.46,none,0
R002025,1,1,1,45.03,none,0
R002026,0,1,1,334.89,none,0
R002027,1,1,1,59.36,none,0
R002028,1,1,1,107.63,none,0
R002029,1,1,1,326.08,none,0
R002030,1,1,1,70.86,none,0
R002031,1,1,1,100.49,none,0
R002032,1,1,1,30.82,none,0
R002033,1,1,1,66.12,none,0
R002034,1,1,1,81.9,none,0
R002035,1,1,1,36.85,none,0
R002036,1,1,1,43.71,none,0
R002037,1,1,1,50.37,none,0
R002038,1,1,1,61.71,none,0
R002039,1,1,1,145.66,none,0
R002040,1,1,1,67.62,none,0
R002041,1,0,1,1562.02,refund_abuse,1
R002042,1,1,1,358.21,none,0
R002043,1,1,1,440.52,none,0
R002044,1,1,1,105.54,none,0
R002045,1,1,1,153.39,none,0
R002046,1,1,1,110.68,none,0
R002047,1,1,1,133.82,none,0
R002048,1,1,1,63.96,none,0
R002049,1,1,1,151.57,none,0
R002050,1,1,1,69.84,none,0
R002051,1,1,1,124.2,none,0
R002052,1,1,1,66.44,none,0
R002053,1,1,1,11.78,none,0
R002054,1,1,1,272.4,none,0
R002055,1,1,1,66.83,none,0
R002056,1,1,1,145.39,none,0
R002057,1,1,1,100.4,none,0
R002058,0,0,1,2021.2,condition_mismatch,1
R002059,1,1,1,67.44,none,0
R002060,1,1,1,79.59,none,0
R002061,1,1,1,31.59,none,0
R002062,1,1,1,251.1,none,0
R002063,1,1,1,50.15,none,0
R002064,1,1,1,187.73,none,0
R002065,1,1,1,41.47,none,0
R002066,1,1,1,38.62,none,0
R002067,1,1,1,92.27,none,0
R002068,1,1,1,400.01,none,0
R002069,1,0,1,1562.39,condition_mismatch,1
R002070,1,1,1,71.6,none,0
R002071,1,1,1,281.4,none,0
R002072,0,1,1,78.22,none,0
R002073,1,1,1,112.2,none,0
R002074,1,0,1,117.56,none,0
R002075,1,1,1,152.9,none,0
R002076,1,1,1,61.58,none,0
R002077,1,1,1,47.62,none,0
R002078,1,1,1,101.59,none,0
R002079,1,0,1,2301.26,coordinated_abuse,1
R002080,1,1,1,13.78,none,0
R002081,1,1,1,107.23,none,0
R002082,1,1,1,202.23,none,0
R002083,1,1,1,70.48,none,0
R002084,1,1,1,100.02,none,0
R002085,1,1,1,253.98,none,0
R002086,1,1,1,64.91,none,0
R002087,1,1,1,78.01,none,0
R002088,1,1,1,281.42,none,0
R002089,1,1,1,0.0,none,0
R002090,1,1,1,590.52,none,0
R002091,1,1,1,102.58,none,0
R002092,1,1,1,80.26,none,0
R002093,1,1,1,73.5,none,0
R002094,1,0,1,34.87,none,0
R002095,1,1,1,117.64,none,0
R002096,1,1,1,77.65,none,0
R002097,1,1,1,157.74,none,0
R002098,1,0,1,23.95,none,0
R002099,1,1,1,47.21,none,0
R002100,1,1,1,518.13,none,0
R002101,1,1,1,100.54,none,0
R002102,1,1,1,246.63,none,0
R002103,1,1,1,42.08,none,0
R002104,1,1,1,123.18,none,0
R002105,1,1,1,600.0,none,0
R002106,1,1,1,173.01,none,0
R002107,1,1,1,71.72,none,0
R002108,1,1,1,305.72,none,0
R002109,1,1,1,29.43,none,0
R002110,1,1,1,148.3,none,0
R002111,1,1,1,83.62,none,0
R002112,1,1,1,115.76,none,0
R002113,1,1,1,215.72,none,0
R002114,1,1,1,453.65,none,0
R002115,1,1,1,101.16,none,0
R002116,1,1,1,124.03,none,0
R002117,1,1,1,54.18,none,0
R002118,1,0,1,80.36,none,0
R002119,1,1,1,73.33,none,0
R002120,1,1,1,600.0,none,0
R002121,1,1,1,90.99,none,0
R002122,1,1,1,78.91,none,0
R002123,1,1,1,101.93,none,0
R002124,1,1,1,24.07,none,0
R002125,1,1,1,134.19,none,0
R002126,1,1,1,544.11,none,0
R002127,1,1,1,133.51,none,0
R002128,0,1,1,86.92,none,0
R002129,1,1,1,162.82,none,0
R002130,1,1,1,146.48,none,0
R002131,1,1,1,50.15,none,0
R002132,1,1,1,267.68,none,0
R002133,1,1,1,24.42,none,0
R002134,1,1,1,74.45,none,0
R002135,1,0,1,6067.85,condition_mismatch,1
R002136,1,1,1,325.57,none,0
R002137,1,1,1,51.26,none,0
R002138,1,1,1,290.02,none,0
R002139,1,1,1,322.56,none,0
R002140,1,1,1,52.89,none,0
R002141,1,1,1,85.53,none,0
R002142,1,1,1,132.7,none,0
R002143,0,1,1,78.9,none,0
R002144,1,0,1,383.01,none,0
R002145,1,1,1,19.12,none,0
R002146,1,1,1,65.36,none,0
R002147,1,1,1,149.12,none,0
R002148,1,1,1,145.2,none,0
R002149,0,1,1,113.72,none,0
R002150,0,1,1,45.44,none,0
R002151,1,1,1,66.43,none,0
R002152,1,1,1,32.92,none,0
R002153,1,1,1,157.61,none,0
R002154,1,1,1,78.94,none,0
R002155,1,1,1,172.83,none,0
R002156,1,1,1,70.43,none,0
R002157,1,0,1,46.77,none,0
R002158,1,1,1,221.86,none,0
R002159,1,1,1,318.04,none,0
R002160,1,1,1,58.91,none,0
R002161,1,1,1,107.24,none,0
R002162,1,1,1,39.92,none,0
R002163,1,1,1,84.47,none,0
R002164,1,1,1,103.24,none,0
R002165,1,1,1,88.65,none,0
R002166,1,1,1,18.55,none,0
R002167,1,1,1,195.89,none,0
R002168,1,1,1,72.32,none,0
R002169,1,1,1,136.54,none,0
R002170,1,1,1,72.14,none,0
R002171,1,1,1,38.45,none,0
R002172,1,1,1,190.7,none,0
R002173,1,1,1,63.9,none,0
R002174,1,1,1,48.05,none,0
R002175,1,1,1,56.3,none,0
R002176,1,0,1,250.65,none,0
R002177,1,1,1,97.47,none,0
R002178,1,1,1,95.65,none,0
R002179,1,1,1,35.6,none,0
R002180,1,1,1,37.13,none,0
R002181,1,1,1,409.24,none,0
R002182,1,1,1,57.25,none,0
R002183,1,1,1,47.52,none,0
R002184,1,1,1,122.12,none,0
R002185,1,1,1,307.79,none,0
R002186,1,1,1,124.97,none,0
R002187,1,1,1,61.66,none,0
R002188,1,1,1,63.27,none,0
R002189,1,1,1,114.27,none,0
R002190,1,1,1,65.45,none,0
R002191,0,1,1,59.4,none,0
R002192,1,1,1,56.87,none,0
R002193,1,1,1,15.23,none,0
R002194,1,1,1,155.97,none,0
R002195,1,0,1,175.9,none,0
R002196,1,1,1,41.86,none,0
R002197,1,1,1,45.54,none,0
R002198,1,1,1,600.0,none,0
R002199,1,1,1,59.37,none,0
R002200,1,1,1,93.0,none,0
R002201,1,1,1,166.75,none,0
R002202,1,1,1,57.38,none,0
R002203,1,1,1,424.49,none,0
R002204,1,1,1,180.82,none,0
R002205,1,1,1,89.61,none,0
R002206,1,1,1,243.06,none,0
R002207,1,1,1,488.9,none,0
R002208,1,1,1,327.99,none,0
R002209,1,1,1,96.11,none,0
R002210,1,1,1,71.75,none,0
R002211,1,1,1,499.79,none,0
R002212,1,1,1,102.5,none,0
R002213,1,1,1,161.14,none,0
R002214,1,1,1,37.8,none,0
R002215,1,1,1,35.21,none,0
R002216,1,1,1,168.34,none,0
R002217,1,1,1,105.08,none,0
R002218,1,1,1,55.0,none,0
R002219,1,1,1,2174.99,refund_abuse,1
R002220,1,0,1,145.6,none,0
R002221,1,1,1,86.55,none,0
R002222,1,1,1,600.0,none,0
R002223,1,1,1,47.11,none,0
R002224,1,1,1,118.42,none,0
R002225,1,1,1,240.41,none,0
R002226,1,1,1,147.93,none,0
R002227,1,1,1,78.93,none,0
R002228,1,1,1,72.28,none,0
R002229,1,1,1,66.32,none,0
R002230,1,1,1,77.28,none,0
R002231,1,1,1,392.41,none,0
R002232,1,1,1,344.75,none,0
R002233,1,1,1,57.51,none,0
R002234,1,1,1,60.0,none,0
R002235,1,1,1,325.07,none,0
R002236,1,1,1,45.33,none,0
R002237,1,1,1,750.0,coordinated_abuse,1
R002238,1,1,1,82.08,none,0
R002239,1,1,1,131.34,none,0
R002240,1,0,1,600.0,none,0
R002241,1,1,1,111.06,none,0
R002242,1,1,1,600.0,none,0
R002243,1,1,1,126.22,none,0
R002244,1,0,1,43.18,none,0
R002245,1,1,1,73.0,none,0
R002246,1,1,1,228.39,none,0
R002247,1,1,1,110.29,none,0
R002248,1,1,1,87.58,none,0
R002249,1,1,1,195.39,none,0
R002250,1,1,1,68.75,none,0
R002251,1,1,1,26.87,none,0
R002252,1,1,1,121.06,none,0
R002253,1,1,1,77.32,none,0
R002254,1,1,1,60.89,none,0
R002255,1,1,1,157.52,none,0
R002256,1,1,1,339.49,none,0
R002257,1,1,1,478.76,none,0
R002258,1,1,1,116.97,none,0
R002259,1,1,1,104.74,none,0
R002260,1,1,1,57.34,none,0
R002261,1,0,1,106.07,none,0
R002262,1,1,1,66.54,none,0
R002263,1,1,1,107.85,none,0
R002264,1,1,1,384.44,none,0
R002265,1,1,1,112.71,none,0
R002266,1,1,1,65.7,none,0
R002267,1,1,1,106.84,none,0
R002268,1,1,1,15.1,none,0
R002269,1,1,1,72.43,none,0
R002270,1,1,1,55.22,none,0
R002271,1,1,1,40.62,none,0
R002272,1,1,1,129.79,none,0
R002273,1,1,1,267.67,none,0
R002274,1,1,1,95.63,none,0
R002275,1,1,1,438.88,none,0
R002276,1,1,1,165.22,none,0
R002277,1,1,1,83.7,none,0
R002278,1,1,1,49.37,none,0
R002279,1,1,1,124.43,none,0
R002280,1,1,1,102.25,none,0
R002281,1,1,1,306.48,none,0
R002282,1,1,1,211.5,none,0
R002283,1,1,1,148.53,none,0
R002284,1,1,1,211.16,none,0
R002285,1,1,1,56.37,none,0
R002286,1,1,1,63.09,none,0
R002287,1,1,1,111.04,none,0
R002288,1,1,1,558.02,none,0
R002289,1,1,1,497.82,none,0
R002290,1,0,1,94.83,none,0
R002291,1,1,1,80.28,none,0
R002292,1,1,1,206.93,none,0
R002293,1,1,1,83.05,none,0
R002294,1,1,1,23.69,none,0
R002295,1,1,1,89.08,none,0
R002296,1,1,1,179.97,none,0
R002297,1,1,1,131.76,none,0
R002298,1,1,1,114.08,none,0
R002299,1,1,1,167.86,none,0
R002300,1,1,1,233.41,none,0
R002301,1,1,1,35.26,none,0
R002302,1,1,1,119.11,none,0
R002303,1,1,1,86.88,none,0
R002304,1,0,1,146.94,none,0
R002305,1,1,1,154.19,none,0
R002306,1,1,1,92.71,none,0
R002307,1,1,1,600.0,none,0
R002308,1,1,1,455.47,none,0
R002309,1,1,1,22.39,none,0
R002310,1,1,1,106.77,none,0
R002311,1,1,1,60.01,none,0
R002312,1,1,1,103.59,none,0
R002313,0,1,1,54.2,none,0
R002314,1,1,1,97.67,none,0
R002315,1,1,1,10.36,none,0
R002316,1,1,1,119.98,none,0
R002317,1,1,1,122.26,none,0
R002318,1,1,1,130.19,none,0
R002319,1,1,1,139.63,none,0
R002320,1,1,1,137.73,none,0
R002321,1,1,1,49.48,none,0
R002322,1,1,1,194.41,none,0
R002323,1,1,1,89.08,none,0
R002324,1,1,1,56.56,none,0
R002325,1,1,1,71.58,none,0
R002326,1,1,1,135.56,none,0
R002327,1,1,1,296.18,none,0
R002328,1,1,1,55.26,none,0
R002329,1,1,1,200.3,none,0
R002330,1,1,1,30.75,none,0
R002331,1,1,1,600.0,none,0
R002332,1,1,1,405.18,none,0
R002333,1,1,1,168.86,none,0
R002334,1,1,1,145.44,none,0
R002335,1,1,1,600.0,none,0
R002336,1,1,1,48.23,none,0
R002337,1,1,1,74.09,none,0
R002338,1,1,1,192.79,none,0
R002339,1,1,1,106.03,none,0
R002340,1,1,1,110.82,none,0
R002341,1,0,1,45.8,none,0
R002342,1,0,1,998.25,refund_abuse,1
R002343,1,1,1,99.06,none,0
R002344,1,1,1,27.89,none,0
R002345,1,1,1,119.95,none,0
R002346,1,1,1,133.02,none,0
R002347,1,1,1,37.04,none,0
R002348,1,1,1,103.2,none,0
R002349,1,1,1,126.98,none,0
R002350,1,1,1,24.73,none,0
R002351,1,1,1,101.23,none,0
R002352,1,1,1,214.85,none,0
R002353,1,1,1,67.28,none,0
R002354,1,1,1,83.2,none,0
R002355,1,1,1,254.67,none,0
R002356,1,1,1,133.79,none,0
R002357,1,1,1,48.45,none,0
R002358,1,1,1,25.14,none,0
R002359,1,1,1,88.68,none,0
R002360,1,1,1,56.59,none,0
R002361,1,1,1,231.35,none,0
R002362,1,1,1,53.65,none,0
R002363,1,1,1,96.54,none,0
R002364,1,1,1,34.64,none,0
R002365,1,1,1,131.87,none,0
R002366,1,1,1,93.4,none,0
R002367,1,1,1,72.39,none,0
R002368,1,0,1,1613.71,coordinated_abuse,1
R002369,1,1,1,208.25,none,0
R002370,1,1,1,197.02,none,0
R002371,1,1,1,469.28,none,0
R002372,1,1,1,67.98,none,0
R002373,1,1,1,118.63,none,0
R002374,1,0,1,333.06,none,0
R002375,1,1,1,112.68,none,0
R002376,0,1,1,111.98,none,0
R002377,1,0,1,12.34,none,0
R002378,1,1,1,44.89,none,0
R002379,1,1,1,177.35,none,0
R002380,1,1,1,20.73,none,0
R002381,1,1,1,106.6,none,0
R002382,1,1,1,94.36,none,0
R002383,1,1,1,0.0,none,0
R002384,1,1,1,178.11,none,0
R002385,1,1,1,428.16,none,0
R002386,1,1,1,15.49,none,0
R002387,1,1,1,96.07,none,0
R002388,1,1,1,56.32,none,0
R002389,1,1,1,23.87,none,0
R002390,1,1,1,131.41,none,0
R002391,1,1,1,199.95,none,0
R002392,1,1,1,33.02,none,0
R002393,1,1,1,600.0,none,0
R002394,1,1,1,123.86,none,0
R002395,1,1,1,66.55,none,0
R002396,0,1,1,107.93,none,0
R002397,1,1,1,393.26,none,0
R002398,1,1,1,68.99,none,0
R002399,1,1,1,93.62,none,0
R002400,1,1,1,92.81,none,0
R002401,1,1,1,28.74,none,0
R002402,1,1,1,1619.49,condition_mismatch,1
R002403,1,1,1,524.98,none,0
R002404,1,1,1,157.35,none,0
R002405,1,1,1,97.51,none,0
R002406,1,1,1,383.55,none,0
R002407,1,1,1,25.07,none,0
R002408,1,1,1,58.74,none,0
R002409,1,1,1,80.37,none,0
R002410,1,1,1,20.49,none,0
R002411,0,1,1,21.56,none,0
R002412,0,1,1,41.11,none,0
R002413,1,1,1,223.78,none,0
R002414,1,1,1,600.0,none,0
R002415,1,1,1,33.92,none,0
R002416,1,1,1,57.94,none,0
R002417,1,1,1,133.48,none,0
R002418,1,1,1,118.2,none,0
R002419,1,1,1,141.02,none,0
R002420,1,1,1,112.76,none,0
R002421,1,1,1,485.65,none,0
R002422,1,1,1,34.7,none,0
R002423,1,1,1,104.53,none,0
R002424,1,1,1,28.84,none,0
R002425,1,1,1,106.44,none,0
R002426,1,1,1,124.84,none,0
R002427,1,1,1,131.05,none,0
R002428,1,1,1,79.17,none,0
R002429,1,1,1,201.93,none,0
R002430,1,1,1,600.0,none,0
R002431,1,1,1,63.75,none,0
R002432,1,1,1,155.38,none,0
R002433,1,1,1,94.78,none,0
R002434,1,1,1,600.0,none,0
R002435,0,0,1,750.0,coordinated_abuse,1
R002436,1,0,1,50.94,none,0
R002437,1,1,1,103.59,none,0
R002438,1,1,1,49.53,none,0
R002439,1,1,1,114.1,none,0
R002440,1,1,1,306.66,none,0
R002441,1,1,1,37.9,none,0
R002442,1,1,1,78.45,none,0
R002443,1,1,1,268.31,none,0
R002444,1,1,1,87.54,none,0
R002445,1,1,1,50.71,none,0
R002446,1,1,1,196.97,none,0
R002447,1,1,1,108.13,none,0
R002448,1,1,1,173.16,none,0
R002449,1,1,1,162.29,none,0
R002450,1,1,1,81.13,none,0
R002451,0,1,1,131.26,none,0
R002452,1,1,1,98.36,none,0
R002453,1,1,1,139.3,none,0
R002454,1,1,1,147.28,none,0
R002455,1,1,1,59.19,none,0
R002456,1,1,1,336.24,none,0
R002457,1,1,1,84.85,none,0
R002458,1,1,1,139.34,none,0
R002459,1,1,1,72.19,none,0
R002460,1,1,1,84.95,none,0
R002461,1,1,1,84.5,none,0
R002462,1,1,1,60.99,none,0
R002463,1,0,1,1805.03,condition_mismatch,1
R002464,1,1,1,159.04,none,0
R002465,1,1,1,83.31,none,0
R002466,1,1,1,458.19,none,0
R002467,1,1,1,135.92,none,0
R002468,1,0,1,227.55,none,0
R002469,1,1,1,64.81,none,0
R002470,1,1,1,313.19,none,0
R002471,1,1,1,56.91,none,0
R002472,1,1,1,60.91,none,0
R002473,1,1,1,46.03,none,0
R002474,1,0,1,394.32,none,0
R002475,1,1,1,48.42,none,0
R002476,1,1,1,20.45,none,0
R002477,1,1,1,18.73,none,0
R002478,1,1,1,1911.48,refund_abuse,1
R002479,1,1,1,149.93,none,0
R002480,1,1,1,49.14,none,0
R002481,1,1,1,273.16,none,0
R002482,1,1,1,102.79,none,0
R002483,1,1,1,69.69,none,0
R002484,1,1,1,142.1,none,0
R002485,1,1,1,29.92,none,0
R002486,1,1,1,100.06,none,0
R002487,1,1,1,165.69,none,0
R002488,1,1,1,47.89,none,0
R002489,1,1,1,600.0,none,0
R002490,1,1,1,115.17,none,0
R002491,1,1,1,129.92,none,0
R002492,1,1,1,41.64,none,0
R002493,1,1,1,391.2,none,0
R002494,1,1,1,34.84,none,0
R002495,1,1,1,89.56,none,0
R002496,1,1,1,248.41,none,0
R002497,1,1,1,88.73,none,0
R002498,1,1,1,85.17,none,0
R002499,1,1,1,283.57,none,0
R002500,1,1,1,50.19,none,0
R002501,1,0,1,152.79,none,0
R002502,1,1,1,50.71,none,0
R002503,1,1,1,72.11,none,0
R002504,1,1,1,502.22,none,0
R002505,1,1,1,386.09,none,0
R002506,1,1,1,84.37,none,0
R002507,1,1,1,148.23,none,0
R002508,1,1,1,252.28,none,0
R002509,1,1,1,56.14,none,0
R002510,1,1,1,165.94,none,0
R002511,1,1,1,600.0,none,0
R002512,1,1,1,136.93,none,0
R002513,1,1,1,46.65,none,0
R002514,1,1,1,63.25,none,0
R002515,1,1,1,90.98,none,0
R002516,1,1,1,63.84,none,0
R002517,1,1,1,398.9,none,0
R002518,1,1,1,91.14,none,0
R002519,1,1,1,186.73,none,0
R002520,1,1,1,44.7,none,0
R002521,1,1,1,78.29,none,0
R002522,1,1,1,256.46,none,0
R002523,1,1,1,49.29,none,0
R002524,1,1,1,80.58,none,0
R002525,1,1,1,83.78,none,0
R002526,1,1,1,153.35,none,0
R002527,1,1,1,360.0,none,0
R002528,1,1,1,85.35,none,0
R002529,1,1,1,58.43,none,0
R002530,1,1,1,72.52,none,0
R002531,1,1,1,61.95,none,0
R002532,1,1,1,600.0,none,0
R002533,1,1,1,168.26,none,0
R002534,1,0,1,95.56,none,0
R002535,1,1,1,97.77,none,0
R002536,1,1,1,600.0,none,0
R002537,1,1,1,88.06,none,0
R002538,1,1,1,66.15,none,0
R002539,1,0,1,239.3,none,0
R002540,1,1,1,47.46,none,0
R002541,1,1,1,94.0,none,0
R002542,1,1,1,100.31,none,0
R002543,1,1,1,197.5,none,0
R002544,1,1,1,108.2,none,0
R002545,1,1,1,250.52,none,0
R002546,1,1,1,130.38,none,0
R002547,0,1,1,176.28,none,0
R002548,1,1,1,67.04,none,0
R002549,1,1,1,59.74,none,0
R002550,1,1,1,8.53,none,0
R002551,1,1,1,61.47,none,0
R002552,1,1,1,31.98,none,0
R002553,1,1,1,127.96,none,0
R002554,1,1,1,73.94,none,0
R002555,1,1,1,81.69,none,0
R002556,1,1,1,80.6,none,0
R002557,1,1,1,203.22,none,0
R002558,0,0,1,205.84,none,0
R002559,1,1,1,22.61,none,0
R002560,1,0,1,4033.6,condition_mismatch,1
R002561,1,1,1,321.23,none,0
R002562,1,1,1,120.05,none,0
R002563,1,1,1,104.0,none,0
R002564,1,1,1,72.29,none,0
R002565,1,1,1,384.35,none,0
R002566,1,1,1,69.48,none,0
R002567,1,1,1,93.3,none,0
R002568,1,1,1,134.0,none,0
R002569,1,1,1,129.62,none,0
R002570,1,1,1,88.91,none,0
R002571,1,1,1,94.39,none,0
R002572,1,1,1,56.56,none,0
R002573,1,1,1,33.83,none,0
R002574,1,1,1,15.64,none,0
R002575,1,1,1,491.03,none,0
R002576,0,1,1,73.56,none,0
R002577,0,1,1,93.04,none,0
R002578,1,1,1,104.91,none,0
R002579,1,1,1,31.49,none,0
R002580,1,1,1,59.46,none,0
R002581,1,1,1,600.0,none,0
R002582,1,1,1,380.91,none,0
R002583,1,1,1,71.31,none,0
R002584,1,1,1,237.34,none,0
R002585,1,1,1,69.7,none,0
R002586,1,1,1,92.66,none,0
R002587,1,1,1,113.71,none,0
R002588,1,1,1,72.81,none,0
R002589,1,1,1,52.96,none,0
R002590,1,1,1,14.09,none,0
R002591,1,1,1,20.83,none,0
R002592,1,1,1,94.63,none,0
R002593,0,1,1,49.42,none,0
R002594,1,1,1,82.47,none,0
R002595,1,1,1,217.17,none,0
R002596,1,1,1,0.0,none,0
R002597,1,1,1,100.3,none,0
R002598,1,0,1,186.76,none,0
R002599,1,1,1,140.45,none,0
R002600,1,1,1,95.61,none,0
R002601,1,1,1,144.97,none,0
R002602,1,1,1,439.91,none,0
R002603,1,1,1,44.51,none,0
R002604,1,1,1,42.2,none,0
R002605,0,1,1,71.35,none,0
R002606,1,1,1,76.63,none,0
R002607,1,1,1,64.82,none,0
R002608,1,1,1,289.99,none,0
R002609,1,1,1,36.31,none,0
R002610,1,0,1,136.75,none,0
R002611,1,1,1,68.52,none,0
R002612,1,1,1,192.22,none,0
R002613,1,1,1,246.84,none,0
R002614,1,1,1,95.54,none,0
R002615,1,1,1,221.29,none,0
R002616,1,1,1,600.0,none,0
R002617,1,1,1,31.09,none,0
R002618,1,1,1,405.68,none,0
R002619,1,1,1,84.95,none,0
R002620,1,1,1,95.15,none,0
R002621,1,1,1,116.28,none,0
R002622,1,1,1,59.35,none,0
R002623,1,1,1,80.6,none,0
R002624,1,1,1,179.82,none,0
R002625,1,1,1,62.3,none,0
R002626,1,1,1,182.28,none,0
R002627,1,1,1,131.97,none,0
R002628,1,1,1,44.9,none,0
R002629,1,1,1,87.25,none,0
R002630,1,1,1,600.0,none,0
R002631,1,1,1,42.9,none,0
R002632,1,1,1,312.4,none,0
R002633,1,1,1,251.96,none,0
R002634,1,1,1,117.92,none,0
R002635,1,1,1,91.83,none,0
R002636,1,1,1,54.32,none,0
R002637,1,1,1,82.21,none,0
R002638,1,1,1,109.54,none,0
R002639,0,1,1,102.02,none,0
R002640,1,1,1,91.43,none,0
R002641,1,1,1,133.85,none,0
R002642,1,1,1,153.71,none,0
R002643,1,1,1,68.1,none,0
R002644,1,1,1,19.14,none,0
R002645,1,1,1,115.65,none,0
R002646,1,0,1,1732.66,coordinated_abuse,1
R002647,1,1,1,110.55,none,0
R002648,1,1,1,137.06,none,0
R002649,1,1,1,188.79,none,0
R002650,1,1,1,18.69,none,0
R002651,1,1,1,227.11,none,0
R002652,1,1,1,26.01,none,0
R002653,1,1,1,25.17,none,0
R002654,1,1,1,57.27,none,0
R002655,1,1,1,43.7,none,0
R002656,1,0,1,212.68,none,0
R002657,1,1,1,137.22,none,0
R002658,1,0,1,104.58,none,0
R002659,1,1,1,91.11,none,0
R002660,1,1,1,68.45,none,0
R002661,1,1,1,600.0,none,0
R002662,0,1,1,52.89,none,0
R002663,1,1,1,77.8,none,0
R002664,1,1,1,25.42,none,0
R002665,1,1,1,68.13,none,0
R002666,1,1,1,193.83,none,0
R002667,1,1,1,115.02,none,0
R002668,0,1,1,113.83,none,0
R002669,0,1,1,84.08,none,0
R002670,1,1,1,90.07,none,0
R002671,1,1,1,57.64,none,0
R002672,1,1,1,20.39,none,0
R002673,1,1,1,72.15,none,0
R002674,0,0,1,13323.53,condition_mismatch,1
R002675,1,1,1,142.65,none,0
R002676,1,1,1,212.33,none,0
R002677,1,1,1,29.96,none,0
R002678,1,0,1,2281.7,refund_abuse,1
R002679,1,1,1,61.36,none,0
R002680,1,1,1,116.85,none,0
R002681,1,1,1,31.75,none,0
R002682,1,1,1,235.68,none,0
R002683,1,1,1,180.63,none,0
R002684,1,1,1,76.06,none,0
R002685,1,1,1,299.8,none,0
R002686,1,1,1,53.44,none,0
R002687,1,1,1,311.29,none,0
R002688,1,1,1,80.76,none,0
R002689,1,1,1,224.98,none,0
R002690,1,1,1,287.17,none,0
R002691,1,1,1,90.55,none,0
R002692,0,1,1,52.02,none,0
R002693,1,1,1,200.3,none,0
R002694,1,1,1,80.85,none,0
R002695,1,1,1,47.5,none,0
R002696,1,1,1,341.25,none,0
R002697,1,1,1,362.85,none,0
R002698,1,0,1,56.97,none,0
R002699,1,0,1,93.72,none,0
R002700,1,1,1,27.0,none,0
R002701,1,1,1,24.56,none,0
R002702,1,1,1,202.32,none,0
R002703,1,1,1,65.1,none,0
R002704,1,1,1,209.26,none,0
R002705,1,1,1,60.31,none,0
R002706,1,1,1,122.76,none,0
R002707,1,1,1,89.56,none,0
R002708,1,1,1,438.44,none,0
R002709,1,1,1,119.55,none,0
R002710,1,1,1,600.0,none,0
R002711,1,1,1,147.02,none,0
R002712,1,1,1,47.25,none,0
R002713,1,1,1,81.87,none,0
R002714,1,1,1,234.9,none,0
R002715,1,1,1,71.87,none,0
R002716,1,0,1,109.96,none,0
R002717,1,1,1,124.54,none,0
R002718,1,1,1,78.99,none,0
R002719,1,1,1,106.63,none,0
R002720,1,1,1,219.43,none,0
R002721,1,1,1,121.02,none,0
R002722,1,1,1,40.34,none,0
R002723,1,1,1,169.82,none,0
R002724,1,1,1,63.58,none,0
R002725,1,1,1,15.15,none,0
R002726,1,1,1,91.24,none,0
R002727,1,1,1,22.49,none,0
R002728,1,1,1,103.87,none,0
R002729,1,1,1,124.79,none,0
R002730,1,1,1,145.84,none,0
R002731,1,1,1,47.24,none,0
R002732,1,1,1,28.68,none,0
R002733,1,1,1,110.98,none,0
R002734,0,1,1,150.51,none,0
R002735,1,1,1,2858.91,condition_mismatch,1
R002736,1,1,1,113.4,none,0
R002737,1,1,1,26.74,none,0
R002738,1,1,1,43.06,none,0
R002739,1,1,1,103.17,none,0
R002740,1,1,1,308.39,none,0
R002741,1,1,1,600.0,none,0
R002742,1,1,1,22.1,none,0
R002743,1,1,1,53.06,none,0
R002744,1,1,1,210.04,none,0
R002745,1,1,1,58.97,none,0
R002746,1,1,1,600.0,none,0
R002747,1,1,1,87.48,none,0
R002748,1,0,1,147.98,none,0
R002749,1,1,1,132.69,none,0
R002750,1,1,1,10.02,none,0
R002751,1,1,1,470.37,none,0
R002752,1,1,1,94.51,none,0
R002753,1,1,1,1.15,none,0
R002754,1,1,1,115.76,none,0
R002755,1,1,1,268.74,none,0
R002756,1,0,1,76.22,none,0
R002757,1,1,1,51.89,none,0
R002758,1,1,1,82.43,none,0
R002759,1,1,1,45.66,none,0
R002760,1,1,1,221.38,none,0
R002761,1,1,1,68.77,none,0
R002762,1,1,1,80.89,none,0
R002763,1,1,1,66.16,none,0
R002764,1,1,1,165.57,none,0
R002765,1,1,1,104.73,none,0
R002766,1,1,1,14.16,none,0
R002767,1,0,1,357.38,none,0
R002768,1,1,1,77.79,none,0
R002769,1,1,1,68.4,none,0
R002770,1,1,1,210.78,none,0
R002771,1,1,1,354.01,none,0
R002772,1,1,1,108.3,none,0
R002773,1,1,1,432.98,none,0
R002774,1,1,1,284.23,none,0
R002775,1,1,1,53.24,none,0
R002776,1,1,1,200.91,none,0
R002777,1,1,1,57.39,none,0
R002778,0,1,1,119.17,none,0
R002779,1,1,1,76.4,none,0
R002780,1,1,1,22.24,none,0
R002781,1,1,1,89.61,none,0
R002782,1,1,1,57.1,none,0
R002783,1,1,1,36.68,none,0
R002784,1,1,1,129.43,none,0
R002785,1,1,1,0.0,none,0
R002786,1,1,1,37.7,none,0
R002787,1,1,1,353.1,none,0
R002788,1,1,1,44.62,none,0
R002789,1,1,1,369.19,none,0
R002790,1,1,1,71.79,none,0
R002791,1,1,1,85.74,none,0
R002792,1,1,1,155.04,none,0
R002793,1,1,1,62.07,none,0
R002794,1,1,1,40.6,none,0
R002795,1,1,1,110.04,none,0
R002796,1,1,1,98.04,none,0
R002797,1,0,1,190.05,none,0
R002798,1,1,1,89.72,none,0
R002799,1,1,1,31.36,none,0
R002800,0,1,1,141.09,none,0
R002801,1,1,1,73.52,none,0
R002802,1,0,1,22.56,none,0
R002803,1,1,1,41.67,none,0
R002804,1,0,1,50.22,none,0
R002805,1,1,1,109.93,none,0
R002806,1,1,1,67.28,none,0
R002807,1,0,1,105.87,none,0
R002808,1,1,1,301.83,none,0
R002809,1,1,1,105.07,none,0
R002810,1,1,1,64.22,none,0
R002811,1,1,1,36.61,none,0
R002812,1,1,1,100.06,none,0
R002813,1,1,1,306.01,none,0
R002814,1,1,1,106.7,none,0
R002815,1,1,1,104.28,none,0
R002816,1,1,1,107.19,none,0
R002817,1,1,1,150.05,none,0
R002818,1,1,1,134.8,none,0
R002819,1,1,1,120.49,none,0
R002820,1,1,1,98.02,none,0
R002821,1,1,1,80.99,none,0
R002822,0,1,1,172.1,none,0
R002823,1,1,1,34.62,none,0
R002824,1,1,1,93.12,none,0
R002825,1,1,1,61.39,none,0
R002826,1,1,1,225.42,none,0
R002827,1,0,1,149.64,none,0
R002828,1,1,1,61.85,none,0
R002829,1,1,1,74.24,none,0
R002830,1,1,1,1587.76,coordinated_abuse,1
R002831,1,1,1,73.25,none,0
R002832,0,1,1,52.4,none,0
R002833,1,1,1,100.45,none,0
R002834,1,1,1,303.51,none,0
R002835,1,1,1,45.27,none,0
R002836,1,1,1,58.33,none,0
R002837,1,1,1,490.35,none,0
R002838,1,1,1,59.48,none,0
R002839,0,0,1,98.81,none,0
R002840,1,1,1,52.98,none,0
R002841,1,1,1,48.22,none,0
R002842,1,1,1,41.15,none,0
R002843,1,1,1,532.0,none,0
R002844,1,1,1,111.27,none,0
R002845,1,1,1,110.46,none,0
R002846,1,1,1,204.69,none,0
R002847,1,1,1,69.81,none,0
R002848,1,1,1,164.47,none,0
R002849,1,1,1,44.9,none,0
R002850,1,0,1,74.49,none,0
R002851,1,1,1,44.05,none,0
R002852,1,1,1,409.9,none,0
R002853,1,1,1,144.91,none,0
R002854,1,1,1,164.96,none,0
R002855,1,1,1,135.84,none,0
R002856,1,1,1,89.93,none,0
R002857,1,1,1,7.13,none,0
R002858,1,1,1,120.08,none,0
R002859,1,1,1,130.95,none,0
R002860,0,1,1,61.3,none,0
R002861,0,1,1,100.93,none,0
R002862,1,1,1,91.21,none,0
R002863,1,1,1,90.95,none,0
R002864,1,1,1,118.89,none,0
R002865,1,1,1,147.84,none,0
R002866,1,1,1,44.91,none,0
R002867,1,1,1,236.29,none,0
R002868,1,1,1,87.41,none,0
R002869,1,0,1,64.37,none,0
R002870,1,1,1,62.97,none,0
R002871,1,1,1,163.98,none,0
R002872,1,1,1,218.26,none,0
R002873,1,1,1,380.31,none,0
R002874,1,1,1,79.02,none,0
R002875,1,1,1,185.79,none,0
R002876,1,1,1,263.66,none,0
R002877,1,1,1,49.49,none,0
R002878,1,1,1,49.05,none,0
R002879,1,1,1,59.73,none,0
R002880,1,1,1,67.89,none,0
R002881,1,0,1,750.0,refund_abuse,1
R002882,1,1,1,110.43,none,0
R002883,1,1,1,93.6,none,0
R002884,1,1,1,104.61,none,0
R002885,1,1,1,218.67,none,0
R002886,1,1,1,118.66,none,0
R002887,1,1,1,134.24,none,0
R002888,1,1,1,147.38,none,0
R002889,1,1,1,264.22,none,0
R002890,1,1,1,84.67,none,0
R002891,1,1,1,217.58,none,0
R002892,1,1,1,95.95,none,0
R002893,1,1,1,66.7,none,0
R002894,1,1,1,71.2,none,0
R002895,1,1,1,240.6,none,0
R002896,0,1,1,114.74,none,0
R002897,1,1,1,53.35,none,0
R002898,1,1,1,36.24,none,0
R002899,1,1,1,160.83,none,0
R002900,1,0,1,750.0,refund_abuse,1
R002901,1,1,1,33.46,none,0
R002902,1,1,1,153.54,none,0
R002903,1,1,1,115.63,none,0
R002904,1,1,1,57.04,none,0
R002905,1,1,1,54.0,none,0
R002906,1,1,1,19.76,none,0
R002907,1,1,1,144.61,none,0
R002908,1,1,1,134.11,none,0
R002909,1,1,1,54.8,none,0
R002910,1,1,1,123.56,none,0
R002911,1,1,1,131.22,none,0
R002912,1,1,1,214.72,none,0
R002913,1,1,1,76.52,none,0
R002914,1,1,1,103.37,none,0
R002915,1,1,1,116.42,none,0
R002916,1,1,1,83.43,none,0
R002917,1,0,1,221.84,none,0
R002918,1,1,1,47.95,none,0
R002919,1,1,1,600.0,none,0
R002920,1,1,1,118.72,none,0
R002921,1,1,1,119.16,none,0
R002922,1,1,1,8519.07,refund_abuse,1
R002923,1,1,1,87.49,none,0
R002924,1,1,1,13.24,none,0
R002925,1,1,1,30.41,none,0
R002926,1,1,1,82.61,none,0
R002927,1,1,1,316.6,none,0
R002928,1,1,1,192.61,none,0
R002929,1,1,1,246.51,none,0
R002930,1,1,1,109.44,none,0
R002931,1,1,1,64.39,none,0
R002932,1,1,1,205.29,none,0
R002933,0,1,1,105.39,none,0
R002934,1,1,1,445.23,none,0
R002935,1,1,1,30.12,none,0
R002936,1,1,1,108.73,none,0
R002937,1,1,1,73.6,none,0
R002938,1,1,1,0.0,none,0
R002939,1,1,1,68.61,none,0
R002940,1,1,1,43.89,none,0
R002941,1,1,1,41.63,none,0
R002942,1,1,1,105.85,none,0
R002943,1,0,1,73.23,none,0
R002944,1,1,1,55.36,none,0
R002945,1,1,1,99.01,none,0
R002946,1,0,1,78.45,none,0
R002947,1,1,1,94.46,none,0
R002948,1,1,1,319.85,none,0
R002949,1,1,1,209.34,none,0
R002950,1,1,1,454.08,none,0
R002951,1,1,1,84.95,none,0
R002952,1,1,1,41.97,none,0
R002953,1,1,1,330.47,none,0
R002954,1,1,1,154.63,none,0
R002955,1,1,1,120.11,none,0
R002956,1,1,1,110.55,none,0
R002957,1,0,1,37.79,none,0
R002958,1,1,1,108.01,none,0
R002959,1,1,1,36.25,none,0
R002960,0,1,1,51.79,none,0
R002961,1,1,1,81.11,none,0
R002962,1,0,1,76.21,none,0
R002963,1,1,1,63.35,none,0
R002964,1,0,1,17.59,none,0
R002965,1,1,1,100.64,none,0
R002966,1,1,1,199.3,none,0
R002967,1,1,1,19.29,none,0
R002968,1,1,1,480.36,none,0
R002969,1,1,1,204.37,none,0
R002970,1,1,1,156.76,none,0
R002971,1,1,1,62.9,none,0
R002972,1,1,1,78.87,none,0
R002973,1,1,1,480.68,none,0
R002974,1,1,1,38.93,none,0
R002975,1,1,1,3587.89,condition_mismatch,1
R002976,1,1,1,169.38,none,0
R002977,1,1,1,113.81,none,0
R002978,1,1,1,210.46,none,0
R002979,1,1,1,19.56,none,0
R002980,1,1,1,133.17,none,0
R002981,1,1,1,201.7,none,0
R002982,1,1,1,227.69,none,0
R002983,1,1,1,213.34,none,0
R002984,1,1,1,499.53,none,0
R002985,1,1,1,61.55,none,0
R002986,1,1,1,206.97,none,0
R002987,1,1,1,356.84,none,0
R002988,1,1,1,48.06,none,0
R002989,1,1,1,66.9,none,0
R002990,1,1,1,55.56,none,0
R002991,1,1,1,83.97,none,0
R002992,0,1,1,106.89,none,0
R002993,1,1,1,600.0,none,0
R002994,1,1,1,76.03,none,0
R002995,1,1,1,124.23,none,0
R002996,1,1,1,56.74,none,0
R002997,1,1,1,25.05,none,0
R002998,1,1,1,209.01,none,0
R002999,1,1,1,55.85,none,0
R003000,1,1,1,99.01,none,0
R003001,1,1,1,141.76,none,0
R003002,1,1,1,454.91,none,0
R003003,1,1,1,157.44,none,0
R003004,1,1,1,53.98,none,0
R003005,1,1,1,62.01,none,0
R003006,1,1,1,67.96,none,0
R003007,1,1,1,42.69,none,0
R003008,1,1,1,99.81,none,0
R003009,1,1,1,29.74,none,0
R003010,1,1,1,53.52,none,0
R003011,1,0,1,360.81,none,0
R003012,1,1,1,336.45,none,0
R003013,1,1,1,251.22,none,0
R003014,1,1,1,127.33,none,0
R003015,1,1,1,115.67,none,0
R003016,1,1,1,467.21,none,0
R003017,1,1,1,88.66,none,0
R003018,1,1,1,112.78,none,0
R003019,1,1,1,47.45,none,0
R003020,1,1,1,50.29,none,0
R003021,1,1,1,594.02,none,0
R003022,0,1,1,54.95,none,0
R003023,1,1,1,180.64,none,0
R003024,0,1,1,299.75,none,0
R003025,1,1,1,89.92,none,0
R003026,1,1,1,74.99,none,0
R003027,1,1,1,123.79,none,0
R003028,1,1,1,31.81,none,0
R003029,1,1,1,416.16,none,0
R003030,1,1,1,600.0,none,0
R003031,1,1,1,75.55,none,0
R003032,1,1,1,91.05,none,0
R003033,1,1,1,112.65,none,0
R003034,1,1,1,41.92,none,0
R003035,1,1,1,89.16,none,0
R003036,1,1,1,61.68,none,0
R003037,1,1,1,110.65,none,0
R003038,1,1,1,111.6,none,0
R003039,1,1,1,329.21,none,0
R003040,1,1,1,0.0,none,0
R003041,1,1,1,98.9,none,0
R003042,1,1,1,75.64,none,0
R003043,1,0,1,32.49,none,0
R003044,1,1,1,132.8,none,0
R003045,1,1,1,161.58,none,0
R003046,1,1,1,134.73,none,0
R003047,1,1,1,122.49,none,0
R003048,1,1,1,65.58,none,0
R003049,1,1,1,70.23,none,0
R003050,1,1,1,21.59,none,0
R003051,1,1,1,99.91,none,0
R003052,1,1,1,18.61,none,0
R003053,1,1,1,82.49,none,0
R003054,1,1,1,114.11,none,0
R003055,1,1,1,45.95,none,0
R003056,1,1,1,76.06,none,0
R003057,1,1,1,107.16,none,0
R003058,1,1,1,123.58,none,0
R003059,1,1,1,79.74,none,0
R003060,1,1,1,71.5,none,0
R003061,1,1,1,234.34,none,0
R003062,1,1,1,36.51,none,0
R003063,1,1,1,75.95,none,0
R003064,1,1,1,110.56,none,0
R003065,0,1,1,58.85,none,0
R003066,1,1,1,76.48,none,0
R003067,1,1,1,134.47,none,0
R003068,1,1,1,105.76,none,0
R003069,1,1,1,38.58,none,0
R003070,1,1,1,141.63,none,0
R003071,1,1,1,291.19,none,0
R003072,1,1,1,332.62,none,0
R003073,1,1,1,235.8,none,0
R003074,1,1,1,103.98,none,0
R003075,1,1,1,114.12,none,0
R003076,1,0,1,110.62,none,0
R003077,1,1,1,45.55,none,0
R003078,1,1,1,210.06,none,0
R003079,1,1,1,60.89,none,0
R003080,1,1,1,157.04,none,0
R003081,1,1,1,50.0,none,0
R003082,1,1,1,138.49,none,0
R003083,1,1,1,62.65,none,0
R003084,1,1,1,85.02,none,0
R003085,1,1,1,50.21,none,0
R003086,1,1,1,259.88,none,0
R003087,1,1,1,186.26,none,0
R003088,1,1,1,97.03,none,0
R003089,1,1,1,137.26,none,0
R003090,1,1,1,60.85,none,0
R003091,1,1,1,92.08,none,0
R003092,1,0,1,2184.55,condition_mismatch,1
R003093,1,1,1,77.92,none,0
R003094,1,1,1,76.28,none,0
R003095,1,1,1,80.63,none,0
R003096,1,1,1,195.14,none,0
R003097,1,1,1,79.84,none,0
R003098,1,1,1,66.28,none,0
R003099,1,1,1,59.71,none,0
R003100,0,1,1,1413.66,refund_abuse,1
R003101,1,1,1,153.93,none,0
R003102,1,1,1,67.93,none,0
R003103,1,1,1,40.56,none,0
R003104,1,1,1,112.03,none,0
R003105,1,1,1,56.85,none,0
R003106,1,1,1,96.0,none,0
R003107,1,1,1,128.39,none,0
R003108,1,1,1,224.04,none,0
R003109,1,1,1,51.07,none,0
R003110,1,1,1,81.79,none,0
R003111,1,1,1,104.94,none,0
R003112,1,1,1,106.57,none,0
R003113,1,0,1,34.83,none,0
R003114,1,1,1,72.67,none,0
R003115,1,1,1,14.59,none,0
R003116,1,1,1,56.34,none,0
R003117,1,0,1,132.17,none,0
R003118,1,1,1,122.87,none,0
R003119,1,1,1,32.32,none,0
R003120,1,1,1,34.0,none,0
R003121,1,1,1,78.88,none,0
R003122,1,1,1,112.39,none,0
R003123,1,1,1,283.58,none,0
R003124,1,1,1,925.97,refund_abuse,1
R003125,1,1,1,29.68,none,0
R003126,1,1,1,328.8,none,0
R003127,1,1,1,121.93,none,0
R003128,1,1,1,35.83,none,0
R003129,1,1,1,75.39,none,0
R003130,1,1,1,37.14,none,0
R003131,1,1,1,78.25,none,0
R003132,1,1,1,69.34,none,0
R003133,1,1,1,83.72,none,0
R003134,1,1,1,204.18,none,0
R003135,1,1,1,3726.28,coordinated_abuse,1
R003136,1,1,1,546.53,none,0
R003137,1,1,1,122.15,none,0
R003138,1,1,1,266.66,none,0
R003139,1,1,1,122.11,none,0
R003140,1,1,1,248.69,none,0
R003141,1,1,1,25.87,none,0
R003142,1,1,1,364.85,none,0
R003143,1,1,1,79.41,none,0
R003144,1,1,1,199.24,none,0
R003145,1,1,1,114.72,none,0
R003146,0,1,1,130.88,none,0
R003147,1,1,1,63.69,none,0
R003148,1,1,1,161.15,none,0
R003149,1,1,1,163.57,none,0
R003150,1,1,1,157.77,none,0
R003151,1,1,1,177.75,none,0
R003152,1,1,1,115.03,none,0
R003153,1,1,1,83.71,none,0
R003154,1,1,1,75.45,none,0
R003155,1,1,1,94.9,none,0
R003156,1,1,1,307.44,none,0
R003157,1,1,1,69.48,none,0
R003158,1,0,1,302.57,none,0
R003159,1,1,1,36.36,none,0
R003160,0,1,1,48.25,none,0
R003161,1,1,1,54.02,none,0
R003162,1,0,1,101.76,none,0
R003163,1,1,1,83.5,none,0
R003164,1,1,1,154.51,none,0
R003165,1,1,1,77.58,none,0
R003166,0,0,1,1428.22,coordinated_abuse,1
R003167,1,1,1,71.61,none,0
R003168,1,1,1,213.75,none,0
R003169,1,1,1,104.53,none,0
R003170,1,1,1,159.64,none,0
R003171,1,1,1,178.23,none,0
R003172,1,1,1,243.84,none,0
R003173,1,1,1,72.44,none,0
R003174,1,1,1,39.19,none,0
R003175,1,1,1,246.15,none,0
R003176,1,1,1,78.92,none,0
R003177,1,1,1,180.09,none,0
R003178,1,1,1,28.42,none,0
R003179,1,1,1,204.31,none,0
R003180,1,1,1,170.64,none,0
R003181,1,1,1,47.27,none,0
R003182,1,1,1,117.08,none,0
R003183,1,1,1,83.59,none,0
R003184,1,1,1,3.42,none,0
R003185,1,1,1,363.82,none,0
R003186,1,1,1,208.48,none,0
R003187,1,1,1,58.41,none,0
R003188,1,0,1,3085.91,coordinated_abuse,1
R003189,1,1,1,28.69,none,0
R003190,1,1,1,3083.89,refund_abuse,1
R003191,1,1,1,56.32,none,0
R003192,1,1,1,138.16,none,0
R003193,1,1,1,205.93,none,0
R003194,1,1,1,40.14,none,0
R003195,1,1,1,21.73,none,0
R003196,1,1,1,503.21,none,0
R003197,1,1,1,51.12,none,0
R003198,1,1,1,171.01,none,0
R003199,1,1,1,111.04,none,0
R003200,1,1,1,76.31,none,0
R003201,1,1,1,121.55,none,0
R003202,1,1,1,212.24,none,0
R003203,1,1,1,63.61,none,0
R003204,1,1,1,286.84,none,0
R003205,1,1,1,61.74,none,0
R003206,1,1,1,110.0,none,0
R003207,0,1,1,69.6,none,0
R003208,1,1,1,600.0,none,0
R003209,1,1,1,84.78,none,0
R003210,0,1,1,27.17,none,0
R003211,1,1,1,235.57,none,0
R003212,0,1,1,167.1,none,0
R003213,1,1,1,328.47,none,0
R003214,1,1,1,96.34,none,0
R003215,1,1,1,100.72,none,0
R003216,1,1,1,6855.35,refund_abuse,1
R003217,1,1,1,28.48,none,0
R003218,1,1,1,103.63,none,0
R003219,1,1,1,155.0,none,0
R003220,1,1,1,52.09,none,0
R003221,1,1,1,156.49,none,0
R003222,1,1,1,137.42,none,0
R003223,1,1,1,59.43,none,0
R003224,1,1,1,77.92,none,0
R003225,1,1,1,82.39,none,0
R003226,1,1,1,35.85,none,0
R003227,1,1,1,600.0,none,0
R003228,1,1,1,34.3,none,0
R003229,1,1,1,58.97,none,0
R003230,1,1,1,479.37,none,0
R003231,1,1,1,62.7,none,0
R003232,1,1,1,72.44,none,0
R003233,1,1,1,57.55,none,0
R003234,1,1,1,61.01,none,0
R003235,1,1,1,123.27,none,0
R003236,1,1,1,101.84,none,0
R003237,1,1,1,147.75,none,0
R003238,1,1,1,63.1,none,0
R003239,1,1,1,63.02,none,0
R003240,1,1,1,65.81,none,0
R003241,1,1,1,110.75,none,0
R003242,1,1,1,55.05,none,0
R003243,1,1,1,180.97,none,0
R003244,1,1,1,71.12,none,0
R003245,1,1,1,90.13,none,0
R003246,1,1,1,482.04,none,0
R003247,1,1,1,67.7,none,0
R003248,1,1,1,36.44,none,0
R003249,1,1,1,104.45,none,0
R003250,1,1,1,84.66,none,0
R003251,1,1,1,35.29,none,0
R003252,1,1,1,113.99,none,0
R003253,1,1,1,265.82,none,0
R003254,1,1,1,88.58,none,0
R003255,1,0,1,159.25,none,0
R003256,1,1,1,600.0,none,0
R003257,1,0,1,1340.38,condition_mismatch,1
R003258,1,1,1,4.21,none,0
R003259,1,1,1,148.22,none,0
R003260,1,1,1,147.96,none,0
R003261,1,1,1,103.9,none,0
R003262,1,1,1,46.31,none,0
R003263,1,1,1,339.9,none,0
R003264,1,1,1,87.73,none,0
R003265,1,1,1,79.09,none,0
R003266,0,1,1,64.19,none,0
R003267,1,1,1,67.5,none,0
R003268,1,1,1,0.0,none,0
R003269,1,1,1,600.0,none,0
R003270,1,1,1,479.72,none,0
R003271,1,1,1,155.76,none,0
R003272,1,1,1,179.25,none,0
R003273,1,1,1,74.4,none,0
R003274,1,1,1,105.69,none,0
R003275,1,1,1,30.03,none,0
R003276,1,1,1,69.78,none,0
R003277,1,1,1,286.05,none,0
R003278,1,1,1,91.29,none,0
R003279,1,1,1,230.17,none,0
R003280,1,1,1,232.38,none,0
R003281,1,1,1,80.29,none,0
R003282,1,1,1,89.56,none,0
R003283,1,1,1,155.53,none,0
R003284,1,1,1,102.14,none,0
R003285,1,1,1,75.83,none,0
R003286,1,1,1,242.51,none,0
R003287,1,1,1,408.61,none,0
R003288,1,1,1,100.98,none,0
R003289,1,1,1,286.55,none,0
R003290,1,1,1,291.65,none,0
R003291,1,1,1,31.07,none,0
R003292,1,1,1,161.31,none,0
R003293,1,1,1,107.44,none,0
R003294,0,1,1,69.73,none,0
R003295,1,1,1,76.5,none,0
R003296,1,1,1,83.41,none,0
R003297,1,0,1,46.8,none,0
R003298,1,1,1,34.45,none,0
R003299,1,1,1,25.7,none,0
R003300,1,1,1,67.61,none,0
R003301,1,1,1,147.55,none,0
R003302,1,1,1,46.95,none,0
R003303,1,0,1,92.61,none,0
R003304,1,1,1,43.42,none,0
R003305,1,1,1,220.73,none,0
R003306,1,1,1,86.94,none,0
R003307,1,0,1,2776.55,condition_mismatch,1
R003308,0,1,1,1680.3,condition_mismatch,1
R003309,1,1,1,22.6,none,0
R003310,1,1,1,113.44,none,0
R003311,1,1,1,49.16,none,0
R003312,0,1,1,97.46,none,0
R003313,1,1,1,61.11,none,0
R003314,1,1,1,404.54,none,0
R003315,1,1,1,77.58,none,0
R003316,1,1,1,293.93,none,0
R003317,1,1,1,115.95,none,0
R003318,1,1,1,86.45,none,0
R003319,1,1,1,83.78,none,0
R003320,1,1,1,59.02,none,0
R003321,0,1,1,155.65,none,0
R003322,1,1,1,105.04,none,0
R003323,1,1,1,14.72,none,0
R003324,1,1,1,65.99,none,0
R003325,1,1,1,106.0,none,0
R003326,1,1,1,111.21,none,0
R003327,1,1,1,600.0,none,0
R003328,1,1,1,35.72,none,0
R003329,1,1,1,55.22,none,0
R003330,1,1,1,40.35,none,0
R003331,1,1,1,81.11,none,0
R003332,1,1,1,120.06,none,0
R003333,1,1,1,65.32,none,0
R003334,1,1,1,42.17,none,0
R003335,1,1,1,71.64,none,0
R003336,1,1,1,83.75,none,0
R003337,1,1,1,36.49,none,0
R003338,1,0,1,50.56,none,0
R003339,1,1,1,158.51,none,0
R003340,1,1,1,429.83,none,0
R003341,1,1,1,129.86,none,0
R003342,1,1,1,186.35,none,0
R003343,1,1,1,176.29,none,0
R003344,1,1,1,126.77,none,0
R003345,1,1,1,23.41,none,0
R003346,1,1,1,47.11,none,0
R003347,1,1,1,8.5,none,0
R003348,1,1,1,103.37,none,0
R003349,1,1,1,165.81,none,0
R003350,1,1,1,131.22,none,0
R003351,1,1,1,44.33,none,0
R003352,1,1,1,68.0,none,0
R003353,1,1,1,3540.91,condition_mismatch,1
R003354,1,1,1,19.51,none,0
R003355,1,1,1,57.76,none,0
R003356,1,1,1,86.57,none,0
R003357,1,1,1,114.25,none,0
R003358,1,1,1,74.95,none,0
R003359,1,1,1,109.04,none,0
R003360,1,1,1,50.35,none,0
R003361,1,1,1,13.86,none,0
R003362,0,0,1,3692.43,coordinated_abuse,1
R003363,1,1,1,122.83,none,0
R003364,1,0,1,5295.55,refund_abuse,1
R003365,1,1,1,39.58,none,0
R003366,1,1,1,567.23,none,0
R003367,1,1,1,67.03,none,0
R003368,1,1,1,39.34,none,0
R003369,1,1,1,121.52,none,0
R003370,1,1,1,14.71,none,0
R003371,1,1,1,117.43,none,0
R003372,1,1,1,62.52,none,0
R003373,0,1,1,118.27,none,0
R003374,1,1,1,45.51,none,0
R003375,1,1,1,16.52,none,0
R003376,1,1,1,33.95,none,0
R003377,1,1,1,70.37,none,0
R003378,1,1,1,92.11,none,0
R003379,1,1,1,60.11,none,0
R003380,1,1,1,98.6,none,0
R003381,1,1,1,35.95,none,0
R003382,1,1,1,66.46,none,0
R003383,1,1,1,63.68,none,0
R003384,1,0,1,1110.75,refund_abuse,1
R003385,1,1,1,127.03,none,0
R003386,1,1,1,309.5,none,0
R003387,1,1,1,319.69,none,0
R003388,1,1,1,110.07,none,0
R003389,1,1,1,600.0,none,0
R003390,1,1,1,575.91,none,0
R003391,1,0,1,74.83,none,0
R003392,1,1,1,136.33,none,0
R003393,1,1,1,70.97,none,0
R003394,1,1,1,45.14,none,0
R003395,1,1,1,194.25,none,0
R003396,1,1,1,94.71,none,0
R003397,1,1,1,145.43,none,0
R003398,1,1,1,67.83,none,0
R003399,1,1,1,44.03,none,0
R003400,1,0,1,176.42,none,0
R003401,0,1,1,134.02,none,0
R003402,1,1,1,178.26,none,0
R003403,1,1,1,201.79,none,0
R003404,1,1,1,127.36,none,0
R003405,1,1,1,3218.09,condition_mismatch,1
R003406,1,0,1,219.37,none,0
R003407,1,1,1,129.79,none,0
R003408,1,1,1,49.34,none,0
R003409,1,0,1,1177.2,refund_abuse,1
R003410,1,1,1,336.97,none,0
R003411,1,1,1,65.91,none,0
R003412,1,1,1,109.32,none,0
R003413,1,1,1,62.68,none,0
R003414,1,0,1,44.75,none,0
R003415,1,1,1,96.85,none,0
R003416,1,1,1,2022.43,coordinated_abuse,1
R003417,1,1,1,169.38,none,0
R003418,1,1,1,87.8,none,0
R003419,1,1,1,67.35,none,0
R003420,1,1,1,66.0,none,0
R003421,1,1,1,127.1,none,0
R003422,0,1,1,94.28,none,0
R003423,1,1,1,72.64,none,0
R003424,1,1,1,64.38,none,0
R003425,1,0,1,47.52,none,0
R003426,1,1,1,75.55,none,0
R003427,1,1,1,17.35,none,0
R003428,1,1,1,62.47,none,0
R003429,1,1,1,23.81,none,0
R003430,1,1,1,65.72,none,0
R003431,1,1,1,64.99,none,0
R003432,1,1,1,103.93,none,0
R003433,1,1,1,0.0,none,0
R003434,1,1,1,100.59,none,0
R003435,1,1,1,110.46,none,0
R003436,1,1,1,139.29,none,0
R003437,1,1,1,1426.08,refund_abuse,1
R003438,1,1,1,56.23,none,0
R003439,1,1,1,435.17,none,0
R003440,1,1,1,110.17,none,0
R003441,1,1,1,114.61,none,0
R003442,1,1,1,35.18,none,0
R003443,1,1,1,99.2,none,0
R003444,1,1,1,327.6,none,0
R003445,0,1,1,231.58,none,0
R003446,1,1,1,158.56,none,0
R003447,1,1,1,61.29,none,0
R003448,1,1,1,99.86,none,0
R003449,1,1,1,108.7,none,0
R003450,1,1,1,600.0,none,0
R003451,1,1,1,195.33,none,0
R003452,0,1,1,90.79,none,0
R003453,1,1,1,227.49,none,0
R003454,0,1,1,104.99,none,0
R003455,1,1,1,98.3,none,0
R003456,1,1,1,64.96,none,0
R003457,1,1,1,61.12,none,0
R003458,1,1,1,130.49,none,0
R003459,1,1,1,111.89,none,0
R003460,1,1,1,123.12,none,0
R003461,1,1,1,53.78,none,0
R003462,1,1,1,126.61,none,0
R003463,1,1,1,26.31,none,0
R003464,1,1,1,106.85,none,0
R003465,1,1,1,71.18,none,0
R003466,1,1,1,50.93,none,0
R003467,1,1,1,600.0,none,0
R003468,1,1,1,91.89,none,0
R003469,1,1,1,248.79,none,0
R003470,1,1,1,76.57,none,0
R003471,1,1,1,59.07,none,0
R003472,0,1,1,96.55,none,0
R003473,1,1,1,62.23,none,0
R003474,1,1,1,89.61,none,0
R003475,1,1,1,118.91,none,0
R003476,1,1,1,309.29,none,0
R003477,1,1,1,83.22,none,0
R003478,1,0,1,203.45,none,0
R003479,1,1,1,208.53,none,0
R003480,1,1,1,42.96,none,0
R003481,1,1,1,396.87,none,0
R003482,1,1,1,62.52,none,0
R003483,1,1,1,42.25,none,0
R003484,1,1,1,132.98,none,0
R003485,1,1,1,27.56,none,0
R003486,1,1,1,133.9,none,0
R003487,1,1,1,76.2,none,0
R003488,1,1,1,252.94,none,0
R003489,1,1,1,231.21,none,0
R003490,0,0,1,11829.63,refund_abuse,1
R003491,1,1,1,281.65,none,0
R003492,1,0,1,304.37,none,0
R003493,1,1,1,438.15,none,0
R003494,1,1,1,117.01,none,0
R003495,1,1,1,114.69,none,0
R003496,1,0,1,3365.54,refund_abuse,1
R003497,1,1,1,68.06,none,0
R003498,1,0,1,2423.3,condition_mismatch,1
R003499,1,1,1,220.54,none,0
R003500,1,1,1,240.6,none,0
R003501,1,1,1,58.93,none,0
R003502,1,0,1,153.76,none,0
R003503,1,1,1,47.27,none,0
R003504,1,1,1,127.3,none,0
R003505,1,1,1,64.47,none,0
R003506,0,1,1,5378.44,refund_abuse,1
R003507,0,1,1,80.22,none,0
R003508,1,1,1,57.22,none,0
R003509,1,1,1,63.39,none,0
R003510,1,1,1,74.06,none,0
R003511,1,1,1,71.64,none,0
R003512,1,1,1,600.0,none,0
R003513,1,1,1,184.06,none,0
R003514,1,1,1,100.29,none,0
R003515,1,1,1,259.88,none,0
R003516,1,1,1,600.0,none,0
R003517,0,1,1,65.41,none,0
R003518,1,1,1,412.59,none,0
R003519,1,1,1,50.88,none,0
R003520,1,1,1,41.8,none,0
R003521,1,1,1,398.5,none,0
R003522,1,1,1,19.95,none,0
R003523,1,1,1,18.87,none,0
R003524,1,1,1,70.79,none,0
R003525,1,1,1,100.09,none,0
R003526,1,1,1,62.32,none,0
R003527,1,1,1,47.71,none,0
R003528,1,1,1,97.71,none,0
R003529,1,1,1,74.57,none,0
R003530,1,1,1,56.44,none,0
R003531,1,1,1,376.47,none,0
R003532,1,1,1,47.61,none,0
R003533,1,1,1,185.98,none,0
R003534,1,1,1,132.87,none,0
R003535,1,1,1,94.19,none,0
R003536,1,1,1,121.67,none,0
R003537,1,1,1,106.84,none,0
R003538,1,1,1,57.2,none,0
R003539,1,1,1,36.26,none,0
R003540,1,1,1,203.08,none,0
R003541,1,1,1,181.1,none,0
R003542,1,1,1,37.28,none,0
R003543,1,1,1,97.54,none,0
R003544,1,0,1,2125.36,coordinated_abuse,1
R003545,1,1,1,50.71,none,0
R003546,1,1,1,564.75,none,0
R003547,1,1,1,108.41,none,0
R003548,1,1,1,288.69,none,0
R003549,1,1,1,290.09,none,0
R003550,1,1,1,104.24,none,0
R003551,1,1,1,600.0,none,0
R003552,1,1,1,41.54,none,0
R003553,1,1,1,33.81,none,0
R003554,1,1,1,185.27,none,0
R003555,1,1,1,66.81,none,0
R003556,1,1,1,597.13,none,0
R003557,1,1,1,143.55,none,0
R003558,1,1,1,38.57,none,0
R003559,1,1,1,89.82,none,0
R003560,1,1,1,143.83,none,0
R003561,1,1,1,112.93,none,0
R003562,1,1,1,31.93,none,0
R003563,1,1,1,108.3,none,0
R003564,1,1,1,78.79,none,0
R003565,1,1,1,0.0,none,0
R003566,1,1,1,65.42,none,0
R003567,1,1,1,221.47,none,0
R003568,1,1,1,135.7,none,0
R003569,1,1,1,13.89,none,0
R003570,1,1,1,321.95,none,0
R003571,1,1,1,166.28,none,0
R003572,1,1,1,84.01,none,0
R003573,1,1,1,79.36,none,0
R003574,1,1,1,241.71,none,0
R003575,1,1,1,146.91,none,0
R003576,1,1,1,28.3,none,0
R003577,1,1,1,103.3,none,0
R003578,1,1,1,501.15,none,0
R003579,1,0,1,31.25,none,0
R003580,1,1,1,226.82,none,0
R003581,1,1,1,89.27,none,0
R003582,1,1,1,43.04,none,0
R003583,1,1,1,111.69,none,0
R003584,1,1,1,335.86,none,0
R003585,1,1,1,104.11,none,0
R003586,1,1,1,64.08,none,0
R003587,1,1,1,59.82,none,0
R003588,1,1,1,119.84,none,0
R003589,1,1,1,78.65,none,0
R003590,1,1,1,60.6,none,0
R003591,0,1,1,46.46,none,0
R003592,1,1,1,600.0,none,0
R003593,1,1,1,103.84,none,0
R003594,1,1,1,66.44,none,0
R003595,1,1,1,33.72,none,0
R003596,1,1,1,134.12,none,0
R003597,1,1,1,276.47,none,0
R003598,1,1,1,114.54,none,0
R003599,1,1,1,106.59,none,0
R003600,1,1,1,105.76,none,0
R003601,1,1,1,572.58,none,0
R003602,1,1,1,85.37,none,0
R003603,1,1,1,164.69,none,0
R003604,1,0,1,600.0,none,0
R003605,1,1,1,99.98,none,0
R003606,1,1,1,76.99,none,0
R003607,1,1,1,434.33,none,0
R003608,1,1,1,53.48,none,0
R003609,1,1,1,101.68,none,0
R003610,1,0,1,0.0,none,0
R003611,1,1,1,222.34,none,0
R003612,1,1,1,317.53,none,0
R003613,0,1,1,80.68,none,0
R003614,1,1,1,51.19,none,0
R003615,1,1,1,128.71,none,0
R003616,1,1,1,390.28,none,0
R003617,1,1,1,85.63,none,0
R003618,1,1,1,149.81,none,0
R003619,1,0,1,8479.55,coordinated_abuse,1
R003620,1,1,1,300.17,none,0
R003621,1,0,1,600.0,none,0
R003622,1,1,1,337.73,none,0
R003623,1,1,1,207.3,none,0
R003624,1,1,1,176.95,none,0
R003625,1,1,1,109.63,none,0
R003626,1,1,1,74.89,none,0
R003627,1,1,1,82.62,none,0
R003628,1,1,1,194.38,none,0
R003629,1,1,1,145.51,none,0
R003630,1,1,1,60.26,none,0
R003631,1,1,1,217.24,none,0
R003632,1,1,1,76.03,none,0
R003633,1,1,1,71.32,none,0
R003634,0,0,1,69.11,none,0
R003635,1,1,1,53.89,none,0
R003636,1,1,1,105.63,none,0
R003637,1,1,1,272.37,none,0
R003638,1,1,1,190.78,none,0
R003639,1,1,1,142.39,none,0
R003640,1,1,1,198.37,none,0
R003641,1,1,1,69.08,none,0
R003642,1,1,1,97.0,none,0
R003643,1,1,1,36.39,none,0
R003644,1,1,1,103.5,none,0
R003645,1,1,1,538.33,none,0
R003646,1,1,1,79.72,none,0
R003647,1,1,1,305.11,none,0
R003648,1,1,1,179.89,none,0
R003649,1,1,1,104.59,none,0
R003650,1,1,1,67.02,none,0
R003651,1,0,1,161.2,none,0
R003652,1,1,1,56.4,none,0
R003653,1,1,1,77.97,none,0
R003654,1,1,1,214.75,none,0
R003655,1,1,1,129.38,none,0
R003656,1,1,1,303.72,none,0
R003657,1,1,1,116.24,none,0
R003658,1,1,1,238.13,none,0
R003659,1,1,1,73.2,none,0
R003660,1,1,1,75.42,none,0
R003661,1,1,1,65.21,none,0
R003662,1,1,1,254.62,none,0
R003663,1,1,1,561.78,none,0
R003664,1,1,1,98.21,none,0
R003665,1,1,1,57.31,none,0
R003666,1,1,1,0.0,none,0
R003667,1,1,1,72.47,none,0
R003668,1,1,1,29.48,none,0
R003669,1,1,1,81.55,none,0
R003670,0,1,1,118.81,none,0
R003671,1,1,1,87.47,none,0
R003672,1,1,1,40.03,none,0
R003673,1,1,1,155.95,none,0
R003674,1,1,1,600.0,none,0
R003675,1,1,1,68.21,none,0
R003676,1,1,1,102.39,none,0
R003677,1,1,1,39.3,none,0
R003678,1,1,1,99.25,none,0
R003679,0,1,1,40.32,none,0
R003680,0,1,1,216.72,none,0
R003681,1,1,1,113.31,none,0
R003682,1,1,1,126.36,none,0
R003683,1,1,1,120.41,none,0
R003684,1,1,1,203.34,none,0
R003685,0,1,1,109.03,none,0
R003686,1,1,1,91.3,none,0
R003687,1,1,1,11.03,none,0
R003688,1,1,1,193.47,none,0
R003689,1,1,1,107.81,none,0
R003690,1,1,1,124.18,none,0
R003691,1,0,1,1605.87,refund_abuse,1
R003692,1,1,1,290.69,none,0
R003693,1,1,1,99.16,none,0
R003694,1,1,1,63.22,none,0
R003695,1,1,1,395.85,none,0
R003696,1,1,1,85.01,none,0
R003697,1,1,1,178.19,none,0
R003698,1,1,1,600.0,none,0
R003699,0,1,1,464.64,none,0
R003700,1,1,1,164.2,none,0
R003701,1,1,1,101.83,none,0
R003702,1,1,1,50.95,none,0
R003703,1,1,1,379.62,none,0
R003704,1,1,1,49.21,none,0
R003705,1,1,1,54.03,none,0
R003706,1,1,1,23.94,none,0
R003707,1,1,1,135.8,none,0
R003708,0,1,1,27.53,none,0
R003709,1,1,1,100.98,none,0
R003710,1,1,1,71.46,none,0
R003711,1,1,1,412.37,none,0
R003712,1,1,1,1102.07,coordinated_abuse,1
R003713,1,1,1,96.01,none,0
R003714,1,1,1,355.89,none,0
R003715,1,1,1,97.49,none,0
R003716,1,1,1,110.87,none,0
R003717,1,1,1,91.21,none,0
R003718,1,1,1,89.78,none,0
R003719,1,1,1,109.54,none,0
R003720,0,1,1,750.0,condition_mismatch,1
R003721,1,1,1,160.71,none,0
R003722,1,1,1,80.24,none,0
R003723,1,1,1,111.68,none,0
R003724,1,1,1,198.23,none,0
R003725,1,1,1,104.42,none,0
R003726,1,1,1,77.52,none,0
R003727,1,1,1,550.89,none,0
R003728,1,1,1,102.42,none,0
R003729,1,1,1,75.98,none,0
R003730,1,1,1,123.63,none,0
R003731,1,1,1,82.98,none,0
R003732,1,1,1,91.11,none,0
R003733,1,1,1,153.4,none,0
R003734,1,1,1,78.35,none,0
R003735,1,1,1,115.6,none,0
R003736,1,1,1,13.37,none,0
R003737,1,1,1,30.29,none,0
R003738,1,1,1,43.43,none,0
R003739,1,1,1,67.48,none,0
R003740,1,0,1,114.97,none,0
R003741,1,1,1,1251.0,coordinated_abuse,1
R003742,1,1,1,69.24,none,0
R003743,1,1,1,104.16,none,0
R003744,1,1,1,101.93,none,0
R003745,1,1,1,92.94,none,0
R003746,0,1,1,128.37,none,0
R003747,1,1,1,236.15,none,0
R003748,1,1,1,88.91,none,0
R003749,1,0,1,190.28,none,0
R003750,1,1,1,319.93,none,0
R003751,1,1,1,116.26,none,0
R003752,1,1,1,145.92,none,0
R003753,1,1,1,305.16,none,0
R003754,1,1,1,60.8,none,0
R003755,1,0,1,69.2,none,0
R003756,1,1,1,34.24,none,0
R003757,1,0,1,62.53,none,0
R003758,1,1,1,90.97,none,0
R003759,1,0,1,861.11,condition_mismatch,1
R003760,1,1,1,83.41,none,0
R003761,1,1,1,63.73,none,0
R003762,1,1,1,69.39,none,0
R003763,1,1,1,76.98,none,0
R003764,1,1,1,323.58,none,0
R003765,1,0,1,186.84,none,0
R003766,1,1,1,131.13,none,0
R003767,1,1,1,287.52,none,0
R003768,1,1,1,157.53,none,0
R003769,0,1,1,101.94,none,0
R003770,1,1,1,136.71,none,0
R003771,1,1,1,37.97,none,0
R003772,1,1,1,102.07,none,0
R003773,1,1,1,15.37,none,0
R003774,1,1,1,94.54,none,0
R003775,1,1,1,103.63,none,0
R003776,1,1,1,59.08,none,0
R003777,1,1,1,600.0,none,0
R003778,1,1,1,67.8,none,0
R003779,1,0,1,49.17,none,0
R003780,1,1,1,165.32,none,0
R003781,1,1,1,65.66,none,0
R003782,0,1,1,30.11,none,0
R003783,1,1,1,51.57,none,0
R003784,1,1,1,150.0,none,0
R003785,1,1,1,78.82,none,0
R003786,1,1,1,146.43,none,0
R003787,1,1,1,29.06,none,0
R003788,1,1,1,113.43,none,0
R003789,1,1,1,56.62,none,0
R003790,1,1,1,15.48,none,0
R003791,1,1,1,32.33,none,0
R003792,1,1,1,37.17,none,0
R003793,1,1,1,66.5,none,0
R003794,0,1,1,18.79,none,0
R003795,1,1,1,133.08,none,0
R003796,1,1,1,73.33,none,0
R003797,1,1,1,104.59,none,0
R003798,1,1,1,286.62,none,0
R003799,1,1,1,109.06,none,0
R003800,1,1,1,52.16,none,0
R003801,1,1,1,181.68,none,0
R003802,1,1,1,28.43,none,0
R003803,1,1,1,465.35,none,0
R003804,1,1,1,85.82,none,0
R003805,1,1,1,235.0,none,0
R003806,1,1,1,36.13,none,0
R003807,1,1,1,28.17,none,0
R003808,1,1,1,241.25,none,0
R003809,1,1,1,69.05,none,0
R003810,1,1,1,134.73,none,0
R003811,1,1,1,92.88,none,0
R003812,1,1,1,17.2,none,0
R003813,1,1,1,1336.32,refund_abuse,1
R003814,1,1,1,35.72,none,0
R003815,1,1,1,75.34,none,0
R003816,1,1,1,55.44,none,0
R003817,1,1,1,270.66,none,0
R003818,1,1,1,256.24,none,0
R003819,1,1,1,70.97,none,0
R003820,1,1,1,81.54,none,0
R003821,1,1,1,163.72,none,0
R003822,1,1,1,121.35,none,0
R003823,1,1,1,116.78,none,0
R003824,1,1,1,48.37,none,0
R003825,1,1,1,409.38,none,0
R003826,1,1,1,63.59,none,0
R003827,1,1,1,117.86,none,0
R003828,1,1,1,115.47,none,0
R003829,1,1,1,61.58,none,0
R003830,1,1,1,555.18,none,0
R003831,1,0,1,101.76,none,0
R003832,1,1,1,73.53,none,0
R003833,1,1,1,138.39,none,0
R003834,1,1,1,30.54,none,0
R003835,1,1,1,121.53,none,0
R003836,1,1,1,87.12,none,0
R003837,1,1,1,1444.95,condition_mismatch,1
R003838,1,1,1,1.08,none,0
R003839,0,1,1,188.73,none,0
R003840,1,1,1,449.17,none,0
R003841,1,1,1,37.75,none,0
R003842,1,1,1,6.67,none,0
R003843,1,1,1,43.35,none,0
R003844,1,1,1,80.97,none,0
R003845,1,1,1,130.87,none,0
R003846,1,1,1,227.54,none,0
R003847,1,1,1,551.69,none,0
R003848,1,1,1,209.29,none,0
R003849,1,1,1,30.75,none,0
R003850,1,1,1,152.79,none,0
R003851,1,1,1,318.16,none,0
R003852,1,1,1,64.65,none,0
R003853,1,1,1,71.54,none,0
R003854,1,1,1,37.65,none,0
R003855,1,1,1,127.39,none,0
R003856,1,1,1,254.56,none,0
R003857,1,1,1,302.84,none,0
R003858,1,1,1,78.25,none,0
R003859,1,1,1,97.94,none,0
R003860,1,1,1,193.77,none,0
R003861,0,1,1,133.44,none,0
R003862,1,1,1,57.93,none,0
R003863,1,1,1,42.75,none,0
R003864,1,1,1,84.31,none,0
R003865,1,1,1,51.44,none,0
R003866,1,1,1,337.37,none,0
R003867,1,1,1,100.46,none,0
R003868,1,1,1,600.0,none,0
R003869,1,1,1,93.47,none,0
R003870,1,1,1,313.27,none,0
R003871,1,1,1,3814.47,condition_mismatch,1
R003872,1,1,1,50.99,none,0
R003873,1,1,1,160.14,none,0
R003874,1,1,1,103.94,none,0
R003875,1,1,1,48.57,none,0
R003876,0,1,1,101.9,none,0
R003877,1,1,1,190.67,none,0
R003878,1,1,1,286.53,none,0
R003879,1,1,1,131.96,none,0
R003880,1,1,1,76.75,none,0
R003881,1,1,1,230.33,none,0
R003882,1,1,1,268.78,none,0
R003883,1,1,1,70.76,none,0
R003884,1,1,1,515.31,none,0
R003885,1,0,1,104.69,none,0
R003886,1,0,1,6031.56,refund_abuse,1
R003887,1,1,1,61.68,none,0
R003888,1,1,1,75.46,none,0
R003889,1,0,1,2649.96,refund_abuse,1
R003890,1,1,1,52.0,none,0
R003891,1,1,1,100.93,none,0
R003892,1,1,1,329.12,none,0
R003893,1,1,1,16.06,none,0
R003894,1,1,1,107.97,none,0
R003895,1,1,1,99.56,none,0
R003896,1,1,1,206.07,none,0
R003897,1,1,1,213.53,none,0
R003898,1,1,1,107.27,none,0
R003899,1,1,1,63.6,none,0
R003900,1,1,1,68.62,none,0
R003901,1,1,1,118.66,none,0
R003902,1,1,1,92.09,none,0
R003903,1,1,1,131.29,none,0
R003904,1,1,1,247.76,none,0
R003905,1,1,1,97.22,none,0
R003906,0,1,1,114.74,none,0
R003907,1,1,1,33.88,none,0
R003908,1,1,1,73.56,none,0
R003909,1,1,1,5.17,none,0
R003910,1,1,1,70.6,none,0
R003911,1,1,1,87.85,none,0
R003912,1,1,1,20.33,none,0
R003913,1,1,1,116.62,none,0
R003914,1,1,1,74.47,none,0
R003915,1,0,1,188.73,none,0
R003916,0,1,1,72.41,none,0
R003917,1,1,1,102.14,none,0
R003918,1,1,1,96.31,none,0
R003919,1,1,1,202.93,none,0
R003920,1,1,1,25.15,none,0
R003921,1,1,1,169.37,none,0
R003922,1,1,1,108.46,none,0
R003923,1,1,1,178.21,none,0
R003924,1,1,1,123.26,none,0
R003925,1,1,1,91.22,none,0
R003926,1,1,1,103.15,none,0
R003927,1,1,1,81.72,none,0
R003928,1,1,1,98.31,none,0
R003929,1,0,1,155.0,none,0
R003930,1,0,1,334.97,none,0
R003931,1,1,1,181.25,none,0
R003932,1,1,1,153.02,none,0
R003933,1,1,1,10.89,none,0
R003934,1,1,1,116.6,none,0
R003935,1,1,1,86.03,none,0
R003936,1,1,1,43.53,none,0
R003937,1,1,1,78.58,none,0
R003938,1,1,1,83.24,none,0
R003939,1,1,1,22.07,none,0
R003940,1,1,1,240.37,none,0
R003941,1,1,1,61.5,none,0
R003942,1,1,1,70.69,none,0
R003943,1,1,1,132.43,none,0
R003944,1,1,1,22.71,none,0
R003945,1,1,1,31.24,none,0
R003946,0,0,1,8251.06,refund_abuse,1
R003947,1,1,1,100.01,none,0
R003948,1,1,1,91.33,none,0
R003949,1,1,1,207.87,none,0
R003950,1,1,1,106.18,none,0
R003951,1,1,1,237.93,none,0
R003952,0,1,1,147.63,none,0
R003953,1,1,1,88.93,none,0
R003954,1,1,1,57.29,none,0
R003955,1,1,1,319.73,none,0
R003956,1,1,1,600.0,none,0
R003957,1,1,1,140.61,none,0
R003958,1,1,1,56.7,none,0
R003959,1,1,1,76.98,none,0
R003960,1,1,1,52.83,none,0
R003961,1,1,1,46.08,none,0
R003962,1,1,1,85.3,none,0
R003963,1,1,1,93.65,none,0
R003964,1,1,1,134.93,none,0
R003965,1,1,1,46.37,none,0
R003966,1,1,1,138.7,none,0
R003967,1,1,1,8.91,none,0
R003968,1,1,1,100.36,none,0
R003969,1,1,1,91.6,none,0
R003970,1,1,1,22.67,none,0
R003971,1,1,1,268.65,none,0
R003972,1,1,1,148.53,none,0
R003973,1,1,1,579.62,none,0
R003974,1,1,1,47.81,none,0
R003975,1,1,1,104.09,none,0
R003976,1,1,1,96.42,none,0
R003977,1,1,1,930.18,condition_mismatch,1
R003978,1,1,1,63.64,none,0
R003979,1,1,1,66.33,none,0
R003980,1,1,1,90.47,none,0
R003981,1,1,1,94.58,none,0
R003982,1,1,1,86.05,none,0
R003983,1,1,1,600.0,none,0
R003984,1,1,1,63.32,none,0
R003985,1,1,1,26.49,none,0
R003986,1,0,1,1060.27,coordinated_abuse,1
R003987,0,1,1,60.34,none,0
R003988,1,1,1,63.24,none,0
R003989,1,1,1,155.81,none,0
R003990,1,0,1,2111.87,coordinated_abuse,1
R003991,1,1,1,131.09,none,0
R003992,1,1,1,76.84,none,0
R003993,1,1,1,56.65,none,0
R003994,1,1,1,80.83,none,0
R003995,1,1,1,89.0,none,0
R003996,0,0,1,71.81,none,0
R003997,1,1,1,9.76,none,0
R003998,1,1,1,125.91,none,0
R003999,1,1,1,276.02,none,0
R004000,1,1,1,506.67,none,0
R004001,0,0,1,1183.56,refund_abuse,1
R004002,0,1,1,99.39,none,0
R004003,1,1,1,91.35,none,0
R004004,1,1,1,113.61,none,0
R004005,1,1,1,45.35,none,0
R004006,1,1,1,93.28,none,0
R004007,1,1,1,81.88,none,0
R004008,1,1,1,185.91,none,0
R004009,1,1,1,136.91,none,0
R004010,1,1,1,85.07,none,0
R004011,1,1,1,215.16,none,0
R004012,1,0,1,101.56,none,0
R004013,1,1,1,198.83,none,0
R004014,1,1,1,27.39,none,0
R004015,1,1,1,24.54,none,0
R004016,1,1,1,70.96,none,0
R004017,1,1,1,61.12,none,0
R004018,1,1,1,153.89,none,0
R004019,1,1,1,156.85,none,0
R004020,1,1,1,61.69,none,0
R004021,1,0,1,60.03,none,0
R004022,1,1,1,135.23,none,0
R004023,1,1,1,209.39,none,0
R004024,1,1,1,37.52,none,0
R004025,1,1,1,190.9,none,0
R004026,1,1,1,0.0,none,0
R004027,1,1,1,7722.76,refund_abuse,1
R004028,1,1,1,295.28,none,0
R004029,1,1,1,76.0,none,0
R004030,1,1,1,391.11,none,0
R004031,1,1,1,112.17,none,0
R004032,1,1,1,393.62,none,0
R004033,1,1,1,59.78,none,0
R004034,1,1,1,67.14,none,0
R004035,1,1,1,85.33,none,0
R004036,1,1,1,132.1,none,0
R004037,1,1,1,110.66,none,0
R004038,1,1,1,119.89,none,0
R004039,1,1,1,5.68,none,0
R004040,1,1,1,185.23,none,0
R004041,1,1,1,72.18,none,0
R004042,1,1,1,198.52,none,0
R004043,1,1,1,29.45,none,0
R004044,1,1,1,121.2,none,0
R004045,1,1,1,36.94,none,0
R004046,1,1,1,141.28,none,0
R004047,1,1,1,73.66,none,0
R004048,1,1,1,44.5,none,0
R004049,1,1,1,600.0,none,0
R004050,1,1,1,123.92,none,0
R004051,1,1,1,412.88,none,0
R004052,1,1,1,59.33,none,0
R004053,1,1,1,56.2,none,0
R004054,1,1,1,120.48,none,0
R004055,1,1,1,135.13,none,0
R004056,1,1,1,573.97,none,0
R004057,1,1,1,67.92,none,0
R004058,1,1,1,68.25,none,0
R004059,1,1,1,52.2,none,0
R004060,0,1,1,2106.26,condition_mismatch,1
R004061,1,1,1,248.89,none,0
R004062,1,1,1,16.03,none,0
R004063,1,1,1,76.08,none,0
R004064,1,1,1,113.29,none,0
R004065,1,1,1,189.98,none,0
R004066,1,1,1,116.83,none,0
R004067,1,1,1,101.84,none,0
R004068,1,1,1,99.6,none,0
R004069,1,1,1,246.58,none,0
R004070,1,1,1,118.74,none,0
R004071,1,1,1,42.27,none,0
R004072,1,1,1,79.6,none,0
R004073,1,1,1,15.49,none,0
R004074,1,1,1,76.09,none,0
R004075,1,0,1,25.57,none,0
R004076,1,0,1,65.25,none,0
R004077,1,1,1,42.38,none,0
R004078,1,1,1,81.52,none,0
R004079,1,1,1,51.72,none,0
R004080,1,1,1,575.72,none,0
R004081,1,1,1,111.91,none,0
R004082,1,1,1,19.71,none,0
R004083,1,1,1,44.33,none,0
R004084,1,1,1,321.43,none,0
R004085,1,1,1,224.21,none,0
R004086,1,1,1,55.74,none,0
R004087,0,1,1,117.88,none,0
R004088,1,1,1,58.76,none,0
R004089,1,1,1,32.95,none,0
R004090,1,1,1,84.92,none,0
R004091,1,1,1,32.84,none,0
R004092,1,1,1,56.75,none,0
R004093,1,1,1,252.62,none,0
R004094,1,1,1,134.21,none,0
R004095,1,1,1,10.57,none,0
R004096,1,1,1,231.29,none,0
R004097,1,1,1,32.97,none,0
R004098,1,1,1,62.66,none,0
R004099,1,1,1,203.27,none,0
R004100,1,1,1,165.72,none,0
R004101,1,1,1,44.71,none,0
R004102,1,1,1,106.24,none,0
R004103,1,1,1,94.56,none,0
R004104,1,1,1,54.11,none,0
R004105,1,1,1,67.1,none,0
R004106,1,1,1,177.02,none,0
R004107,1,1,1,40.2,none,0
R004108,1,1,1,26.84,none,0
R004109,0,1,1,177.72,none,0
R004110,1,1,1,2450.94,coordinated_abuse,1
R004111,1,1,1,54.11,none,0
R004112,1,1,1,350.54,none,0
R004113,1,1,1,55.1,none,0
R004114,1,1,1,103.0,none,0
R004115,1,1,1,52.58,none,0
R004116,1,1,1,52.0,none,0
R004117,1,1,1,171.3,none,0
R004118,1,1,1,11.61,none,0
R004119,1,1,1,79.77,none,0
R004120,1,1,1,300.3,none,0
R004121,1,1,1,36.4,none,0
R004122,1,0,1,57.3,none,0
R004123,1,1,1,36.87,none,0
R004124,1,1,1,115.76,none,0
R004125,1,1,1,600.0,none,0
R004126,1,0,1,56.03,none,0
R004127,1,1,1,266.14,none,0
R004128,1,1,1,166.12,none,0
R004129,1,1,1,82.52,none,0
R004130,0,1,1,14.2,none,0
R004131,1,1,1,66.91,none,0
R004132,1,1,1,356.49,none,0
R004133,1,1,1,19.69,none,0
R004134,1,1,1,64.25,none,0
R004135,0,1,1,2475.93,condition_mismatch,1
R004136,1,0,1,183.55,none,0
R004137,1,1,1,78.07,none,0
R004138,1,1,1,182.47,none,0
R004139,1,1,1,600.0,none,0
R004140,1,1,1,112.14,none,0
R004141,1,1,1,434.07,none,0
R004142,1,1,1,52.66,none,0
R004143,1,1,1,69.16,none,0
R004144,1,1,1,251.05,none,0
R004145,1,1,1,109.95,none,0
R004146,0,1,1,376.16,none,0
R004147,1,1,1,77.63,none,0
R004148,1,1,1,40.9,none,0
R004149,1,1,1,61.28,none,0
R004150,1,1,1,39.7,none,0
R004151,1,1,1,600.0,none,0
R004152,1,1,1,71.91,none,0
R004153,1,1,1,171.6,none,0
R004154,1,1,1,376.94,none,0
R004155,1,1,1,205.65,none,0
R004156,1,1,1,28.78,none,0
R004157,1,1,1,394.02,none,0
R004158,1,1,1,143.69,none,0
R004159,0,1,1,24.89,none,0
R004160,1,1,1,404.34,none,0
R004161,1,0,1,98.56,none,0
R004162,1,1,1,185.0,none,0
R004163,1,1,1,179.84,none,0
R004164,1,1,1,2066.19,refund_abuse,1
R004165,1,1,1,50.22,none,0
R004166,1,1,1,112.99,none,0
R004167,1,1,1,104.25,none,0
R004168,1,1,1,164.67,none,0
R004169,1,1,1,131.49,none,0
R004170,1,1,1,73.04,none,0
R004171,1,1,1,52.89,none,0
R004172,1,1,1,151.79,none,0
R004173,1,1,1,163.19,none,0
R004174,1,1,1,244.48,none,0
R004175,1,1,1,208.12,none,0
R004176,1,1,1,78.94,none,0
R004177,1,1,1,39.9,none,0
R004178,1,1,1,57.96,none,0
R004179,1,1,1,36.99,none,0
R004180,1,1,1,600.0,none,0
R004181,1,1,1,186.01,none,0
R004182,1,1,1,443.23,none,0
R004183,1,1,1,110.34,none,0
R004184,1,1,1,66.3,none,0
R004185,1,1,1,173.63,none,0
R004186,1,1,1,267.23,none,0
R004187,1,1,1,193.44,none,0
R004188,1,1,1,71.51,none,0
R004189,1,1,1,78.97,none,0
R004190,1,1,1,161.67,none,0
R004191,1,1,1,69.86,none,0
R004192,0,1,1,1826.54,condition_mismatch,1
R004193,1,1,1,84.17,none,0
R004194,1,1,1,63.33,none,0
R004195,1,0,1,166.22,none,0
R004196,1,1,1,219.02,none,0
R004197,1,1,1,118.89,none,0
R004198,1,1,1,73.91,none,0
R004199,1,0,1,2625.62,condition_mismatch,1
R004200,1,1,1,110.11,none,0
R004201,1,1,1,226.55,none,0
R004202,1,1,1,244.11,none,0
R004203,1,1,1,41.14,none,0
R004204,1,1,1,34.04,none,0
R004205,1,1,1,118.37,none,0
R004206,1,1,1,66.25,none,0
R004207,1,1,1,70.53,none,0
R004208,1,1,1,71.6,none,0
R004209,1,1,1,114.09,none,0
R004210,1,1,1,189.7,none,0
R004211,1,1,1,520.69,none,0
R004212,0,1,1,101.26,none,0
R004213,1,1,1,131.76,none,0
R004214,1,1,1,53.06,none,0
R004215,1,1,1,331.02,none,0
R004216,1,1,1,96.22,none,0
R004217,1,1,1,125.69,none,0
R004218,1,1,1,170.01,none,0
R004219,1,1,1,69.13,none,0
R004220,1,1,1,90.74,none,0
R004221,1,1,1,78.21,none,0
R004222,1,1,1,67.04,none,0
R004223,1,1,1,147.71,none,0
R004224,1,1,1,72.08,none,0
R004225,1,1,1,82.53,none,0
R004226,1,1,1,455.71,none,0
R004227,0,1,1,158.9,none,0
R004228,0,0,1,750.0,refund_abuse,1
R004229,1,1,1,88.59,none,0
R004230,1,1,1,137.18,none,0
R004231,0,1,1,600.0,none,0
R004232,1,1,1,137.87,none,0
R004233,1,1,1,61.18,none,0
R004234,1,1,1,135.5,none,0
R004235,0,1,1,1670.29,refund_abuse,1
R004236,1,1,1,124.17,none,0
R004237,1,1,1,488.16,none,0
R004238,1,1,1,57.04,none,0
R004239,1,1,1,47.01,none,0
R004240,1,1,1,84.69,none,0
R004241,1,1,1,181.47,none,0
R004242,0,1,1,356.09,none,0
R004243,1,0,1,199.92,none,0
R004244,1,0,1,70.33,none,0
R004245,1,1,1,54.02,none,0
R004246,1,1,1,106.26,none,0
R004247,1,1,1,68.92,none,0
R004248,1,1,1,44.36,none,0
R004249,1,1,1,74.69,none,0
R004250,1,1,1,600.0,none,0
R004251,1,1,1,48.96,none,0
R004252,1,1,1,600.0,none,0
R004253,1,1,1,41.22,none,0
R004254,1,1,1,1159.79,refund_abuse,1
R004255,1,1,1,99.79,none,0
R004256,1,1,1,600.0,none,0
R004257,1,1,1,380.1,none,0
R004258,1,1,1,30.49,none,0
R004259,1,1,1,260.49,none,0
R004260,1,1,1,125.86,none,0
R004261,1,1,1,95.86,none,0
R004262,1,1,1,170.97,none,0
R004263,1,1,1,63.29,none,0
R004264,1,1,1,83.62,none,0
R004265,1,1,1,47.27,none,0
R004266,1,1,1,156.73,none,0
R004267,1,1,1,39.01,none,0
R004268,1,1,1,27.49,none,0
R004269,1,1,1,40.42,none,0
R004270,0,1,1,59.56,none,0
R004271,1,1,1,184.87,none,0
R004272,1,1,1,61.67,none,0
R004273,1,1,1,78.21,none,0
R004274,1,1,1,77.05,none,0
R004275,1,1,1,69.28,none,0
R004276,1,1,1,282.56,none,0
R004277,1,1,1,19.38,none,0
R004278,1,1,1,321.15,none,0
R004279,1,1,1,69.15,none,0
R004280,1,1,1,472.33,none,0
R004281,1,1,1,175.56,none,0
R004282,1,1,1,68.0,none,0
R004283,1,1,1,153.92,none,0
R004284,1,1,1,600.0,none,0
R004285,1,1,1,98.31,none,0
R004286,1,1,1,95.13,none,0
R004287,1,1,1,32.7,none,0
R004288,1,1,1,600.0,none,0
R004289,1,1,1,87.91,none,0
R004290,1,1,1,89.13,none,0
R004291,1,1,1,71.1,none,0
R004292,1,1,1,82.72,none,0
R004293,1,1,1,74.6,none,0
R004294,1,1,1,51.51,none,0
R004295,1,1,1,110.35,none,0
R004296,1,1,1,49.86,none,0
R004297,1,0,1,65.98,none,0
R004298,1,1,1,343.23,none,0
R004299,0,1,1,309.19,none,0
R004300,1,1,1,84.86,none,0
R004301,1,1,1,108.36,none,0
R004302,1,1,1,136.59,none,0
R004303,1,1,1,71.88,none,0
R004304,1,1,1,109.98,none,0
R004305,1,1,1,128.68,none,0
R004306,1,1,1,121.36,none,0
R004307,0,1,1,46.26,none,0
R004308,1,1,1,154.06,none,0
R004309,1,1,1,132.31,none,0
R004310,1,1,1,108.86,none,0
R004311,1,1,1,95.55,none,0
R004312,1,1,1,154.66,none,0
R004313,1,1,1,65.79,none,0
R004314,1,1,1,219.21,none,0
R004315,1,0,1,8671.36,condition_mismatch,1
R004316,1,1,1,76.77,none,0
R004317,1,1,1,123.01,none,0
R004318,1,1,1,89.28,none,0
R004319,1,1,1,59.67,none,0
R004320,0,0,1,809.2,condition_mismatch,1
R004321,1,1,1,168.03,none,0
R004322,1,1,1,222.32,none,0
R004323,1,1,1,116.49,none,0
R004324,1,1,1,32.81,none,0
R004325,1,1,1,45.72,none,0
R004326,1,1,1,91.45,none,0
R004327,1,0,1,1753.72,refund_abuse,1
R004328,0,1,1,1891.41,coordinated_abuse,1
R004329,1,1,1,40.45,none,0
R004330,1,1,1,203.95,none,0
R004331,1,1,1,145.27,none,0
R004332,1,1,1,131.62,none,0
R004333,1,1,1,93.23,none,0
R004334,1,1,1,97.65,none,0
R004335,1,1,1,50.74,none,0
R004336,1,1,1,57.86,none,0
R004337,1,1,1,600.0,none,0
R004338,1,1,1,154.31,none,0
R004339,1,1,1,92.39,none,0
R004340,1,1,1,133.85,none,0
R004341,1,1,1,72.19,none,0
R004342,1,1,1,512.37,none,0
R004343,1,1,1,109.28,none,0
R004344,1,1,1,146.52,none,0
R004345,1,1,1,138.72,none,0
R004346,1,1,1,70.31,none,0
R004347,1,1,1,42.77,none,0
R004348,1,1,1,229.77,none,0
R004349,1,1,1,92.75,none,0
R004350,1,1,1,84.39,none,0
R004351,1,0,1,75.89,none,0
R004352,1,1,1,67.18,none,0
R004353,1,1,1,571.72,none,0
R004354,1,1,1,600.0,none,0
R004355,1,1,1,83.56,none,0
R004356,1,1,1,75.17,none,0
R004357,1,1,1,53.63,none,0
R004358,1,1,1,25.93,none,0
R004359,1,1,1,22.63,none,0
R004360,1,1,1,39.05,none,0
R004361,1,1,1,23.4,none,0
R004362,1,1,1,28.97,none,0
R004363,1,1,1,177.29,none,0
R004364,1,0,1,2620.28,refund_abuse,1
R004365,1,1,1,103.92,none,0
R004366,1,1,1,491.7,none,0
R004367,1,0,1,600.0,none,0
R004368,1,1,1,199.01,none,0
R004369,1,1,1,238.44,none,0
R004370,1,1,1,46.99,none,0
R004371,1,1,1,75.45,none,0
R004372,1,1,1,160.03,none,0
R004373,1,1,1,103.57,none,0
R004374,1,1,1,220.73,none,0
R004375,1,1,1,62.24,none,0
R004376,1,1,1,77.21,none,0
R004377,1,0,1,75.19,none,0
R004378,1,1,1,128.82,none,0
R004379,1,1,1,74.81,none,0
R004380,1,1,1,60.67,none,0
R004381,1,1,1,103.6,none,0
R004382,1,1,1,96.97,none,0
R004383,1,1,1,355.05,none,0
R004384,1,1,1,92.37,none,0
R004385,1,0,1,173.36,none,0
R004386,1,1,1,68.64,none,0
R004387,1,1,1,267.49,none,0
R004388,1,1,1,61.75,none,0
R004389,1,1,1,91.66,none,0
R004390,1,1,1,61.64,none,0
R004391,1,1,1,266.82,none,0
R004392,1,1,1,75.28,none,0
R004393,1,1,1,94.13,none,0
R004394,1,1,1,55.9,none,0
R004395,1,0,1,186.1,none,0
R004396,1,1,1,39.44,none,0
R004397,1,0,1,102.79,none,0
R004398,1,0,1,2106.97,refund_abuse,1
R004399,1,0,1,53.72,none,0
R004400,1,1,1,48.92,none,0
R004401,1,1,1,81.95,none,0
R004402,1,1,1,30.71,none,0
R004403,1,1,1,69.35,none,0
R004404,1,1,1,29.71,none,0
R004405,1,1,1,102.13,none,0
R004406,1,1,1,108.04,none,0
R004407,1,1,1,71.85,none,0
R004408,1,1,1,1.95,none,0
R004409,1,1,1,170.18,none,0
R004410,1,1,1,75.96,none,0
R004411,1,1,1,140.3,none,0
R004412,1,1,1,54.35,none,0
R004413,1,1,1,189.23,none,0
R004414,1,1,1,67.65,none,0
R004415,1,1,1,81.67,none,0
R004416,1,1,1,346.35,none,0
R004417,1,1,1,185.55,none,0
R004418,1,1,1,81.4,none,0
R004419,1,1,1,73.94,none,0
R004420,1,1,1,187.85,none,0
R004421,1,0,1,116.32,none,0
R004422,1,1,1,73.27,none,0
R004423,1,1,1,44.99,none,0
R004424,1,1,1,129.8,none,0
R004425,1,1,1,201.98,none,0
R004426,1,1,1,109.65,none,0
R004427,1,1,1,54.26,none,0
R004428,1,1,1,96.14,none,0
R004429,1,1,1,332.22,none,0
R004430,1,1,1,125.4,none,0
R004431,1,1,1,77.11,none,0
R004432,1,1,1,64.25,none,0
R004433,1,1,1,71.53,none,0
R004434,1,1,1,221.33,none,0
R004435,1,1,1,37.49,none,0
R004436,1,0,1,170.81,none,0
R004437,1,1,1,103.65,none,0
R004438,1,1,1,79.17,none,0
R004439,1,1,1,92.57,none,0
R004440,1,1,1,288.24,none,0
R004441,0,0,1,55.55,none,0
R004442,1,1,1,37.21,none,0
R004443,1,1,1,63.53,none,0
R004444,1,1,1,118.41,none,0
R004445,1,1,1,120.88,none,0
R004446,1,0,1,49.12,none,0
R004447,1,1,1,188.5,none,0
R004448,1,1,1,84.67,none,0
R004449,1,1,1,283.98,none,0
R004450,1,1,1,48.37,none,0
R004451,1,1,1,38.75,none,0
R004452,1,1,1,68.54,none,0
R004453,1,1,1,96.86,none,0
R004454,1,1,1,103.79,none,0
R004455,1,1,1,58.14,none,0
R004456,1,1,1,113.29,none,0
R004457,1,1,1,136.15,none,0
R004458,1,1,1,28.55,none,0
R004459,1,1,1,75.91,none,0
R004460,1,1,1,48.68,none,0
R004461,1,1,1,140.8,none,0
R004462,1,0,1,130.29,none,0
R004463,1,1,1,8485.62,condition_mismatch,1
R004464,1,1,1,3.65,none,0
R004465,1,1,1,84.16,none,0
R004466,1,1,1,73.1,none,0
R004467,1,1,1,132.38,none,0
R004468,1,1,1,115.17,none,0
R004469,0,1,1,520.83,none,0
R004470,1,1,1,202.32,none,0
R004471,1,1,1,99.09,none,0
R004472,1,1,1,122.35,none,0
R004473,1,1,1,78.23,none,0
R004474,1,1,1,2488.51,refund_abuse,1
R004475,1,1,1,235.29,none,0
R004476,1,1,1,74.65,none,0
R004477,1,1,1,138.63,none,0
R004478,1,1,1,24.17,none,0
R004479,1,1,1,34.54,none,0
R004480,1,1,1,222.92,none,0
R004481,1,1,1,57.14,none,0
R004482,1,1,1,57.47,none,0
R004483,1,1,1,83.1,none,0
R004484,1,1,1,293.48,none,0
R004485,1,1,1,59.84,none,0
R004486,1,1,1,600.0,none,0
R004487,1,1,1,68.36,none,0
R004488,1,1,1,77.77,none,0
R004489,1,1,1,65.36,none,0
R004490,1,1,1,49.09,none,0
R004491,1,1,1,443.3,none,0
R004492,1,1,1,75.01,none,0
R004493,1,1,1,89.66,none,0
R004494,1,1,1,169.09,none,0
R004495,1,1,1,28.72,none,0
R004496,1,1,1,269.69,none,0
R004497,1,1,1,73.3,none,0
R004498,0,1,1,99.32,none,0
R004499,1,1,1,198.2,none,0
R004500,1,1,1,189.14,none,0
R004501,1,1,1,117.09,none,0
R004502,1,1,1,25.15,none,0
R004503,1,1,1,77.91,none,0
R004504,0,1,1,120.68,none,0
R004505,1,1,1,276.12,none,0
R004506,1,1,1,76.91,none,0
R004507,1,1,1,498.62,none,0
R004508,1,1,1,600.0,none,0
R004509,1,1,1,66.17,none,0
R004510,1,1,1,51.87,none,0
R004511,1,1,1,303.55,none,0
R004512,1,1,1,99.37,none,0
R004513,1,1,1,1460.77,condition_mismatch,1
R004514,1,1,1,113.74,none,0
R004515,1,1,1,148.91,none,0
R004516,1,1,1,27.2,none,0
R004517,1,1,1,111.98,none,0
R004518,1,1,1,35.28,none,0
R004519,1,1,1,43.48,none,0
R004520,1,1,1,193.4,none,0
R004521,1,1,1,4.38,none,0
R004522,1,1,1,264.19,none,0
R004523,1,1,1,446.92,none,0
R004524,1,1,1,303.59,none,0
R004525,1,1,1,26.37,none,0
R004526,1,1,1,117.33,none,0
R004527,1,1,1,180.48,none,0
R004528,1,1,1,181.43,none,0
R004529,1,1,1,133.36,none,0
R004530,1,1,1,97.16,none,0
R004531,1,1,1,150.56,none,0
R004532,1,1,1,305.81,none,0
R004533,1,1,1,65.6,none,0
R004534,1,0,1,465.28,none,0
R004535,1,1,1,106.74,none,0
R004536,1,0,1,237.08,none,0
R004537,1,1,1,104.24,none,0
R004538,1,1,1,189.71,none,0
R004539,1,1,1,134.98,none,0
R004540,1,1,1,349.19,none,0
R004541,1,1,1,48.84,none,0
R004542,1,1,1,125.53,none,0
R004543,1,1,1,74.79,none,0
R004544,1,1,1,120.2,none,0
R004545,1,1,1,181.88,none,0
R004546,1,1,1,69.46,none,0
R004547,1,1,1,66.81,none,0
R004548,1,1,1,100.45,none,0
R004549,1,1,1,58.71,none,0
R004550,1,1,1,132.68,none,0
R004551,1,1,1,97.38,none,0
R004552,1,1,1,46.38,none,0
R004553,1,1,1,316.33,none,0
R004554,0,1,1,75.57,none,0
R004555,1,1,1,24.58,none,0
R004556,1,1,1,225.09,none,0
R004557,1,1,1,122.42,none,0
R004558,1,1,1,67.3,none,0
R004559,1,1,1,29.67,none,0
R004560,1,1,1,600.0,none,0
R004561,1,1,1,25.77,none,0
R004562,1,1,1,42.66,none,0
R004563,1,1,1,46.0,none,0
R004564,1,1,1,60.05,none,0
R004565,1,1,1,1415.96,coordinated_abuse,1
R004566,1,1,1,70.12,none,0
R004567,1,1,1,39.73,none,0
R004568,1,1,1,171.29,none,0
R004569,1,1,1,87.22,none,0
R004570,1,1,1,177.43,none,0
R004571,1,1,1,41.07,none,0
R004572,1,1,1,278.88,none,0
R004573,1,1,1,176.43,none,0
R004574,1,1,1,470.14,none,0
R004575,1,1,1,273.13,none,0
R004576,1,1,1,90.43,none,0
R004577,1,1,1,80.07,none,0
R004578,1,1,1,0.0,none,0
R004579,1,1,1,55.51,none,0
R004580,1,1,1,290.04,none,0
R004581,1,1,1,71.79,none,0
R004582,1,1,1,76.66,none,0
R004583,1,1,1,0.0,none,0
R004584,1,1,1,97.01,none,0
R004585,1,1,1,10136.33,condition_mismatch,1
R004586,1,1,1,78.66,none,0
R004587,1,1,1,44.79,none,0
R004588,1,1,1,68.46,none,0
R004589,1,1,1,61.38,none,0
R004590,1,1,1,57.45,none,0
R004591,1,1,1,27.35,none,0
R004592,1,1,1,126.29,none,0
R004593,1,1,1,86.29,none,0
R004594,1,1,1,233.9,none,0
R004595,1,1,1,104.53,none,0
R004596,1,1,1,68.79,none,0
R004597,1,1,1,600.0,none,0
R004598,1,1,1,84.75,none,0
R004599,1,1,1,169.83,none,0
R004600,1,0,1,4479.51,coordinated_abuse,1
R004601,1,1,1,129.4,none,0
R004602,1,1,1,512.89,none,0
R004603,1,1,1,103.65,none,0
R004604,0,1,1,280.26,none,0
R004605,1,0,1,64.93,none,0
R004606,1,1,1,194.27,none,0
R004607,1,1,1,600.0,none,0
R004608,1,1,1,48.09,none,0
R004609,1,1,1,113.62,none,0
R004610,1,1,1,162.81,none,0
R004611,1,1,1,70.0,none,0
R004612,1,1,1,87.97,none,0
R004613,1,1,1,26.74,none,0
R004614,1,1,1,299.71,none,0
R004615,1,1,1,96.02,none,0
R004616,1,1,1,97.34,none,0
R004617,1,1,1,25.54,none,0
R004618,1,1,1,51.7,none,0
R004619,1,1,1,116.92,none,0
R004620,1,1,1,398.2,none,0
R004621,1,1,1,47.8,none,0
R004622,1,1,1,98.38,none,0
R004623,1,1,1,4.28,none,0
R004624,1,1,1,422.46,none,0
R004625,1,1,1,101.76,none,0
R004626,1,1,1,0.0,none,0
R004627,1,1,1,46.78,none,0
R004628,1,1,1,144.57,none,0
R004629,1,1,1,78.88,none,0
R004630,1,1,1,38.42,none,0
R004631,1,1,1,63.21,none,0
R004632,0,1,1,39.01,none,0
R004633,1,1,1,276.76,none,0
R004634,1,1,1,85.86,none,0
R004635,1,1,1,322.06,none,0
R004636,1,1,1,77.78,none,0
R004637,0,1,1,125.21,none,0
R004638,1,1,1,168.85,none,0
R004639,0,1,1,0.0,none,0
R004640,1,1,1,128.66,none,0
R004641,1,1,1,80.47,none,0
R004642,1,1,1,157.69,none,0
R004643,1,0,1,44.55,none,0
R004644,1,1,1,1291.81,refund_abuse,1
R004645,1,1,1,148.36,none,0
R004646,1,1,1,83.97,none,0
R004647,1,1,1,90.4,none,0
R004648,1,1,1,81.97,none,0
R004649,1,1,1,61.65,none,0
R004650,1,1,1,127.76,none,0
R004651,1,1,1,287.88,none,0
R004652,1,1,1,253.26,none,0
R004653,1,1,1,126.0,none,0
R004654,1,1,1,82.44,none,0
R004655,1,1,1,44.45,none,0
R004656,1,1,1,207.4,none,0
R004657,1,1,1,2.57,none,0
R004658,1,1,1,43.8,none,0
R004659,1,1,1,112.93,none,0
R004660,1,1,1,388.73,none,0
R004661,1,1,1,78.83,none,0
R004662,1,1,1,254.61,none,0
R004663,1,1,1,594.97,none,0
R004664,1,0,1,34.23,none,0
R004665,1,1,1,64.2,none,0
R004666,1,1,1,33.33,none,0
R004667,1,1,1,48.14,none,0
R004668,1,1,1,600.0,none,0
R004669,0,1,1,75.74,none,0
R004670,1,1,1,296.36,none,0
R004671,1,1,1,111.01,none,0
R004672,1,1,1,415.08,none,0
R004673,1,1,1,455.98,none,0
R004674,1,1,1,76.6,none,0
R004675,1,1,1,56.73,none,0
R004676,1,1,1,38.81,none,0
R004677,1,1,1,575.9,none,0
R004678,1,1,1,111.97,none,0
R004679,1,1,1,58.67,none,0
R004680,1,1,1,86.42,none,0
R004681,1,1,1,118.92,none,0
R004682,1,1,1,27.93,none,0
R004683,1,1,1,40.78,none,0
R004684,1,1,1,54.42,none,0
R004685,1,1,1,103.23,none,0
R004686,1,1,1,65.8,none,0
R004687,1,1,1,363.14,none,0
R004688,1,1,1,64.08,none,0
R004689,1,1,1,77.28,none,0
R004690,1,1,1,65.04,none,0
R004691,1,1,1,89.5,none,0
R004692,1,1,1,89.28,none,0
R004693,1,1,1,30.39,none,0
R004694,1,1,1,79.59,none,0
R004695,1,1,1,19.59,none,0
R004696,1,1,1,40.03,none,0
R004697,1,0,1,1976.55,refund_abuse,1
R004698,1,1,1,72.04,none,0
R004699,1,1,1,96.17,none,0
R004700,1,1,1,50.75,none,0
R004701,1,1,1,57.68,none,0
R004702,1,1,1,18.75,none,0
R004703,1,1,1,63.5,none,0
R004704,1,1,1,79.42,none,0
R004705,1,1,1,68.14,none,0
R004706,1,1,1,49.21,none,0
R004707,1,1,1,193.82,none,0
R004708,1,1,1,203.42,none,0
R004709,1,1,1,112.18,none,0
R004710,1,1,1,66.95,none,0
R004711,1,1,1,70.74,none,0
R004712,1,1,1,49.67,none,0
R004713,0,1,1,2428.4,coordinated_abuse,1
R004714,1,1,1,182.3,none,0
R004715,1,1,1,38.4,none,0
R004716,1,1,1,124.35,none,0
R004717,1,1,1,78.37,none,0
R004718,1,1,1,2171.0,refund_abuse,1
R004719,1,1,1,226.43,none,0
R004720,1,1,1,51.98,none,0
R004721,1,1,1,106.11,none,0
R004722,1,1,1,92.65,none,0
R004723,1,1,1,116.65,none,0
R004724,0,1,1,139.85,none,0
R004725,1,1,1,58.7,none,0
R004726,1,1,1,408.5,none,0
R004727,1,1,1,82.74,none,0
R004728,1,1,1,72.47,none,0
R004729,1,1,1,306.95,none,0
R004730,1,1,1,41.91,none,0
R004731,1,1,1,47.66,none,0
R004732,1,1,1,65.05,none,0
R004733,1,1,1,61.51,none,0
R004734,1,1,1,211.86,none,0
R004735,1,1,1,88.19,none,0
R004736,1,1,1,74.04,none,0
R004737,1,1,1,56.09,none,0
R004738,1,1,1,120.79,none,0
R004739,1,1,1,173.77,none,0
R004740,1,1,1,166.02,none,0
R004741,1,1,1,4.31,none,0
R004742,1,1,1,202.78,none,0
R004743,1,1,1,77.4,none,0
R004744,1,1,1,145.95,none,0
R004745,1,1,1,112.26,none,0
R004746,1,1,1,156.03,none,0
R004747,1,1,1,90.89,none,0
R004748,1,1,1,243.89,none,0
R004749,1,1,1,243.43,none,0
R004750,1,1,1,335.05,none,0
R004751,1,1,1,240.43,none,0
R004752,1,1,1,169.31,none,0
R004753,1,0,1,26.36,none,0
R004754,1,1,1,258.43,none,0
R004755,1,1,1,48.38,none,0
R004756,1,0,1,70.14,none,0
R004757,1,1,1,134.32,none,0
R004758,0,1,1,44.28,none,0
R004759,1,1,1,57.73,none,0
R004760,1,1,1,120.13,none,0
R004761,1,1,1,212.64,none,0
R004762,1,1,1,297.66,none,0
R004763,1,1,1,7.57,none,0
R004764,1,1,1,68.91,none,0
R004765,1,1,1,323.58,none,0
R004766,1,1,1,600.0,none,0
R004767,1,1,1,84.16,none,0
R004768,1,1,1,44.16,none,0
R004769,1,1,1,96.71,none,0
R004770,1,1,1,137.62,none,0
R004771,1,1,1,137.4,none,0
R004772,1,1,1,38.77,none,0
R004773,1,1,1,71.93,none,0
R004774,1,1,1,73.0,none,0
R004775,1,1,1,431.97,none,0
R004776,1,1,1,126.52,none,0
R004777,1,1,1,68.62,none,0
R004778,1,1,1,36.34,none,0
R004779,1,0,1,262.64,none,0
R004780,1,1,1,97.78,none,0
R004781,1,1,1,56.4,none,0
R004782,1,1,1,152.82,none,0
R004783,1,1,1,105.32,none,0
R004784,1,1,1,88.24,none,0
R004785,1,1,1,35.48,none,0
R004786,1,1,1,143.14,none,0
R004787,1,1,1,45.41,none,0
R004788,1,1,1,86.24,none,0
R004789,1,1,1,127.52,none,0
R004790,1,1,1,52.71,none,0
R004791,1,1,1,600.0,none,0
R004792,1,1,1,94.35,none,0
R004793,1,1,1,151.54,none,0
R004794,1,1,1,463.09,none,0
R004795,1,1,1,92.08,none,0
R004796,1,1,1,40.71,none,0
R004797,1,1,1,39.56,none,0
R004798,1,1,1,161.05,none,0
R004799,1,1,1,96.3,none,0
R004800,1,1,1,153.72,none,0
R004801,1,1,1,600.0,none,0
R004802,1,1,1,101.8,none,0
R004803,1,1,1,152.84,none,0
R004804,1,1,1,79.9,none,0
R004805,1,1,1,73.54,none,0
R004806,1,1,1,404.64,none,0
R004807,1,1,1,47.09,none,0
R004808,1,1,1,14.85,none,0
R004809,1,1,1,128.95,none,0
R004810,1,1,1,73.9,none,0
R004811,1,0,1,100.82,none,0
R004812,1,1,1,76.71,none,0
R004813,1,1,1,165.12,none,0
R004814,1,1,1,122.74,none,0
R004815,1,1,1,291.76,none,0
R004816,1,1,1,156.36,none,0
R004817,1,0,1,184.89,none,0
R004818,1,1,1,17.62,none,0
R004819,1,1,1,31.09,none,0
R004820,1,1,1,256.46,none,0
R004821,1,1,1,185.47,none,0
R004822,1,1,1,267.27,none,0
R004823,1,1,1,53.1,none,0
R004824,1,1,1,263.49,none,0
R004825,0,1,1,463.16,none,0
R004826,1,1,1,65.6,none,0
R004827,1,1,1,67.92,none,0
R004828,1,1,1,68.7,none,0
R004829,1,1,1,56.62,none,0
R004830,1,1,1,152.02,none,0
R004831,1,1,1,101.26,none,0
R004832,1,0,1,133.85,none,0
R004833,1,1,1,112.85,none,0
R004834,1,1,1,106.27,none,0
R004835,1,1,1,25.27,none,0
R004836,1,1,1,446.01,none,0
R004837,1,1,1,63.68,none,0
R004838,1,1,1,160.95,none,0
R004839,1,1,1,44.61,none,0
R004840,1,1,1,47.06,none,0
R004841,1,1,1,64.8,none,0
R004842,1,1,1,89.78,none,0
R004843,1,1,1,122.01,none,0
R004844,1,1,1,71.98,none,0
R004845,1,1,1,104.24,none,0
R004846,1,1,1,600.0,none,0
R004847,1,1,1,67.64,none,0
R004848,1,1,1,107.75,none,0
R004849,1,1,1,132.37,none,0
R004850,0,1,1,65.17,none,0
R004851,1,1,1,60.47,none,0
R004852,1,1,1,74.12,none,0
R004853,1,1,1,0.0,none,0
R004854,1,1,1,73.58,none,0
R004855,1,1,1,61.12,none,0
R004856,1,1,1,101.56,none,0
R004857,1,1,1,47.33,none,0
R004858,1,1,1,69.03,none,0
R004859,1,1,1,146.17,none,0
R004860,1,1,1,3322.69,refund_abuse,1
R004861,1,1,1,48.62,none,0
R004862,1,1,1,17.85,none,0
R004863,1,1,1,8.28,none,0
R004864,1,1,1,60.89,none,0
R004865,1,1,1,156.77,none,0
R004866,1,1,1,364.39,none,0
R004867,1,1,1,127.53,none,0
R004868,1,1,1,121.81,none,0
R004869,0,1,1,133.59,none,0
R004870,1,1,1,102.11,none,0
R004871,1,1,1,900.66,refund_abuse,1
R004872,1,1,1,135.68,none,0
R004873,1,1,1,45.32,none,0
R004874,1,1,1,304.77,none,0
R004875,1,1,1,110.0,none,0
R004876,1,1,1,51.35,none,0
R004877,1,1,1,45.68,none,0
R004878,1,1,1,57.76,none,0
R004879,1,1,1,41.89,none,0
R004880,1,1,1,134.9,none,0
R004881,1,1,1,174.17,none,0
R004882,1,1,1,29.44,none,0
R004883,0,1,1,256.85,none,0
R004884,1,1,1,85.25,none,0
R004885,1,1,1,92.62,none,0
R004886,0,1,1,95.36,none,0
R004887,1,1,1,600.0,none,0
R004888,1,1,1,31.4,none,0
R004889,1,1,1,102.67,none,0
R004890,1,1,1,138.91,none,0
R004891,1,1,1,89.6,none,0
R004892,1,1,1,210.14,none,0
R004893,1,1,1,224.51,none,0
R004894,1,0,1,963.94,condition_mismatch,1
R004895,1,1,1,150.4,none,0
R004896,1,1,1,2.61,none,0
R004897,1,1,1,121.13,none,0
R004898,0,1,1,477.22,none,0
R004899,1,1,1,173.48,none,0
R004900,1,1,1,122.49,none,0
R004901,1,1,1,134.51,none,0
R004902,1,1,1,286.87,none,0
R004903,1,1,1,108.65,none,0
R004904,1,1,1,136.74,none,0
R004905,1,1,1,120.03,none,0
R004906,1,1,1,123.07,none,0
R004907,1,1,1,136.31,none,0
R004908,1,1,1,64.61,none,0
R004909,1,1,1,0.0,none,0
R004910,1,0,1,153.87,none,0
R004911,0,1,1,33.68,none,0
R004912,1,1,1,147.0,none,0
R004913,1,1,1,107.59,none,0
R004914,1,1,1,600.0,none,0
R004915,1,1,1,23.37,none,0
R004916,1,1,1,5.67,none,0
R004917,1,1,1,69.16,none,0
R004918,1,1,1,600.0,none,0
R004919,1,1,1,240.1,none,0
R004920,1,1,1,93.57,none,0
R004921,1,1,1,74.86,none,0
R004922,1,1,1,100.9,none,0
R004923,1,1,1,302.2,none,0
R004924,1,1,1,146.39,none,0
R004925,1,0,1,102.26,none,0
R004926,1,1,1,87.45,none,0
R004927,1,1,1,188.35,none,0
R004928,0,1,1,58.29,none,0
R004929,1,1,1,71.3,none,0
R004930,1,1,1,155.89,none,0
R004931,1,1,1,38.22,none,0
R004932,1,1,1,56.99,none,0
R004933,1,1,1,368.83,none,0
R004934,1,1,1,30.29,none,0
R004935,1,1,1,119.49,none,0
R004936,1,1,1,46.75,none,0
R004937,1,1,1,600.0,none,0
R004938,1,1,1,41.11,none,0
R004939,1,1,1,290.69,none,0
R004940,1,1,1,98.49,none,0
R004941,1,1,1,115.22,none,0
R004942,1,1,1,193.72,none,0
R004943,1,1,1,45.65,none,0
R004944,1,1,1,234.65,none,0
R004945,1,1,1,31.99,none,0
R004946,1,0,1,44.66,none,0
R004947,1,1,1,116.56,none,0
R004948,1,1,1,58.89,none,0
R004949,1,1,1,73.93,none,0
R004950,1,1,1,146.28,none,0
R004951,1,1,1,159.11,none,0
R004952,1,1,1,121.16,none,0
R004953,1,1,1,105.32,none,0
R004954,1,1,1,61.36,none,0
R004955,1,1,1,37.46,none,0
R004956,1,1,1,140.78,none,0
R004957,1,1,1,104.27,none,0
R004958,1,1,1,128.78,none,0
R004959,1,1,1,55.11,none,0
R004960,1,1,1,218.7,none,0
R004961,1,1,1,102.02,none,0
R004962,1,1,1,121.1,none,0
R004963,1,1,1,78.13,none,0
R004964,1,1,1,221.05,none,0
R004965,1,1,1,43.02,none,0
R004966,1,1,1,162.79,none,0
R004967,1,1,1,136.61,none,0
R004968,1,1,1,78.44,none,0
R004969,1,1,1,25.92,none,0
R004970,1,1,1,76.92,none,0
R004971,1,1,1,91.12,none,0
R004972,1,1,1,30.77,none,0
R004973,1,1,1,159.43,none,0
R004974,1,0,1,168.99,none,0
R004975,1,1,1,35.04,none,0
R004976,1,1,1,105.76,none,0
R004977,1,1,1,85.62,none,0
R004978,1,1,1,85.29,none,0
R004979,1,1,1,73.77,none,0
R004980,0,1,1,70.65,none,0
R004981,1,1,1,99.43,none,0
R004982,1,1,1,54.27,none,0
R004983,1,1,1,155.24,none,0
R004984,1,1,1,67.83,none,0
R004985,0,1,1,87.16,none,0
R004986,1,1,1,40.18,none,0
R004987,1,1,1,75.65,none,0
R004988,1,1,1,65.94,none,0
R004989,1,1,1,80.58,none,0
R004990,1,1,1,57.85,none,0
R004991,1,1,1,108.79,none,0
R004992,1,1,1,273.14,none,0
R004993,1,1,1,323.0,none,0
R004994,1,1,1,47.1,none,0
R004995,1,1,1,166.65,none,0
R004996,1,1,1,46.29,none,0
R004997,1,1,1,324.04,none,0
R004998,1,1,1,119.12,none,0
R004999,1,1,1,24.52,none,0
R005000,1,1,1,3239.86,condition_mismatch,1
R005001,1,1,1,48.07,none,0
R005002,1,1,1,287.04,none,0
R005003,1,1,1,86.18,none,0
R005004,0,1,1,105.91,none,0
R005005,1,1,1,1385.44,condition_mismatch,1
R005006,1,1,1,2703.26,condition_mismatch,1
R005007,1,1,1,514.08,none,0
R005008,1,1,1,167.68,none,0
R005009,1,1,1,76.03,none,0
R005010,1,1,1,168.13,none,0
R005011,1,1,1,77.81,none,0
R005012,1,1,1,57.4,none,0
R005013,1,0,1,845.05,coordinated_abuse,1
R005014,1,1,1,2597.31,coordinated_abuse,1
R005015,1,1,1,23.96,none,0
R005016,1,1,1,27.27,none,0
R005017,1,1,1,67.69,none,0
R005018,1,1,1,79.25,none,0
R005019,1,0,1,86.45,none,0
R005020,1,1,1,157.9,none,0
R005021,1,1,1,37.41,none,0
R005022,1,0,1,114.55,none,0
R005023,1,1,1,88.56,none,0
R005024,1,1,1,91.03,none,0
R005025,1,1,1,39.15,none,0
R005026,1,1,1,139.3,none,0
R005027,1,1,1,53.97,none,0
R005028,1,1,1,136.24,none,0
R005029,1,1,1,11.44,none,0
R005030,1,0,1,40.83,none,0
R005031,0,1,1,97.56,none,0
R005032,1,1,1,155.31,none,0
R005033,1,1,1,39.25,none,0
R005034,1,1,1,101.62,none,0
R005035,1,1,1,241.45,none,0
R005036,1,1,1,129.94,none,0
R005037,1,0,1,154.83,none,0
R005038,1,1,1,86.68,none,0
R005039,1,1,1,123.59,none,0
R005040,1,1,1,101.96,none,0
R005041,1,1,1,81.22,none,0
R005042,1,1,1,54.79,none,0
R005043,1,1,1,54.26,none,0
R005044,1,1,1,190.25,none,0
R005045,1,1,1,47.27,none,0
R005046,1,1,1,600.0,none,0
R005047,1,1,1,61.67,none,0
R005048,1,0,1,4253.84,condition_mismatch,1
R005049,1,1,1,151.97,none,0
R005050,1,1,1,56.62,none,0
R005051,1,1,1,190.25,none,0
R005052,1,1,1,265.88,none,0
R005053,1,0,1,322.91,none,0
R005054,1,1,1,52.31,none,0
R005055,1,1,1,59.65,none,0
R005056,1,1,1,274.96,none,0
R005057,1,1,1,12.82,none,0
R005058,1,1,1,294.79,none,0
R005059,1,1,1,371.0,none,0
R005060,1,1,1,76.06,none,0
R005061,1,1,1,600.0,none,0
R005062,1,1,1,417.72,none,0
R005063,1,1,1,18.56,none,0
R005064,1,1,1,1653.01,refund_abuse,1
R005065,1,0,1,34.66,none,0
R005066,1,1,1,57.92,none,0
R005067,1,1,1,424.17,none,0
R005068,1,1,1,81.55,none,0
R005069,1,1,1,86.08,none,0
R005070,1,1,1,188.66,none,0
R005071,1,1,1,81.87,none,0
R005072,1,1,1,237.24,none,0
R005073,1,1,1,79.7,none,0
R005074,1,1,1,192.96,none,0
R005075,1,1,1,600.0,none,0
R005076,1,1,1,166.96,none,0
R005077,1,1,1,224.35,none,0
R005078,1,1,1,3.77,none,0
R005079,1,1,1,99.19,none,0
R005080,1,1,1,250.13,none,0
R005081,1,1,1,6.5,none,0
R005082,1,1,1,108.91,none,0
R005083,1,1,1,168.28,none,0
R005084,0,1,1,92.24,none,0
R005085,1,1,1,113.2,none,0
R005086,1,1,1,67.53,none,0
R005087,1,1,1,305.64,none,0
R005088,1,1,1,0.0,none,0
R005089,1,1,1,413.43,none,0
R005090,1,1,1,46.57,none,0
R005091,1,1,1,66.61,none,0
R005092,1,1,1,114.26,none,0
R005093,1,1,1,452.02,none,0
R005094,1,1,1,89.7,none,0
R005095,1,1,1,64.38,none,0
R005096,1,1,1,161.75,none,0
R005097,1,1,1,73.96,none,0
R005098,1,1,1,57.71,none,0
R005099,1,1,1,419.93,none,0
R005100,1,1,1,48.28,none,0
R005101,1,1,1,16.31,none,0
R005102,1,1,1,151.96,none,0
R005103,1,1,1,191.43,none,0
R005104,1,1,1,83.11,none,0
R005105,1,1,1,98.66,none,0
R005106,1,1,1,400.1,none,0
R005107,1,1,1,260.6,none,0
R005108,1,1,1,187.85,none,0
R005109,1,1,1,39.01,none,0
R005110,1,1,1,122.81,none,0
R005111,1,1,1,175.54,none,0
R005112,1,1,1,248.21,none,0
R005113,1,1,1,253.5,none,0
R005114,1,1,1,64.85,none,0
R005115,1,1,1,95.72,none,0
R005116,1,1,1,120.96,none,0
R005117,1,1,1,49.46,none,0
R005118,1,0,1,267.74,none,0
R005119,1,1,1,60.34,none,0
R005120,1,1,1,72.67,none,0
R005121,1,1,1,69.95,none,0
R005122,1,1,1,567.55,none,0
R005123,1,1,1,132.97,none,0
R005124,0,1,1,25.85,none,0
R005125,1,1,1,103.79,none,0
R005126,1,0,1,81.66,none,0
R005127,1,1,1,0.0,none,0
R005128,1,1,1,233.01,none,0
R005129,1,1,1,229.0,none,0
R005130,1,1,1,278.31,none,0
R005131,1,1,1,58.66,none,0
R005132,1,1,1,152.68,none,0
R005133,1,1,1,68.68,none,0
R005134,1,1,1,73.75,none,0
R005135,1,1,1,44.01,none,0
R005136,1,1,1,24.46,none,0
R005137,1,1,1,27.64,none,0
R005138,1,1,1,125.84,none,0
R005139,1,1,1,56.92,none,0
R005140,1,1,1,33.75,none,0
R005141,1,1,1,69.01,none,0
R005142,1,1,1,116.81,none,0
R005143,1,1,1,378.19,none,0
R005144,1,0,1,125.63,none,0
R005145,1,1,1,55.55,none,0
R005146,1,1,1,210.42,none,0
R005147,1,1,1,141.27,none,0
R005148,1,1,1,97.69,none,0
R005149,1,1,1,129.96,none,0
R005150,1,1,1,30.56,none,0
R005151,1,1,1,84.64,none,0
R005152,1,1,1,125.34,none,0
R005153,1,1,1,56.4,none,0
R005154,1,1,1,88.69,none,0
R005155,1,1,1,147.96,none,0
R005156,1,1,1,78.24,none,0
R005157,1,1,1,99.62,none,0
R005158,1,0,1,53.9,none,0
R005159,1,1,1,121.89,none,0
R005160,1,1,1,42.49,none,0
R005161,1,1,1,183.34,none,0
R005162,1,1,1,67.52,none,0
R005163,1,1,1,114.75,none,0
R005164,1,1,1,71.51,none,0
R005165,1,1,1,118.3,none,0
R005166,1,1,1,47.38,none,0
R005167,1,1,1,27.31,none,0
R005168,1,1,1,119.79,none,0
R005169,1,1,1,77.4,none,0
R005170,1,1,1,140.62,none,0
R005171,1,1,1,112.57,none,0
R005172,1,1,1,51.24,none,0
R005173,1,1,1,91.5,none,0
R005174,1,1,1,600.0,none,0
R005175,1,1,1,126.37,none,0
R005176,1,1,1,94.07,none,0
R005177,1,1,1,1774.3,coordinated_abuse,1
R005178,1,1,1,175.65,none,0
R005179,1,1,1,53.46,none,0
R005180,1,0,1,262.16,none,0
R005181,1,1,1,444.28,none,0
R005182,1,1,1,75.0,none,0
R005183,1,1,1,80.92,none,0
R005184,1,1,1,35.98,none,0
R005185,1,0,1,100.6,none,0
R005186,1,1,1,575.13,none,0
R005187,1,0,1,3349.51,refund_abuse,1
R005188,0,1,1,189.15,none,0
R005189,1,1,1,68.04,none,0
R005190,1,1,1,363.58,none,0
R005191,1,1,1,121.92,none,0
R005192,1,1,1,0.0,none,0
R005193,1,1,1,111.94,none,0
R005194,1,1,1,24.62,none,0
R005195,1,1,1,42.97,none,0
R005196,1,1,1,47.45,none,0
R005197,1,1,1,53.78,none,0
R005198,1,1,1,26.01,none,0
R005199,1,1,1,46.24,none,0
R005200,1,1,1,159.22,none,0
R005201,1,1,1,600.0,none,0
R005202,1,1,1,50.95,none,0
R005203,1,1,1,113.17,none,0
R005204,1,1,1,89.37,none,0
R005205,0,1,1,57.33,none,0
R005206,1,1,1,157.03,none,0
R005207,1,0,1,750.0,refund_abuse,1
R005208,1,1,1,54.67,none,0
R005209,1,1,1,81.49,none,0
R005210,1,1,1,123.65,none,0
R005211,1,1,1,135.26,none,0
R005212,1,1,1,99.58,none,0
R005213,1,1,1,77.08,none,0
R005214,1,1,1,42.87,none,0
R005215,1,1,1,47.49,none,0
R005216,1,1,1,97.26,none,0
R005217,1,1,1,52.78,none,0
R005218,1,1,1,75.08,none,0
R005219,1,1,1,44.95,none,0
R005220,1,1,1,74.78,none,0
R005221,1,1,1,429.84,none,0
R005222,1,1,1,62.23,none,0
R005223,1,1,1,293.17,none,0
R005224,1,1,1,44.98,none,0
R005225,1,1,1,81.76,none,0
R005226,1,1,1,38.65,none,0
R005227,1,1,1,117.64,none,0
R005228,1,1,1,128.42,none,0
R005229,1,1,1,87.14,none,0
R005230,1,1,1,144.92,none,0
R005231,1,1,1,65.99,none,0
R005232,1,1,1,502.32,none,0
R005233,1,1,1,54.66,none,0
R005234,1,1,1,178.26,none,0
R005235,1,1,1,82.53,none,0
R005236,1,1,1,33.69,none,0
R005237,1,1,1,51.84,none,0
R005238,1,1,1,71.13,none,0
R005239,1,1,1,64.34,none,0
R005240,1,1,1,69.39,none,0
R005241,1,1,1,5.81,none,0
R005242,1,1,1,70.04,none,0
R005243,0,1,1,151.06,none,0
R005244,1,1,1,89.12,none,0
R005245,1,1,1,19.34,none,0
R005246,0,1,1,64.87,none,0
R005247,1,1,1,99.79,none,0
R005248,1,1,1,93.82,none,0
R005249,1,1,1,114.65,none,0
R005250,0,1,1,64.39,none,0
R005251,1,1,1,182.56,none,0
R005252,1,1,1,27.91,none,0
R005253,1,1,1,395.61,none,0
R005254,1,1,1,169.59,none,0
R005255,0,1,1,1930.84,condition_mismatch,1
R005256,1,1,1,48.46,none,0
R005257,1,1,1,468.11,none,0
R005258,1,1,1,19.99,none,0
R005259,1,1,1,65.92,none,0
R005260,1,1,1,172.57,none,0
R005261,1,1,1,140.09,none,0
R005262,1,1,1,29.07,none,0
R005263,1,1,1,322.97,none,0
R005264,1,1,1,100.81,none,0
R005265,1,0,1,179.35,none,0
R005266,1,1,1,47.84,none,0
R005267,1,0,1,73.48,none,0
R005268,0,1,1,194.97,none,0
R005269,1,1,1,94.78,none,0
R005270,1,1,1,80.23,none,0
R005271,1,1,1,95.83,none,0
R005272,1,1,1,98.25,none,0
R005273,1,1,1,12.88,none,0
R005274,1,1,1,200.06,none,0
R005275,0,1,1,225.99,none,0
R005276,1,1,1,84.2,none,0
R005277,1,1,1,69.68,none,0
R005278,1,1,1,28.14,none,0
R005279,1,1,1,20.5,none,0
R005280,1,1,1,87.45,none,0
R005281,1,1,1,3174.61,refund_abuse,1
R005282,1,1,1,35.65,none,0
R005283,1,1,1,31.97,none,0
R005284,1,1,1,260.41,none,0
R005285,1,1,1,88.12,none,0
R005286,1,1,1,46.34,none,0
R005287,1,1,1,75.4,none,0
R005288,1,0,1,102.1,none,0
R005289,1,1,1,112.92,none,0
R005290,1,1,1,125.36,none,0
R005291,1,1,1,32.79,none,0
R005292,1,1,1,99.48,none,0
R005293,1,1,1,176.73,none,0
R005294,1,1,1,197.99,none,0
R005295,1,1,1,111.42,none,0
R005296,1,1,1,271.21,none,0
R005297,1,0,1,1226.21,refund_abuse,1
R005298,1,1,1,174.58,none,0
R005299,0,1,1,200.17,none,0
R005300,1,1,1,133.89,none,0
R005301,1,1,1,131.45,none,0
R005302,1,1,1,2853.9,refund_abuse,1
R005303,1,1,1,71.56,none,0
R005304,1,1,1,147.13,none,0
R005305,1,1,1,160.8,none,0
R005306,1,1,1,118.87,none,0
R005307,1,0,1,210.91,none,0
R005308,1,1,1,55.43,none,0
R005309,1,1,1,243.8,none,0
R005310,1,1,1,32.25,none,0
R005311,1,1,1,37.55,none,0
R005312,1,1,1,131.42,none,0
R005313,1,1,1,73.36,none,0
R005314,1,1,1,52.78,none,0
R005315,1,1,1,178.97,none,0
R005316,1,1,1,76.96,none,0
R005317,1,1,1,94.74,none,0
R005318,1,1,1,109.02,none,0
R005319,1,1,1,55.39,none,0
R005320,1,1,1,85.78,none,0
R005321,1,1,1,330.12,none,0
R005322,1,1,1,600.0,none,0
R005323,1,1,1,120.01,none,0
R005324,1,1,1,42.84,none,0
R005325,1,1,1,53.78,none,0
R005326,1,1,1,339.05,none,0
R005327,1,1,1,55.65,none,0
R005328,1,1,1,45.52,none,0
R005329,1,1,1,37.19,none,0
R005330,1,1,1,109.83,none,0
R005331,1,1,1,91.67,none,0
R005332,1,1,1,60.93,none,0
R005333,1,0,1,395.1,none,0
R005334,1,1,1,149.1,none,0
R005335,1,0,1,3451.05,refund_abuse,1
R005336,1,1,1,43.1,none,0
R005337,1,0,1,95.41,none,0
R005338,1,0,1,115.69,none,0
R005339,1,1,1,50.97,none,0
R005340,1,1,1,26.71,none,0
R005341,1,1,1,142.87,none,0
R005342,1,1,1,118.63,none,0
R005343,1,1,1,151.28,none,0
R005344,1,1,1,37.95,none,0
R005345,1,1,1,231.58,none,0
R005346,1,1,1,94.46,none,0
R005347,1,1,1,158.55,none,0
R005348,1,1,1,41.15,none,0
R005349,1,1,1,66.6,none,0
R005350,1,1,1,77.39,none,0
R005351,1,1,1,15.42,none,0
R005352,1,1,1,322.88,none,0
R005353,1,1,1,96.37,none,0
R005354,1,1,1,211.62,none,0
R005355,1,1,1,113.88,none,0
R005356,1,1,1,73.0,none,0
R005357,1,1,1,48.64,none,0
R005358,1,1,1,155.69,none,0
R005359,1,1,1,1093.99,refund_abuse,1
R005360,1,1,1,159.78,none,0
R005361,1,1,1,59.33,none,0
R005362,1,1,1,84.65,none,0
R005363,1,1,1,70.06,none,0
R005364,1,1,1,86.93,none,0
R005365,1,1,1,257.61,none,0
R005366,1,1,1,550.34,none,0
R005367,1,1,1,130.42,none,0
R005368,1,1,1,60.7,none,0
R005369,1,1,1,69.34,none,0
R005370,1,0,1,1116.92,refund_abuse,1
R005371,1,1,1,96.46,none,0
R005372,1,1,1,52.74,none,0
R005373,1,1,1,57.69,none,0
R005374,1,1,1,17.27,none,0
R005375,1,1,1,244.78,none,0
R005376,1,1,1,69.31,none,0
R005377,0,0,1,5144.1,refund_abuse,1
R005378,1,1,1,68.36,none,0
R005379,1,1,1,49.04,none,0
R005380,1,1,1,101.43,none,0
R005381,1,1,1,48.83,none,0
R005382,1,1,1,56.62,none,0
R005383,1,1,1,94.71,none,0
R005384,1,1,1,60.95,none,0
R005385,1,1,1,81.78,none,0
R005386,1,1,1,0.0,none,0
R005387,1,1,1,58.64,none,0
R005388,1,1,1,71.17,none,0
R005389,1,1,1,54.29,none,0
R005390,1,1,1,90.5,none,0
R005391,1,1,1,73.75,none,0
R005392,1,1,1,94.16,none,0
R005393,1,1,1,1066.09,refund_abuse,1
R005394,1,1,1,142.56,none,0
R005395,0,1,1,430.47,none,0
R005396,1,1,1,95.34,none,0
R005397,1,1,1,115.17,none,0
R005398,1,1,1,334.89,none,0
R005399,1,1,1,7751.33,coordinated_abuse,1
R005400,1,0,1,1172.67,condition_mismatch,1
R005401,1,1,1,253.68,none,0
R005402,1,1,1,97.77,none,0
R005403,1,1,1,48.83,none,0
R005404,1,1,1,405.01,none,0
R005405,1,1,1,186.0,none,0
R005406,1,1,1,71.06,none,0
R005407,1,1,1,452.56,none,0
R005408,1,1,1,28.71,none,0
R005409,1,1,1,77.73,none,0
R005410,1,1,1,155.74,none,0
R005411,1,1,1,50.37,none,0
R005412,1,1,1,88.2,none,0
R005413,1,1,1,63.97,none,0
R005414,1,1,1,83.1,none,0
R005415,1,1,1,81.52,none,0
R005416,1,1,1,76.5,none,0
R005417,1,1,1,83.66,none,0
R005418,1,1,1,79.07,none,0
R005419,0,1,1,89.13,none,0
R005420,1,1,1,600.0,none,0
R005421,1,1,1,117.27,none,0
R005422,1,0,1,77.27,none,0
R005423,1,1,1,285.74,none,0
R005424,1,1,1,59.59,none,0
R005425,1,1,1,69.71,none,0
R005426,1,1,1,230.23,none,0
R005427,1,1,1,245.09,none,0
R005428,1,1,1,184.08,none,0
R005429,1,1,1,109.53,none,0
R005430,1,1,1,27.98,none,0
R005431,1,1,1,67.56,none,0
R005432,1,1,1,136.09,none,0
R005433,1,1,1,71.73,none,0
R005434,0,1,1,100.42,none,0
R005435,1,1,1,89.67,none,0
R005436,1,1,1,70.31,none,0
R005437,1,1,1,110.28,none,0
R005438,1,1,1,130.8,none,0
R005439,1,1,1,70.21,none,0
R005440,1,0,1,1899.63,condition_mismatch,1
R005441,1,1,1,185.1,none,0
R005442,1,0,1,2517.56,refund_abuse,1
R005443,1,1,1,69.38,none,0
R005444,1,1,1,92.72,none,0
R005445,1,1,1,340.28,none,0
R005446,1,1,1,88.82,none,0
R005447,1,1,1,77.75,none,0
R005448,1,1,1,589.79,none,0
R005449,1,1,1,44.77,none,0
R005450,1,1,1,102.9,none,0
R005451,1,1,1,85.7,none,0
R005452,1,1,1,107.31,none,0
R005453,1,1,1,8.76,none,0
R005454,1,1,1,113.72,none,0
R005455,1,1,1,11.0,none,0
R005456,1,1,1,89.47,none,0
R005457,1,1,1,22.01,none,0
R005458,1,1,1,33.62,none,0
R005459,1,1,1,12.77,none,0
R005460,1,1,1,206.91,none,0
R005461,1,1,1,89.22,none,0
R005462,1,0,1,91.96,none,0
R005463,1,1,1,116.34,none,0
R005464,1,1,1,46.27,none,0
R005465,1,1,1,34.68,none,0
R005466,1,1,1,135.58,none,0
R005467,1,1,1,40.7,none,0
R005468,1,1,1,287.3,none,0
R005469,1,1,1,97.85,none,0
R005470,1,1,1,38.2,none,0
R005471,1,1,1,102.07,none,0
R005472,1,1,1,147.72,none,0
R005473,1,1,1,103.18,none,0
R005474,1,1,1,62.0,none,0
R005475,1,1,1,126.23,none,0
R005476,1,1,1,60.62,none,0
R005477,1,1,1,118.35,none,0
R005478,1,1,1,42.86,none,0
R005479,1,1,1,55.88,none,0
R005480,1,1,1,124.85,none,0
R005481,1,1,1,56.96,none,0
R005482,1,1,1,74.33,none,0
R005483,0,1,1,102.67,none,0
R005484,1,1,1,238.81,none,0
R005485,1,1,1,75.47,none,0
R005486,1,1,1,102.76,none,0
R005487,1,1,1,78.65,none,0
R005488,1,1,1,69.0,none,0
R005489,1,1,1,69.82,none,0
R005490,1,1,1,191.24,none,0
R005491,1,1,1,376.89,none,0
R005492,1,1,1,340.27,none,0
R005493,1,1,1,402.55,none,0
R005494,1,1,1,76.27,none,0
R005495,1,1,1,37.43,none,0
R005496,1,1,1,33.04,none,0
R005497,1,1,1,153.73,none,0
R005498,1,1,1,600.0,none,0
R005499,0,1,1,230.36,none,0
R005500,1,1,1,167.02,none,0
R005501,1,1,1,273.0,none,0
R005502,1,1,1,219.07,none,0
R005503,1,1,1,55.38,none,0
R005504,1,1,1,500.5,none,0
R005505,1,1,1,600.0,none,0
R005506,1,1,1,157.88,none,0
R005507,1,1,1,71.77,none,0
R005508,1,0,1,89.76,none,0
R005509,1,1,1,600.0,none,0
R005510,0,0,1,8794.68,condition_mismatch,1
R005511,1,1,1,600.0,none,0
R005512,1,1,1,91.16,none,0
R005513,1,1,1,858.6,coordinated_abuse,1
R005514,1,1,1,73.5,none,0
R005515,1,1,1,150.35,none,0
R005516,1,0,1,3994.84,condition_mismatch,1
R005517,1,1,1,151.77,none,0
R005518,1,1,1,42.07,none,0
R005519,1,1,1,262.98,none,0
R005520,1,1,1,139.15,none,0
R005521,1,1,1,57.05,none,0
R005522,1,1,1,45.11,none,0
R005523,1,1,1,77.93,none,0
R005524,1,1,1,79.07,none,0
R005525,1,1,1,184.73,none,0
R005526,1,1,1,62.83,none,0
R005527,0,1,1,226.15,none,0
R005528,1,1,1,207.63,none,0
R005529,1,1,1,236.26,none,0
R005530,1,1,1,172.99,none,0
R005531,1,1,1,85.39,none,0
R005532,1,1,1,133.89,none,0
R005533,1,1,1,280.42,none,0
R005534,1,1,1,74.11,none,0
R005535,1,1,1,43.75,none,0
R005536,1,1,1,320.21,none,0
R005537,1,1,1,100.03,none,0
R005538,1,1,1,84.54,none,0
R005539,1,1,1,80.34,none,0
R005540,1,1,1,88.22,none,0
R005541,1,1,1,56.36,none,0
R005542,1,1,1,72.84,none,0
R005543,1,1,1,81.66,none,0
R005544,1,1,1,84.03,none,0
R005545,1,1,1,63.07,none,0
R005546,1,1,1,600.0,none,0
R005547,1,1,1,193.51,none,0
R005548,1,1,1,600.0,none,0
R005549,1,1,1,124.01,none,0
R005550,1,1,1,53.25,none,0
R005551,1,1,1,262.42,none,0
R005552,1,1,1,175.49,none,0
R005553,1,1,1,90.11,none,0
R005554,1,1,1,96.29,none,0
R005555,1,1,1,600.0,none,0
R005556,1,1,1,93.8,none,0
R005557,1,1,1,32.62,none,0
R005558,1,1,1,86.92,none,0
R005559,1,1,1,86.85,none,0
R005560,1,1,1,348.07,none,0
R005561,1,1,1,107.59,none,0
R005562,1,1,1,81.44,none,0
R005563,1,1,1,1463.59,coordinated_abuse,1
R005564,1,1,1,50.09,none,0
R005565,1,1,1,250.97,none,0
R005566,0,1,1,172.48,none,0
R005567,1,1,1,103.87,none,0
R005568,1,1,1,54.7,none,0
R005569,1,1,1,143.26,none,0
R005570,1,0,1,4386.37,coordinated_abuse,1
R005571,1,1,1,112.6,none,0
R005572,1,1,1,102.71,none,0
R005573,1,1,1,129.71,none,0
R005574,0,1,1,39.91,none,0
R005575,1,1,1,66.02,none,0
R005576,1,1,1,28.93,none,0
R005577,1,1,1,53.24,none,0
R005578,1,1,1,99.62,none,0
R005579,1,1,1,102.15,none,0
R005580,1,1,1,43.31,none,0
R005581,0,1,1,360.49,none,0
R005582,1,1,1,600.0,none,0
R005583,1,1,1,126.68,none,0
R005584,1,1,1,282.58,none,0
R005585,1,1,1,194.3,none,0
R005586,1,1,1,108.88,none,0
R005587,1,1,1,64.32,none,0
R005588,1,1,1,78.75,none,0
R005589,1,1,1,60.92,none,0
R005590,0,1,1,135.0,none,0
R005591,1,1,1,80.3,none,0
R005592,0,1,1,96.73,none,0
R005593,1,1,1,160.01,none,0
R005594,1,1,1,336.23,none,0
R005595,1,1,1,520.54,none,0
R005596,1,1,1,80.18,none,0
R005597,1,1,1,0.0,none,0
R005598,1,1,1,120.37,none,0
R005599,1,1,1,62.23,none,0
R005600,1,1,1,54.41,none,0
R005601,1,1,1,114.64,none,0
R005602,1,1,1,5055.14,refund_abuse,1
R005603,1,1,1,117.55,none,0
R005604,1,1,1,58.05,none,0
R005605,1,1,1,141.85,none,0
R005606,1,0,1,38.77,none,0
R005607,1,1,1,101.22,none,0
R005608,1,1,1,156.51,none,0
R005609,1,1,1,50.75,none,0
R005610,1,1,1,118.01,none,0
R005611,1,1,1,57.84,none,0
R005612,1,1,1,267.91,none,0
R005613,1,1,1,152.52,none,0
R005614,0,1,1,215.27,none,0
R005615,1,1,1,213.88,none,0
R005616,1,1,1,171.08,none,0
R005617,1,1,1,119.44,none,0
R005618,1,1,1,50.72,none,0
R005619,1,1,1,54.35,none,0
R005620,1,1,1,180.45,none,0
R005621,1,1,1,141.88,none,0
R005622,1,1,1,69.97,none,0
R005623,1,1,1,94.55,none,0
R005624,1,1,1,77.11,none,0
R005625,1,1,1,65.81,none,0
R005626,1,1,1,73.21,none,0
R005627,1,1,1,161.97,none,0
R005628,1,0,1,1136.44,coordinated_abuse,1
R005629,1,1,1,140.19,none,0
R005630,1,1,1,39.82,none,0
R005631,1,1,1,62.72,none,0
R005632,1,1,1,97.93,none,0
R005633,1,1,1,128.28,none,0
R005634,1,1,1,600.0,none,0
R005635,1,1,1,101.66,none,0
R005636,1,1,1,579.69,none,0
R005637,1,1,1,88.06,none,0
R005638,1,1,1,118.23,none,0
R005639,1,1,1,6.33,none,0
R005640,1,0,1,205.3,none,0
R005641,1,1,1,106.33,none,0
R005642,1,1,1,266.9,none,0
R005643,1,1,1,101.59,none,0
R005644,1,1,1,128.19,none,0
R005645,1,1,1,316.79,none,0
R005646,1,1,1,151.19,none,0
R005647,1,1,1,73.02,none,0
R005648,1,1,1,6.84,none,0
R005649,1,1,1,79.9,none,0
R005650,1,1,1,80.76,none,0
R005651,1,0,1,110.21,none,0
R005652,1,1,1,84.57,none,0
R005653,1,0,1,122.49,none,0
R005654,1,1,1,3424.12,condition_mismatch,1
R005655,1,1,1,73.39,none,0
R005656,1,1,1,138.29,none,0
R005657,1,1,1,272.47,none,0
R005658,1,1,1,96.84,none,0
R005659,1,1,1,215.36,none,0
R005660,1,1,1,4.11,none,0
R005661,1,1,1,4.0,none,0
R005662,1,1,1,169.12,none,0
R005663,1,1,1,86.74,none,0
R005664,1,1,1,94.54,none,0
R005665,1,1,1,88.76,none,0
R005666,1,1,1,600.0,none,0
R005667,1,1,1,333.03,none,0
R005668,1,1,1,109.55,none,0
R005669,1,1,1,96.22,none,0
R005670,1,1,1,65.72,none,0
R005671,0,0,1,1665.41,coordinated_abuse,1
R005672,1,1,1,94.37,none,0
R005673,1,1,1,138.77,none,0
R005674,1,1,1,60.39,none,0
R005675,1,1,1,117.74,none,0
R005676,1,1,1,164.68,none,0
R005677,1,1,1,302.53,none,0
R005678,1,1,1,113.0,none,0
R005679,1,1,1,56.8,none,0
R005680,1,1,1,150.86,none,0
R005681,1,1,1,90.86,none,0
R005682,1,1,1,131.05,none,0
R005683,1,1,1,125.03,none,0
R005684,1,1,1,63.19,none,0
R005685,1,1,1,138.61,none,0
R005686,1,1,1,102.52,none,0
R005687,1,1,1,65.04,none,0
R005688,1,1,1,85.48,none,0
R005689,1,1,1,35.49,none,0
R005690,1,1,1,78.27,none,0
R005691,1,1,1,69.86,none,0
R005692,1,1,1,75.56,none,0
R005693,1,1,1,2914.52,coordinated_abuse,1
R005694,1,1,1,121.34,none,0
R005695,1,1,1,156.46,none,0
R005696,1,1,1,92.32,none,0
R005697,1,1,1,121.07,none,0
R005698,1,0,1,74.0,none,0
R005699,0,1,1,65.31,none,0
R005700,1,1,1,119.96,none,0
R005701,1,1,1,87.81,none,0
R005702,1,1,1,138.54,none,0
R005703,1,1,1,48.23,none,0
R005704,1,1,1,45.95,none,0
R005705,1,1,1,61.31,none,0
R005706,1,1,1,96.83,none,0
R005707,1,1,1,73.62,none,0
R005708,1,1,1,140.11,none,0
R005709,1,1,1,108.53,none,0
R005710,1,1,1,53.62,none,0
R005711,1,1,1,127.91,none,0
R005712,1,1,1,281.15,none,0
R005713,1,1,1,316.62,none,0
R005714,1,1,1,18.93,none,0
R005715,1,1,1,79.94,none,0
R005716,1,1,1,94.64,none,0
R005717,0,0,1,1254.5,refund_abuse,1
R005718,1,1,1,274.86,none,0
R005719,1,1,1,112.93,none,0
R005720,1,1,1,26.38,none,0
R005721,1,1,1,138.26,none,0
R005722,1,1,1,148.35,none,0
R005723,1,1,1,82.23,none,0
R005724,1,0,1,114.54,none,0
R005725,1,1,1,245.47,none,0
R005726,1,0,1,1984.18,condition_mismatch,1
R005727,1,1,1,77.11,none,0
R005728,1,1,1,283.67,none,0
R005729,1,1,1,436.52,none,0
R005730,1,1,1,122.37,none,0
R005731,1,1,1,148.99,none,0
R005732,1,1,1,85.82,none,0
R005733,1,1,1,131.24,none,0
R005734,1,1,1,226.49,none,0
R005735,1,1,1,122.58,none,0
R005736,1,1,1,78.98,none,0
R005737,1,1,1,44.06,none,0
R005738,1,1,1,104.17,none,0
R005739,1,1,1,87.73,none,0
R005740,1,1,1,348.9,none,0
R005741,1,1,1,377.71,none,0
R005742,1,1,1,55.2,none,0
R005743,1,1,1,55.94,none,0
R005744,1,0,1,96.19,none,0
R005745,1,1,1,148.67,none,0
R005746,1,1,1,198.86,none,0
R005747,1,1,1,600.0,none,0
R005748,1,1,1,127.29,none,0
R005749,1,1,1,97.42,none,0
R005750,1,1,1,126.27,none,0
R005751,1,1,1,50.89,none,0
R005752,1,1,1,63.56,none,0
R005753,1,1,1,220.69,none,0
R005754,1,1,1,90.93,none,0
R005755,1,1,1,600.0,none,0
R005756,1,1,1,71.16,none,0
R005757,1,1,1,31.1,none,0
R005758,1,1,1,58.98,none,0
R005759,1,1,1,148.18,none,0
R005760,1,1,1,95.46,none,0
R005761,1,1,1,110.84,none,0
R005762,1,1,1,48.92,none,0
R005763,1,1,1,600.0,none,0
R005764,1,1,1,41.22,none,0
R005765,1,1,1,236.43,none,0
R005766,1,1,1,58.33,none,0
R005767,1,1,1,95.59,none,0
R005768,1,1,1,181.85,none,0
R005769,1,1,1,89.12,none,0
R005770,1,1,1,253.4,none,0
R005771,1,1,1,600.0,none,0
R005772,1,1,1,939.16,condition_mismatch,1
R005773,1,1,1,155.31,none,0
R005774,1,1,1,43.96,none,0
R005775,1,1,1,600.0,none,0
R005776,1,1,1,73.9,none,0
R005777,1,1,1,89.53,none,0
R005778,1,1,1,482.84,none,0
R005779,1,1,1,66.05,none,0
R005780,1,1,1,479.91,none,0
R005781,1,1,1,99.36,none,0
R005782,1,1,1,410.19,none,0
R005783,1,1,1,8520.49,condition_mismatch,1
R005784,1,1,1,107.11,none,0
R005785,1,1,1,255.21,none,0
R005786,1,1,1,57.03,none,0
R005787,1,1,1,188.04,none,0
R005788,1,1,1,114.44,none,0
R005789,1,1,1,66.55,none,0
R005790,1,1,1,49.37,none,0
R005791,1,1,1,271.39,none,0
R005792,1,1,1,21.71,none,0
R005793,1,1,1,44.26,none,0
R005794,1,1,1,88.45,none,0
R005795,1,1,1,76.92,none,0
R005796,1,1,1,115.53,none,0
R005797,1,1,1,60.18,none,0
R005798,1,1,1,9.78,none,0
R005799,1,1,1,164.78,none,0
R005800,1,1,1,50.27,none,0
R005801,1,1,1,210.92,none,0
R005802,1,1,1,130.79,none,0
R005803,1,1,1,102.73,none,0
R005804,1,1,1,54.09,none,0
R005805,1,1,1,432.85,none,0
R005806,1,1,1,220.71,none,0
R005807,1,1,1,68.51,none,0
R005808,0,1,1,77.46,none,0
R005809,1,1,1,175.97,none,0
R005810,1,1,1,70.96,none,0
R005811,1,1,1,518.3,none,0
R005812,1,1,1,82.77,none,0
R005813,1,1,1,98.02,none,0
R005814,1,1,1,172.81,none,0
R005815,1,0,1,55.4,none,0
R005816,1,1,1,94.47,none,0
R005817,1,1,1,93.55,none,0
R005818,1,1,1,173.06,none,0
R005819,1,1,1,259.9,none,0
R005820,1,1,1,49.68,none,0
R005821,1,1,1,600.0,none,0
R005822,1,1,1,115.03,none,0
R005823,1,1,1,600.0,none,0
R005824,1,1,1,73.2,none,0
R005825,1,1,1,66.4,none,0
R005826,1,1,1,111.53,none,0
R005827,1,1,1,15.34,none,0
R005828,1,1,1,244.67,none,0
R005829,1,1,1,192.43,none,0
R005830,1,1,1,47.59,none,0
R005831,1,1,1,59.62,none,0
R005832,1,1,1,107.5,none,0
R005833,1,1,1,71.5,none,0
R005834,1,1,1,37.46,none,0
R005835,1,1,1,91.04,none,0
R005836,1,1,1,156.78,none,0
R005837,1,1,1,37.26,none,0
R005838,0,1,1,203.46,none,0
R005839,1,0,1,494.99,none,0
R005840,1,1,1,80.81,none,0
R005841,1,1,1,107.18,none,0
R005842,1,1,1,150.61,none,0
R005843,1,1,1,0.0,none,0
R005844,1,1,1,425.19,none,0
R005845,1,1,1,15.31,none,0
R005846,1,1,1,141.29,none,0
R005847,1,1,1,122.5,none,0
R005848,1,1,1,52.62,none,0
R005849,1,1,1,3651.18,refund_abuse,1
R005850,1,1,1,76.58,none,0
R005851,1,1,1,4308.95,coordinated_abuse,1
R005852,1,1,1,154.2,none,0
R005853,1,1,1,81.6,none,0
R005854,1,0,1,122.69,none,0
R005855,1,1,1,600.0,none,0
R005856,1,1,1,73.57,none,0
R005857,1,1,1,129.08,none,0
R005858,1,1,1,71.87,none,0
R005859,1,1,1,132.05,none,0
R005860,1,0,1,1779.61,refund_abuse,1
R005861,1,1,1,106.63,none,0
R005862,1,1,1,116.33,none,0
R005863,1,1,1,117.61,none,0
R005864,1,1,1,102.9,none,0
R005865,1,1,1,258.28,none,0
R005866,1,1,1,160.57,none,0
R005867,1,1,1,39.19,none,0
R005868,1,1,1,29.66,none,0
R005869,1,1,1,90.19,none,0
R005870,1,1,1,194.4,none,0
R005871,1,1,1,77.8,none,0
R005872,1,1,1,353.25,none,0
R005873,0,1,1,1114.24,condition_mismatch,1
R005874,1,1,1,109.47,none,0
R005875,1,1,1,82.37,none,0
R005876,1,1,1,111.85,none,0
R005877,1,1,1,76.13,none,0
R005878,1,1,1,16.21,none,0
R005879,1,1,1,36.57,none,0
R005880,1,1,1,9.24,none,0
R005881,1,1,1,144.43,none,0
R005882,1,1,1,600.0,none,0
R005883,1,1,1,138.42,none,0
R005884,1,1,1,68.4,none,0
R005885,1,1,1,87.06,none,0
R005886,1,1,1,166.19,none,0
R005887,1,1,1,750.0,coordinated_abuse,1
R005888,1,1,1,92.83,none,0
R005889,1,1,1,96.13,none,0
R005890,1,1,1,54.94,none,0
R005891,1,1,1,54.21,none,0
R005892,1,1,1,57.98,none,0
R005893,1,1,1,78.71,none,0
R005894,0,1,1,256.49,none,0
R005895,1,1,1,116.02,none,0
R005896,1,1,1,90.36,none,0
R005897,1,1,1,171.64,none,0
R005898,1,1,1,67.41,none,0
R005899,1,1,1,120.67,none,0
R005900,1,1,1,124.58,none,0
R005901,1,1,1,47.86,none,0
R005902,1,1,1,545.16,none,0
R005903,1,1,1,75.35,none,0
R005904,1,1,1,82.66,none,0
R005905,1,1,1,61.33,none,0
R005906,1,0,1,41.41,none,0
R005907,1,1,1,66.13,none,0
R005908,0,0,1,2218.13,coordinated_abuse,1
R005909,1,1,1,53.62,none,0
R005910,1,1,1,8.41,none,0
R005911,1,1,1,72.94,none,0
R005912,0,1,1,73.65,none,0
R005913,1,1,1,44.08,none,0
R005914,1,1,1,88.73,none,0
R005915,1,1,1,67.12,none,0
R005916,1,1,1,369.1,none,0
R005917,1,0,1,338.95,none,0
R005918,1,1,1,581.56,none,0
R005919,1,1,1,112.49,none,0
R005920,1,1,1,40.98,none,0
R005921,1,1,1,125.76,none,0
R005922,1,1,1,245.05,none,0
R005923,1,1,1,204.79,none,0
R005924,1,1,1,79.03,none,0
R005925,0,1,1,84.44,none,0
R005926,1,1,1,187.26,none,0
R005927,1,1,1,111.39,none,0
R005928,1,1,1,83.74,none,0
R005929,1,1,1,26.06,none,0
R005930,1,1,1,157.07,none,0
R005931,1,1,1,77.39,none,0
R005932,1,1,1,71.61,none,0
R005933,1,1,1,45.07,none,0
R005934,1,1,1,246.81,none,0
R005935,1,1,1,58.67,none,0
R005936,1,1,1,600.0,none,0
R005937,1,1,1,366.52,none,0
R005938,1,1,1,164.16,none,0
R005939,1,1,1,262.31,none,0
R005940,1,1,1,124.49,none,0
R005941,1,0,1,4995.69,refund_abuse,1
R005942,0,1,1,169.59,none,0
R005943,1,1,1,52.83,none,0
R005944,1,1,1,60.9,none,0
R005945,1,1,1,106.48,none,0
R005946,1,1,1,84.96,none,0
R005947,1,1,1,40.45,none,0
R005948,1,1,1,600.0,none,0
R005949,1,1,1,96.77,none,0
R005950,1,1,1,410.19,none,0
R005951,1,1,1,67.54,none,0
R005952,1,1,1,61.02,none,0
R005953,1,1,1,42.71,none,0
R005954,1,1,1,42.75,none,0
R005955,1,1,1,119.5,none,0
R005956,1,1,1,600.0,none,0
R005957,1,1,1,86.18,none,0
R005958,1,1,1,67.86,none,0
R005959,1,1,1,70.43,none,0
R005960,1,0,1,156.63,none,0
R005961,1,1,1,67.76,none,0
R005962,1,1,1,92.78,none,0
R005963,1,1,1,600.0,none,0
R005964,1,1,1,197.69,none,0
R005965,1,1,1,52.24,none,0
R005966,1,1,1,156.36,none,0
R005967,1,1,1,158.44,none,0
R005968,1,1,1,39.76,none,0
R005969,1,1,1,90.32,none,0
R005970,1,1,1,51.85,none,0
R005971,1,1,1,131.9,none,0
R005972,1,1,1,141.41,none,0
R005973,1,1,1,84.16,none,0
R005974,1,1,1,53.63,none,0
R005975,1,1,1,26.38,none,0
R005976,1,1,1,275.67,none,0
R005977,1,1,1,76.74,none,0
R005978,1,1,1,154.52,none,0
R005979,1,1,1,3309.48,refund_abuse,1
R005980,1,1,1,118.01,none,0
R005981,1,1,1,328.36,none,0
R005982,1,1,1,50.87,none,0
R005983,1,1,1,415.65,none,0
R005984,1,1,1,1740.96,coordinated_abuse,1
R005985,1,1,1,34.74,none,0
R005986,1,1,1,98.85,none,0
R005987,1,1,1,62.88,none,0
R005988,1,1,1,93.1,none,0
R005989,1,1,1,90.82,none,0
R005990,1,1,1,51.1,none,0
R005991,1,1,1,170.54,none,0
R005992,1,1,1,77.2,none,0
R005993,1,1,1,192.65,none,0
R005994,1,1,1,600.0,none,0
R005995,1,1,1,80.3,none,0
R005996,1,1,1,53.38,none,0
R005997,1,1,1,122.41,none,0
R005998,1,1,1,311.69,none,0
R005999,1,1,1,96.44,none,0
R006000,1,1,1,41.37,none,0
R006001,1,1,1,92.63,none,0
R006002,0,1,1,343.46,none,0
R006003,1,1,1,109.53,none,0
R006004,1,0,1,4039.18,coordinated_abuse,1
R006005,1,1,1,94.3,none,0
R006006,1,1,1,81.05,none,0
R006007,1,1,1,103.62,none,0
R006008,1,0,1,600.0,none,0
R006009,1,0,1,1763.44,condition_mismatch,1
R006010,1,0,1,69.74,none,0
R006011,1,1,1,134.6,none,0
R006012,1,1,1,54.44,none,0
R006013,1,1,1,54.7,none,0
R006014,1,0,1,887.92,refund_abuse,1
R006015,1,1,1,162.0,none,0
R006016,0,1,1,22.76,none,0
R006017,1,1,1,21.89,none,0
R006018,1,1,1,105.65,none,0
R006019,0,1,1,559.08,none,0
R006020,1,1,1,56.29,none,0
R006021,1,1,1,32.35,none,0
R006022,1,1,1,59.84,none,0
R006023,1,1,1,17.04,none,0
R006024,1,0,1,104.23,none,0
R006025,1,1,1,75.11,none,0
R006026,1,1,1,154.83,none,0
R006027,1,0,1,44.37,none,0
R006028,1,1,1,15400.09,condition_mismatch,1
R006029,1,1,1,47.1,none,0
R006030,1,1,1,262.86,none,0
R006031,1,1,1,161.63,none,0
R006032,1,1,1,66.25,none,0
R006033,1,1,1,198.01,none,0
R006034,1,1,1,248.15,none,0
R006035,1,1,1,49.26,none,0
R006036,1,1,1,78.86,none,0
R006037,1,1,1,49.7,none,0
R006038,1,1,1,215.3,none,0
R006039,1,1,1,76.27,none,0
R006040,1,1,1,56.79,none,0
R006041,1,1,1,66.23,none,0
R006042,1,1,1,123.31,none,0
R006043,1,1,1,106.05,none,0
R006044,1,1,1,89.18,none,0
R006045,1,1,1,8896.89,condition_mismatch,1
R006046,1,1,1,170.87,none,0
R006047,1,1,1,124.71,none,0
R006048,1,1,1,59.38,none,0
R006049,1,1,1,323.89,none,0
R006050,1,1,1,63.75,none,0
R006051,1,1,1,74.56,none,0
R006052,1,1,1,115.14,none,0
R006053,1,1,1,65.08,none,0
R006054,1,1,1,132.03,none,0
R006055,1,1,1,20.38,none,0
R006056,1,1,1,443.27,none,0
R006057,1,1,1,327.2,none,0
R006058,1,1,1,84.9,none,0
R006059,1,1,1,208.26,none,0
R006060,1,1,1,51.34,none,0
R006061,1,1,1,83.59,none,0
R006062,0,1,1,333.27,none,0
R006063,1,1,1,99.37,none,0
R006064,1,1,1,104.12,none,0
R006065,1,1,1,200.64,none,0
R006066,1,1,1,109.61,none,0
R006067,1,1,1,450.42,none,0
R006068,1,1,1,104.43,none,0
R006069,1,1,1,47.4,none,0
R006070,1,1,1,148.85,none,0
R006071,1,1,1,113.32,none,0
R006072,1,1,1,49.76,none,0
R006073,1,1,1,10.66,none,0
R006074,1,1,1,144.92,none,0
R006075,1,1,1,55.09,none,0
R006076,1,1,1,295.02,none,0
R006077,1,1,1,54.36,none,0
R006078,1,1,1,31.8,none,0
R006079,1,1,1,123.18,none,0
R006080,0,0,1,1723.02,condition_mismatch,1
R006081,1,1,1,600.0,none,0
R006082,1,1,1,600.0,none,0
R006083,1,1,1,55.12,none,0
R006084,1,1,1,95.63,none,0
R006085,1,1,1,196.13,none,0
R006086,1,1,1,134.6,none,0
R006087,1,1,1,35.5,none,0
R006088,1,1,1,84.07,none,0
R006089,1,1,1,174.45,none,0
R006090,1,1,1,91.44,none,0
R006091,1,1,1,109.01,none,0
R006092,1,1,1,113.48,none,0
R006093,1,1,1,83.76,none,0
R006094,1,1,1,40.77,none,0
R006095,0,1,1,70.79,none,0
R006096,1,1,1,49.18,none,0
R006097,1,1,1,139.45,none,0
R006098,1,1,1,1338.27,coordinated_abuse,1
R006099,1,1,1,117.78,none,0
R006100,1,1,1,36.71,none,0
R006101,1,1,1,66.16,none,0
R006102,1,1,1,236.84,none,0
R006103,1,1,1,84.81,none,0
R006104,1,1,1,600.0,none,0
R006105,1,1,1,48.79,none,0
R006106,1,1,1,133.15,none,0
R006107,1,1,1,80.2,none,0
R006108,1,1,1,51.59,none,0
R006109,1,1,1,889.22,coordinated_abuse,1
R006110,1,1,1,13.76,none,0
R006111,1,1,1,69.8,none,0
R006112,1,1,1,163.54,none,0
R006113,1,1,1,143.36,none,0
R006114,1,0,1,8173.38,condition_mismatch,1
R006115,1,1,1,97.84,none,0
R006116,1,1,1,1559.99,refund_abuse,1
R006117,1,1,1,22.22,none,0
R006118,1,1,1,199.82,none,0
R006119,1,0,1,87.69,none,0
R006120,1,1,1,110.57,none,0
R006121,1,1,1,25.79,none,0
R006122,1,1,1,144.74,none,0
R006123,0,0,1,39.83,none,0
R006124,1,1,1,215.61,none,0
R006125,1,0,1,2296.29,condition_mismatch,1
R006126,1,1,1,163.72,none,0
R006127,1,1,1,143.91,none,0
R006128,0,0,1,3515.19,condition_mismatch,1
R006129,1,1,1,112.26,none,0
R006130,1,1,1,144.66,none,0
R006131,1,1,1,143.26,none,0
R006132,1,1,1,170.61,none,0
R006133,1,1,1,195.99,none,0
R006134,1,1,1,117.17,none,0
R006135,1,1,1,55.74,none,0
R006136,1,1,1,51.91,none,0
R006137,1,1,1,127.09,none,0
R006138,1,1,1,222.13,none,0
R006139,1,1,1,97.53,none,0
R006140,1,1,1,36.44,none,0
R006141,1,1,1,200.1,none,0
R006142,0,1,1,46.18,none,0
R006143,1,1,1,157.35,none,0
R006144,1,1,1,98.44,none,0
R006145,1,1,1,295.7,none,0
R006146,1,1,1,89.65,none,0
R006147,1,1,1,233.13,none,0
R006148,1,1,1,73.5,none,0
R006149,1,1,1,116.23,none,0
R006150,1,1,1,90.17,none,0
R006151,0,1,1,53.65,none,0
R006152,1,1,1,139.68,none,0
R006153,1,1,1,78.68,none,0
R006154,1,1,1,116.21,none,0
R006155,1,1,1,167.45,none,0
R006156,1,1,1,151.13,none,0
R006157,1,1,1,109.26,none,0
R006158,1,1,1,51.5,none,0
R006159,1,1,1,61.17,none,0
R006160,1,1,1,4051.75,coordinated_abuse,1
R006161,1,1,1,69.93,none,0
R006162,1,1,1,22.74,none,0
R006163,1,1,1,62.96,none,0
R006164,1,1,1,75.44,none,0
R006165,1,1,1,123.51,none,0
R006166,1,1,1,204.57,none,0
R006167,1,1,1,343.28,none,0
R006168,1,1,1,75.46,none,0
R006169,1,1,1,34.21,none,0
R006170,1,1,1,39.68,none,0
R006171,1,1,1,60.64,none,0
R006172,1,1,1,430.19,none,0
R006173,0,0,1,750.0,refund_abuse,1
R006174,1,1,1,315.65,none,0
R006175,1,1,1,108.97,none,0
R006176,1,1,1,66.89,none,0
R006177,1,1,1,78.42,none,0
R006178,1,1,1,108.13,none,0
R006179,1,1,1,94.63,none,0
R006180,1,1,1,97.74,none,0
R006181,1,1,1,20.55,none,0
R006182,1,1,1,103.91,none,0
R006183,1,1,1,171.7,none,0
R006184,1,1,1,93.07,none,0
R006185,1,1,1,81.46,none,0
R006186,1,1,1,21.4,none,0
R006187,0,1,1,42.63,none,0
R006188,1,1,1,135.29,none,0
R006189,1,1,1,107.48,none,0
R006190,1,1,1,54.71,none,0
R006191,1,1,1,37.67,none,0
R006192,1,1,1,48.28,none,0
R006193,1,1,1,106.92,none,0
R006194,0,1,1,113.81,none,0
R006195,1,1,1,386.0,none,0
R006196,1,1,1,168.08,none,0
R006197,1,1,1,162.51,none,0
R006198,1,1,1,33.14,none,0
R006199,1,1,1,40.63,none,0
R006200,1,1,1,225.79,none,0
R006201,1,1,1,34.55,none,0
R006202,1,1,1,171.99,none,0
R006203,1,0,1,131.03,none,0
R006204,1,1,1,67.81,none,0
R006205,1,1,1,24.13,none,0
R006206,1,1,1,68.52,none,0
R006207,1,1,1,600.0,none,0
R006208,1,1,1,60.42,none,0
R006209,1,1,1,13.96,none,0
R006210,1,1,1,75.29,none,0
R006211,1,1,1,76.93,none,0
R006212,1,1,1,55.69,none,0
R006213,1,1,1,54.11,none,0
R006214,0,1,1,156.58,none,0
R006215,1,1,1,39.1,none,0
R006216,1,1,1,58.73,none,0
R006217,1,1,1,600.0,none,0
R006218,1,1,1,69.16,none,0
R006219,1,1,1,141.33,none,0
R006220,1,1,1,285.25,none,0
R006221,1,1,1,74.19,none,0
R006222,1,1,1,94.93,none,0
R006223,1,1,1,3314.45,condition_mismatch,1
R006224,1,1,1,82.34,none,0
R006225,1,1,1,167.56,none,0
R006226,1,1,1,60.77,none,0
R006227,1,1,1,215.57,none,0
R006228,1,1,1,216.21,none,0
R006229,1,1,1,95.81,none,0
R006230,1,1,1,102.99,none,0
R006231,1,1,1,509.66,none,0
R006232,1,1,1,318.92,none,0
R006233,1,1,1,14.68,none,0
R006234,1,1,1,45.41,none,0
R006235,1,1,1,101.23,none,0
R006236,1,0,1,0.0,none,0
R006237,1,1,1,180.02,none,0
R006238,1,1,1,98.06,none,0
R006239,1,1,1,142.09,none,0
R006240,1,1,1,39.39,none,0
R006241,1,1,1,144.44,none,0
R006242,1,1,1,245.84,none,0
R006243,1,1,1,72.56,none,0
R006244,1,1,1,58.94,none,0
R006245,1,1,1,27.84,none,0
R006246,1,1,1,386.73,none,0
R006247,1,1,1,155.0,none,0
R006248,1,0,1,275.38,none,0
R006249,1,1,1,108.83,none,0
R006250,1,1,1,140.7,none,0
R006251,1,1,1,79.31,none,0
R006252,1,1,1,167.67,none,0
R006253,1,1,1,200.62,none,0
R006254,1,1,1,170.81,none,0
R006255,1,0,1,503.47,none,0
R006256,1,1,1,105.64,none,0
R006257,1,1,1,70.93,none,0
R006258,1,1,1,182.31,none,0
R006259,1,1,1,103.25,none,0
R006260,1,1,1,23.8,none,0
R006261,1,1,1,103.46,none,0
R006262,1,1,1,28.08,none,0
R006263,1,1,1,101.9,none,0
R006264,1,1,1,92.0,none,0
R006265,1,1,1,123.69,none,0
R006266,1,1,1,65.81,none,0
R006267,1,1,1,105.0,none,0
R006268,1,1,1,195.82,none,0
R006269,1,1,1,80.71,none,0
R006270,0,1,1,600.0,none,0
R006271,1,1,1,186.85,none,0
R006272,1,1,1,144.61,none,0
R006273,1,1,1,112.49,none,0
R006274,1,1,1,46.7,none,0
R006275,1,1,1,65.33,none,0
R006276,1,1,1,14.74,none,0
R006277,0,1,1,81.51,none,0
R006278,1,1,1,53.84,none,0
R006279,1,1,1,188.87,none,0
R006280,1,1,1,93.62,none,0
R006281,1,1,1,95.55,none,0
R006282,1,1,1,91.76,none,0
R006283,1,1,1,1333.19,refund_abuse,1
R006284,1,1,1,24.57,none,0
R006285,1,1,1,65.64,none,0
R006286,1,1,1,8.16,none,0
R006287,1,1,1,54.59,none,0
R006288,1,1,1,143.74,none,0
R006289,1,1,1,402.09,none,0
R006290,1,1,1,595.64,none,0
R006291,0,1,1,46.38,none,0
R006292,1,1,1,73.34,none,0
R006293,1,1,1,60.41,none,0
R006294,1,1,1,26.14,none,0
R006295,1,1,1,69.12,none,0
R006296,1,1,1,55.67,none,0
R006297,1,1,1,42.14,none,0
R006298,1,1,1,228.6,none,0
R006299,1,1,1,265.1,none,0
R006300,1,1,1,90.88,none,0
R006301,1,1,1,54.83,none,0
R006302,1,1,1,279.48,none,0
R006303,1,1,1,83.46,none,0
R006304,1,1,1,600.0,none,0
R006305,1,1,1,49.44,none,0
R006306,1,0,1,15815.93,condition_mismatch,1
R006307,1,1,1,315.76,none,0
R006308,1,1,1,156.23,none,0
R006309,1,1,1,147.31,none,0
R006310,1,1,1,314.3,none,0
R006311,1,1,1,73.01,none,0
R006312,1,1,1,190.69,none,0
R006313,1,1,1,120.45,none,0
R006314,1,1,1,235.82,none,0
R006315,1,1,1,69.17,none,0
R006316,1,1,1,327.17,none,0
R006317,1,0,1,119.49,none,0
R006318,1,1,1,3.44,none,0
R006319,1,1,1,131.3,none,0
R006320,1,0,1,1452.47,coordinated_abuse,1
R006321,1,1,1,42.86,none,0
R006322,1,1,1,60.1,none,0
R006323,1,1,1,103.53,none,0
R006324,1,0,1,750.0,condition_mismatch,1
R006325,1,1,1,20.23,none,0
R006326,1,1,1,26.94,none,0
R006327,1,1,1,140.63,none,0
R006328,1,1,1,80.21,none,0
R006329,1,1,1,109.83,none,0
R006330,1,1,1,67.08,none,0
R006331,1,1,1,119.2,none,0
R006332,1,1,1,84.82,none,0
R006333,1,1,1,412.74,none,0
R006334,1,1,1,172.38,none,0
R006335,1,1,1,103.16,none,0
R006336,1,1,1,150.32,none,0
R006337,1,1,1,59.53,none,0
R006338,1,1,1,22.98,none,0
R006339,1,1,1,49.75,none,0
R006340,1,1,1,107.7,none,0
R006341,1,1,1,146.59,none,0
R006342,1,1,1,33.52,none,0
R006343,1,1,1,228.32,none,0
R006344,1,1,1,157.55,none,0
R006345,1,1,1,200.85,none,0
R006346,1,1,1,0.0,none,0
R006347,1,1,1,77.72,none,0
R006348,0,1,1,95.9,none,0
R006349,1,1,1,144.73,none,0
R006350,1,1,1,105.76,none,0
R006351,1,1,1,365.67,none,0
R006352,1,1,1,95.41,none,0
R006353,1,1,1,62.61,none,0
R006354,1,1,1,29.04,none,0
R006355,0,1,1,2473.42,refund_abuse,1
R006356,1,1,1,136.98,none,0
R006357,1,1,1,46.51,none,0
R006358,1,1,1,61.14,none,0
R006359,1,1,1,170.49,none,0
R006360,1,1,1,10.27,none,0
R006361,0,1,1,750.0,refund_abuse,1
R006362,1,1,1,38.21,none,0
R006363,1,1,1,34.82,none,0
R006364,1,1,1,47.11,none,0
R006365,1,1,1,600.0,none,0
R006366,1,1,1,107.27,none,0
R006367,1,0,1,108.62,none,0
R006368,1,0,1,47.92,none,0
R006369,1,1,1,54.45,none,0
R006370,1,1,1,66.65,none,0
R006371,1,1,1,400.48,none,0
R006372,1,1,1,128.12,none,0
R006373,1,0,1,72.86,none,0
R006374,1,1,1,67.94,none,0
R006375,1,1,1,167.45,none,0
R006376,1,1,1,126.53,none,0
R006377,1,1,1,118.11,none,0
R006378,1,0,1,36.35,none,0
R006379,1,1,1,177.73,none,0
R006380,1,1,1,146.7,none,0
R006381,1,1,1,1308.08,coordinated_abuse,1
R006382,1,1,1,188.81,none,0
R006383,1,1,1,79.0,none,0
R006384,1,1,1,104.84,none,0
R006385,1,1,1,65.81,none,0
R006386,1,1,1,197.54,none,0
R006387,1,1,1,173.96,none,0
R006388,1,1,1,42.73,none,0
R006389,1,1,1,95.75,none,0
R006390,1,0,1,89.27,none,0
R006391,0,1,1,93.96,none,0
R006392,1,1,1,383.04,none,0
R006393,1,1,1,92.93,none,0
R006394,1,1,1,600.0,none,0
R006395,0,1,1,3035.52,refund_abuse,1
R006396,0,1,1,81.06,none,0
R006397,0,1,1,90.25,none,0
R006398,1,1,1,18.07,none,0
R006399,1,1,1,137.56,none,0
R006400,1,1,1,86.14,none,0
R006401,1,0,1,114.17,none,0
R006402,1,1,1,18.18,none,0
R006403,1,1,1,110.65,none,0
R006404,1,1,1,196.33,none,0
R006405,1,1,1,600.0,none,0
R006406,1,1,1,109.61,none,0
R006407,1,1,1,54.82,none,0
R006408,1,1,1,169.11,none,0
R006409,1,1,1,503.45,none,0
R006410,1,1,1,47.16,none,0
R006411,1,1,1,76.53,none,0
R006412,1,1,1,196.35,none,0
R006413,1,1,1,72.7,none,0
R006414,1,1,1,600.0,none,0
R006415,1,1,1,82.76,none,0
R006416,1,1,1,69.08,none,0
R006417,1,1,1,47.48,none,0
R006418,0,1,1,128.86,none,0
R006419,1,1,1,41.87,none,0
R006420,1,1,1,118.23,none,0
R006421,1,1,1,68.6,none,0
R006422,1,1,1,199.22,none,0
R006423,1,1,1,18.43,none,0
R006424,1,1,1,112.12,none,0
R006425,1,1,1,24.54,none,0
R006426,1,0,1,82.19,none,0
R006427,1,1,1,116.86,none,0
R006428,1,1,1,79.13,none,0
R006429,0,1,1,1201.6,coordinated_abuse,1
R006430,1,1,1,104.59,none,0
R006431,1,1,1,32.96,none,0
R006432,1,1,1,120.46,none,0
R006433,1,1,1,281.08,none,0
R006434,1,1,1,96.43,none,0
R006435,1,1,1,64.28,none,0
R006436,1,1,1,194.59,none,0
R006437,1,1,1,177.25,none,0
R006438,1,1,1,121.2,none,0
R006439,1,1,1,137.91,none,0
R006440,1,1,1,291.72,none,0
R006441,1,1,1,163.53,none,0
R006442,1,1,1,54.42,none,0
R006443,1,1,1,66.22,none,0
R006444,1,1,1,140.86,none,0
R006445,1,1,1,2215.95,refund_abuse,1
R006446,1,1,1,354.3,none,0
R006447,1,1,1,32.61,none,0
R006448,1,1,1,237.22,none,0
R006449,1,1,1,65.09,none,0
R006450,1,0,1,407.66,none,0
R006451,1,1,1,35.73,none,0
R006452,1,1,1,70.94,none,0
R006453,1,1,1,61.92,none,0
R006454,1,1,1,0.0,none,0
R006455,1,1,1,6930.54,condition_mismatch,1
R006456,1,1,1,85.83,none,0
R006457,1,0,1,1174.52,condition_mismatch,1
R006458,1,1,1,112.31,none,0
R006459,1,1,1,68.13,none,0
R006460,1,0,1,67.53,none,0
R006461,1,1,1,303.16,none,0
R006462,1,1,1,66.74,none,0
R006463,1,1,1,186.88,none,0
R006464,1,1,1,125.71,none,0
R006465,1,1,1,75.37,none,0
R006466,1,1,1,85.94,none,0
R006467,1,1,1,112.46,none,0
R006468,1,1,1,382.66,none,0
R006469,1,1,1,61.97,none,0
R006470,1,1,1,39.24,none,0
R006471,1,1,1,212.33,none,0
R006472,1,1,1,62.39,none,0
R006473,1,1,1,24.43,none,0
R006474,1,1,1,137.62,none,0
R006475,1,1,1,211.76,none,0
R006476,1,1,1,123.76,none,0
R006477,1,1,1,7.55,none,0
R006478,1,1,1,56.75,none,0
R006479,1,1,1,110.29,none,0
R006480,1,1,1,64.17,none,0
R006481,1,1,1,182.32,none,0
R006482,0,1,1,17.46,none,0
R006483,1,1,1,185.04,none,0
R006484,1,1,1,121.42,none,0
R006485,1,1,1,136.24,none,0
R006486,1,1,1,139.73,none,0
R006487,1,1,1,65.13,none,0
R006488,1,1,1,138.49,none,0
R006489,1,0,1,50.58,none,0
R006490,1,1,1,90.62,none,0
R006491,1,1,1,94.6,none,0
R006492,1,1,1,1544.59,refund_abuse,1
R006493,1,1,1,50.62,none,0
R006494,1,1,1,27.33,none,0
R006495,1,1,1,119.9,none,0
R006496,1,1,1,600.0,none,0
R006497,1,1,1,20.59,none,0
R006498,1,1,1,63.38,none,0
R006499,1,1,1,69.66,none,0
R006500,1,1,1,125.65,none,0
R006501,1,1,1,5.39,none,0
R006502,0,1,1,1047.28,refund_abuse,1
R006503,1,1,1,28.45,none,0
R006504,1,1,1,67.0,none,0
R006505,1,1,1,62.5,none,0
R006506,1,1,1,68.71,none,0
R006507,1,1,1,78.02,none,0
R006508,1,1,1,97.88,none,0
R006509,1,1,1,473.3,none,0
R006510,1,1,1,258.94,none,0
R006511,1,1,1,72.07,none,0
R006512,1,1,1,143.59,none,0
R006513,1,1,1,61.52,none,0
R006514,1,1,1,60.35,none,0
R006515,1,1,1,68.21,none,0
R006516,1,1,1,47.94,none,0
R006517,1,1,1,70.77,none,0
R006518,1,1,1,113.95,none,0
R006519,1,1,1,80.34,none,0
R006520,1,1,1,154.64,none,0
R006521,1,1,1,112.62,none,0
R006522,1,1,1,84.55,none,0
R006523,1,1,1,600.0,none,0
R006524,1,1,1,44.27,none,0
R006525,1,1,1,65.02,none,0
R006526,1,1,1,2375.54,condition_mismatch,1
R006527,1,1,1,73.45,none,0
R006528,1,1,1,9.28,none,0
R006529,1,1,1,90.65,none,0
R006530,1,1,1,52.86,none,0
R006531,1,1,1,175.94,none,0
R006532,1,1,1,44.26,none,0
R006533,1,1,1,143.36,none,0
R006534,0,1,1,52.01,none,0
R006535,1,1,1,345.33,none,0
R006536,1,1,1,371.11,none,0
R006537,1,1,1,275.31,none,0
R006538,1,1,1,174.51,none,0
R006539,1,1,1,287.03,none,0
R006540,1,1,1,17.24,none,0
R006541,1,1,1,227.45,none,0
R006542,1,1,1,68.74,none,0
R006543,1,0,1,28.27,none,0
R006544,1,1,1,429.88,none,0
R006545,1,1,1,111.27,none,0
R006546,1,1,1,105.26,none,0
R006547,0,1,1,2804.82,refund_abuse,1
R006548,1,1,1,189.98,none,0
R006549,1,1,1,157.6,none,0
R006550,1,1,1,223.16,none,0
R006551,1,1,1,299.28,none,0
R006552,1,1,1,181.09,none,0
R006553,1,1,1,600.0,none,0
R006554,1,1,1,180.79,none,0
R006555,1,1,1,127.73,none,0
R006556,1,1,1,474.75,none,0
R006557,1,1,1,301.51,none,0
R006558,1,1,1,48.43,none,0
R006559,1,1,1,290.11,none,0
R006560,1,1,1,125.9,none,0
R006561,1,1,1,265.53,none,0
R006562,0,1,1,72.67,none,0
R006563,1,1,1,163.73,none,0
R006564,1,1,1,71.59,none,0
R006565,0,0,1,13.38,none,0
R006566,1,1,1,98.84,none,0
R006567,1,1,1,600.0,none,0
R006568,1,1,1,184.77,none,0
R006569,1,1,1,74.59,none,0
R006570,1,1,1,0.0,none,0
R006571,1,1,1,177.01,none,0
R006572,0,1,1,139.86,none,0
R006573,1,1,1,141.67,none,0
R006574,1,1,1,446.83,none,0
R006575,1,1,1,88.24,none,0
R006576,1,1,1,253.68,none,0
R006577,1,1,1,2530.48,refund_abuse,1
R006578,1,1,1,209.51,none,0
R006579,1,0,1,137.93,none,0
R006580,1,1,1,87.29,none,0
R006581,1,1,1,225.52,none,0
R006582,0,1,1,78.55,none,0
R006583,1,1,1,97.17,none,0
R006584,1,1,1,48.04,none,0
R006585,1,1,1,386.67,none,0
R006586,1,1,1,112.42,none,0
R006587,1,1,1,57.35,none,0
R006588,1,1,1,148.56,none,0
R006589,1,1,1,110.79,none,0
R006590,1,1,1,57.47,none,0
R006591,1,1,1,49.83,none,0
R006592,1,1,1,46.02,none,0
R006593,1,1,1,385.95,none,0
R006594,1,1,1,50.22,none,0
R006595,1,1,1,85.4,none,0
R006596,1,1,1,125.94,none,0
R006597,1,1,1,92.43,none,0
R006598,1,1,1,325.57,none,0
R006599,1,1,1,99.13,none,0
R006600,1,1,1,346.56,none,0
R006601,1,1,1,86.37,none,0
R006602,1,1,1,43.26,none,0
R006603,1,1,1,600.0,none,0
R006604,1,1,1,410.04,none,0
R006605,1,1,1,136.21,none,0
R006606,1,1,1,114.29,none,0
R006607,1,1,1,159.49,none,0
R006608,1,1,1,299.82,none,0
R006609,1,1,1,108.03,none,0
R006610,0,1,1,1198.83,refund_abuse,1
R006611,1,1,1,98.42,none,0
R006612,1,1,1,600.0,none,0
R006613,1,1,1,139.72,none,0
R006614,1,1,1,216.96,none,0
R006615,1,1,1,230.85,none,0
R006616,0,1,1,159.42,none,0
R006617,1,1,1,600.0,none,0
R006618,1,1,1,127.73,none,0
R006619,1,0,1,52.67,none,0
R006620,1,1,1,200.38,none,0
R006621,1,1,1,347.02,none,0
R006622,1,1,1,160.98,none,0
R006623,1,1,1,178.45,none,0
R006624,1,1,1,253.31,none,0
R006625,1,1,1,48.94,none,0
R006626,1,1,1,1745.03,refund_abuse,1
R006627,1,1,1,118.67,none,0
R006628,1,1,1,118.61,none,0
R006629,1,1,1,181.13,none,0
R006630,0,1,1,219.54,none,0
R006631,1,1,1,87.3,none,0
R006632,1,1,1,79.63,none,0
R006633,1,1,1,49.25,none,0
R006634,1,1,1,293.51,none,0
R006635,1,1,1,57.4,none,0
R006636,1,1,1,65.88,none,0
R006637,1,1,1,75.71,none,0
R006638,1,1,1,254.43,none,0
R006639,0,1,1,43.02,none,0
R006640,1,1,1,14.39,none,0
R006641,1,1,1,74.93,none,0
R006642,1,1,1,28.64,none,0
R006643,1,1,1,271.71,none,0
R006644,1,1,1,155.84,none,0
R006645,1,1,1,79.05,none,0
R006646,1,1,1,66.16,none,0
R006647,1,1,1,291.5,none,0
R006648,1,1,1,281.06,none,0
R006649,1,1,1,67.42,none,0
R006650,1,1,1,203.9,none,0
R006651,1,1,1,122.53,none,0
R006652,1,1,1,175.6,none,0
R006653,1,1,1,151.83,none,0
R006654,1,1,1,125.63,none,0
R006655,1,1,1,168.75,none,0
R006656,1,1,1,256.26,none,0
R006657,1,1,1,127.32,none,0
R006658,1,1,1,114.91,none,0
R006659,1,1,1,1659.21,refund_abuse,1
R006660,1,1,1,338.66,none,0
R006661,1,1,1,99.62,none,0
R006662,1,1,1,104.47,none,0
R006663,1,1,1,75.21,none,0
R006664,1,1,1,3698.03,refund_abuse,1
R006665,1,1,1,13.56,none,0
R006666,1,1,1,9.85,none,0
R006667,1,1,1,116.29,none,0
R006668,1,1,1,33.72,none,0
R006669,1,1,1,600.0,none,0
R006670,1,1,1,160.59,none,0
R006671,0,1,1,118.51,none,0
R006672,1,1,1,127.97,none,0
R006673,1,1,1,43.32,none,0
R006674,1,1,1,29.17,none,0
R006675,1,1,1,143.13,none,0
R006676,1,1,1,37.94,none,0
R006677,1,1,1,1618.68,condition_mismatch,1
R006678,1,1,1,220.7,none,0
R006679,1,0,1,41.57,none,0
R006680,1,1,1,93.53,none,0
R006681,1,1,1,156.46,none,0
R006682,1,1,1,304.29,none,0
R006683,1,1,1,28.83,none,0
R006684,1,1,1,202.84,none,0
R006685,1,1,1,35.3,none,0
R006686,1,1,1,68.54,none,0
R006687,1,1,1,68.15,none,0
R006688,0,1,1,3444.67,refund_abuse,1
R006689,1,1,1,199.2,none,0
R006690,1,1,1,90.44,none,0
R006691,1,1,1,173.34,none,0
R006692,1,1,1,85.1,none,0
R006693,1,0,1,138.97,none,0
R006694,1,1,1,126.16,none,0
R006695,1,1,1,149.93,none,0
R006696,1,1,1,45.69,none,0
R006697,1,1,1,71.04,none,0
R006698,1,1,1,62.37,none,0
R006699,1,1,1,52.1,none,0
R006700,1,1,1,25.85,none,0
R006701,1,0,1,32.86,none,0
R006702,1,1,1,65.41,none,0
R006703,0,1,1,2451.49,refund_abuse,1
R006704,1,1,1,9.75,none,0
R006705,1,1,1,128.39,none,0
R006706,1,1,1,114.4,none,0
R006707,1,1,1,600.0,none,0
R006708,1,1,1,152.44,none,0
R006709,1,1,1,200.75,none,0
R006710,1,0,1,85.23,none,0
R006711,1,1,1,234.7,none,0
R006712,1,1,1,28.4,none,0
R006713,1,1,1,53.14,none,0
R006714,1,1,1,69.04,none,0
R006715,1,1,1,95.41,none,0
R006716,1,0,1,6036.6,refund_abuse,1
R006717,1,1,1,184.43,none,0
R006718,0,0,1,1444.8,coordinated_abuse,1
R006719,1,1,1,53.14,none,0
R006720,1,1,1,102.59,none,0
R006721,1,0,1,101.31,none,0
R006722,1,1,1,570.59,none,0
R006723,1,1,1,264.38,none,0
R006724,1,1,1,151.35,none,0
R006725,1,1,1,120.53,none,0
R006726,1,1,1,283.38,none,0
R006727,1,1,1,600.0,none,0
R006728,1,1,1,139.62,none,0
R006729,1,1,1,54.25,none,0
R006730,1,1,1,29.68,none,0
R006731,0,0,1,1618.42,refund_abuse,1
R006732,1,1,1,40.79,none,0
R006733,1,1,1,370.56,none,0
R006734,1,1,1,98.56,none,0
R006735,1,1,1,59.25,none,0
R006736,1,1,1,108.85,none,0
R006737,1,1,1,164.57,none,0
R006738,1,1,1,101.38,none,0
R006739,1,1,1,38.06,none,0
R006740,1,1,1,150.75,none,0
R006741,1,1,1,162.78,none,0
R006742,1,1,1,29.42,none,0
R006743,1,1,1,107.85,none,0
R006744,1,1,1,175.82,none,0
R006745,1,1,1,61.92,none,0
R006746,1,1,1,600.0,none,0
R006747,1,1,1,77.09,none,0
R006748,1,1,1,51.61,none,0
R006749,1,1,1,126.77,none,0
R006750,1,1,1,330.33,none,0
R006751,1,1,1,48.56,none,0
R006752,1,1,1,134.65,none,0
R006753,1,1,1,55.06,none,0
R006754,1,1,1,48.97,none,0
R006755,1,1,1,131.86,none,0
R006756,1,1,1,337.4,none,0
R006757,1,1,1,78.27,none,0
R006758,1,1,1,54.73,none,0
R006759,1,1,1,57.04,none,0
R006760,1,1,1,556.48,none,0
R006761,0,1,1,600.0,none,0
R006762,1,1,1,600.0,none,0
R006763,1,1,1,51.48,none,0
R006764,1,1,1,93.31,none,0
R006765,1,1,1,600.0,none,0
R006766,0,1,1,1105.38,refund_abuse,1
R006767,1,0,1,69.95,none,0
R006768,1,1,1,73.39,none,0
R006769,1,1,1,87.98,none,0
R006770,1,1,1,105.54,none,0
R006771,0,0,1,9387.72,condition_mismatch,1
R006772,1,1,1,47.93,none,0
R006773,1,1,1,218.25,none,0
R006774,1,1,1,582.35,none,0
R006775,1,1,1,142.78,none,0
R006776,1,1,1,61.73,none,0
R006777,1,1,1,16.09,none,0
R006778,1,1,1,54.54,none,0
R006779,1,1,1,52.53,none,0
R006780,1,1,1,24.79,none,0
R006781,1,1,1,114.24,none,0
R006782,1,1,1,73.93,none,0
R006783,1,1,1,600.0,none,0
R006784,1,1,1,86.7,none,0
R006785,1,1,1,371.62,none,0
R006786,0,1,1,1696.29,refund_abuse,1
R006787,1,1,1,99.53,none,0
R006788,1,1,1,64.77,none,0
R006789,1,1,1,19.36,none,0
R006790,1,1,1,114.04,none,0
R006791,1,1,1,326.33,none,0
R006792,1,1,1,46.46,none,0
R006793,1,1,1,107.48,none,0
R006794,1,1,1,49.27,none,0
R006795,1,1,1,118.35,none,0
R006796,1,1,1,164.46,none,0
R006797,1,1,1,242.33,none,0
R006798,1,1,1,85.46,none,0
R006799,1,1,1,45.71,none,0
R006800,1,1,1,518.23,none,0
R006801,0,1,1,73.22,none,0
R006802,1,1,1,66.4,none,0
R006803,1,1,1,600.0,none,0
R006804,1,1,1,114.73,none,0
R006805,1,1,1,79.22,none,0
R006806,1,1,1,25.78,none,0
R006807,1,1,1,98.96,none,0
R006808,1,1,1,19.19,none,0
R006809,1,1,1,47.07,none,0
R006810,1,1,1,111.92,none,0
R006811,1,1,1,110.83,none,0
R006812,1,1,1,103.11,none,0
R006813,1,1,1,257.32,none,0
R006814,1,1,1,102.11,none,0
R006815,1,0,1,90.81,none,0
R006816,1,1,1,64.99,none,0
R006817,1,1,1,76.89,none,0
R006818,1,1,1,62.42,none,0
R006819,1,1,1,94.74,none,0
R006820,1,1,1,109.3,none,0
R006821,1,1,1,135.83,none,0
R006822,1,1,1,421.37,none,0
R006823,1,1,1,92.72,none,0
R006824,1,1,1,29.49,none,0
R006825,1,1,1,216.09,none,0
R006826,1,1,1,322.43,none,0
R006827,1,1,1,105.7,none,0
R006828,1,1,1,86.28,none,0
R006829,1,1,1,252.93,none,0
R006830,1,1,1,359.73,none,0
R006831,1,1,1,72.56,none,0
R006832,1,1,1,54.29,none,0
R006833,1,1,1,72.84,none,0
R006834,1,1,1,229.96,none,0
R006835,1,1,1,80.3,none,0
R006836,1,1,1,57.85,none,0
R006837,1,1,1,52.33,none,0
R006838,1,1,1,50.84,none,0
R006839,1,1,1,41.34,none,0
R006840,1,1,1,64.32,none,0
R006841,1,1,1,95.23,none,0
R006842,1,1,1,73.56,none,0
R006843,1,1,1,68.52,none,0
R006844,1,1,1,23.56,none,0
R006845,1,1,1,75.15,none,0
R006846,1,1,1,53.16,none,0
R006847,1,1,1,99.47,none,0
R006848,1,1,1,95.73,none,0
R006849,1,1,1,122.34,none,0
R006850,1,1,1,106.57,none,0
R006851,1,0,1,205.39,none,0
R006852,1,1,1,38.64,none,0
R006853,1,1,1,212.11,none,0
R006854,1,1,1,2405.82,coordinated_abuse,1
R006855,1,1,1,203.57,none,0
R006856,1,1,1,116.35,none,0
R006857,1,1,1,73.9,none,0
R006858,1,1,1,95.76,none,0
R006859,1,1,1,96.05,none,0
R006860,1,1,1,143.61,none,0
R006861,1,1,1,355.21,none,0
R006862,1,1,1,59.06,none,0
R006863,1,1,1,145.01,none,0
R006864,1,1,1,0.0,none,0
R006865,1,1,1,345.78,none,0
R006866,1,1,1,600.0,none,0
R006867,1,1,1,75.54,none,0
R006868,1,1,1,53.98,none,0
R006869,1,1,1,600.0,none,0
R006870,1,1,1,236.55,none,0
R006871,1,0,1,125.98,none,0
R006872,1,1,1,42.54,none,0
R006873,1,1,1,108.94,none,0
R006874,1,1,1,228.15,none,0
R006875,1,1,1,5.5,none,0
R006876,1,1,1,130.02,none,0
R006877,1,1,1,120.92,none,0
R006878,0,0,1,35.93,none,0
R006879,1,1,1,93.78,none,0
R006880,1,1,1,300.74,none,0
R006881,1,1,1,71.52,none,0
R006882,1,1,1,254.35,none,0
R006883,1,1,1,116.85,none,0
R006884,1,1,1,76.47,none,0
R006885,1,1,1,0.0,none,0
R006886,1,1,1,36.61,none,0
R006887,1,1,1,116.21,none,0
R006888,1,1,1,427.78,none,0
R006889,1,1,1,71.96,none,0
R006890,1,1,1,197.02,none,0
R006891,1,1,1,80.05,none,0
R006892,1,1,1,9.77,none,0
R006893,1,1,1,19.89,none,0
R006894,1,1,1,1904.29,coordinated_abuse,1
R006895,1,1,1,53.61,none,0
R006896,1,1,1,55.89,none,0
R006897,1,1,1,600.0,none,0
R006898,1,1,1,55.53,none,0
R006899,1,1,1,105.98,none,0
R006900,1,1,1,74.31,none,0
R006901,1,1,1,280.38,none,0
R006902,1,1,1,104.12,none,0
R006903,1,1,1,32.15,none,0
R006904,0,1,1,22.89,none,0
R006905,0,1,1,218.89,none,0
R006906,1,1,1,10.42,none,0
R006907,1,1,1,82.35,none,0
R006908,1,0,1,13793.19,condition_mismatch,1
R006909,1,1,1,299.46,none,0
R006910,1,1,1,132.64,none,0
R006911,1,1,1,29.36,none,0
R006912,1,1,1,140.9,none,0
R006913,1,1,1,85.27,none,0
R006914,1,1,1,32.76,none,0
R006915,1,1,1,166.81,none,0
R006916,1,1,1,176.17,none,0
R006917,1,1,1,68.28,none,0
R006918,1,1,1,48.76,none,0
R006919,1,1,1,196.97,none,0
R006920,1,1,1,127.66,none,0
R006921,1,1,1,132.73,none,0
R006922,1,1,1,73.52,none,0
R006923,1,1,1,587.57,none,0
R006924,1,1,1,18.89,none,0
R006925,1,1,1,62.02,none,0
R006926,1,1,1,28.86,none,0
R006927,1,1,1,12.35,none,0
R006928,1,1,1,59.13,none,0
R006929,0,0,1,3253.28,coordinated_abuse,1
R006930,1,1,1,148.17,none,0
R006931,1,1,1,379.14,none,0
R006932,1,1,1,140.35,none,0
R006933,1,1,1,78.77,none,0
R006934,1,1,1,34.77,none,0
R006935,1,1,1,55.49,none,0
R006936,1,1,1,135.89,none,0
R006937,1,1,1,600.0,none,0
R006938,1,1,1,46.34,none,0
R006939,1,1,1,118.52,none,0
R006940,1,1,1,339.37,none,0
R006941,1,1,1,58.33,none,0
R006942,1,1,1,40.93,none,0
R006943,1,1,1,77.49,none,0
R006944,1,1,1,144.35,none,0
R006945,1,1,1,213.0,none,0
R006946,1,1,1,216.5,none,0
R006947,1,1,1,59.91,none,0
R006948,0,1,1,600.0,none,0
R006949,1,1,1,26.35,none,0
R006950,0,1,1,126.67,none,0
R006951,1,1,1,118.77,none,0
R006952,1,1,1,80.5,none,0
R006953,1,1,1,106.18,none,0
R006954,1,1,1,38.2,none,0
R006955,1,1,1,56.28,none,0
R006956,1,1,1,25.62,none,0
R006957,1,1,1,120.5,none,0
R006958,1,1,1,359.72,none,0
R006959,0,1,1,125.61,none,0
R006960,1,0,1,363.36,none,0
R006961,1,1,1,158.33,none,0
R006962,1,1,1,600.0,none,0
R006963,1,1,1,30.5,none,0
R006964,1,1,1,47.99,none,0
R006965,1,1,1,50.55,none,0
R006966,1,1,1,63.75,none,0
R006967,1,1,1,163.59,none,0
R006968,1,1,1,66.41,none,0
R006969,1,1,1,45.23,none,0
R006970,1,1,1,45.84,none,0
R006971,1,1,1,37.27,none,0
R006972,1,1,1,140.19,none,0
R006973,1,1,1,20.37,none,0
R006974,1,1,1,68.65,none,0
R006975,1,1,1,163.18,none,0
R006976,1,1,1,108.58,none,0
R006977,1,1,1,82.46,none,0
R006978,1,1,1,37.12,none,0
R006979,1,1,1,288.72,none,0
R006980,1,1,1,133.39,none,0
R006981,1,1,1,340.91,none,0
R006982,1,1,1,480.13,none,0
R006983,1,1,1,82.05,none,0
R006984,0,1,1,107.55,none,0
R006985,1,1,1,38.52,none,0
R006986,1,1,1,169.77,none,0
R006987,1,1,1,63.66,none,0
R006988,1,1,1,193.9,none,0
R006989,1,1,1,351.77,none,0
R006990,1,1,1,358.52,none,0
R006991,1,1,1,128.78,none,0
R006992,1,1,1,58.66,none,0
R006993,1,1,1,174.43,none,0
R006994,1,1,1,58.77,none,0
R006995,1,1,1,313.67,none,0
R006996,1,1,1,105.53,none,0
R006997,1,1,1,130.78,none,0
R006998,1,1,1,65.68,none,0
R006999,1,0,1,130.35,none,0
R007000,0,1,1,549.95,none,0
R007001,1,1,1,201.86,none,0
R007002,1,1,1,58.07,none,0
R007003,1,1,1,199.88,none,0
R007004,1,1,1,59.39,none,0
R007005,1,1,1,76.49,none,0
R007006,1,1,1,41.21,none,0
R007007,1,1,1,4.33,none,0
R007008,1,1,1,205.22,none,0
R007009,1,1,1,38.54,none,0
R007010,1,1,1,188.89,none,0
R007011,1,1,1,203.36,none,0
R007012,1,1,1,82.32,none,0
R007013,1,1,1,64.73,none,0
R007014,1,1,1,81.57,none,0
R007015,1,1,1,750.0,refund_abuse,1
R007016,0,1,1,82.46,none,0
R007017,1,1,1,71.8,none,0
R007018,1,1,1,136.4,none,0
R007019,1,1,1,166.56,none,0
R007020,1,1,1,135.42,none,0
R007021,1,1,1,104.03,none,0
R007022,1,1,1,71.77,none,0
R007023,1,1,1,450.99,none,0
R007024,1,1,1,229.39,none,0
R007025,1,1,1,190.57,none,0
R007026,1,1,1,40.74,none,0
R007027,0,1,1,35.39,none,0
R007028,1,1,1,600.0,none,0
R007029,1,0,1,1221.42,coordinated_abuse,1
R007030,1,1,1,14.46,none,0
R007031,1,1,1,53.02,none,0
R007032,1,1,1,90.48,none,0
R007033,1,1,1,102.44,none,0
R007034,1,1,1,75.37,none,0
R007035,1,1,1,104.99,none,0
R007036,1,0,1,382.62,none,0
R007037,1,1,1,94.91,none,0
R007038,1,1,1,179.99,none,0
R007039,1,1,1,68.48,none,0
R007040,1,1,1,379.29,none,0
R007041,1,1,1,175.37,none,0
R007042,0,1,1,415.44,none,0
R007043,1,1,1,26.64,none,0
R007044,1,1,1,77.2,none,0
R007045,1,1,1,177.29,none,0
R007046,1,1,1,79.66,none,0
R007047,1,1,1,184.34,none,0
R007048,1,1,1,58.61,none,0
R007049,1,1,1,53.4,none,0
R007050,1,1,1,81.63,none,0
R007051,1,1,1,131.29,none,0
R007052,1,1,1,133.81,none,0
R007053,1,1,1,84.25,none,0
R007054,1,1,1,22.52,none,0
R007055,1,1,1,98.52,none,0
R007056,1,1,1,192.07,none,0
R007057,1,1,1,0.0,none,0
R007058,0,0,1,1657.11,refund_abuse,1
R007059,1,1,1,135.31,none,0
R007060,1,1,1,161.86,none,0
R007061,1,1,1,85.86,none,0
R007062,1,1,1,90.6,none,0
R007063,1,1,1,35.51,none,0
R007064,1,1,1,238.4,none,0
R007065,1,1,1,289.12,none,0
R007066,1,0,1,330.99,none,0
R007067,1,1,1,81.53,none,0
R007068,1,1,1,74.67,none,0
R007069,1,0,1,750.0,refund_abuse,1
R007070,1,1,1,57.49,none,0
R007071,1,1,1,107.17,none,0
R007072,1,0,1,98.94,none,0
R007073,1,1,1,47.97,none,0
R007074,1,1,1,181.3,none,0
R007075,1,1,1,187.41,none,0
R007076,1,1,1,600.0,none,0
R007077,1,1,1,142.41,none,0
R007078,1,1,1,69.0,none,0
R007079,1,1,1,0.0,none,0
R007080,1,1,1,31.48,none,0
R007081,1,1,1,139.27,none,0
R007082,1,1,1,169.28,none,0
R007083,1,1,1,137.62,none,0
R007084,1,1,1,56.8,none,0
R007085,1,1,1,47.53,none,0
R007086,1,1,1,7.16,none,0
R007087,1,1,1,143.32,none,0
R007088,1,1,1,3485.12,refund_abuse,1
R007089,1,1,1,69.61,none,0
R007090,1,1,1,38.2,none,0
R007091,1,1,1,31.41,none,0
R007092,1,1,1,92.99,none,0
R007093,1,1,1,116.93,none,0
R007094,1,1,1,136.72,none,0
R007095,0,1,1,63.93,none,0
R007096,1,1,1,0.0,none,0
R007097,1,1,1,141.87,none,0
R007098,1,1,1,28.86,none,0
R007099,1,1,1,14.89,none,0
R007100,1,1,1,114.84,none,0
R007101,1,1,1,26.42,none,0
R007102,1,1,1,87.35,none,0
R007103,1,1,1,27.53,none,0
R007104,1,1,1,19.74,none,0
R007105,1,1,1,131.38,none,0
R007106,0,1,1,83.03,none,0
R007107,1,1,1,64.57,none,0
R007108,1,1,1,35.29,none,0
R007109,1,1,1,79.3,none,0
R007110,1,1,1,64.4,none,0
R007111,1,1,1,48.12,none,0
R007112,1,1,1,144.42,none,0
R007113,1,1,1,109.55,none,0
R007114,1,1,1,36.58,none,0
R007115,1,1,1,137.85,none,0
R007116,1,1,1,1856.84,refund_abuse,1
R007117,1,1,1,88.46,none,0
R007118,1,1,1,51.92,none,0
R007119,1,1,1,175.26,none,0
R007120,1,1,1,58.85,none,0
R007121,1,1,1,69.62,none,0
R007122,1,1,1,35.79,none,0
R007123,1,1,1,231.32,none,0
R007124,1,0,1,1558.43,coordinated_abuse,1
R007125,1,1,1,109.43,none,0
R007126,1,1,1,108.95,none,0
R007127,1,1,1,600.0,none,0
R007128,1,1,1,71.15,none,0
R007129,1,1,1,63.23,none,0
R007130,1,1,1,53.62,none,0
R007131,1,1,1,129.78,none,0
R007132,1,1,1,535.45,none,0
R007133,1,1,1,41.96,none,0
R007134,1,1,1,39.47,none,0
R007135,1,1,1,157.1,none,0
R007136,0,1,1,168.07,none,0
R007137,1,1,1,6.19,none,0
R007138,1,1,1,163.55,none,0
R007139,1,0,1,1153.85,refund_abuse,1
R007140,1,1,1,101.76,none,0
R007141,1,1,1,1977.11,refund_abuse,1
R007142,1,1,1,89.85,none,0
R007143,1,1,1,410.81,none,0
R007144,1,1,1,52.62,none,0
R007145,1,1,1,22.82,none,0
R007146,1,1,1,107.76,none,0
R007147,1,1,1,218.66,none,0
R007148,1,1,1,152.77,none,0
R007149,1,1,1,17.14,none,0
R007150,1,1,1,217.99,none,0
R007151,1,1,1,3829.87,coordinated_abuse,1
R007152,1,1,1,64.85,none,0
R007153,1,1,1,64.2,none,0
R007154,1,1,1,121.66,none,0
R007155,1,1,1,251.26,none,0
R007156,1,1,1,105.42,none,0
R007157,1,1,1,91.23,none,0
R007158,1,1,1,78.74,none,0
R007159,1,1,1,99.17,none,0
R007160,1,1,1,150.63,none,0
R007161,1,0,1,1906.7,coordinated_abuse,1
R007162,1,1,1,143.05,none,0
R007163,1,1,1,114.46,none,0
R007164,1,1,1,33.22,none,0
R007165,1,1,1,193.64,none,0
R007166,1,1,1,23.41,none,0
R007167,1,1,1,94.29,none,0
R007168,1,1,1,48.22,none,0
R007169,1,1,1,42.07,none,0
R007170,1,1,1,93.85,none,0
R007171,1,1,1,70.13,none,0
R007172,1,1,1,329.14,none,0
R007173,1,1,1,123.29,none,0
R007174,1,1,1,66.82,none,0
R007175,1,1,1,16.19,none,0
R007176,1,0,1,67.07,none,0
R007177,1,0,1,66.65,none,0
R007178,1,1,1,152.23,none,0
R007179,1,1,1,112.1,none,0
R007180,0,0,1,1656.03,condition_mismatch,1
R007181,1,1,1,116.39,none,0
R007182,0,1,1,138.56,none,0
R007183,0,0,1,2238.69,refund_abuse,1
R007184,1,1,1,151.5,none,0
R007185,1,1,1,78.75,none,0
R007186,0,1,1,417.48,none,0
R007187,1,1,1,65.79,none,0
R007188,1,1,1,553.2,none,0
R007189,1,1,1,385.35,none,0
R007190,0,1,1,79.6,none,0
R007191,1,1,1,89.01,none,0
R007192,1,1,1,64.85,none,0
R007193,1,1,1,119.56,none,0
R007194,1,1,1,56.3,none,0
R007195,1,1,1,49.58,none,0
R007196,1,1,1,43.98,none,0
R007197,1,1,1,111.79,none,0
R007198,1,1,1,213.74,none,0
R007199,1,1,1,217.61,none,0
R007200,1,1,1,73.47,none,0
R007201,1,1,1,34.68,none,0
R007202,1,1,1,52.8,none,0
R007203,1,1,1,123.22,none,0
R007204,1,1,1,205.33,none,0
R007205,1,1,1,125.36,none,0
R007206,1,1,1,93.79,none,0
R007207,1,1,1,118.3,none,0
R007208,1,1,1,76.97,none,0
R007209,1,1,1,154.08,none,0
R007210,1,1,1,71.98,none,0
R007211,1,0,1,79.1,none,0
R007212,0,0,1,3402.46,refund_abuse,1
R007213,1,1,1,64.95,none,0
R007214,1,1,1,86.27,none,0
R007215,1,1,1,284.68,none,0
R007216,1,1,1,264.93,none,0
R007217,1,1,1,136.17,none,0
R007218,1,1,1,142.56,none,0
R007219,1,1,1,269.25,none,0
R007220,1,1,1,126.32,none,0
R007221,1,0,1,100.1,none,0
R007222,1,1,1,26.8,none,0
R007223,1,1,1,33.19,none,0
R007224,1,1,1,56.03,none,0
R007225,1,1,1,86.55,none,0
R007226,1,1,1,44.6,none,0
R007227,1,1,1,420.64,none,0
R007228,1,1,1,539.71,none,0
R007229,0,1,1,0.73,none,0
R007230,1,1,1,203.64,none,0
R007231,1,1,1,114.61,none,0
R007232,1,1,1,346.82,none,0
R007233,1,1,1,102.15,none,0
R007234,1,1,1,119.48,none,0
R007235,1,1,1,65.2,none,0
R007236,1,1,1,104.06,none,0
R007237,1,1,1,54.4,none,0
R007238,1,1,1,58.17,none,0
R007239,1,1,1,137.73,none,0
R007240,1,1,1,274.13,none,0
R007241,1,0,1,69.96,none,0
R007242,1,1,1,62.88,none,0
R007243,1,1,1,17.18,none,0
R007244,1,1,1,364.87,none,0
R007245,1,1,1,43.26,none,0
R007246,1,1,1,311.84,none,0
R007247,1,1,1,47.31,none,0
R007248,1,1,1,53.4,none,0
R007249,1,1,1,67.47,none,0
R007250,1,1,1,77.04,none,0
R007251,1,1,1,38.55,none,0
R007252,1,1,1,128.79,none,0
R007253,1,1,1,46.89,none,0
R007254,1,1,1,196.06,none,0
R007255,1,1,1,61.11,none,0
R007256,1,1,1,43.04,none,0
R007257,1,1,1,46.06,none,0
R007258,1,1,1,58.55,none,0
R007259,1,1,1,58.82,none,0
R007260,0,1,1,61.9,none,0
R007261,1,1,1,116.6,none,0
R007262,1,1,1,74.92,none,0
R007263,1,1,1,520.83,none,0
R007264,1,1,1,26.21,none,0
R007265,1,1,1,600.0,none,0
R007266,1,1,1,600.0,none,0
R007267,1,1,1,63.42,none,0
R007268,0,0,1,79.71,none,0
R007269,1,1,1,150.8,none,0
R007270,1,1,1,203.29,none,0
R007271,1,1,1,69.95,none,0
R007272,1,1,1,600.0,none,0
R007273,1,1,1,62.38,none,0
R007274,1,1,1,82.74,none,0
R007275,1,0,1,64.32,none,0
R007276,1,1,1,105.14,none,0
R007277,1,1,1,257.23,none,0
R007278,1,1,1,198.97,none,0
R007279,1,1,1,41.09,none,0
R007280,1,1,1,129.53,none,0
R007281,1,1,1,205.31,none,0
R007282,1,1,1,53.46,none,0
R007283,1,1,1,108.75,none,0
R007284,1,1,1,107.58,none,0
R007285,1,1,1,108.85,none,0
R007286,1,1,1,111.83,none,0
R007287,1,0,1,87.6,none,0
R007288,1,1,1,169.61,none,0
R007289,1,1,1,83.77,none,0
R007290,1,1,1,67.08,none,0
R007291,1,1,1,46.36,none,0
R007292,0,1,1,1870.3,condition_mismatch,1
R007293,1,1,1,163.44,none,0
R007294,1,1,1,29.42,none,0
R007295,1,1,1,40.42,none,0
R007296,1,1,1,86.83,none,0
R007297,1,1,1,52.79,none,0
R007298,1,1,1,57.68,none,0
R007299,1,1,1,600.0,none,0
R007300,1,1,1,157.72,none,0
R007301,1,1,1,57.83,none,0
R007302,1,1,1,76.65,none,0
R007303,1,0,1,750.0,coordinated_abuse,1
R007304,1,1,1,103.98,none,0
R007305,1,1,1,320.44,none,0
R007306,1,1,1,389.37,none,0
R007307,1,1,1,62.07,none,0
R007308,1,1,1,55.07,none,0
R007309,1,1,1,290.74,none,0
R007310,1,1,1,11.36,none,0
R007311,1,1,1,71.26,none,0
R007312,1,1,1,600.0,none,0
R007313,1,1,1,75.75,none,0
R007314,1,1,1,600.0,none,0
R007315,1,1,1,42.72,none,0
R007316,1,1,1,61.33,none,0
R007317,1,0,1,125.87,none,0
R007318,1,1,1,255.44,none,0
R007319,1,1,1,600.0,none,0
R007320,0,0,1,2436.15,condition_mismatch,1
R007321,1,1,1,316.84,none,0
R007322,1,1,1,70.45,none,0
R007323,1,1,1,310.81,none,0
R007324,1,1,1,94.4,none,0
R007325,1,1,1,152.18,none,0
R007326,1,1,1,77.98,none,0
R007327,1,1,1,50.26,none,0
R007328,1,1,1,72.08,none,0
R007329,1,1,1,115.07,none,0
R007330,1,1,1,54.36,none,0
R007331,1,1,1,51.53,none,0
R007332,1,1,1,52.37,none,0
R007333,1,1,1,51.77,none,0
R007334,1,1,1,85.76,none,0
R007335,0,1,1,88.28,none,0
R007336,1,1,1,76.78,none,0
R007337,0,0,1,79.72,none,0
R007338,1,0,1,1689.22,condition_mismatch,1
R007339,1,1,1,72.36,none,0
R007340,1,1,1,70.2,none,0
R007341,1,1,1,102.63,none,0
R007342,1,1,1,64.52,none,0
R007343,1,1,1,115.81,none,0
R007344,1,1,1,82.51,none,0
R007345,1,1,1,94.56,none,0
R007346,1,1,1,129.68,none,0
R007347,1,1,1,54.5,none,0
R007348,1,1,1,275.92,none,0
R007349,1,1,1,78.34,none,0
R007350,1,1,1,214.09,none,0
R007351,1,1,1,195.5,none,0
R007352,1,1,1,77.13,none,0
R007353,1,0,1,74.59,none,0
R007354,1,1,1,58.33,none,0
R007355,1,1,1,285.74,none,0
R007356,1,1,1,215.93,none,0
R007357,1,1,1,69.07,none,0
R007358,1,1,1,26.66,none,0
R007359,1,1,1,307.71,none,0
R007360,1,1,1,248.56,none,0
R007361,1,1,1,95.09,none,0
R007362,1,1,1,58.63,none,0
R007363,1,1,1,1091.05,refund_abuse,1
R007364,1,1,1,61.42,none,0
R007365,1,1,1,26.09,none,0
R007366,1,1,1,59.67,none,0
R007367,1,1,1,82.24,none,0
R007368,1,1,1,117.52,none,0
R007369,1,0,1,60.47,none,0
R007370,1,1,1,33.66,none,0
R007371,1,1,1,42.1,none,0
R007372,1,1,1,54.96,none,0
R007373,1,1,1,70.38,none,0
R007374,1,1,1,81.43,none,0
R007375,1,1,1,54.11,none,0
R007376,1,1,1,54.61,none,0
R007377,1,1,1,30.02,none,0
R007378,1,1,1,212.56,none,0
R007379,1,1,1,116.83,none,0
R007380,1,1,1,119.0,none,0
R007381,1,1,1,69.42,none,0
R007382,1,1,1,93.29,none,0
R007383,1,1,1,371.83,none,0
R007384,1,1,1,75.01,none,0
R007385,1,1,1,68.57,none,0
R007386,1,1,1,79.31,none,0
R007387,1,1,1,163.41,none,0
R007388,1,1,1,125.05,none,0
R007389,1,1,1,54.72,none,0
R007390,0,1,1,128.55,none,0
R007391,1,1,1,154.0,none,0
R007392,1,1,1,112.92,none,0
R007393,0,1,1,33.02,none,0
R007394,1,1,1,93.5,none,0
R007395,1,1,1,48.13,none,0
R007396,1,1,1,105.21,none,0
R007397,1,1,1,306.05,none,0
R007398,1,1,1,41.76,none,0
R007399,1,1,1,345.65,none,0
R007400,1,1,1,750.0,refund_abuse,1
R007401,1,1,1,136.03,none,0
R007402,1,1,1,79.42,none,0
R007403,1,1,1,2034.9,refund_abuse,1
R007404,1,1,1,95.69,none,0
R007405,1,1,1,90.08,none,0
R007406,1,1,1,38.51,none,0
R007407,1,1,1,144.82,none,0
R007408,1,1,1,187.05,none,0
R007409,1,1,1,302.91,none,0
R007410,1,1,1,117.17,none,0
R007411,1,1,1,42.75,none,0
R007412,1,1,1,135.44,none,0
R007413,1,0,1,135.68,none,0
R007414,1,1,1,133.97,none,0
R007415,1,1,1,83.24,none,0
R007416,1,0,1,107.05,none,0
R007417,1,1,1,48.51,none,0
R007418,1,1,1,161.44,none,0
R007419,0,1,1,2574.44,coordinated_abuse,1
R007420,1,1,1,421.44,none,0
R007421,1,1,1,51.16,none,0
R007422,1,1,1,600.0,none,0
R007423,1,1,1,271.62,none,0
R007424,1,0,1,100.27,none,0
R007425,1,1,1,60.34,none,0
R007426,1,1,1,67.43,none,0
R007427,1,1,1,310.03,none,0
R007428,1,1,1,99.97,none,0
R007429,1,1,1,68.99,none,0
R007430,1,1,1,151.12,none,0
R007431,1,1,1,10.58,none,0
R007432,1,1,1,18.62,none,0
R007433,1,1,1,68.36,none,0
R007434,1,1,1,71.94,none,0
R007435,1,1,1,184.63,none,0
R007436,1,1,1,110.75,none,0
R007437,1,1,1,76.74,none,0
R007438,1,1,1,137.01,none,0
R007439,1,1,1,95.77,none,0
R007440,1,1,1,600.0,none,0
R007441,1,0,1,1806.9,refund_abuse,1
R007442,1,1,1,48.67,none,0
R007443,1,1,1,42.57,none,0
R007444,1,0,1,2223.92,refund_abuse,1
R007445,1,1,1,120.51,none,0
R007446,1,1,1,80.44,none,0
