customer_id,account_created_at,home_region,latent_type,device_id,address_id,payment_fingerprint
C00000,2025-01-01,W,normal,D00000,A00000,P00000
C00001,2025-01-01,E,normal,D00001,A00001,P00001
C00002,2025-01-01,N,normal,D00002,A00002,P00002
C00003,2025-01-01,N,normal,D00003,A00003,P00003
C00004,2025-01-01,S,normal,D00004,A00004,P00004
C00005,2025-10-05,N,abusive,D00005,A00005,P00005
C00006,2025-11-02,S,normal,D00006,A00006,P00006
C00007,2025-01-01,NE,normal,D00007,A00007,P00007
C00008,2025-01-01,N,normal,D00008,A00008,P00008
C00009,2025-01-01,S,normal,D00009,A00009,P00009
C00010,2025-01-01,W,normal,D00010,A00010,P00010
C00011,2025-01-01,S,frequent_legit,D00011,A00011,P00011
C00012,2025-01-01,N,normal,D00012,A00012,P00012
C00013,2025-01-01,N,normal,D00013,A00013,P00013
C00014,2025-08-26,W,normal,D00014,A00014,P00014
C00015,2025-01-01,N,normal,D00015,A00015,P00015
C00016,2025-01-01,E,normal,D00016,A00016,P00016
C00017,2025-01-01,W,normal,D00017,A00017,P00017
C00018,2025-01-03,N,normal,D00018,A00018,P00018
C00019,2025-08-13,W,normal,D00019,A00019,P00019
C00020,2025-01-01,N,normal,D00020,A00020,P00020
C00021,2025-01-01,S,normal,D00021,A00021,P00021
C00022,2025-01-01,S,abusive,D00022,A00022,P00022
C00023,2025-01-01,NE,normal,D00023,A00023,P00023
C00024,2025-01-01,N,normal,D00024,A00024,P00024
C00025,2025-01-01,N,normal,D00025,A00025,P00025
C00026,2025-01-01,W,normal,D00026,A00026,P00026
C00027,2025-01-01,N,normal,D00027,A00027,P00027
C00028,2025-01-01,W,normal,D00028,A00028,P00028
C00029,2025-11-09,E,normal,D00029,A00029,P00029
C00030,2025-12-10,E,normal,D00030,A00030,P00030
C00031,2025-01-01,W,frequent_legit,D00031,A00031,P00031
C00032,2025-01-01,W,normal,D00032,A00032,P00032
C00033,2025-01-01,N,normal,D00033,A00033,P00033
C00034,2025-01-01,NE,normal,D00034,A00034,P00034
C00035,2025-01-01,NE,normal,D00035,A00035,P00035
C00036,2025-01-01,W,normal,D00036,A00036,P00036
C00037,2025-01-01,E,normal,D00037,A00037,P00037
C00038,2025-11-25,S,normal,D00038,A00038,P00038
C00039,2025-01-01,S,normal,D00039,A00039,P00039
C00040,2025-01-01,N,normal,D00040,A00040,P00040
C00041,2025-01-01,S,normal,D00041,A00041,P00041
C00042,2025-01-01,E,normal,D00042,A00042,P00042
C00043,2025-01-01,E,normal,D00043,A00043,P00043
C00044,2025-01-01,S,normal,D00044,A00044,P00044
C00045,2025-01-01,S,normal,D00045,A00045,P00045
C00046,2025-01-01,E,normal,D00046,A00046,P00046
C00047,2025-11-16,S,normal,D00047,A00047,P00047
C00048,2025-01-01,NE,normal,D00048,A00048,P00048
C00049,2025-01-01,E,normal,D00049,A00049,P00049
C00050,2025-01-01,N,normal,D00050,A00050,P00050
C00051,2025-01-01,N,normal,D00051,A00051,P00051
C00052,2025-01-01,E,normal,D00052,A00052,P00052
C00053,2025-01-01,S,normal,D00053,A00053,P00053
C00054,2025-05-19,W,normal,D00054,A00054,P00054
C00055,2025-03-10,N,normal,D00055,A00055,P00055
C00056,2025-01-01,N,normal,D00056,A00056,P00056
C00057,2025-01-01,S,normal,D00057,A00057,P00057
C00058,2025-01-01,W,normal,D00058,A00058,P00058
C00059,2025-01-01,NE,normal,D00059,A00059,P00059
C00060,2025-01-01,W,normal,D00060,A00060,P00060
C00061,2025-02-05,S,normal,D00061,A00061,P00061
C00062,2025-01-01,W,normal,D00062,A00062,P00062
C00063,2025-01-01,N,normal,D00063,A00063,P00063
C00064,2025-01-01,E,normal,D00064,A00064,P00064
C00065,2025-01-01,W,normal,D00065,A00065,P00065
C00066,2025-01-01,S,normal,D00066,A00066,P00066
C00067,2025-01-01,NE,normal,D00067,A00067,P00067
C00068,2025-01-01,N,normal,D00068,A00068,P00068
C00069,2025-01-01,N,normal,D00069,A00069,P00069
C00070,2025-01-01,S,normal,D00070,A00070,P00070
C00071,2025-01-01,W,normal,D00071,A00071,P00071
C00072,2025-01-01,S,normal,D00072,A00072,P00072
C00073,2025-01-01,W,normal,D00073,A00073,P00073
C00074,2025-01-01,N,normal,D00074,A00074,P00074
C00075,2025-01-01,W,normal,D00075,A00075,P00075
C00076,2025-01-01,S,normal,D00076,A00076,P00076
C00077,2025-04-02,N,normal,D00077,A00077,P00077
C00078,2025-03-02,E,normal,D00078,A00078,P00078
C00079,2025-01-01,E,normal,D00079,A00079,P00079
C00080,2025-12-12,S,normal,D00080,A00080,P00080
C00081,2025-01-01,N,normal,D00081,A00081,P00081
C00082,2025-01-01,N,normal,D00082,A00082,P00082
C00083,2025-06-18,NE,normal,D00083,A00083,P00083
C00084,2025-01-01,E,normal,D00084,A00084,P00084
C00085,2025-01-01,W,normal,D00085,A00085,P00085
C00086,2025-01-01,E,normal,D00086,A00086,P00086
C00087,2025-06-09,W,normal,D00087,A00087,P00087
C00088,2025-01-01,N,normal,D00088,A00088,P00088
C00089,2025-01-01,S,normal,D00089,A00089,P00089
C00090,2025-01-01,E,normal,D00090,A00090,P00090
C00091,2025-01-01,N,normal,D00091,A00091,P00091
C00092,2025-01-01,N,normal,D00092,A00092,P00092
C00093,2025-01-01,E,normal,D00093,A00093,P00093
C00094,2025-01-01,W,normal,D00094,A00094,P00094
C00095,2025-04-05,E,normal,D00095,A00095,P00095
C00096,2025-01-01,N,normal,D00096,A00096,P00096
C00097,2025-04-10,NE,normal,D00097,A00097,P00097
C00098,2025-01-01,N,normal,D00098,A00098,P00098
C00099,2025-01-01,N,frequent_legit,D00099,A00099,P00099
C00100,2025-01-08,NE,frequent_legit,D00100,A00100,P00100
C00101,2025-01-01,W,normal,D00101,A00101,P00101
C00102,2025-01-01,W,normal,D00102,A00102,P00102
C00103,2025-01-01,W,frequent_legit,D00103,A00103,P00103
C00104,2025-01-01,E,normal,D00104,A00104,P00104
C00105,2025-01-01,S,normal,D00105,A00105,P00105
C00106,2025-01-01,S,normal,D00106,A00106,P00106
C00107,2025-08-02,NE,normal,D00107,A00107,P00107
C00108,2025-01-01,W,normal,D00108,A00108,P00108
C00109,2025-01-01,S,frequent_legit,D00109,A00109,P00109
C00110,2025-01-01,S,normal,D00110,A00110,P00110
C00111,2025-10-11,S,normal,D00111,A00111,P00111
C00112,2025-01-01,S,normal,D00112,A00112,P00112
C00113,2025-01-01,W,normal,D00113,A00113,P00113
C00114,2025-01-01,N,normal,D00114,A00114,P00114
C00115,2025-01-01,S,normal,D00115,A00115,P00115
C00116,2025-05-28,NE,normal,D00116,A00116,P00116
C00117,2025-01-01,S,normal,D00117,A00117,P00117
C00118,2025-01-01,S,normal,D00118,A00118,P00118
C00119,2025-01-01,S,normal,D00119,A00119,P00119
C00120,2025-01-01,N,normal,D00120,A00120,P00120
C00121,2025-01-01,N,normal,D00121,A00121,P00121
C00122,2025-04-02,N,normal,D00122,A00122,P00122
C00123,2025-09-29,N,normal,D00123,A00123,P00123
C00124,2025-01-01,N,normal,D00124,A00124,P00124
C00125,2025-12-11,S,normal,D00125,A00125,P00125
C00126,2025-01-01,N,normal,D00126,A00126,P00126
C00127,2025-11-10,NE,normal,D00127,A00127,P00127
C00128,2025-01-01,N,normal,D00128,A00128,P00128
C00129,2025-01-01,S,normal,D00129,A00129,P00129
C00130,2025-01-01,W,normal,D00130,A00130,P00130
C00131,2025-01-01,N,frequent_legit,D00131,A00131,P00131
C00132,2025-01-01,S,normal,D00132,A00132,P00132
C00133,2025-01-01,W,normal,D00133,A00133,P00133
C00134,2025-01-01,S,normal,D00134,A00134,P00134
C00135,2025-01-01,N,normal,D00135,A00135,P00135
C00136,2025-01-01,W,frequent_legit,D00136,A00136,P00136
C00137,2025-01-01,E,normal,D00137,A00137,P00137
C00138,2025-01-01,S,normal,D00138,A00138,P00138
C00139,2025-10-03,N,normal,D00139,A00139,P00139
C00140,2025-01-01,N,normal,D00140,A00140,P00140
C00141,2025-01-01,W,normal,D00141,A00141,P00141
C00142,2025-01-01,S,frequent_legit,D00142,A00142,P00142
C00143,2025-01-01,N,normal,D00143,A00143,P00143
C00144,2025-01-01,S,normal,D00144,A00144,P00144
C00145,2025-01-01,W,normal,D00145,A00145,P00145
C00146,2025-01-01,N,normal,D00146,A00146,P00146
C00147,2025-01-01,N,normal,D00147,A00147,P00147
C00148,2025-01-01,S,normal,D00148,A00148,P00148
C00149,2025-03-20,E,normal,D00149,A00149,P00149
C00150,2025-01-01,S,normal,D00150,A00150,P00150
C00151,2025-01-01,W,normal,D00151,A00151,P00151
C00152,2025-01-01,N,normal,D00152,A00152,P00152
C00153,2025-01-01,S,normal,D00153,A00153,P00153
C00154,2025-01-01,S,normal,D00154,A00154,P00154
C00155,2025-01-01,S,normal,D00155,A00155,P00155
C00156,2025-01-01,S,normal,D00156,A00156,P00156
C00157,2025-10-03,W,normal,D00157,A00157,P00157
C00158,2025-01-01,S,normal,D00158,A00158,P00158
C00159,2025-08-21,W,normal,D00159,A00159,P00159
C00160,2025-01-01,N,normal,D00160,A00160,P00160
C00161,2025-01-01,E,frequent_legit,D00161,A00161,P00161
C00162,2025-01-01,S,normal,D00162,A00162,P00162
C00163,2025-01-01,S,normal,D00163,A00163,P00163
C00164,2025-03-07,N,normal,D00164,A00164,P00164
C00165,2025-01-01,NE,normal,D00165,A00165,P00165
C00166,2025-10-12,W,normal,D00166,A00166,P00166
C00167,2025-01-01,W,normal,D00167,A00167,P00167
C00168,2025-05-11,W,normal,D00168,A00168,P00168
C00169,2025-01-01,N,frequent_legit,D00169,A00169,P00169
C00170,2025-01-01,S,normal,D00170,A00170,P00170
C00171,2025-01-01,S,normal,D00171,A00171,P00171
C00172,2025-01-01,W,normal,D00172,A00172,P00172
C00173,2025-01-01,N,frequent_legit,D00173,A00173,P00173
C00174,2025-01-01,N,normal,D00174,A00174,P00174
C00175,2025-02-27,E,normal,D00175,A00175,P00175
C00176,2025-01-01,N,normal,D00176,A00176,P00176
C00177,2025-01-01,W,coordinated,DCO0000,ACO0000,PCO0000
C00178,2025-01-01,N,normal,D00178,A00178,P00178
C00179,2025-01-01,E,normal,D00179,A00179,P00179
C00180,2025-01-01,W,normal,D00180,A00180,P00180
C00181,2025-01-01,E,normal,D00181,A00181,P00181
C00182,2025-01-01,N,normal,D00182,A00182,P00182
C00183,2025-01-01,N,normal,D00183,A00183,P00183
C00184,2025-01-01,N,normal,D00184,A00184,P00184
C00185,2025-01-01,N,normal,D00185,A00185,P00185
C00186,2025-12-01,E,normal,D00186,A00186,P00186
C00187,2025-11-19,S,normal,D00187,A00187,P00187
C00188,2025-12-17,N,normal,D00188,A00188,P00188
C00189,2025-02-08,N,normal,D00189,A00189,P00189
C00190,2025-01-01,NE,frequent_legit,D00190,A00190,P00190
C00191,2025-09-19,N,normal,D00191,A00191,P00191
C00192,2025-03-06,S,normal,D00192,A00192,P00192
C00193,2025-01-01,S,normal,D00193,A00193,P00193
C00194,2025-01-01,N,normal,D00194,A00194,P00194
C00195,2025-01-01,W,normal,D00195,A00195,P00195
C00196,2025-01-01,N,normal,D00196,A00196,P00196
C00197,2025-05-21,E,normal,D00197,A00197,P00197
C00198,2025-10-22,E,normal,D00198,A00198,P00198
C00199,2025-01-01,W,normal,D00199,A00199,P00199
C00200,2025-01-01,E,normal,D00200,A00200,P00200
C00201,2025-08-02,W,abusive,D00201,A00201,P00201
C00202,2025-01-01,S,normal,D00202,A00202,P00202
C00203,2025-01-01,S,normal,D00203,A00203,P00203
C00204,2025-01-01,E,normal,D00204,A00204,P00204
C00205,2025-01-01,E,normal,D00205,A00205,P00205
C00206,2025-01-01,S,normal,D00206,A00206,P00206
C00207,2025-01-01,N,normal,D00207,A00207,P00207
C00208,2025-01-01,N,normal,D00208,A00208,P00208
C00209,2025-01-01,S,normal,D00209,A00209,P00209
C00210,2025-11-06,N,normal,D00210,A00210,P00210
C00211,2025-01-01,S,normal,D00211,A00211,P00211
C00212,2025-01-01,N,normal,D00212,A00212,P00212
C00213,2025-01-01,E,normal,D00213,A00213,P00213
C00214,2025-01-01,E,normal,D00214,A00214,P00214
C00215,2025-01-01,E,normal,D00215,A00215,P00215
C00216,2025-01-01,E,normal,D00216,A00216,P00216
C00217,2025-01-01,N,normal,D00217,A00217,P00217
C00218,2025-01-01,N,frequent_legit,D00218,A00218,P00218
C00219,2025-11-29,E,normal,D00219,A00219,P00219
C00220,2025-01-01,W,normal,D00220,A00220,P00220
C00221,2025-01-01,E,normal,D00221,A00221,P00221
C00222,2025-01-01,E,normal,D00222,A00222,P00222
C00223,2025-01-01,E,frequent_legit,D00223,A00223,P00223
C00224,2025-01-01,W,normal,D00224,A00224,P00224
C00225,2025-01-01,W,frequent_legit,D00225,A00225,P00225
C00226,2025-01-01,W,normal,D00226,A00226,P00226
C00227,2025-01-01,N,normal,D00227,A00227,P00227
C00228,2025-01-01,N,normal,D00228,A00228,P00228
C00229,2025-01-01,S,normal,D00229,A00229,P00229
C00230,2025-09-20,S,normal,D00230,A00230,P00230
C00231,2025-01-01,W,normal,D00231,A00231,P00231
C00232,2025-01-01,S,frequent_legit,D00232,A00232,P00232
C00233,2025-01-01,N,normal,D00233,A00233,P00233
C00234,2025-01-01,W,frequent_legit,D00234,A00234,P00234
C00235,2025-08-26,N,normal,D00235,A00235,P00235
C00236,2025-01-01,W,normal,D00236,A00236,P00236
C00237,2025-01-01,N,normal,D00237,A00237,P00237
C00238,2025-01-01,S,normal,D00238,A00238,P00238
C00239,2025-03-26,S,normal,D00239,A00239,P00239
C00240,2025-01-01,S,normal,D00240,A00240,P00240
C00241,2025-01-01,N,normal,D00241,A00241,P00241
C00242,2025-01-01,N,normal,D00242,A00242,P00242
C00243,2025-01-01,S,normal,D00243,A00243,P00243
C00244,2025-01-01,S,normal,D00244,A00244,P00244
C00245,2025-01-01,W,normal,D00245,A00245,P00245
C00246,2025-01-01,N,normal,D00246,A00246,P00246
C00247,2025-01-01,S,normal,D00247,A00247,P00247
C00248,2025-01-01,N,normal,D00248,A00248,P00248
C00249,2025-01-01,W,normal,D00249,A00249,P00249
C00250,2025-01-01,W,normal,D00250,A00250,P00250
C00251,2025-01-01,NE,normal,D00251,A00251,P00251
C00252,2025-09-01,W,normal,D00252,A00252,P00252
C00253,2025-01-01,S,normal,D00253,A00253,P00253
C00254,2025-04-04,E,normal,D00254,A00254,P00254
C00255,2025-01-01,S,normal,D00255,A00255,P00255
C00256,2025-01-01,W,normal,D00256,A00256,P00256
C00257,2025-10-06,S,normal,D00257,A00257,P00257
C00258,2025-01-01,S,normal,D00258,A00258,P00258
C00259,2025-06-21,W,normal,D00259,A00259,P00259
C00260,2025-01-01,W,normal,D00260,A00260,P00260
C00261,2025-01-01,NE,normal,D00261,A00261,P00261
C00262,2025-01-01,N,normal,D00262,A00262,P00262
C00263,2025-01-01,N,normal,D00263,A00263,P00263
C00264,2025-01-01,S,frequent_legit,D00264,A00264,P00264
C00265,2025-01-01,S,normal,D00265,A00265,P00265
C00266,2025-01-29,S,normal,D00266,A00266,P00266
C00267,2025-01-01,S,normal,D00267,A00267,P00267
C00268,2025-01-01,W,normal,D00268,A00268,P00268
C00269,2025-01-01,N,normal,D00269,A00269,P00269
C00270,2025-11-09,E,normal,D00270,A00270,P00270
C00271,2025-01-01,W,normal,D00271,A00271,P00271
C00272,2025-01-01,E,normal,D00272,A00272,P00272
C00273,2025-12-07,S,normal,D00273,A00273,P00273
C00274,2025-01-01,N,normal,D00274,A00274,P00274
C00275,2025-09-11,N,normal,D00275,A00275,P00275
C00276,2025-01-01,W,normal,D00276,A00276,P00276
C00277,2025-01-01,S,normal,D00277,A00277,P00277
C00278,2025-01-01,N,normal,D00278,A00278,P00278
C00279,2025-01-01,NE,normal,D00279,A00279,P00279
C00280,2025-01-01,E,normal,D00280,A00280,P00280
C00281,2025-01-01,W,normal,D00281,A00281,P00281
C00282,2025-01-01,S,normal,D00282,A00282,P00282
C00283,2025-12-06,NE,normal,D00283,A00283,P00283
C00284,2025-01-01,N,normal,D00284,A00284,P00284
C00285,2025-01-01,N,normal,D00285,A00285,P00285
C00286,2025-02-07,W,normal,D00286,A00286,P00286
C00287,2025-01-01,W,normal,D00287,A00287,P00287
C00288,2025-01-01,S,normal,D00288,A00288,P00288
C00289,2025-08-17,N,normal,D00289,A00289,P00289
C00290,2025-01-01,S,normal,D00290,A00290,P00290
C00291,2025-01-01,W,normal,D00291,A00291,P00291
C00292,2025-01-01,W,frequent_legit,D00292,A00292,P00292
C00293,2025-01-01,S,normal,D00293,A00293,P00293
C00294,2025-01-01,N,normal,D00294,A00294,P00294
C00295,2025-01-01,E,frequent_legit,D00295,A00295,P00295
C00296,2025-01-01,W,abusive,D00296,A00296,P00296
C00297,2025-09-22,S,normal,D00297,A00297,P00297
C00298,2025-01-01,E,normal,D00298,A00298,P00298
C00299,2025-01-01,NE,normal,D00299,A00299,P00299
C00300,2025-01-01,N,normal,D00300,A00300,P00300
C00301,2025-01-01,E,normal,D00301,A00301,P00301
C00302,2025-01-01,E,normal,D00302,A00302,P00302
C00303,2025-01-01,S,normal,D00303,A00303,P00303
C00304,2025-01-01,W,normal,D00304,A00304,P00304
C00305,2025-01-01,E,normal,D00305,A00305,P00305
C00306,2025-01-01,S,normal,D00306,A00306,P00306
C00307,2025-01-01,N,normal,D00307,A00307,P00307
C00308,2025-01-01,E,normal,D00308,A00308,P00308
C00309,2025-01-01,N,normal,D00309,A00309,P00309
C00310,2025-02-23,N,normal,D00310,A00310,P00310
C00311,2025-01-01,S,normal,D00311,A00311,P00311
C00312,2025-01-01,E,normal,D00312,A00312,P00312
C00313,2025-05-10,NE,normal,D00313,A00313,P00313
C00314,2025-07-14,E,normal,D00314,A00314,P00314
C00315,2025-01-01,W,normal,D00315,A00315,P00315
C00316,2025-01-01,S,normal,D00316,A00316,P00316
C00317,2025-01-01,S,normal,D00317,A00317,P00317
C00318,2025-01-01,NE,normal,D00318,A00318,P00318
C00319,2025-01-01,S,frequent_legit,D00319,A00319,P00319
C00320,2025-01-01,W,frequent_legit,D00320,A00320,P00320
C00321,2025-01-01,S,normal,D00321,A00321,P00321
C00322,2025-01-01,N,normal,D00322,A00322,P00322
C00323,2025-09-12,E,normal,D00323,A00323,P00323
C00324,2025-10-12,N,normal,D00324,A00324,P00324
C00325,2025-01-01,N,normal,D00325,A00325,P00325
C00326,2025-11-17,N,normal,D00326,A00326,P00326
C00327,2025-01-01,N,normal,D00327,A00327,P00327
C00328,2025-01-01,S,normal,D00328,A00328,P00328
C00329,2025-01-01,W,normal,D00329,A00329,P00329
C00330,2025-01-01,S,normal,D00330,A00330,P00330
C00331,2025-01-01,W,normal,D00331,A00331,P00331
C00332,2025-01-01,S,normal,D00332,A00332,P00332
C00333,2025-10-16,N,normal,D00333,A00333,P00333
C00334,2025-01-01,N,normal,D00334,A00334,P00334
C00335,2025-02-04,W,normal,D00335,A00335,P00335
C00336,2025-01-01,E,normal,D00336,A00336,P00336
C00337,2025-01-01,W,normal,D00337,A00337,P00337
C00338,2025-01-01,S,normal,D00338,A00338,P00338
C00339,2025-01-01,E,frequent_legit,D00339,A00339,P00339
C00340,2025-01-01,W,normal,D00340,A00340,P00340
C00341,2025-01-01,NE,frequent_legit,D00341,A00341,P00341
C00342,2025-01-01,N,normal,D00342,A00342,P00342
C00343,2025-01-01,NE,normal,D00343,A00343,P00343
C00344,2025-07-22,S,normal,D00344,A00344,P00344
C00345,2025-01-01,W,normal,D00345,A00345,P00345
C00346,2025-07-19,S,frequent_legit,D00346,A00346,P00346
C00347,2025-01-01,E,normal,D00347,A00347,P00347
C00348,2025-01-01,S,normal,D00348,A00348,P00348
C00349,2025-01-01,W,normal,D00349,A00349,P00349
C00350,2025-01-01,N,normal,D00350,A00350,P00350
C00351,2025-01-01,S,normal,D00351,A00351,P00351
C00352,2025-01-01,E,normal,D00352,A00352,P00352
C00353,2025-01-01,W,normal,D00353,A00353,P00353
C00354,2025-01-01,S,normal,D00354,A00354,P00354
C00355,2025-01-01,E,normal,D00355,A00355,P00355
C00356,2025-01-01,S,normal,D00356,A00356,P00356
C00357,2025-01-01,E,normal,D00357,A00357,P00357
C00358,2025-01-01,E,normal,D00358,A00358,P00358
C00359,2025-01-01,E,normal,D00359,A00359,P00359
C00360,2025-01-01,W,frequent_legit,D00360,A00360,P00360
C00361,2025-04-13,S,normal,D00361,A00361,P00361
C00362,2025-01-01,N,normal,D00362,A00362,P00362
C00363,2025-01-01,E,normal,D00363,A00363,P00363
C00364,2025-01-01,N,normal,D00364,A00364,P00364
C00365,2025-01-01,N,normal,D00365,A00365,P00365
C00366,2025-01-01,W,normal,D00366,A00366,P00366
C00367,2025-01-01,S,normal,D00367,A00367,P00367
C00368,2025-01-01,S,normal,D00368,A00368,P00368
C00369,2025-05-23,NE,normal,D00369,A00369,P00369
C00370,2025-01-01,N,normal,D00370,A00370,P00370
C00371,2025-01-01,N,normal,D00371,A00371,P00371
C00372,2025-01-01,N,normal,D00372,A00372,P00372
C00373,2025-06-04,N,normal,D00373,A00373,P00373
C00374,2025-01-01,W,normal,D00374,A00374,P00374
C00375,2025-01-01,W,normal,D00375,A00375,P00375
C00376,2025-01-01,E,frequent_legit,D00376,A00376,P00376
C00377,2025-01-01,N,normal,D00377,A00377,P00377
C00378,2025-09-01,S,normal,D00378,A00378,P00378
C00379,2025-01-01,N,normal,D00379,A00379,P00379
C00380,2025-07-12,E,normal,D00380,A00380,P00380
C00381,2025-01-01,E,frequent_legit,D00381,A00381,P00381
C00382,2025-01-01,N,normal,D00382,A00382,P00382
C00383,2025-01-01,W,normal,D00383,A00383,P00383
C00384,2025-01-01,W,normal,D00384,A00384,P00384
C00385,2025-01-01,S,abusive,D00385,A00385,P00385
C00386,2025-11-21,E,normal,D00386,A00386,P00386
C00387,2025-01-01,E,frequent_legit,D00387,A00387,P00387
C00388,2025-01-01,N,normal,D00388,A00388,P00388
C00389,2025-01-01,N,normal,D00389,A00389,P00389
C00390,2025-01-01,E,normal,D00390,A00390,P00390
C00391,2025-01-01,W,normal,D00391,A00391,P00391
C00392,2025-01-01,E,normal,D00392,A00392,P00392
C00393,2025-01-01,E,normal,D00393,A00393,P00393
C00394,2025-09-08,E,normal,D00394,A00394,P00394
C00395,2025-08-17,S,normal,D00395,A00395,P00395
C00396,2025-01-01,N,normal,D00396,A00396,P00396
C00397,2025-01-01,S,normal,D00397,A00397,P00397
C00398,2025-01-01,W,normal,D00398,A00398,P00398
C00399,2025-01-01,W,normal,D00399,A00399,P00399
C00400,2025-01-01,W,normal,D00400,A00400,P00400
C00401,2025-01-01,N,frequent_legit,D00401,A00401,P00401
C00402,2025-02-20,S,normal,D00402,A00402,P00402
C00403,2025-04-10,E,normal,D00403,A00403,P00403
C00404,2025-08-11,N,coordinated,DCO0000,ACO0000,PCO0000
C00405,2025-01-01,N,normal,D00405,A00405,P00405
C00406,2025-11-19,W,normal,D00406,A00406,P00406
C00407,2025-01-01,E,normal,D00407,A00407,P00407
C00408,2025-01-01,E,normal,D00408,A00408,P00408
C00409,2025-01-01,N,coordinated,DCO0000,ACO0000,PCO0000
C00410,2025-01-01,S,normal,D00410,A00410,P00410
C00411,2025-01-01,N,normal,D00411,A00411,P00411
C00412,2025-03-30,N,normal,D00412,A00412,P00412
C00413,2025-01-01,S,normal,D00413,A00413,P00413
C00414,2025-02-06,S,normal,D00414,A00414,P00414
C00415,2025-01-01,NE,normal,D00415,A00415,P00415
C00416,2025-01-01,S,normal,D00416,A00416,P00416
C00417,2025-01-01,N,normal,D00417,A00417,P00417
C00418,2025-01-01,N,normal,D00418,A00418,P00418
C00419,2025-01-01,W,frequent_legit,D00419,A00419,P00419
C00420,2025-01-01,N,normal,D00420,A00420,P00420
C00421,2025-01-01,N,normal,D00421,A00421,P00421
C00422,2025-01-01,S,normal,D00422,A00422,P00422
C00423,2025-01-01,N,normal,D00423,A00423,P00423
C00424,2025-01-01,E,normal,D00424,A00424,P00424
C00425,2025-11-01,S,normal,D00425,A00425,P00425
C00426,2025-01-01,N,normal,D00426,A00426,P00426
C00427,2025-01-01,W,normal,D00427,A00427,P00427
C00428,2025-05-17,S,normal,D00428,A00428,P00428
C00429,2025-01-01,E,normal,D00429,A00429,P00429
C00430,2025-09-01,N,frequent_legit,D00430,A00430,P00430
C00431,2025-01-01,E,normal,D00431,A00431,P00431
C00432,2025-01-01,S,normal,D00432,A00432,P00432
C00433,2025-01-01,S,normal,D00433,A00433,P00433
C00434,2025-01-01,S,normal,D00434,A00434,P00434
C00435,2025-01-01,NE,normal,D00435,A00435,P00435
C00436,2025-01-01,N,normal,D00436,A00436,P00436
C00437,2025-01-01,W,normal,D00437,A00437,P00437
C00438,2025-01-01,W,normal,D00438,A00438,P00438
C00439,2025-01-01,S,normal,D00439,A00439,P00439
C00440,2025-01-01,S,normal,D00440,A00440,P00440
C00441,2025-10-08,S,normal,D00441,A00441,P00441
C00442,2025-01-01,NE,normal,D00442,A00442,P00442
C00443,2025-01-01,E,normal,D00443,A00443,P00443
C00444,2025-01-01,S,normal,D00444,A00444,P00444
C00445,2025-01-01,N,normal,D00445,A00445,P00445
C00446,2025-02-15,W,abusive,D00446,A00446,P00446
C00447,2025-01-01,N,normal,D00447,A00447,P00447
C00448,2025-01-01,N,normal,D00448,A00448,P00448
C00449,2025-01-01,N,normal,D00449,A00449,P00449
C00450,2025-01-01,S,normal,D00450,A00450,P00450
C00451,2025-01-01,W,normal,D00451,A00451,P00451
C00452,2025-01-01,W,normal,D00452,A00452,P00452
C00453,2025-01-01,N,normal,D00453,A00453,P00453
C00454,2025-01-01,S,normal,D00454,A00454,P00454
C00455,2025-01-01,W,normal,D00455,A00455,P00455
C00456,2025-03-31,S,abusive,D00456,A00456,P00456
C00457,2025-01-01,N,normal,D00457,A00457,P00457
C00458,2025-01-01,S,normal,D00458,A00458,P00458
C00459,2025-01-01,E,normal,D00459,A00459,P00459
C00460,2025-01-01,NE,normal,D00460,A00460,P00460
C00461,2025-05-26,E,normal,D00461,A00461,P00461
C00462,2025-01-01,N,frequent_legit,D00462,A00462,P00462
C00463,2025-01-01,E,normal,D00463,A00463,P00463
C00464,2025-01-01,N,normal,D00464,A00464,P00464
C00465,2025-01-01,W,normal,D00465,A00465,P00465
C00466,2025-04-14,S,normal,D00466,A00466,P00466
C00467,2025-01-01,N,frequent_legit,D00467,A00467,P00467
C00468,2025-01-01,S,normal,D00468,A00468,P00468
C00469,2025-01-01,N,normal,D00469,A00469,P00469
C00470,2025-01-01,N,normal,D00470,A00470,P00470
C00471,2025-01-01,E,normal,D00471,A00471,P00471
C00472,2025-01-01,W,normal,D00472,A00472,P00472
C00473,2025-01-01,W,normal,D00473,A00473,P00473
C00474,2025-01-01,S,normal,D00474,A00474,P00474
C00475,2025-01-01,N,normal,D00475,A00475,P00475
C00476,2025-01-01,S,normal,D00476,A00476,P00476
C00477,2025-01-01,S,normal,D00477,A00477,P00477
C00478,2025-09-29,N,normal,D00478,A00478,P00478
C00479,2025-01-01,W,normal,D00479,A00479,P00479
C00480,2025-01-01,NE,normal,D00480,A00480,P00480
C00481,2025-01-01,N,normal,D00481,A00481,P00481
C00482,2025-01-01,W,normal,D00482,A00482,P00482
C00483,2025-02-27,E,normal,D00483,A00483,P00483
C00484,2025-01-01,N,normal,D00484,A00484,P00484
C00485,2025-06-20,E,normal,D00485,A00485,P00485
C00486,2025-01-01,N,normal,D00486,A00486,P00486
C00487,2025-01-01,N,normal,D00487,A00487,P00487
C00488,2025-01-06,NE,normal,D00488,A00488,P00488
C00489,2025-01-01,E,normal,D00489,A00489,P00489
C00490,2025-01-01,N,normal,D00490,A00490,P00490
C00491,2025-09-14,S,normal,D00491,A00491,P00491
C00492,2025-07-11,NE,normal,D00492,A00492,P00492
C00493,2025-01-01,S,normal,D00493,A00493,P00493
C00494,2025-08-14,W,normal,D00494,A00494,P00494
C00495,2025-01-01,W,normal,D00495,A00495,P00495
C00496,2025-01-01,S,normal,D00496,A00496,P00496
C00497,2025-08-27,E,normal,D00497,A00497,P00497
C00498,2025-01-01,E,normal,D00498,A00498,P00498
C00499,2025-01-01,W,normal,D00499,A00499,P00499
C00500,2025-01-01,S,normal,D00500,A00500,P00500
C00501,2025-01-01,N,normal,D00501,A00501,P00501
C00502,2025-01-01,N,frequent_legit,D00502,A00502,P00502
C00503,2025-01-01,E,normal,D00503,A00503,P00503
C00504,2025-04-18,W,normal,D00504,A00504,P00504
C00505,2025-01-01,W,normal,D00505,A00505,P00505
C00506,2025-01-01,E,normal,D00506,A00506,P00506
C00507,2025-02-19,N,normal,D00507,A00507,P00507
C00508,2025-01-01,N,normal,D00508,A00508,P00508
C00509,2025-12-04,W,normal,D00509,A00509,P00509
C00510,2025-01-01,S,normal,D00510,A00510,P00510
C00511,2025-05-14,W,normal,D00511,A00511,P00511
C00512,2025-01-01,N,normal,D00512,A00512,P00512
C00513,2025-01-01,S,normal,D00513,A00513,P00513
C00514,2025-01-01,W,normal,D00514,A00514,P00514
C00515,2025-01-01,N,normal,D00515,A00515,P00515
C00516,2025-01-01,N,normal,D00516,A00516,P00516
C00517,2025-01-01,E,normal,D00517,A00517,P00517
C00518,2025-01-01,E,normal,D00518,A00518,P00518
C00519,2025-01-01,NE,normal,D00519,A00519,P00519
C00520,2025-10-05,W,normal,D00520,A00520,P00520
C00521,2025-01-01,W,normal,D00521,A00521,P00521
C00522,2025-02-26,N,normal,D00522,A00522,P00522
C00523,2025-05-27,S,normal,D00523,A00523,P00523
C00524,2025-01-01,W,normal,D00524,A00524,P00524
C00525,2025-01-01,S,normal,D00525,A00525,P00525
C00526,2025-01-01,NE,frequent_legit,D00526,A00526,P00526
C00527,2025-01-01,E,coordinated,DCO0000,ACO0000,PCO0000
C00528,2025-01-01,N,normal,D00528,A00528,P00528
C00529,2025-01-01,S,normal,D00529,A00529,P00529
C00530,2025-04-01,E,normal,D00530,A00530,P00530
C00531,2025-01-01,N,normal,D00531,A00531,P00531
C00532,2025-01-01,S,normal,D00532,A00532,P00532
C00533,2025-08-03,E,normal,D00533,A00533,P00533
C00534,2025-01-01,N,normal,D00534,A00534,P00534
C00535,2025-01-01,S,normal,D00535,A00535,P00535
C00536,2025-07-11,E,normal,D00536,A00536,P00536
C00537,2025-08-03,W,normal,D00537,A00537,P00537
C00538,2025-01-01,S,normal,D00538,A00538,P00538
C00539,2025-01-01,NE,normal,D00539,A00539,P00539
C00540,2025-01-01,W,abusive,D00540,A00540,P00540
C00541,2025-01-01,S,normal,D00541,A00541,P00541
C00542,2025-01-01,N,normal,D00542,A00542,P00542
C00543,2025-01-01,W,coordinated,DCO0000,ACO0000,PCO0000
C00544,2025-05-06,N,normal,D00544,A00544,P00544
C00545,2025-12-14,W,normal,D00545,A00545,P00545
C00546,2025-01-01,E,normal,D00546,A00546,P00546
C00547,2025-01-01,S,normal,D00547,A00547,P00547
C00548,2025-01-01,S,normal,D00548,A00548,P00548
C00549,2025-01-01,S,normal,D00549,A00549,P00549
C00550,2025-03-21,W,normal,D00550,A00550,P00550
C00551,2025-05-06,N,normal,D00551,A00551,P00551
C00552,2025-01-01,W,normal,D00552,A00552,P00552
C00553,2025-01-01,N,frequent_legit,D00553,A00553,P00553
C00554,2025-01-01,W,normal,D00554,A00554,P00554
C00555,2025-01-23,W,normal,D00555,A00555,P00555
C00556,2025-01-01,S,normal,D00556,A00556,P00556
C00557,2025-06-02,N,normal,D00557,A00557,P00557
C00558,2025-03-18,W,normal,D00558,A00558,P00558
C00559,2025-01-01,W,normal,D00559,A00559,P00559
C00560,2025-11-15,S,normal,D00560,A00560,P00560
C00561,2025-08-30,S,normal,D00561,A00561,P00561
C00562,2025-08-16,W,normal,D00562,A00562,P00562
C00563,2025-01-01,N,normal,D00563,A00563,P00563
C00564,2025-01-01,E,normal,D00564,A00564,P00564
C00565,2025-01-01,S,normal,D00565,A00565,P00565
C00566,2025-01-01,N,normal,D00566,A00566,P00566
C00567,2025-09-06,W,normal,D00567,A00567,P00567
C00568,2025-01-01,S,normal,D00568,A00568,P00568
C00569,2025-01-01,W,normal,D00569,A00569,P00569
C00570,2025-01-01,E,normal,D00570,A00570,P00570
C00571,2025-01-01,S,normal,D00571,A00571,P00571
C00572,2025-01-01,S,normal,D00572,A00572,P00572
C00573,2025-01-01,S,normal,D00573,A00573,P00573
C00574,2025-01-01,W,normal,D00574,A00574,P00574
C00575,2025-01-01,E,normal,D00575,A00575,P00575
C00576,2025-01-01,W,frequent_legit,D00576,A00576,P00576
C00577,2025-01-01,S,normal,D00577,A00577,P00577
C00578,2025-01-01,N,normal,D00578,A00578,P00578
C00579,2025-01-01,N,normal,D00579,A00579,P00579
C00580,2025-01-01,W,normal,D00580,A00580,P00580
C00581,2025-01-01,S,normal,D00581,A00581,P00581
C00582,2025-01-01,S,normal,D00582,A00582,P00582
C00583,2025-01-01,S,normal,D00583,A00583,P00583
C00584,2025-01-01,S,frequent_legit,D00584,A00584,P00584
C00585,2025-01-01,E,normal,D00585,A00585,P00585
C00586,2025-01-01,E,normal,D00586,A00586,P00586
C00587,2025-07-27,NE,normal,D00587,A00587,P00587
C00588,2025-01-01,N,normal,D00588,A00588,P00588
C00589,2025-08-20,E,normal,D00589,A00589,P00589
C00590,2025-08-08,N,frequent_legit,D00590,A00590,P00590
C00591,2025-01-01,W,normal,D00591,A00591,P00591
C00592,2025-01-01,E,normal,D00592,A00592,P00592
C00593,2025-01-01,S,normal,D00593,A00593,P00593
C00594,2025-01-01,W,normal,D00594,A00594,P00594
C00595,2025-01-01,S,normal,D00595,A00595,P00595
C00596,2025-01-01,N,normal,D00596,A00596,P00596
C00597,2025-01-01,S,normal,D00597,A00597,P00597
C00598,2025-07-12,N,abusive,D00598,A00598,P00598
C00599,2025-04-05,W,normal,D00599,A00599,P00599
C00600,2025-01-01,W,normal,D00600,A00600,P00600
C00601,2025-01-01,W,normal,D00601,A00601,P00601
C00602,2025-01-01,W,frequent_legit,D00602,A00602,P00602
C00603,2025-01-01,W,normal,D00603,A00603,P00603
C00604,2025-01-01,S,frequent_legit,D00604,A00604,P00604
C00605,2025-01-01,N,normal,D00605,A00605,P00605
C00606,2025-01-01,S,normal,D00606,A00606,P00606
C00607,2025-01-01,W,normal,D00607,A00607,P00607
C00608,2025-01-01,NE,normal,D00608,A00608,P00608
C00609,2025-01-01,W,normal,D00609,A00609,P00609
C00610,2025-01-01,N,normal,D00610,A00610,P00610
C00611,2025-01-01,N,normal,D00611,A00611,P00611
C00612,2025-06-19,W,frequent_legit,D00612,A00612,P00612
C00613,2025-01-01,N,abusive,D00613,A00613,P00613
C00614,2025-01-01,E,normal,D00614,A00614,P00614
C00615,2025-01-01,S,normal,D00615,A00615,P00615
C00616,2025-01-01,S,normal,D00616,A00616,P00616
C00617,2025-01-01,E,normal,D00617,A00617,P00617
C00618,2025-01-01,NE,normal,D00618,A00618,P00618
C00619,2025-01-01,W,normal,D00619,A00619,P00619
C00620,2025-01-01,S,normal,D00620,A00620,P00620
C00621,2025-10-21,S,normal,D00621,A00621,P00621
C00622,2025-01-01,W,abusive,D00622,A00622,P00622
C00623,2025-01-01,E,normal,D00623,A00623,P00623
C00624,2025-01-01,S,abusive,D00624,A00624,P00624
C00625,2025-01-01,E,normal,D00625,A00625,P00625
C00626,2025-01-01,N,normal,D00626,A00626,P00626
C00627,2025-01-01,N,normal,D00627,A00627,P00627
C00628,2025-01-01,W,normal,D00628,A00628,P00628
C00629,2025-01-01,E,normal,D00629,A00629,P00629
C00630,2025-01-01,N,frequent_legit,D00630,A00630,P00630
C00631,2025-01-01,S,normal,D00631,A00631,P00631
C00632,2025-01-01,NE,normal,D00632,A00632,P00632
C00633,2025-01-01,E,normal,D00633,A00633,P00633
C00634,2025-01-01,E,normal,D00634,A00634,P00634
C00635,2025-01-01,N,normal,D00635,A00635,P00635
C00636,2025-10-15,NE,normal,D00636,A00636,P00636
C00637,2025-01-01,W,normal,D00637,A00637,P00637
C00638,2025-01-01,S,normal,D00638,A00638,P00638
C00639,2025-03-07,S,normal,D00639,A00639,P00639
C00640,2025-01-01,E,normal,D00640,A00640,P00640
C00641,2025-01-01,W,normal,D00641,A00641,P00641
C00642,2025-01-01,W,normal,D00642,A00642,P00642
C00643,2025-01-01,NE,normal,D00643,A00643,P00643
C00644,2025-01-01,E,normal,D00644,A00644,P00644
C00645,2025-01-01,S,normal,D00645,A00645,P00645
C00646,2025-01-01,S,normal,D00646,A00646,P00646
C00647,2025-01-01,W,normal,D00647,A00647,P00647
C00648,2025-01-01,N,normal,D00648,A00648,P00648
C00649,2025-01-01,N,normal,D00649,A00649,P00649
C00650,2025-01-01,W,normal,D00650,A00650,P00650
C00651,2025-01-01,S,normal,D00651,A00651,P00651
C00652,2025-01-25,W,normal,D00652,A00652,P00652
C00653,2025-05-31,N,normal,D00653,A00653,P00653
C00654,2025-01-01,S,normal,D00654,A00654,P00654
C00655,2025-01-01,N,normal,D00655,A00655,P00655
C00656,2025-01-01,E,normal,D00656,A00656,P00656
C00657,2025-01-01,W,normal,D00657,A00657,P00657
C00658,2025-01-01,S,normal,D00658,A00658,P00658
C00659,2025-01-01,S,normal,D00659,A00659,P00659
C00660,2025-01-01,N,normal,D00660,A00660,P00660
C00661,2025-07-07,E,normal,D00661,A00661,P00661
C00662,2025-01-01,NE,normal,D00662,A00662,P00662
C00663,2025-01-01,W,normal,D00663,A00663,P00663
C00664,2025-01-01,N,normal,D00664,A00664,P00664
C00665,2025-01-01,E,normal,D00665,A00665,P00665
C00666,2025-01-01,S,normal,D00666,A00666,P00666
C00667,2025-01-01,N,coordinated,DCO0000,ACO0000,PCO0000
C00668,2025-01-01,N,normal,D00668,A00668,P00668
C00669,2025-06-06,N,normal,D00669,A00669,P00669
C00670,2025-06-14,N,normal,D00670,A00670,P00670
C00671,2025-01-01,W,normal,D00671,A00671,P00671
C00672,2025-01-01,S,coordinated,DCO0001,ACO0001,PCO0001
C00673,2025-01-01,W,normal,D00673,A00673,P00673
C00674,2025-01-01,NE,normal,D00674,A00674,P00674
C00675,2025-03-16,E,normal,D00675,A00675,P00675
C00676,2025-01-01,S,frequent_legit,D00676,A00676,P00676
C00677,2025-01-01,W,normal,D00677,A00677,P00677
C00678,2025-01-01,N,normal,D00678,A00678,P00678
C00679,2025-08-29,S,normal,D00679,A00679,P00679
C00680,2025-01-01,S,normal,D00680,A00680,P00680
C00681,2025-01-01,W,normal,D00681,A00681,P00681
C00682,2025-01-01,W,normal,D00682,A00682,P00682
C00683,2025-01-01,W,normal,D00683,A00683,P00683
C00684,2025-01-01,E,normal,D00684,A00684,P00684
C00685,2025-01-01,S,normal,D00685,A00685,P00685
C00686,2025-01-01,W,normal,D00686,A00686,P00686
C00687,2025-01-01,W,frequent_legit,D00687,A00687,P00687
C00688,2025-01-01,S,normal,D00688,A00688,P00688
C00689,2025-01-01,NE,normal,D00689,A00689,P00689
C00690,2025-01-01,W,normal,D00690,A00690,P00690
C00691,2025-01-01,S,normal,D00691,A00691,P00691
C00692,2025-01-01,N,normal,D00692,A00692,P00692
C00693,2025-01-01,N,normal,D00693,A00693,P00693
C00694,2025-03-20,W,frequent_legit,D00694,A00694,P00694
C00695,2025-01-01,N,normal,D00695,A00695,P00695
C00696,2025-01-01,S,normal,D00696,A00696,P00696
C00697,2025-01-01,E,normal,D00697,A00697,P00697
C00698,2025-04-01,W,normal,D00698,A00698,P00698
C00699,2025-08-16,W,normal,D00699,A00699,P00699
C00700,2025-01-01,W,normal,D00700,A00700,P00700
C00701,2025-01-01,S,normal,D00701,A00701,P00701
C00702,2025-01-01,N,normal,D00702,A00702,P00702
C00703,2025-01-01,E,normal,D00703,A00703,P00703
C00704,2025-01-01,N,normal,D00704,A00704,P00704
C00705,2025-01-01,E,normal,D00705,A00705,P00705
C00706,2025-01-01,NE,normal,D00706,A00706,P00706
C00707,2025-09-10,S,normal,D00707,A00707,P00707
C00708,2025-09-06,E,normal,D00708,A00708,P00708
C00709,2025-08-24,E,normal,D00709,A00709,P00709
C00710,2025-01-01,W,coordinated,DCO0001,ACO0001,PCO0001
C00711,2025-07-09,S,normal,D00711,A00711,P00711
C00712,2025-01-01,S,normal,D00712,A00712,P00712
C00713,2025-01-24,N,frequent_legit,D00713,A00713,P00713
C00714,2025-01-01,E,normal,D00714,A00714,P00714
C00715,2025-01-01,S,normal,D00715,A00715,P00715
C00716,2025-05-25,S,normal,D00716,A00716,P00716
C00717,2025-01-01,W,normal,D00717,A00717,P00717
C00718,2025-01-01,N,normal,D00718,A00718,P00718
C00719,2025-01-01,E,frequent_legit,D00719,A00719,P00719
C00720,2025-01-01,N,normal,D00720,A00720,P00720
C00721,2025-11-13,N,normal,D00721,A00721,P00721
C00722,2025-01-01,N,normal,D00722,A00722,P00722
C00723,2025-01-01,N,frequent_legit,D00723,A00723,P00723
C00724,2025-01-01,NE,normal,D00724,A00724,P00724
C00725,2025-01-01,NE,normal,D00725,A00725,P00725
C00726,2025-01-01,E,normal,D00726,A00726,P00726
C00727,2025-01-21,E,normal,D00727,A00727,P00727
C00728,2025-01-01,W,normal,D00728,A00728,P00728
C00729,2025-01-01,W,normal,D00729,A00729,P00729
C00730,2025-01-01,S,normal,D00730,A00730,P00730
C00731,2025-01-01,N,normal,D00731,A00731,P00731
C00732,2025-01-01,E,normal,D00732,A00732,P00732
C00733,2025-05-15,NE,normal,D00733,A00733,P00733
C00734,2025-08-25,N,normal,D00734,A00734,P00734
C00735,2025-09-14,S,normal,D00735,A00735,P00735
C00736,2025-01-01,S,normal,D00736,A00736,P00736
C00737,2025-01-01,S,normal,D00737,A00737,P00737
C00738,2025-01-01,W,normal,D00738,A00738,P00738
C00739,2025-01-01,S,normal,D00739,A00739,P00739
C00740,2025-01-01,NE,normal,D00740,A00740,P00740
C00741,2025-01-01,W,normal,D00741,A00741,P00741
C00742,2025-01-01,N,normal,D00742,A00742,P00742
C00743,2025-05-05,W,normal,D00743,A00743,P00743
C00744,2025-03-13,W,normal,D00744,A00744,P00744
C00745,2025-01-01,S,normal,D00745,A00745,P00745
C00746,2025-07-17,S,normal,D00746,A00746,P00746
C00747,2025-01-01,W,normal,D00747,A00747,P00747
C00748,2025-01-01,S,normal,D00748,A00748,P00748
C00749,2025-01-01,N,normal,D00749,A00749,P00749
C00750,2025-01-01,S,normal,D00750,A00750,P00750
C00751,2025-01-01,N,normal,D00751,A00751,P00751
C00752,2025-01-01,E,normal,D00752,A00752,P00752
C00753,2025-01-01,N,normal,D00753,A00753,P00753
C00754,2025-10-28,E,normal,D00754,A00754,P00754
C00755,2025-01-01,S,normal,D00755,A00755,P00755
C00756,2025-07-13,W,normal,D00756,A00756,P00756
C00757,2025-01-01,S,frequent_legit,D00757,A00757,P00757
C00758,2025-01-01,W,normal,D00758,A00758,P00758
C00759,2025-01-01,W,normal,D00759,A00759,P00759
C00760,2025-01-01,N,normal,D00760,A00760,P00760
C00761,2025-01-01,E,normal,D00761,A00761,P00761
C00762,2025-01-01,N,normal,D00762,A00762,P00762
C00763,2025-01-01,W,normal,D00763,A00763,P00763
C00764,2025-01-01,E,frequent_legit,D00764,A00764,P00764
C00765,2025-04-21,S,normal,D00765,A00765,P00765
C00766,2025-01-01,N,normal,D00766,A00766,P00766
C00767,2025-01-01,S,normal,D00767,A00767,P00767
C00768,2025-01-01,W,normal,D00768,A00768,P00768
C00769,2025-01-01,W,normal,D00769,A00769,P00769
C00770,2025-01-01,N,normal,D00770,A00770,P00770
C00771,2025-01-01,S,normal,D00771,A00771,P00771
C00772,2025-01-01,S,normal,D00772,A00772,P00772
C00773,2025-01-01,E,normal,D00773,A00773,P00773
C00774,2025-01-01,N,normal,D00774,A00774,P00774
C00775,2025-10-24,S,normal,D00775,A00775,P00775
C00776,2025-01-01,W,normal,D00776,A00776,P00776
C00777,2025-01-01,S,normal,D00777,A00777,P00777
C00778,2025-01-01,W,normal,D00778,A00778,P00778
C00779,2025-01-01,S,normal,D00779,A00779,P00779
C00780,2025-01-01,S,normal,D00780,A00780,P00780
C00781,2025-01-01,E,frequent_legit,D00781,A00781,P00781
C00782,2025-09-10,N,normal,D00782,A00782,P00782
C00783,2025-01-01,N,normal,D00783,A00783,P00783
C00784,2025-01-01,NE,abusive,D00784,A00784,P00784
C00785,2025-04-10,W,normal,D00785,A00785,P00785
C00786,2025-01-01,W,normal,D00786,A00786,P00786
C00787,2025-01-01,N,normal,D00787,A00787,P00787
C00788,2025-06-16,N,normal,D00788,A00788,P00788
C00789,2025-01-01,N,normal,D00789,A00789,P00789
C00790,2025-01-01,W,normal,D00790,A00790,P00790
C00791,2025-01-01,W,normal,D00791,A00791,P00791
C00792,2025-01-01,S,normal,D00792,A00792,P00792
C00793,2025-11-29,NE,normal,D00793,A00793,P00793
C00794,2025-01-01,N,normal,D00794,A00794,P00794
C00795,2025-01-01,S,normal,D00795,A00795,P00795
C00796,2025-01-01,N,normal,D00796,A00796,P00796
C00797,2025-05-13,S,normal,D00797,A00797,P00797
C00798,2025-08-07,NE,normal,D00798,A00798,P00798
C00799,2025-01-01,W,normal,D00799,A00799,P00799
C00800,2025-01-01,N,normal,D00800,A00800,P00800
C00801,2025-01-01,N,normal,D00801,A00801,P00801
C00802,2025-01-04,E,normal,D00802,A00802,P00802
C00803,2025-01-01,N,normal,D00803,A00803,P00803
C00804,2025-01-01,S,normal,D00804,A00804,P00804
C00805,2025-10-12,E,normal,D00805,A00805,P00805
C00806,2025-09-06,S,normal,D00806,A00806,P00806
C00807,2025-01-01,S,normal,D00807,A00807,P00807
C00808,2025-01-01,N,normal,D00808,A00808,P00808
C00809,2025-01-01,W,coordinated,DCO0001,ACO0001,PCO0001
C00810,2025-11-21,S,normal,D00810,A00810,P00810
C00811,2025-01-01,E,normal,D00811,A00811,P00811
C00812,2025-01-01,S,coordinated,DCO0001,ACO0001,PCO0001
C00813,2025-01-01,E,normal,D00813,A00813,P00813
C00814,2025-01-01,N,normal,D00814,A00814,P00814
C00815,2025-01-01,N,normal,D00815,A00815,P00815
C00816,2025-01-01,W,normal,D00816,A00816,P00816
C00817,2025-01-01,W,normal,D00817,A00817,P00817
C00818,2025-01-01,N,normal,D00818,A00818,P00818
C00819,2025-01-01,S,normal,D00819,A00819,P00819
C00820,2025-01-01,NE,normal,D00820,A00820,P00820
C00821,2025-11-22,N,normal,D00821,A00821,P00821
C00822,2025-01-01,N,normal,D00822,A00822,P00822
C00823,2025-06-09,S,normal,D00823,A00823,P00823
C00824,2025-01-01,S,normal,D00824,A00824,P00824
C00825,2025-01-01,E,normal,D00825,A00825,P00825
C00826,2025-04-24,E,normal,D00826,A00826,P00826
C00827,2025-01-01,S,normal,D00827,A00827,P00827
C00828,2025-01-01,E,normal,D00828,A00828,P00828
C00829,2025-01-01,S,normal,D00829,A00829,P00829
C00830,2025-01-01,W,normal,D00830,A00830,P00830
C00831,2025-01-01,N,normal,D00831,A00831,P00831
C00832,2025-04-30,S,normal,D00832,A00832,P00832
C00833,2025-01-01,E,normal,D00833,A00833,P00833
C00834,2025-09-03,S,normal,D00834,A00834,P00834
C00835,2025-01-01,N,normal,D00835,A00835,P00835
C00836,2025-01-01,S,normal,D00836,A00836,P00836
C00837,2025-01-01,E,abusive,D00837,A00837,P00837
C00838,2025-09-13,N,normal,D00838,A00838,P00838
C00839,2025-01-01,W,normal,D00839,A00839,P00839
C00840,2025-01-01,W,normal,D00840,A00840,P00840
C00841,2025-01-01,E,normal,D00841,A00841,P00841
C00842,2025-01-01,N,normal,D00842,A00842,P00842
C00843,2025-01-01,W,normal,D00843,A00843,P00843
C00844,2025-01-01,N,normal,D00844,A00844,P00844
C00845,2025-01-01,W,normal,D00845,A00845,P00845
C00846,2025-01-01,E,normal,D00846,A00846,P00846
C00847,2025-01-01,N,normal,D00847,A00847,P00847
C00848,2025-01-01,W,normal,D00848,A00848,P00848
C00849,2025-01-01,S,frequent_legit,D00849,A00849,P00849
C00850,2025-01-01,S,normal,D00850,A00850,P00850
C00851,2025-01-01,S,normal,D00851,A00851,P00851
C00852,2025-01-01,E,normal,D00852,A00852,P00852
C00853,2025-01-01,W,frequent_legit,D00853,A00853,P00853
C00854,2025-01-01,W,normal,D00854,A00854,P00854
C00855,2025-01-01,N,normal,D00855,A00855,P00855
C00856,2025-09-08,E,normal,D00856,A00856,P00856
C00857,2025-01-01,E,normal,D00857,A00857,P00857
C00858,2025-01-01,E,normal,D00858,A00858,P00858
C00859,2025-10-13,S,normal,D00859,A00859,P00859
C00860,2025-01-01,S,normal,D00860,A00860,P00860
C00861,2025-01-01,W,normal,D00861,A00861,P00861
C00862,2025-01-01,S,normal,D00862,A00862,P00862
C00863,2025-01-01,N,normal,D00863,A00863,P00863
C00864,2025-01-01,S,normal,D00864,A00864,P00864
C00865,2025-01-01,N,frequent_legit,D00865,A00865,P00865
C00866,2025-09-16,N,normal,D00866,A00866,P00866
C00867,2025-01-01,N,normal,D00867,A00867,P00867
C00868,2025-01-01,E,normal,D00868,A00868,P00868
C00869,2025-01-01,NE,normal,D00869,A00869,P00869
C00870,2025-07-17,S,normal,D00870,A00870,P00870
C00871,2025-01-01,N,normal,D00871,A00871,P00871
C00872,2025-01-01,W,abusive,D00872,A00872,P00872
C00873,2025-01-01,N,normal,D00873,A00873,P00873
C00874,2025-06-24,NE,normal,D00874,A00874,P00874
C00875,2025-01-01,E,normal,D00875,A00875,P00875
C00876,2025-07-24,N,normal,D00876,A00876,P00876
C00877,2025-01-01,S,normal,D00877,A00877,P00877
C00878,2025-01-01,S,normal,D00878,A00878,P00878
C00879,2025-11-07,W,normal,D00879,A00879,P00879
C00880,2025-04-16,N,normal,D00880,A00880,P00880
C00881,2025-01-01,W,normal,D00881,A00881,P00881
C00882,2025-01-01,W,frequent_legit,D00882,A00882,P00882
C00883,2025-01-01,W,normal,D00883,A00883,P00883
C00884,2025-01-01,W,normal,D00884,A00884,P00884
C00885,2025-01-01,N,normal,D00885,A00885,P00885
C00886,2025-11-15,S,normal,D00886,A00886,P00886
C00887,2025-01-01,W,normal,D00887,A00887,P00887
C00888,2025-01-01,S,normal,D00888,A00888,P00888
C00889,2025-01-01,N,normal,D00889,A00889,P00889
C00890,2025-01-01,S,normal,D00890,A00890,P00890
C00891,2025-01-01,N,frequent_legit,D00891,A00891,P00891
C00892,2025-01-01,W,normal,D00892,A00892,P00892
C00893,2025-03-01,S,normal,D00893,A00893,P00893
C00894,2025-06-13,E,normal,D00894,A00894,P00894
C00895,2025-01-01,NE,normal,D00895,A00895,P00895
C00896,2025-03-14,S,normal,D00896,A00896,P00896
C00897,2025-01-01,W,normal,D00897,A00897,P00897
C00898,2025-01-01,N,normal,D00898,A00898,P00898
C00899,2025-01-01,N,normal,D00899,A00899,P00899
C00900,2025-01-01,N,normal,D00900,A00900,P00900
C00901,2025-01-01,S,normal,D00901,A00901,P00901
C00902,2025-01-01,S,normal,D00902,A00902,P00902
C00903,2025-01-01,S,normal,D00903,A00903,P00903
C00904,2025-01-01,N,frequent_legit,D00904,A00904,P00904
C00905,2025-08-13,N,normal,D00905,A00905,P00905
C00906,2025-01-01,E,normal,D00906,A00906,P00906
C00907,2025-01-01,N,normal,D00907,A00907,P00907
C00908,2025-01-01,W,normal,D00908,A00908,P00908
C00909,2025-03-10,W,normal,D00909,A00909,P00909
C00910,2025-06-27,E,normal,D00910,A00910,P00910
C00911,2025-01-01,E,normal,D00911,A00911,P00911
C00912,2025-01-01,E,frequent_legit,D00912,A00912,P00912
C00913,2025-01-01,E,abusive,D00913,A00913,P00913
C00914,2025-01-01,W,abusive,D00914,A00914,P00914
C00915,2025-01-01,NE,frequent_legit,D00915,A00915,P00915
C00916,2025-06-02,S,normal,D00916,A00916,P00916
C00917,2025-01-01,E,normal,D00917,A00917,P00917
C00918,2025-01-01,W,normal,D00918,A00918,P00918
C00919,2025-01-01,N,normal,D00919,A00919,P00919
C00920,2025-08-19,S,normal,D00920,A00920,P00920
C00921,2025-01-01,E,normal,D00921,A00921,P00921
C00922,2025-01-01,E,normal,D00922,A00922,P00922
C00923,2025-01-01,S,normal,D00923,A00923,P00923
C00924,2025-01-01,S,normal,D00924,A00924,P00924
C00925,2025-01-01,N,normal,D00925,A00925,P00925
C00926,2025-01-01,S,normal,D00926,A00926,P00926
C00927,2025-01-01,W,normal,D00927,A00927,P00927
C00928,2025-01-01,W,normal,D00928,A00928,P00928
C00929,2025-08-13,S,normal,D00929,A00929,P00929
C00930,2025-01-01,N,normal,D00930,A00930,P00930
C00931,2025-01-01,W,normal,D00931,A00931,P00931
C00932,2025-01-01,W,normal,D00932,A00932,P00932
C00933,2025-01-01,S,normal,D00933,A00933,P00933
C00934,2025-01-01,S,normal,D00934,A00934,P00934
C00935,2025-01-01,N,normal,D00935,A00935,P00935
C00936,2025-01-01,W,frequent_legit,D00936,A00936,P00936
C00937,2025-01-01,E,normal,D00937,A00937,P00937
C00938,2025-01-01,S,normal,D00938,A00938,P00938
C00939,2025-09-15,W,normal,D00939,A00939,P00939
C00940,2025-01-01,E,normal,D00940,A00940,P00940
C00941,2025-01-01,W,normal,D00941,A00941,P00941
C00942,2025-10-12,S,normal,D00942,A00942,P00942
C00943,2025-01-01,S,normal,D00943,A00943,P00943
C00944,2025-01-01,W,normal,D00944,A00944,P00944
C00945,2025-01-01,NE,normal,D00945,A00945,P00945
C00946,2025-01-01,NE,normal,D00946,A00946,P00946
C00947,2025-01-01,W,normal,D00947,A00947,P00947
C00948,2025-01-01,S,normal,D00948,A00948,P00948
C00949,2025-01-01,N,normal,D00949,A00949,P00949
C00950,2025-01-01,S,normal,D00950,A00950,P00950
C00951,2025-01-01,W,normal,D00951,A00951,P00951
C00952,2025-01-01,S,normal,D00952,A00952,P00952
C00953,2025-01-01,W,normal,D00953,A00953,P00953
C00954,2025-11-13,W,frequent_legit,D00954,A00954,P00954
C00955,2025-01-01,NE,normal,D00955,A00955,P00955
C00956,2025-01-01,NE,normal,D00956,A00956,P00956
C00957,2025-01-01,S,normal,D00957,A00957,P00957
C00958,2025-02-21,S,normal,D00958,A00958,P00958
C00959,2025-01-01,NE,normal,D00959,A00959,P00959
C00960,2025-01-01,N,normal,D00960,A00960,P00960
C00961,2025-01-01,N,normal,D00961,A00961,P00961
C00962,2025-01-01,NE,normal,D00962,A00962,P00962
C00963,2025-01-01,E,normal,D00963,A00963,P00963
C00964,2025-01-01,S,frequent_legit,D00964,A00964,P00964
C00965,2025-07-24,N,normal,D00965,A00965,P00965
C00966,2025-01-01,S,frequent_legit,D00966,A00966,P00966
C00967,2025-01-01,NE,normal,D00967,A00967,P00967
C00968,2025-01-01,E,normal,D00968,A00968,P00968
C00969,2025-01-01,S,normal,D00969,A00969,P00969
C00970,2025-10-25,S,normal,D00970,A00970,P00970
C00971,2025-01-01,W,normal,D00971,A00971,P00971
C00972,2025-01-01,W,normal,D00972,A00972,P00972
C00973,2025-01-01,S,frequent_legit,D00973,A00973,P00973
C00974,2025-01-01,E,normal,D00974,A00974,P00974
C00975,2025-01-01,N,normal,D00975,A00975,P00975
C00976,2025-01-01,S,normal,D00976,A00976,P00976
C00977,2025-01-01,N,normal,D00977,A00977,P00977
C00978,2025-01-01,S,normal,D00978,A00978,P00978
C00979,2025-01-01,E,normal,D00979,A00979,P00979
C00980,2025-01-01,S,abusive,D00980,A00980,P00980
C00981,2025-02-06,N,normal,D00981,A00981,P00981
C00982,2025-01-01,N,normal,D00982,A00982,P00982
C00983,2025-01-01,N,normal,D00983,A00983,P00983
C00984,2025-01-01,E,normal,D00984,A00984,P00984
C00985,2025-01-01,N,frequent_legit,D00985,A00985,P00985
C00986,2025-11-22,N,normal,D00986,A00986,P00986
C00987,2025-01-01,NE,normal,D00987,A00987,P00987
C00988,2025-01-01,N,normal,D00988,A00988,P00988
C00989,2025-01-01,W,normal,D00989,A00989,P00989
C00990,2025-04-16,E,normal,D00990,A00990,P00990
C00991,2025-01-01,E,normal,D00991,A00991,P00991
C00992,2025-01-01,E,normal,D00992,A00992,P00992
C00993,2025-01-01,N,normal,D00993,A00993,P00993
C00994,2025-01-01,W,frequent_legit,D00994,A00994,P00994
C00995,2025-01-01,W,normal,D00995,A00995,P00995
C00996,2025-01-01,S,normal,D00996,A00996,P00996
C00997,2025-01-01,W,normal,D00997,A00997,P00997
C00998,2025-01-01,S,coordinated,DCO0001,ACO0001,PCO0001
C00999,2025-01-01,W,normal,D00999,A00999,P00999
C01000,2025-01-01,W,normal,D01000,A01000,P01000
C01001,2025-01-01,N,normal,D01001,A01001,P01001
C01002,2025-08-03,W,normal,D01002,A01002,P01002
C01003,2025-08-04,NE,normal,D01003,A01003,P01003
C01004,2025-01-01,W,normal,D01004,A01004,P01004
C01005,2025-05-23,N,normal,D01005,A01005,P01005
C01006,2025-12-01,W,frequent_legit,D01006,A01006,P01006
C01007,2025-01-01,E,normal,D01007,A01007,P01007
C01008,2025-01-01,S,normal,D01008,A01008,P01008
C01009,2025-01-01,W,normal,D01009,A01009,P01009
C01010,2025-01-01,E,normal,D01010,A01010,P01010
C01011,2025-01-01,W,normal,D01011,A01011,P01011
C01012,2025-01-01,E,normal,D01012,A01012,P01012
C01013,2025-03-07,S,frequent_legit,D01013,A01013,P01013
C01014,2025-03-24,NE,normal,D01014,A01014,P01014
C01015,2025-01-01,E,normal,D01015,A01015,P01015
C01016,2025-01-01,S,normal,D01016,A01016,P01016
C01017,2025-01-01,S,normal,D01017,A01017,P01017
C01018,2025-01-01,N,normal,D01018,A01018,P01018
C01019,2025-01-01,E,normal,D01019,A01019,P01019
C01020,2025-01-01,S,normal,D01020,A01020,P01020
C01021,2025-01-07,W,normal,D01021,A01021,P01021
C01022,2025-01-01,NE,coordinated,DCO0001,ACO0001,PCO0001
C01023,2025-11-28,W,normal,D01023,A01023,P01023
C01024,2025-01-01,N,normal,D01024,A01024,P01024
C01025,2025-01-01,E,normal,D01025,A01025,P01025
C01026,2025-01-01,N,frequent_legit,D01026,A01026,P01026
C01027,2025-01-01,W,normal,D01027,A01027,P01027
C01028,2025-01-01,S,normal,D01028,A01028,P01028
C01029,2025-01-01,W,normal,D01029,A01029,P01029
C01030,2025-01-01,S,normal,D01030,A01030,P01030
C01031,2025-01-01,N,normal,D01031,A01031,P01031
C01032,2025-01-01,NE,normal,D01032,A01032,P01032
C01033,2025-03-22,S,frequent_legit,D01033,A01033,P01033
C01034,2025-01-01,W,normal,D01034,A01034,P01034
C01035,2025-01-01,W,normal,D01035,A01035,P01035
C01036,2025-01-01,S,normal,D01036,A01036,P01036
C01037,2025-01-01,S,normal,D01037,A01037,P01037
C01038,2025-01-01,S,normal,D01038,A01038,P01038
C01039,2025-01-01,W,normal,D01039,A01039,P01039
C01040,2025-01-01,NE,normal,D01040,A01040,P01040
C01041,2025-01-01,S,normal,D01041,A01041,P01041
C01042,2025-01-01,W,normal,D01042,A01042,P01042
C01043,2025-03-04,S,normal,D01043,A01043,P01043
C01044,2025-01-01,E,normal,D01044,A01044,P01044
C01045,2025-01-01,W,normal,D01045,A01045,P01045
C01046,2025-01-01,W,normal,D01046,A01046,P01046
C01047,2025-01-01,S,normal,D01047,A01047,P01047
C01048,2025-01-01,S,normal,D01048,A01048,P01048
C01049,2025-01-01,N,normal,D01049,A01049,P01049
C01050,2025-01-01,N,normal,D01050,A01050,P01050
C01051,2025-01-01,S,normal,D01051,A01051,P01051
C01052,2025-01-01,W,normal,D01052,A01052,P01052
C01053,2025-01-01,S,normal,D01053,A01053,P01053
C01054,2025-01-17,S,normal,D01054,A01054,P01054
C01055,2025-12-10,W,normal,D01055,A01055,P01055
C01056,2025-01-01,N,frequent_legit,D01056,A01056,P01056
C01057,2025-01-01,N,normal,D01057,A01057,P01057
C01058,2025-05-07,W,normal,D01058,A01058,P01058
C01059,2025-01-01,N,normal,D01059,A01059,P01059
C01060,2025-10-09,S,frequent_legit,D01060,A01060,P01060
C01061,2025-01-01,E,normal,D01061,A01061,P01061
C01062,2025-01-01,N,normal,D01062,A01062,P01062
C01063,2025-01-01,S,normal,D01063,A01063,P01063
C01064,2025-01-01,N,normal,D01064,A01064,P01064
C01065,2025-01-01,S,abusive,D01065,A01065,P01065
C01066,2025-01-01,W,normal,D01066,A01066,P01066
C01067,2025-01-01,S,normal,D01067,A01067,P01067
C01068,2025-01-01,S,normal,D01068,A01068,P01068
C01069,2025-01-01,S,normal,D01069,A01069,P01069
C01070,2025-01-01,NE,normal,D01070,A01070,P01070
C01071,2025-01-01,N,normal,D01071,A01071,P01071
C01072,2025-01-01,W,normal,D01072,A01072,P01072
C01073,2025-01-01,S,frequent_legit,D01073,A01073,P01073
C01074,2025-01-01,NE,normal,D01074,A01074,P01074
C01075,2025-01-01,S,normal,D01075,A01075,P01075
C01076,2025-01-01,N,normal,D01076,A01076,P01076
C01077,2025-01-01,S,normal,D01077,A01077,P01077
C01078,2025-01-01,N,normal,D01078,A01078,P01078
C01079,2025-10-29,W,normal,D01079,A01079,P01079
C01080,2025-01-01,E,normal,D01080,A01080,P01080
C01081,2025-09-11,E,frequent_legit,D01081,A01081,P01081
C01082,2025-10-15,N,frequent_legit,D01082,A01082,P01082
C01083,2025-01-01,E,normal,D01083,A01083,P01083
C01084,2025-01-01,S,abusive,D01084,A01084,P01084
C01085,2025-01-01,NE,normal,D01085,A01085,P01085
C01086,2025-01-01,W,normal,D01086,A01086,P01086
C01087,2025-01-01,E,normal,D01087,A01087,P01087
C01088,2025-01-01,W,normal,D01088,A01088,P01088
C01089,2025-06-04,E,normal,D01089,A01089,P01089
C01090,2025-01-01,S,normal,D01090,A01090,P01090
C01091,2025-01-01,N,normal,D01091,A01091,P01091
C01092,2025-01-01,E,normal,D01092,A01092,P01092
C01093,2025-01-01,S,normal,D01093,A01093,P01093
C01094,2025-02-28,N,normal,D01094,A01094,P01094
C01095,2025-01-01,W,normal,D01095,A01095,P01095
C01096,2025-01-01,N,normal,D01096,A01096,P01096
C01097,2025-01-01,E,normal,D01097,A01097,P01097
C01098,2025-01-01,N,normal,D01098,A01098,P01098
C01099,2025-01-01,S,normal,D01099,A01099,P01099
C01100,2025-01-01,W,normal,D01100,A01100,P01100
C01101,2025-06-28,N,normal,D01101,A01101,P01101
C01102,2025-07-23,E,normal,D01102,A01102,P01102
C01103,2025-01-01,E,normal,D01103,A01103,P01103
C01104,2025-01-01,W,normal,D01104,A01104,P01104
C01105,2025-01-01,N,normal,D01105,A01105,P01105
C01106,2025-01-01,W,normal,D01106,A01106,P01106
C01107,2025-01-01,S,normal,D01107,A01107,P01107
C01108,2025-01-01,S,coordinated,DCO0002,ACO0002,PCO0002
C01109,2025-02-22,S,normal,D01109,A01109,P01109
C01110,2025-01-01,S,normal,D01110,A01110,P01110
C01111,2025-01-01,S,normal,D01111,A01111,P01111
C01112,2025-01-01,N,normal,D01112,A01112,P01112
C01113,2025-09-29,S,frequent_legit,D01113,A01113,P01113
C01114,2025-01-01,E,abusive,D01114,A01114,P01114
C01115,2025-01-01,S,normal,D01115,A01115,P01115
C01116,2025-01-01,N,normal,D01116,A01116,P01116
C01117,2025-01-01,S,normal,D01117,A01117,P01117
C01118,2025-01-01,S,normal,D01118,A01118,P01118
C01119,2025-01-01,E,normal,D01119,A01119,P01119
C01120,2025-11-18,W,normal,D01120,A01120,P01120
C01121,2025-01-01,S,normal,D01121,A01121,P01121
C01122,2025-01-01,E,normal,D01122,A01122,P01122
C01123,2025-01-01,N,normal,D01123,A01123,P01123
C01124,2025-01-01,NE,normal,D01124,A01124,P01124
C01125,2025-01-01,S,normal,D01125,A01125,P01125
C01126,2025-11-10,S,normal,D01126,A01126,P01126
C01127,2025-01-01,N,normal,D01127,A01127,P01127
C01128,2025-01-01,N,normal,D01128,A01128,P01128
C01129,2025-01-01,W,coordinated,DCO0002,ACO0002,PCO0002
C01130,2025-01-01,N,coordinated,DCO0002,ACO0002,PCO0002
C01131,2025-04-15,S,normal,D01131,A01131,P01131
C01132,2025-01-01,N,normal,D01132,A01132,P01132
C01133,2025-01-01,NE,normal,D01133,A01133,P01133
C01134,2025-01-21,W,abusive,D01134,A01134,P01134
C01135,2025-01-01,W,normal,D01135,A01135,P01135
C01136,2025-01-01,W,normal,D01136,A01136,P01136
C01137,2025-01-01,W,normal,D01137,A01137,P01137
C01138,2025-01-01,S,normal,D01138,A01138,P01138
C01139,2025-01-01,N,normal,D01139,A01139,P01139
C01140,2025-01-01,S,normal,D01140,A01140,P01140
C01141,2025-01-01,S,normal,D01141,A01141,P01141
C01142,2025-01-01,E,normal,D01142,A01142,P01142
C01143,2025-08-01,N,normal,D01143,A01143,P01143
C01144,2025-01-01,N,normal,D01144,A01144,P01144
C01145,2025-01-01,E,normal,D01145,A01145,P01145
C01146,2025-01-01,N,normal,D01146,A01146,P01146
C01147,2025-01-01,N,normal,D01147,A01147,P01147
C01148,2025-01-01,N,normal,D01148,A01148,P01148
C01149,2025-01-01,E,normal,D01149,A01149,P01149
C01150,2025-01-01,N,normal,D01150,A01150,P01150
C01151,2025-10-30,N,normal,D01151,A01151,P01151
C01152,2025-01-01,N,normal,D01152,A01152,P01152
C01153,2025-01-01,W,normal,D01153,A01153,P01153
C01154,2025-01-01,N,normal,D01154,A01154,P01154
C01155,2025-01-01,N,normal,D01155,A01155,P01155
C01156,2025-01-01,W,normal,D01156,A01156,P01156
C01157,2025-07-17,W,normal,D01157,A01157,P01157
C01158,2025-01-01,N,normal,D01158,A01158,P01158
C01159,2025-01-01,N,normal,D01159,A01159,P01159
C01160,2025-01-01,N,normal,D01160,A01160,P01160
C01161,2025-04-24,E,normal,D01161,A01161,P01161
C01162,2025-01-01,N,normal,D01162,A01162,P01162
C01163,2025-01-01,W,normal,D01163,A01163,P01163
C01164,2025-06-15,W,normal,D01164,A01164,P01164
C01165,2025-04-09,E,normal,D01165,A01165,P01165
C01166,2025-01-01,N,normal,D01166,A01166,P01166
C01167,2025-06-06,W,normal,D01167,A01167,P01167
C01168,2025-01-01,W,normal,D01168,A01168,P01168
C01169,2025-01-01,W,normal,D01169,A01169,P01169
C01170,2025-01-01,N,normal,D01170,A01170,P01170
C01171,2025-03-10,E,normal,D01171,A01171,P01171
C01172,2025-01-01,W,normal,D01172,A01172,P01172
C01173,2025-03-16,NE,normal,D01173,A01173,P01173
C01174,2025-01-01,E,normal,D01174,A01174,P01174
C01175,2025-01-01,S,normal,D01175,A01175,P01175
C01176,2025-01-01,S,normal,D01176,A01176,P01176
C01177,2025-10-01,E,normal,D01177,A01177,P01177
C01178,2025-01-01,W,normal,D01178,A01178,P01178
C01179,2025-10-20,E,normal,D01179,A01179,P01179
C01180,2025-06-06,N,normal,D01180,A01180,P01180
C01181,2025-01-01,N,normal,D01181,A01181,P01181
C01182,2025-01-01,E,normal,D01182,A01182,P01182
C01183,2025-01-01,W,normal,D01183,A01183,P01183
C01184,2025-08-18,N,normal,D01184,A01184,P01184
C01185,2025-01-01,S,normal,D01185,A01185,P01185
C01186,2025-01-01,NE,normal,D01186,A01186,P01186
C01187,2025-01-01,S,coordinated,DCO0002,ACO0002,PCO0002
C01188,2025-01-01,N,normal,D01188,A01188,P01188
C01189,2025-01-01,S,normal,D01189,A01189,P01189
C01190,2025-01-01,S,normal,D01190,A01190,P01190
C01191,2025-01-01,N,normal,D01191,A01191,P01191
C01192,2025-01-01,E,normal,D01192,A01192,P01192
C01193,2025-01-01,E,abusive,D01193,A01193,P01193
C01194,2025-01-01,E,normal,D01194,A01194,P01194
C01195,2025-01-01,E,normal,D01195,A01195,P01195
C01196,2025-01-01,N,normal,D01196,A01196,P01196
C01197,2025-01-01,N,normal,D01197,A01197,P01197
C01198,2025-01-01,N,normal,D01198,A01198,P01198
C01199,2025-01-01,N,normal,D01199,A01199,P01199
C01200,2025-02-05,W,normal,D01200,A01200,P01200
C01201,2025-01-01,N,normal,D01201,A01201,P01201
C01202,2025-01-01,E,normal,D01202,A01202,P01202
C01203,2025-01-01,N,normal,D01203,A01203,P01203
C01204,2025-01-01,N,normal,D01204,A01204,P01204
C01205,2025-12-16,N,normal,D01205,A01205,P01205
C01206,2025-01-01,S,normal,D01206,A01206,P01206
C01207,2025-01-01,E,normal,D01207,A01207,P01207
C01208,2025-01-01,W,normal,D01208,A01208,P01208
C01209,2025-01-01,N,normal,D01209,A01209,P01209
C01210,2025-01-01,E,normal,D01210,A01210,P01210
C01211,2025-01-01,W,normal,D01211,A01211,P01211
C01212,2025-01-01,S,normal,D01212,A01212,P01212
C01213,2025-01-01,N,normal,D01213,A01213,P01213
C01214,2025-01-01,N,normal,D01214,A01214,P01214
C01215,2025-01-01,N,normal,D01215,A01215,P01215
C01216,2025-01-01,W,normal,D01216,A01216,P01216
C01217,2025-08-22,S,normal,D01217,A01217,P01217
C01218,2025-01-01,S,normal,D01218,A01218,P01218
C01219,2025-01-01,W,normal,D01219,A01219,P01219
C01220,2025-01-01,S,normal,D01220,A01220,P01220
C01221,2025-01-01,E,normal,D01221,A01221,P01221
C01222,2025-01-01,N,normal,D01222,A01222,P01222
C01223,2025-01-01,S,normal,D01223,A01223,P01223
C01224,2025-05-05,N,normal,D01224,A01224,P01224
C01225,2025-01-01,N,normal,D01225,A01225,P01225
C01226,2025-04-27,S,normal,D01226,A01226,P01226
C01227,2025-01-01,E,normal,D01227,A01227,P01227
C01228,2025-01-01,E,frequent_legit,D01228,A01228,P01228
C01229,2025-01-01,W,normal,D01229,A01229,P01229
C01230,2025-01-01,N,normal,D01230,A01230,P01230
C01231,2025-01-01,NE,normal,D01231,A01231,P01231
C01232,2025-01-01,N,normal,D01232,A01232,P01232
C01233,2025-01-01,W,normal,D01233,A01233,P01233
C01234,2025-01-01,W,normal,D01234,A01234,P01234
C01235,2025-01-01,E,normal,D01235,A01235,P01235
C01236,2025-01-01,S,normal,D01236,A01236,P01236
C01237,2025-01-01,W,normal,D01237,A01237,P01237
C01238,2025-12-15,W,normal,D01238,A01238,P01238
C01239,2025-01-01,N,normal,D01239,A01239,P01239
C01240,2025-01-01,W,normal,D01240,A01240,P01240
C01241,2025-01-01,N,normal,D01241,A01241,P01241
C01242,2025-01-01,S,normal,D01242,A01242,P01242
C01243,2025-01-01,E,normal,D01243,A01243,P01243
C01244,2025-12-13,W,normal,D01244,A01244,P01244
C01245,2025-01-01,S,normal,D01245,A01245,P01245
C01246,2025-01-01,N,normal,D01246,A01246,P01246
C01247,2025-01-01,S,normal,D01247,A01247,P01247
C01248,2025-01-01,N,normal,D01248,A01248,P01248
C01249,2025-01-01,S,frequent_legit,D01249,A01249,P01249
C01250,2025-01-01,S,normal,D01250,A01250,P01250
C01251,2025-10-31,W,normal,D01251,A01251,P01251
C01252,2025-01-01,N,normal,D01252,A01252,P01252
C01253,2025-08-04,N,normal,D01253,A01253,P01253
C01254,2025-01-01,S,normal,D01254,A01254,P01254
C01255,2025-01-01,N,normal,D01255,A01255,P01255
C01256,2025-01-01,N,normal,D01256,A01256,P01256
C01257,2025-01-01,S,normal,D01257,A01257,P01257
C01258,2025-10-25,S,normal,D01258,A01258,P01258
C01259,2025-01-01,N,coordinated,DCO0002,ACO0002,PCO0002
C01260,2025-01-01,E,normal,D01260,A01260,P01260
C01261,2025-01-01,W,normal,D01261,A01261,P01261
C01262,2025-01-01,S,normal,D01262,A01262,P01262
C01263,2025-01-01,S,frequent_legit,D01263,A01263,P01263
C01264,2025-01-01,N,normal,D01264,A01264,P01264
C01265,2025-01-01,N,normal,D01265,A01265,P01265
C01266,2025-05-21,E,normal,D01266,A01266,P01266
C01267,2025-01-01,E,abusive,D01267,A01267,P01267
C01268,2025-01-01,N,normal,D01268,A01268,P01268
C01269,2025-01-01,N,normal,D01269,A01269,P01269
C01270,2025-01-01,S,abusive,D01270,A01270,P01270
C01271,2025-01-01,S,normal,D01271,A01271,P01271
C01272,2025-04-12,NE,normal,D01272,A01272,P01272
C01273,2025-02-08,N,normal,D01273,A01273,P01273
C01274,2025-01-01,N,normal,D01274,A01274,P01274
C01275,2025-06-13,S,normal,D01275,A01275,P01275
C01276,2025-01-01,N,normal,D01276,A01276,P01276
C01277,2025-03-15,N,normal,D01277,A01277,P01277
C01278,2025-01-01,S,normal,D01278,A01278,P01278
C01279,2025-01-01,S,normal,D01279,A01279,P01279
C01280,2025-05-23,N,normal,D01280,A01280,P01280
C01281,2025-01-01,E,normal,D01281,A01281,P01281
C01282,2025-02-11,S,normal,D01282,A01282,P01282
C01283,2025-01-01,N,normal,D01283,A01283,P01283
C01284,2025-11-22,W,frequent_legit,D01284,A01284,P01284
C01285,2025-01-01,S,frequent_legit,D01285,A01285,P01285
C01286,2025-01-01,NE,normal,D01286,A01286,P01286
C01287,2025-01-01,W,normal,D01287,A01287,P01287
C01288,2025-01-01,S,normal,D01288,A01288,P01288
C01289,2025-01-01,N,normal,D01289,A01289,P01289
C01290,2025-01-01,W,normal,D01290,A01290,P01290
C01291,2025-08-26,S,normal,D01291,A01291,P01291
C01292,2025-01-01,N,normal,D01292,A01292,P01292
C01293,2025-01-01,S,normal,D01293,A01293,P01293
C01294,2025-01-01,S,normal,D01294,A01294,P01294
C01295,2025-01-01,W,normal,D01295,A01295,P01295
C01296,2025-01-01,W,normal,D01296,A01296,P01296
C01297,2025-01-01,W,normal,D01297,A01297,P01297
C01298,2025-08-24,W,normal,D01298,A01298,P01298
C01299,2025-11-06,E,normal,D01299,A01299,P01299
C01300,2025-01-01,S,normal,D01300,A01300,P01300
C01301,2025-01-01,NE,normal,D01301,A01301,P01301
C01302,2025-01-01,NE,normal,D01302,A01302,P01302
C01303,2025-01-01,W,normal,D01303,A01303,P01303
C01304,2025-01-01,W,normal,D01304,A01304,P01304
C01305,2025-01-01,E,frequent_legit,D01305,A01305,P01305
C01306,2025-01-01,N,normal,D01306,A01306,P01306
C01307,2025-01-01,W,normal,D01307,A01307,P01307
C01308,2025-01-01,N,normal,D01308,A01308,P01308
C01309,2025-01-01,N,frequent_legit,D01309,A01309,P01309
C01310,2025-04-02,S,normal,D01310,A01310,P01310
C01311,2025-01-01,E,frequent_legit,D01311,A01311,P01311
C01312,2025-01-01,E,normal,D01312,A01312,P01312
C01313,2025-01-01,N,normal,D01313,A01313,P01313
C01314,2025-01-01,N,normal,D01314,A01314,P01314
C01315,2025-01-01,N,normal,D01315,A01315,P01315
C01316,2025-01-01,S,normal,D01316,A01316,P01316
C01317,2025-07-02,N,normal,D01317,A01317,P01317
C01318,2025-01-01,E,normal,D01318,A01318,P01318
C01319,2025-01-01,N,normal,D01319,A01319,P01319
C01320,2025-01-01,S,normal,D01320,A01320,P01320
C01321,2025-01-01,S,normal,D01321,A01321,P01321
C01322,2025-01-01,S,normal,D01322,A01322,P01322
C01323,2025-01-01,W,normal,D01323,A01323,P01323
C01324,2025-11-17,N,normal,D01324,A01324,P01324
C01325,2025-01-01,S,normal,D01325,A01325,P01325
C01326,2025-01-01,E,normal,D01326,A01326,P01326
C01327,2025-01-01,N,normal,D01327,A01327,P01327
C01328,2025-03-03,W,normal,D01328,A01328,P01328
C01329,2025-01-01,NE,normal,D01329,A01329,P01329
C01330,2025-01-01,E,normal,D01330,A01330,P01330
C01331,2025-01-01,NE,normal,D01331,A01331,P01331
C01332,2025-01-01,S,normal,D01332,A01332,P01332
C01333,2025-01-01,S,frequent_legit,D01333,A01333,P01333
C01334,2025-01-01,N,frequent_legit,D01334,A01334,P01334
C01335,2025-01-01,N,normal,D01335,A01335,P01335
C01336,2025-01-01,N,normal,D01336,A01336,P01336
C01337,2025-01-01,S,normal,D01337,A01337,P01337
C01338,2025-01-01,S,normal,D01338,A01338,P01338
C01339,2025-01-01,N,normal,D01339,A01339,P01339
C01340,2025-01-01,E,normal,D01340,A01340,P01340
C01341,2025-01-01,N,normal,D01341,A01341,P01341
C01342,2025-01-01,S,normal,D01342,A01342,P01342
C01343,2025-11-19,N,normal,D01343,A01343,P01343
C01344,2025-01-01,E,abusive,D01344,A01344,P01344
C01345,2025-01-01,S,normal,D01345,A01345,P01345
C01346,2025-01-01,W,normal,D01346,A01346,P01346
C01347,2025-11-28,N,normal,D01347,A01347,P01347
C01348,2025-01-01,S,normal,D01348,A01348,P01348
C01349,2025-01-01,NE,normal,D01349,A01349,P01349
C01350,2025-01-01,N,normal,D01350,A01350,P01350
C01351,2025-01-01,S,normal,D01351,A01351,P01351
C01352,2025-01-01,N,normal,D01352,A01352,P01352
C01353,2025-01-01,N,normal,D01353,A01353,P01353
C01354,2025-01-01,S,normal,D01354,A01354,P01354
C01355,2025-01-01,N,normal,D01355,A01355,P01355
C01356,2025-01-01,S,normal,D01356,A01356,P01356
C01357,2025-01-01,W,normal,D01357,A01357,P01357
C01358,2025-01-01,N,normal,D01358,A01358,P01358
C01359,2025-01-01,N,normal,D01359,A01359,P01359
C01360,2025-01-01,W,normal,D01360,A01360,P01360
C01361,2025-01-01,S,normal,D01361,A01361,P01361
C01362,2025-08-26,W,normal,D01362,A01362,P01362
C01363,2025-01-01,S,normal,D01363,A01363,P01363
C01364,2025-01-01,E,normal,D01364,A01364,P01364
C01365,2025-01-01,W,normal,D01365,A01365,P01365
C01366,2025-01-01,N,normal,D01366,A01366,P01366
C01367,2025-01-01,W,normal,D01367,A01367,P01367
C01368,2025-01-01,E,normal,D01368,A01368,P01368
C01369,2025-08-15,W,normal,D01369,A01369,P01369
C01370,2025-01-01,N,normal,D01370,A01370,P01370
C01371,2025-01-01,S,frequent_legit,D01371,A01371,P01371
C01372,2025-09-19,N,normal,D01372,A01372,P01372
C01373,2025-01-01,NE,normal,D01373,A01373,P01373
C01374,2025-01-11,N,abusive,D01374,A01374,P01374
C01375,2025-01-01,N,normal,D01375,A01375,P01375
C01376,2025-04-08,W,normal,D01376,A01376,P01376
C01377,2025-01-01,S,normal,D01377,A01377,P01377
C01378,2025-01-01,E,normal,D01378,A01378,P01378
C01379,2025-01-01,S,normal,D01379,A01379,P01379
C01380,2025-01-01,E,normal,D01380,A01380,P01380
C01381,2025-01-01,N,normal,D01381,A01381,P01381
C01382,2025-01-01,S,normal,D01382,A01382,P01382
C01383,2025-03-02,S,coordinated,DCO0003,ACO0003,PCO0003
C01384,2025-01-01,S,frequent_legit,D01384,A01384,P01384
C01385,2025-01-01,N,normal,D01385,A01385,P01385
C01386,2025-01-01,N,normal,D01386,A01386,P01386
C01387,2025-01-01,E,normal,D01387,A01387,P01387
C01388,2025-01-01,N,frequent_legit,D01388,A01388,P01388
C01389,2025-01-01,S,normal,D01389,A01389,P01389
C01390,2025-01-17,S,frequent_legit,D01390,A01390,P01390
C01391,2025-01-01,S,normal,D01391,A01391,P01391
C01392,2025-01-01,E,normal,D01392,A01392,P01392
C01393,2025-01-01,S,normal,D01393,A01393,P01393
C01394,2025-03-01,W,normal,D01394,A01394,P01394
C01395,2025-01-01,E,normal,D01395,A01395,P01395
C01396,2025-01-01,W,normal,D01396,A01396,P01396
C01397,2025-01-01,E,frequent_legit,D01397,A01397,P01397
C01398,2025-01-01,N,normal,D01398,A01398,P01398
C01399,2025-01-01,NE,normal,D01399,A01399,P01399
C01400,2025-01-01,W,normal,D01400,A01400,P01400
C01401,2025-01-01,E,normal,D01401,A01401,P01401
C01402,2025-01-01,N,frequent_legit,D01402,A01402,P01402
C01403,2025-01-01,N,normal,D01403,A01403,P01403
C01404,2025-01-01,E,normal,D01404,A01404,P01404
C01405,2025-01-01,S,normal,D01405,A01405,P01405
C01406,2025-01-01,E,frequent_legit,D01406,A01406,P01406
C01407,2025-01-01,S,normal,D01407,A01407,P01407
C01408,2025-01-01,S,normal,D01408,A01408,P01408
C01409,2025-01-01,N,normal,D01409,A01409,P01409
C01410,2025-01-20,N,normal,D01410,A01410,P01410
C01411,2025-01-01,N,abusive,D01411,A01411,P01411
C01412,2025-01-01,W,normal,D01412,A01412,P01412
C01413,2025-01-01,S,frequent_legit,D01413,A01413,P01413
C01414,2025-01-01,NE,normal,D01414,A01414,P01414
C01415,2025-05-27,W,normal,D01415,A01415,P01415
C01416,2025-01-01,W,normal,D01416,A01416,P01416
C01417,2025-01-01,S,normal,D01417,A01417,P01417
C01418,2025-01-01,W,normal,D01418,A01418,P01418
C01419,2025-01-01,NE,abusive,D01419,A01419,P01419
C01420,2025-01-01,W,normal,D01420,A01420,P01420
C01421,2025-01-01,N,normal,D01421,A01421,P01421
C01422,2025-01-01,E,normal,D01422,A01422,P01422
C01423,2025-01-01,N,normal,D01423,A01423,P01423
C01424,2025-11-18,N,normal,D01424,A01424,P01424
C01425,2025-01-01,E,normal,D01425,A01425,P01425
C01426,2025-01-01,W,normal,D01426,A01426,P01426
C01427,2025-01-01,N,normal,D01427,A01427,P01427
C01428,2025-01-01,N,normal,D01428,A01428,P01428
C01429,2025-01-01,W,normal,D01429,A01429,P01429
C01430,2025-01-01,N,frequent_legit,D01430,A01430,P01430
C01431,2025-07-30,N,normal,D01431,A01431,P01431
C01432,2025-01-01,W,normal,D01432,A01432,P01432
C01433,2025-01-01,W,normal,D01433,A01433,P01433
C01434,2025-01-01,S,normal,D01434,A01434,P01434
C01435,2025-01-01,S,abusive,D01435,A01435,P01435
C01436,2025-01-01,S,normal,D01436,A01436,P01436
C01437,2025-01-01,N,normal,D01437,A01437,P01437
C01438,2025-04-24,W,frequent_legit,D01438,A01438,P01438
C01439,2025-11-27,W,abusive,D01439,A01439,P01439
C01440,2025-01-01,S,normal,D01440,A01440,P01440
C01441,2025-01-01,N,normal,D01441,A01441,P01441
C01442,2025-01-01,N,normal,D01442,A01442,P01442
C01443,2025-01-01,N,normal,D01443,A01443,P01443
C01444,2025-12-01,S,normal,D01444,A01444,P01444
C01445,2025-01-01,N,normal,D01445,A01445,P01445
C01446,2025-01-01,W,frequent_legit,D01446,A01446,P01446
C01447,2025-10-30,N,normal,D01447,A01447,P01447
C01448,2025-01-01,E,normal,D01448,A01448,P01448
C01449,2025-01-01,S,normal,D01449,A01449,P01449
C01450,2025-01-01,W,normal,D01450,A01450,P01450
C01451,2025-01-01,NE,normal,D01451,A01451,P01451
C01452,2025-07-04,S,normal,D01452,A01452,P01452
C01453,2025-01-01,N,frequent_legit,D01453,A01453,P01453
C01454,2025-01-01,W,normal,D01454,A01454,P01454
C01455,2025-01-01,N,normal,D01455,A01455,P01455
C01456,2025-01-01,N,normal,D01456,A01456,P01456
C01457,2025-01-01,N,normal,D01457,A01457,P01457
C01458,2025-04-16,W,frequent_legit,D01458,A01458,P01458
C01459,2025-01-01,N,normal,D01459,A01459,P01459
C01460,2025-01-01,S,normal,D01460,A01460,P01460
C01461,2025-01-01,S,normal,D01461,A01461,P01461
C01462,2025-01-01,E,normal,D01462,A01462,P01462
C01463,2025-01-01,S,normal,D01463,A01463,P01463
C01464,2025-01-01,W,normal,D01464,A01464,P01464
C01465,2025-01-01,W,normal,D01465,A01465,P01465
C01466,2025-01-01,S,normal,D01466,A01466,P01466
C01467,2025-01-01,S,normal,D01467,A01467,P01467
C01468,2025-01-01,W,normal,D01468,A01468,P01468
C01469,2025-01-01,W,normal,D01469,A01469,P01469
C01470,2025-01-01,S,frequent_legit,D01470,A01470,P01470
C01471,2025-01-01,S,normal,D01471,A01471,P01471
C01472,2025-01-01,N,normal,D01472,A01472,P01472
C01473,2025-01-01,N,normal,D01473,A01473,P01473
C01474,2025-01-01,N,normal,D01474,A01474,P01474
C01475,2025-01-01,N,normal,D01475,A01475,P01475
C01476,2025-01-01,N,normal,D01476,A01476,P01476
C01477,2025-01-01,W,coordinated,DCO0003,ACO0003,PCO0003
C01478,2025-01-01,W,normal,D01478,A01478,P01478
C01479,2025-01-01,W,normal,D01479,A01479,P01479
C01480,2025-01-01,E,normal,D01480,A01480,P01480
C01481,2025-01-01,E,normal,D01481,A01481,P01481
C01482,2025-01-01,N,normal,D01482,A01482,P01482
C01483,2025-01-01,E,normal,D01483,A01483,P01483
C01484,2025-01-01,S,normal,D01484,A01484,P01484
C01485,2025-02-02,S,normal,D01485,A01485,P01485
C01486,2025-01-01,NE,abusive,D01486,A01486,P01486
C01487,2025-03-29,W,normal,D01487,A01487,P01487
C01488,2025-01-01,N,normal,D01488,A01488,P01488
C01489,2025-04-08,W,normal,D01489,A01489,P01489
C01490,2025-01-01,N,normal,D01490,A01490,P01490
C01491,2025-01-01,N,normal,D01491,A01491,P01491
C01492,2025-02-25,N,normal,D01492,A01492,P01492
C01493,2025-03-07,N,normal,D01493,A01493,P01493
C01494,2025-01-01,E,normal,D01494,A01494,P01494
C01495,2025-01-12,S,normal,D01495,A01495,P01495
C01496,2025-11-04,N,normal,D01496,A01496,P01496
C01497,2025-01-01,NE,normal,D01497,A01497,P01497
C01498,2025-01-01,S,normal,D01498,A01498,P01498
C01499,2025-01-01,S,normal,D01499,A01499,P01499
C01500,2025-01-01,S,normal,D01500,A01500,P01500
C01501,2025-01-01,S,frequent_legit,D01501,A01501,P01501
C01502,2025-01-01,S,normal,D01502,A01502,P01502
C01503,2025-01-01,E,normal,D01503,A01503,P01503
C01504,2025-01-01,W,normal,D01504,A01504,P01504
C01505,2025-10-09,S,normal,D01505,A01505,P01505
C01506,2025-01-01,S,normal,D01506,A01506,P01506
C01507,2025-01-01,N,normal,D01507,A01507,P01507
C01508,2025-01-01,W,normal,D01508,A01508,P01508
C01509,2025-01-01,S,normal,D01509,A01509,P01509
C01510,2025-01-01,N,normal,D01510,A01510,P01510
C01511,2025-01-01,NE,normal,D01511,A01511,P01511
C01512,2025-01-01,E,normal,D01512,A01512,P01512
C01513,2025-01-01,N,normal,D01513,A01513,P01513
C01514,2025-01-01,N,normal,D01514,A01514,P01514
C01515,2025-01-01,S,normal,D01515,A01515,P01515
C01516,2025-01-01,NE,normal,D01516,A01516,P01516
C01517,2025-01-01,S,frequent_legit,D01517,A01517,P01517
C01518,2025-01-01,N,normal,D01518,A01518,P01518
C01519,2025-07-13,E,normal,D01519,A01519,P01519
C01520,2025-01-01,S,normal,D01520,A01520,P01520
C01521,2025-06-09,N,normal,D01521,A01521,P01521
C01522,2025-01-01,W,normal,D01522,A01522,P01522
C01523,2025-01-01,N,normal,D01523,A01523,P01523
C01524,2025-04-01,W,normal,D01524,A01524,P01524
C01525,2025-01-01,W,normal,D01525,A01525,P01525
C01526,2025-01-01,N,normal,D01526,A01526,P01526
C01527,2025-01-01,W,normal,D01527,A01527,P01527
C01528,2025-01-01,W,normal,D01528,A01528,P01528
C01529,2025-05-17,E,normal,D01529,A01529,P01529
C01530,2025-01-01,E,normal,D01530,A01530,P01530
C01531,2025-01-01,N,normal,D01531,A01531,P01531
C01532,2025-01-01,N,normal,D01532,A01532,P01532
C01533,2025-01-01,W,normal,D01533,A01533,P01533
C01534,2025-11-22,N,normal,D01534,A01534,P01534
C01535,2025-05-24,N,normal,D01535,A01535,P01535
C01536,2025-01-01,S,normal,D01536,A01536,P01536
C01537,2025-07-17,N,normal,D01537,A01537,P01537
C01538,2025-01-01,W,normal,D01538,A01538,P01538
C01539,2025-01-01,W,normal,D01539,A01539,P01539
C01540,2025-01-01,W,normal,D01540,A01540,P01540
C01541,2025-07-31,N,normal,D01541,A01541,P01541
C01542,2025-06-11,S,normal,D01542,A01542,P01542
C01543,2025-01-01,W,normal,D01543,A01543,P01543
C01544,2025-01-01,S,normal,D01544,A01544,P01544
C01545,2025-01-01,E,normal,D01545,A01545,P01545
C01546,2025-01-01,E,normal,D01546,A01546,P01546
C01547,2025-01-01,S,normal,D01547,A01547,P01547
C01548,2025-01-01,N,normal,D01548,A01548,P01548
C01549,2025-01-01,E,normal,D01549,A01549,P01549
C01550,2025-07-30,N,normal,D01550,A01550,P01550
C01551,2025-01-01,W,normal,D01551,A01551,P01551
C01552,2025-01-01,E,normal,D01552,A01552,P01552
C01553,2025-01-01,N,normal,D01553,A01553,P01553
C01554,2025-01-01,E,normal,D01554,A01554,P01554
C01555,2025-01-01,S,normal,D01555,A01555,P01555
C01556,2025-01-01,N,frequent_legit,D01556,A01556,P01556
C01557,2025-01-01,NE,normal,D01557,A01557,P01557
C01558,2025-01-01,E,normal,D01558,A01558,P01558
C01559,2025-01-01,E,normal,D01559,A01559,P01559
C01560,2025-04-09,W,coordinated,DCO0003,ACO0003,PCO0003
C01561,2025-01-01,S,normal,D01561,A01561,P01561
C01562,2025-02-11,S,normal,D01562,A01562,P01562
C01563,2025-01-01,N,frequent_legit,D01563,A01563,P01563
C01564,2025-06-08,N,normal,D01564,A01564,P01564
C01565,2025-01-01,S,normal,D01565,A01565,P01565
C01566,2025-01-01,S,normal,D01566,A01566,P01566
C01567,2025-01-01,W,normal,D01567,A01567,P01567
C01568,2025-01-01,S,normal,D01568,A01568,P01568
C01569,2025-01-01,E,normal,D01569,A01569,P01569
C01570,2025-05-09,W,normal,D01570,A01570,P01570
C01571,2025-01-01,NE,normal,D01571,A01571,P01571
C01572,2025-01-01,S,normal,D01572,A01572,P01572
C01573,2025-01-01,W,normal,D01573,A01573,P01573
C01574,2025-01-01,W,normal,D01574,A01574,P01574
C01575,2025-01-01,N,normal,D01575,A01575,P01575
C01576,2025-03-05,S,normal,D01576,A01576,P01576
C01577,2025-01-01,N,normal,D01577,A01577,P01577
C01578,2025-01-01,E,coordinated,DCO0003,ACO0003,PCO0003
C01579,2025-01-01,S,normal,D01579,A01579,P01579
C01580,2025-01-01,S,normal,D01580,A01580,P01580
C01581,2025-01-01,W,normal,D01581,A01581,P01581
C01582,2025-06-07,S,normal,D01582,A01582,P01582
C01583,2025-01-01,S,normal,D01583,A01583,P01583
C01584,2025-01-01,W,normal,D01584,A01584,P01584
C01585,2025-01-01,NE,frequent_legit,D01585,A01585,P01585
C01586,2025-01-01,W,normal,D01586,A01586,P01586
C01587,2025-01-01,N,normal,D01587,A01587,P01587
C01588,2025-04-01,N,normal,D01588,A01588,P01588
C01589,2025-07-27,N,normal,D01589,A01589,P01589
C01590,2025-01-01,S,normal,D01590,A01590,P01590
C01591,2025-01-01,N,normal,D01591,A01591,P01591
C01592,2025-01-01,W,frequent_legit,D01592,A01592,P01592
C01593,2025-01-01,E,normal,D01593,A01593,P01593
C01594,2025-01-01,S,normal,D01594,A01594,P01594
C01595,2025-03-04,N,normal,D01595,A01595,P01595
C01596,2025-01-01,S,normal,D01596,A01596,P01596
C01597,2025-01-01,S,normal,D01597,A01597,P01597
C01598,2025-01-01,E,normal,D01598,A01598,P01598
C01599,2025-01-01,N,normal,D01599,A01599,P01599
C01600,2025-01-01,W,frequent_legit,D01600,A01600,P01600
C01601,2025-08-24,N,normal,D01601,A01601,P01601
C01602,2025-01-01,N,normal,D01602,A01602,P01602
C01603,2025-01-01,NE,normal,D01603,A01603,P01603
C01604,2025-01-01,N,normal,D01604,A01604,P01604
C01605,2025-01-01,N,normal,D01605,A01605,P01605
C01606,2025-01-01,E,frequent_legit,D01606,A01606,P01606
C01607,2025-01-01,S,normal,D01607,A01607,P01607
C01608,2025-08-25,N,normal,D01608,A01608,P01608
C01609,2025-01-01,N,normal,D01609,A01609,P01609
C01610,2025-01-01,N,normal,D01610,A01610,P01610
C01611,2025-01-01,S,normal,D01611,A01611,P01611
C01612,2025-01-01,N,normal,D01612,A01612,P01612
C01613,2025-01-01,W,normal,D01613,A01613,P01613
C01614,2025-06-06,W,normal,D01614,A01614,P01614
C01615,2025-01-01,N,normal,D01615,A01615,P01615
C01616,2025-01-01,S,normal,D01616,A01616,P01616
C01617,2025-10-02,N,normal,D01617,A01617,P01617
C01618,2025-01-01,S,coordinated,DCO0003,ACO0003,PCO0003
C01619,2025-02-11,N,normal,D01619,A01619,P01619
C01620,2025-01-01,W,normal,D01620,A01620,P01620
C01621,2025-01-01,S,normal,D01621,A01621,P01621
C01622,2025-01-01,S,normal,D01622,A01622,P01622
C01623,2025-01-01,E,normal,D01623,A01623,P01623
C01624,2025-02-28,W,normal,D01624,A01624,P01624
C01625,2025-02-07,S,normal,D01625,A01625,P01625
C01626,2025-01-01,N,normal,D01626,A01626,P01626
C01627,2025-01-01,NE,normal,D01627,A01627,P01627
C01628,2025-07-31,S,normal,D01628,A01628,P01628
C01629,2025-01-01,E,normal,D01629,A01629,P01629
C01630,2025-01-01,E,normal,D01630,A01630,P01630
C01631,2025-01-01,S,normal,D01631,A01631,P01631
C01632,2025-01-01,N,normal,D01632,A01632,P01632
C01633,2025-01-01,N,normal,D01633,A01633,P01633
C01634,2025-01-01,S,abusive,D01634,A01634,P01634
C01635,2025-01-01,S,normal,D01635,A01635,P01635
C01636,2025-01-01,W,normal,D01636,A01636,P01636
C01637,2025-01-01,E,frequent_legit,D01637,A01637,P01637
C01638,2025-01-01,W,normal,D01638,A01638,P01638
C01639,2025-01-01,NE,normal,D01639,A01639,P01639
C01640,2025-01-01,W,normal,D01640,A01640,P01640
C01641,2025-01-01,N,normal,D01641,A01641,P01641
C01642,2025-01-01,S,normal,D01642,A01642,P01642
C01643,2025-05-10,E,normal,D01643,A01643,P01643
C01644,2025-01-01,E,normal,D01644,A01644,P01644
C01645,2025-01-01,N,normal,D01645,A01645,P01645
C01646,2025-08-12,E,normal,D01646,A01646,P01646
C01647,2025-01-01,S,normal,D01647,A01647,P01647
C01648,2025-01-01,S,frequent_legit,D01648,A01648,P01648
C01649,2025-01-01,W,normal,D01649,A01649,P01649
C01650,2025-01-01,S,normal,D01650,A01650,P01650
C01651,2025-01-01,S,normal,D01651,A01651,P01651
C01652,2025-01-01,E,normal,D01652,A01652,P01652
C01653,2025-01-01,E,normal,D01653,A01653,P01653
C01654,2025-01-01,N,frequent_legit,D01654,A01654,P01654
C01655,2025-01-01,E,normal,D01655,A01655,P01655
C01656,2025-01-01,S,normal,D01656,A01656,P01656
C01657,2025-01-01,E,normal,D01657,A01657,P01657
C01658,2025-01-01,N,normal,D01658,A01658,P01658
C01659,2025-01-01,NE,normal,D01659,A01659,P01659
C01660,2025-01-01,W,normal,D01660,A01660,P01660
C01661,2025-01-01,S,normal,D01661,A01661,P01661
C01662,2025-01-01,S,normal,D01662,A01662,P01662
C01663,2025-06-09,S,normal,D01663,A01663,P01663
C01664,2025-01-01,W,frequent_legit,D01664,A01664,P01664
C01665,2025-02-23,E,normal,D01665,A01665,P01665
C01666,2025-01-01,E,normal,D01666,A01666,P01666
C01667,2025-01-01,W,normal,D01667,A01667,P01667
C01668,2025-01-01,S,normal,D01668,A01668,P01668
C01669,2025-07-28,E,normal,D01669,A01669,P01669
C01670,2025-01-01,S,normal,D01670,A01670,P01670
C01671,2025-01-01,E,normal,D01671,A01671,P01671
C01672,2025-01-01,S,normal,D01672,A01672,P01672
C01673,2025-01-01,W,normal,D01673,A01673,P01673
C01674,2025-05-28,N,normal,D01674,A01674,P01674
C01675,2025-01-01,N,frequent_legit,D01675,A01675,P01675
C01676,2025-01-01,S,normal,D01676,A01676,P01676
C01677,2025-01-01,NE,normal,D01677,A01677,P01677
C01678,2025-01-01,S,normal,D01678,A01678,P01678
C01679,2025-01-01,S,normal,D01679,A01679,P01679
C01680,2025-11-02,S,normal,D01680,A01680,P01680
C01681,2025-01-01,S,normal,D01681,A01681,P01681
C01682,2025-01-01,W,normal,D01682,A01682,P01682
C01683,2025-07-11,NE,normal,D01683,A01683,P01683
C01684,2025-01-01,W,normal,D01684,A01684,P01684
C01685,2025-01-01,W,normal,D01685,A01685,P01685
C01686,2025-08-07,N,normal,D01686,A01686,P01686
C01687,2025-01-01,N,normal,D01687,A01687,P01687
C01688,2025-01-01,E,normal,D01688,A01688,P01688
C01689,2025-01-01,E,normal,D01689,A01689,P01689
C01690,2025-01-01,N,normal,D01690,A01690,P01690
C01691,2025-01-01,W,frequent_legit,D01691,A01691,P01691
C01692,2025-01-01,N,normal,D01692,A01692,P01692
C01693,2025-01-01,N,normal,D01693,A01693,P01693
C01694,2025-01-01,S,normal,D01694,A01694,P01694
C01695,2025-01-01,W,normal,D01695,A01695,P01695
C01696,2025-08-06,W,normal,D01696,A01696,P01696
C01697,2025-03-11,S,normal,D01697,A01697,P01697
C01698,2025-01-01,W,frequent_legit,D01698,A01698,P01698
C01699,2025-01-01,W,normal,D01699,A01699,P01699
C01700,2025-01-01,S,frequent_legit,D01700,A01700,P01700
C01701,2025-01-01,W,abusive,D01701,A01701,P01701
C01702,2025-01-01,N,normal,D01702,A01702,P01702
C01703,2025-01-01,S,normal,D01703,A01703,P01703
C01704,2025-01-01,N,normal,D01704,A01704,P01704
C01705,2025-01-01,S,abusive,D01705,A01705,P01705
C01706,2025-01-01,S,normal,D01706,A01706,P01706
C01707,2025-01-01,N,normal,D01707,A01707,P01707
C01708,2025-01-01,S,normal,D01708,A01708,P01708
C01709,2025-01-01,E,normal,D01709,A01709,P01709
C01710,2025-05-30,E,normal,D01710,A01710,P01710
C01711,2025-01-01,N,normal,D01711,A01711,P01711
C01712,2025-01-01,N,abusive,D01712,A01712,P01712
C01713,2025-10-08,S,normal,D01713,A01713,P01713
C01714,2025-01-01,W,normal,D01714,A01714,P01714
C01715,2025-01-01,W,normal,D01715,A01715,P01715
C01716,2025-01-01,S,normal,D01716,A01716,P01716
C01717,2025-04-11,E,normal,D01717,A01717,P01717
C01718,2025-01-01,E,normal,D01718,A01718,P01718
C01719,2025-08-25,NE,normal,D01719,A01719,P01719
C01720,2025-01-01,N,normal,D01720,A01720,P01720
C01721,2025-01-01,S,normal,D01721,A01721,P01721
C01722,2025-01-01,E,normal,D01722,A01722,P01722
C01723,2025-01-01,S,normal,D01723,A01723,P01723
C01724,2025-01-01,N,normal,D01724,A01724,P01724
C01725,2025-05-26,N,normal,D01725,A01725,P01725
C01726,2025-01-01,S,normal,D01726,A01726,P01726
C01727,2025-06-02,E,normal,D01727,A01727,P01727
C01728,2025-01-01,E,normal,D01728,A01728,P01728
C01729,2025-05-10,N,normal,D01729,A01729,P01729
C01730,2025-01-01,W,frequent_legit,D01730,A01730,P01730
C01731,2025-01-01,S,normal,D01731,A01731,P01731
C01732,2025-01-01,NE,normal,D01732,A01732,P01732
C01733,2025-01-01,N,normal,D01733,A01733,P01733
C01734,2025-01-01,W,normal,D01734,A01734,P01734
C01735,2025-11-23,W,normal,D01735,A01735,P01735
C01736,2025-05-30,W,normal,D01736,A01736,P01736
C01737,2025-01-01,W,normal,D01737,A01737,P01737
C01738,2025-01-01,S,normal,D01738,A01738,P01738
C01739,2025-01-01,E,normal,D01739,A01739,P01739
C01740,2025-01-01,E,normal,D01740,A01740,P01740
C01741,2025-01-01,S,normal,D01741,A01741,P01741
C01742,2025-01-01,NE,normal,D01742,A01742,P01742
C01743,2025-01-01,S,frequent_legit,D01743,A01743,P01743
C01744,2025-01-01,S,normal,D01744,A01744,P01744
C01745,2025-01-01,W,normal,D01745,A01745,P01745
C01746,2025-01-01,S,normal,D01746,A01746,P01746
C01747,2025-01-01,N,normal,D01747,A01747,P01747
C01748,2025-10-15,S,normal,D01748,A01748,P01748
C01749,2025-01-01,W,normal,D01749,A01749,P01749
C01750,2025-01-01,W,normal,D01750,A01750,P01750
C01751,2025-01-01,N,normal,D01751,A01751,P01751
C01752,2025-01-01,E,normal,D01752,A01752,P01752
C01753,2025-01-01,E,normal,D01753,A01753,P01753
C01754,2025-01-01,E,normal,D01754,A01754,P01754
C01755,2025-01-01,E,normal,D01755,A01755,P01755
C01756,2025-01-01,NE,normal,D01756,A01756,P01756
C01757,2025-01-01,S,abusive,D01757,A01757,P01757
C01758,2025-01-01,S,frequent_legit,D01758,A01758,P01758
C01759,2025-01-01,E,frequent_legit,D01759,A01759,P01759
C01760,2025-01-01,S,normal,D01760,A01760,P01760
C01761,2025-01-01,S,normal,D01761,A01761,P01761
C01762,2025-01-01,N,normal,D01762,A01762,P01762
C01763,2025-01-01,N,normal,D01763,A01763,P01763
C01764,2025-01-01,W,normal,D01764,A01764,P01764
C01765,2025-01-01,N,normal,D01765,A01765,P01765
C01766,2025-01-01,E,abusive,D01766,A01766,P01766
C01767,2025-10-26,W,normal,D01767,A01767,P01767
C01768,2025-07-23,N,normal,D01768,A01768,P01768
C01769,2025-01-01,N,normal,D01769,A01769,P01769
C01770,2025-01-01,S,normal,D01770,A01770,P01770
C01771,2025-01-01,S,normal,D01771,A01771,P01771
C01772,2025-01-01,S,normal,D01772,A01772,P01772
C01773,2025-01-01,E,normal,D01773,A01773,P01773
C01774,2025-01-01,N,normal,D01774,A01774,P01774
C01775,2025-01-01,N,normal,D01775,A01775,P01775
C01776,2025-01-01,N,normal,D01776,A01776,P01776
C01777,2025-01-01,S,normal,D01777,A01777,P01777
C01778,2025-01-01,S,normal,D01778,A01778,P01778
C01779,2025-01-01,NE,normal,D01779,A01779,P01779
C01780,2025-10-18,N,normal,D01780,A01780,P01780
C01781,2025-01-01,S,normal,D01781,A01781,P01781
C01782,2025-01-01,E,normal,D01782,A01782,P01782
C01783,2025-01-01,E,normal,D01783,A01783,P01783
C01784,2025-01-01,E,normal,D01784,A01784,P01784
C01785,2025-10-01,N,normal,D01785,A01785,P01785
C01786,2025-01-01,E,normal,D01786,A01786,P01786
C01787,2025-01-01,S,normal,D01787,A01787,P01787
C01788,2025-02-08,W,normal,D01788,A01788,P01788
C01789,2025-01-01,N,normal,D01789,A01789,P01789
C01790,2025-01-01,E,normal,D01790,A01790,P01790
C01791,2025-01-01,E,normal,D01791,A01791,P01791
C01792,2025-01-01,E,normal,D01792,A01792,P01792
C01793,2025-01-01,N,normal,D01793,A01793,P01793
C01794,2025-01-01,E,frequent_legit,D01794,A01794,P01794
C01795,2025-01-01,W,normal,D01795,A01795,P01795
C01796,2025-01-01,S,normal,D01796,A01796,P01796
C01797,2025-01-01,S,normal,D01797,A01797,P01797
C01798,2025-01-01,N,normal,D01798,A01798,P01798
C01799,2025-11-21,S,normal,D01799,A01799,P01799
C01800,2025-07-11,W,normal,D01800,A01800,P01800
C01801,2025-01-01,S,normal,D01801,A01801,P01801
C01802,2025-01-01,E,normal,D01802,A01802,P01802
C01803,2025-01-01,W,normal,D01803,A01803,P01803
C01804,2025-01-01,E,normal,D01804,A01804,P01804
C01805,2025-06-29,E,normal,D01805,A01805,P01805
C01806,2025-01-01,E,normal,D01806,A01806,P01806
C01807,2025-01-01,S,normal,D01807,A01807,P01807
C01808,2025-01-01,N,normal,D01808,A01808,P01808
C01809,2025-01-01,W,normal,D01809,A01809,P01809
C01810,2025-01-01,NE,normal,D01810,A01810,P01810
C01811,2025-09-11,S,normal,D01811,A01811,P01811
C01812,2025-02-04,W,normal,D01812,A01812,P01812
C01813,2025-01-01,NE,normal,D01813,A01813,P01813
C01814,2025-01-01,S,normal,D01814,A01814,P01814
C01815,2025-01-01,W,normal,D01815,A01815,P01815
C01816,2025-01-01,E,normal,D01816,A01816,P01816
C01817,2025-01-01,N,normal,D01817,A01817,P01817
C01818,2025-01-01,N,normal,D01818,A01818,P01818
C01819,2025-01-01,S,normal,D01819,A01819,P01819
C01820,2025-01-10,W,frequent_legit,D01820,A01820,P01820
C01821,2025-12-09,S,normal,D01821,A01821,P01821
C01822,2025-01-01,W,normal,D01822,A01822,P01822
C01823,2025-01-01,E,normal,D01823,A01823,P01823
C01824,2025-07-10,E,normal,D01824,A01824,P01824
C01825,2025-01-01,S,normal,D01825,A01825,P01825
C01826,2025-01-01,S,normal,D01826,A01826,P01826
C01827,2025-01-01,N,normal,D01827,A01827,P01827
C01828,2025-01-01,N,frequent_legit,D01828,A01828,P01828
C01829,2025-01-01,N,normal,D01829,A01829,P01829
C01830,2025-05-15,N,normal,D01830,A01830,P01830
C01831,2025-01-01,N,frequent_legit,D01831,A01831,P01831
C01832,2025-01-01,E,normal,D01832,A01832,P01832
C01833,2025-01-01,S,normal,D01833,A01833,P01833
C01834,2025-01-01,N,normal,D01834,A01834,P01834
C01835,2025-10-10,W,normal,D01835,A01835,P01835
C01836,2025-01-01,S,normal,D01836,A01836,P01836
C01837,2025-01-17,W,normal,D01837,A01837,P01837
C01838,2025-01-01,E,normal,D01838,A01838,P01838
C01839,2025-01-01,N,normal,D01839,A01839,P01839
C01840,2025-01-01,W,normal,D01840,A01840,P01840
C01841,2025-01-01,W,normal,D01841,A01841,P01841
C01842,2025-01-01,E,normal,D01842,A01842,P01842
C01843,2025-12-08,S,frequent_legit,D01843,A01843,P01843
C01844,2025-01-01,S,normal,D01844,A01844,P01844
C01845,2025-01-01,S,normal,D01845,A01845,P01845
C01846,2025-01-01,W,normal,D01846,A01846,P01846
C01847,2025-01-01,S,normal,D01847,A01847,P01847
C01848,2025-06-14,N,normal,D01848,A01848,P01848
C01849,2025-01-01,N,normal,D01849,A01849,P01849
C01850,2025-01-01,N,normal,D01850,A01850,P01850
C01851,2025-01-01,N,frequent_legit,D01851,A01851,P01851
C01852,2025-01-01,S,normal,D01852,A01852,P01852
C01853,2025-01-01,W,normal,D01853,A01853,P01853
C01854,2025-10-22,N,normal,D01854,A01854,P01854
C01855,2025-01-01,S,coordinated,DCO0004,ACO0004,PCO0004
C01856,2025-01-01,N,normal,D01856,A01856,P01856
C01857,2025-01-01,S,normal,D01857,A01857,P01857
C01858,2025-01-01,E,normal,D01858,A01858,P01858
C01859,2025-05-20,S,normal,D01859,A01859,P01859
C01860,2025-01-01,NE,normal,D01860,A01860,P01860
C01861,2025-01-01,NE,coordinated,DCO0004,ACO0004,PCO0004
C01862,2025-01-01,W,coordinated,DCO0004,ACO0004,PCO0004
C01863,2025-01-01,W,normal,D01863,A01863,P01863
C01864,2025-01-01,S,normal,D01864,A01864,P01864
C01865,2025-01-01,E,normal,D01865,A01865,P01865
C01866,2025-01-01,S,frequent_legit,D01866,A01866,P01866
C01867,2025-01-01,W,normal,D01867,A01867,P01867
C01868,2025-01-01,N,normal,D01868,A01868,P01868
C01869,2025-01-01,N,normal,D01869,A01869,P01869
C01870,2025-01-01,N,normal,D01870,A01870,P01870
C01871,2025-01-01,E,normal,D01871,A01871,P01871
C01872,2025-01-01,E,abusive,D01872,A01872,P01872
C01873,2025-02-20,N,abusive,D01873,A01873,P01873
C01874,2025-01-01,S,frequent_legit,D01874,A01874,P01874
C01875,2025-01-01,S,normal,D01875,A01875,P01875
C01876,2025-01-01,W,normal,D01876,A01876,P01876
C01877,2025-01-01,N,normal,D01877,A01877,P01877
C01878,2025-01-01,N,normal,D01878,A01878,P01878
C01879,2025-01-01,E,normal,D01879,A01879,P01879
C01880,2025-01-01,E,normal,D01880,A01880,P01880
C01881,2025-01-01,W,normal,D01881,A01881,P01881
C01882,2025-01-01,E,normal,D01882,A01882,P01882
C01883,2025-01-01,NE,normal,D01883,A01883,P01883
C01884,2025-01-01,S,normal,D01884,A01884,P01884
C01885,2025-01-01,S,normal,D01885,A01885,P01885
C01886,2025-01-01,NE,normal,D01886,A01886,P01886
C01887,2025-01-01,N,normal,D01887,A01887,P01887
C01888,2025-01-01,W,normal,D01888,A01888,P01888
C01889,2025-01-01,N,normal,D01889,A01889,P01889
C01890,2025-01-01,S,normal,D01890,A01890,P01890
C01891,2025-01-01,N,normal,D01891,A01891,P01891
C01892,2025-01-01,E,normal,D01892,A01892,P01892
C01893,2025-01-01,W,normal,D01893,A01893,P01893
C01894,2025-01-01,N,normal,D01894,A01894,P01894
C01895,2025-01-01,N,normal,D01895,A01895,P01895
C01896,2025-01-01,S,normal,D01896,A01896,P01896
C01897,2025-06-13,N,normal,D01897,A01897,P01897
C01898,2025-01-01,S,normal,D01898,A01898,P01898
C01899,2025-09-12,NE,normal,D01899,A01899,P01899
C01900,2025-01-01,N,normal,D01900,A01900,P01900
C01901,2025-01-01,S,normal,D01901,A01901,P01901
C01902,2025-01-01,S,normal,D01902,A01902,P01902
C01903,2025-01-01,S,normal,D01903,A01903,P01903
C01904,2025-01-01,N,normal,D01904,A01904,P01904
C01905,2025-01-01,E,normal,D01905,A01905,P01905
C01906,2025-03-02,E,normal,D01906,A01906,P01906
C01907,2025-08-28,W,normal,D01907,A01907,P01907
C01908,2025-01-01,S,normal,D01908,A01908,P01908
C01909,2025-01-01,E,normal,D01909,A01909,P01909
C01910,2025-01-01,W,normal,D01910,A01910,P01910
C01911,2025-01-01,W,normal,D01911,A01911,P01911
C01912,2025-01-01,W,frequent_legit,D01912,A01912,P01912
C01913,2025-07-11,N,normal,D01913,A01913,P01913
C01914,2025-01-01,NE,normal,D01914,A01914,P01914
C01915,2025-01-01,W,normal,D01915,A01915,P01915
C01916,2025-11-07,W,normal,D01916,A01916,P01916
C01917,2025-01-01,E,normal,D01917,A01917,P01917
C01918,2025-01-01,NE,normal,D01918,A01918,P01918
C01919,2025-01-01,S,frequent_legit,D01919,A01919,P01919
C01920,2025-01-01,W,normal,D01920,A01920,P01920
C01921,2025-01-01,E,normal,D01921,A01921,P01921
C01922,2025-01-28,W,normal,D01922,A01922,P01922
C01923,2025-01-01,W,normal,D01923,A01923,P01923
C01924,2025-01-01,N,normal,D01924,A01924,P01924
C01925,2025-01-01,S,normal,D01925,A01925,P01925
C01926,2025-01-01,S,normal,D01926,A01926,P01926
C01927,2025-05-31,W,normal,D01927,A01927,P01927
C01928,2025-08-04,E,normal,D01928,A01928,P01928
C01929,2025-01-01,W,normal,D01929,A01929,P01929
C01930,2025-01-01,W,normal,D01930,A01930,P01930
C01931,2025-01-01,E,normal,D01931,A01931,P01931
C01932,2025-08-03,N,normal,D01932,A01932,P01932
C01933,2025-01-01,E,normal,D01933,A01933,P01933
C01934,2025-01-01,W,normal,D01934,A01934,P01934
C01935,2025-01-01,E,normal,D01935,A01935,P01935
C01936,2025-01-01,W,normal,D01936,A01936,P01936
C01937,2025-01-01,NE,normal,D01937,A01937,P01937
C01938,2025-01-01,S,normal,D01938,A01938,P01938
C01939,2025-08-23,W,normal,D01939,A01939,P01939
C01940,2025-01-01,S,normal,D01940,A01940,P01940
C01941,2025-01-01,S,normal,D01941,A01941,P01941
C01942,2025-05-24,N,normal,D01942,A01942,P01942
C01943,2025-01-01,N,normal,D01943,A01943,P01943
C01944,2025-01-01,N,normal,D01944,A01944,P01944
C01945,2025-01-01,E,frequent_legit,D01945,A01945,P01945
C01946,2025-01-01,N,normal,D01946,A01946,P01946
C01947,2025-01-01,S,frequent_legit,D01947,A01947,P01947
C01948,2025-01-01,S,normal,D01948,A01948,P01948
C01949,2025-01-01,S,frequent_legit,D01949,A01949,P01949
C01950,2025-01-01,W,frequent_legit,D01950,A01950,P01950
C01951,2025-01-01,S,normal,D01951,A01951,P01951
C01952,2025-01-01,N,normal,D01952,A01952,P01952
C01953,2025-06-30,NE,abusive,D01953,A01953,P01953
C01954,2025-03-06,W,frequent_legit,D01954,A01954,P01954
C01955,2025-01-01,E,abusive,D01955,A01955,P01955
C01956,2025-01-01,W,normal,D01956,A01956,P01956
C01957,2025-01-01,N,normal,D01957,A01957,P01957
C01958,2025-01-01,W,normal,D01958,A01958,P01958
C01959,2025-01-01,N,normal,D01959,A01959,P01959
C01960,2025-01-01,S,normal,D01960,A01960,P01960
C01961,2025-01-01,N,normal,D01961,A01961,P01961
C01962,2025-07-28,W,normal,D01962,A01962,P01962
C01963,2025-01-01,N,normal,D01963,A01963,P01963
C01964,2025-01-01,N,normal,D01964,A01964,P01964
C01965,2025-01-01,N,normal,D01965,A01965,P01965
C01966,2025-01-01,W,normal,D01966,A01966,P01966
C01967,2025-01-01,S,normal,D01967,A01967,P01967
C01968,2025-01-01,S,normal,D01968,A01968,P01968
C01969,2025-01-01,S,normal,D01969,A01969,P01969
C01970,2025-01-01,W,normal,D01970,A01970,P01970
C01971,2025-01-01,N,frequent_legit,D01971,A01971,P01971
C01972,2025-11-18,NE,normal,D01972,A01972,P01972
C01973,2025-01-01,S,normal,D01973,A01973,P01973
C01974,2025-01-01,N,normal,D01974,A01974,P01974
C01975,2025-01-01,N,normal,D01975,A01975,P01975
C01976,2025-01-01,N,normal,D01976,A01976,P01976
C01977,2025-01-01,S,frequent_legit,D01977,A01977,P01977
C01978,2025-01-01,N,normal,D01978,A01978,P01978
C01979,2025-05-28,W,normal,D01979,A01979,P01979
C01980,2025-01-01,S,normal,D01980,A01980,P01980
C01981,2025-01-01,N,normal,D01981,A01981,P01981
C01982,2025-01-01,S,normal,D01982,A01982,P01982
C01983,2025-01-01,N,normal,D01983,A01983,P01983
C01984,2025-07-20,N,normal,D01984,A01984,P01984
C01985,2025-04-03,S,frequent_legit,D01985,A01985,P01985
C01986,2025-03-12,N,normal,D01986,A01986,P01986
C01987,2025-01-01,N,normal,D01987,A01987,P01987
C01988,2025-01-01,W,abusive,D01988,A01988,P01988
C01989,2025-01-01,E,normal,D01989,A01989,P01989
C01990,2025-03-11,W,normal,D01990,A01990,P01990
C01991,2025-01-01,N,normal,D01991,A01991,P01991
C01992,2025-01-01,W,normal,D01992,A01992,P01992
C01993,2025-01-01,S,normal,D01993,A01993,P01993
C01994,2025-01-01,N,normal,D01994,A01994,P01994
C01995,2025-01-01,W,normal,D01995,A01995,P01995
C01996,2025-01-01,N,normal,D01996,A01996,P01996
C01997,2025-01-01,S,normal,D01997,A01997,P01997
C01998,2025-01-01,W,normal,D01998,A01998,P01998
C01999,2025-01-01,E,normal,D01999,A01999,P01999
C02000,2025-01-01,S,normal,D02000,A02000,P02000
C02001,2025-01-01,S,normal,D02001,A02001,P02001
C02002,2025-01-01,N,frequent_legit,D02002,A02002,P02002
C02003,2025-01-01,NE,normal,D02003,A02003,P02003
C02004,2025-01-01,N,normal,D02004,A02004,P02004
C02005,2025-01-01,N,normal,D02005,A02005,P02005
C02006,2025-01-01,N,normal,D02006,A02006,P02006
C02007,2025-01-01,W,normal,D02007,A02007,P02007
C02008,2025-01-01,W,normal,D02008,A02008,P02008
C02009,2025-01-01,S,normal,D02009,A02009,P02009
C02010,2025-01-01,NE,normal,D02010,A02010,P02010
C02011,2025-01-01,N,normal,D02011,A02011,P02011
C02012,2025-01-30,W,normal,D02012,A02012,P02012
C02013,2025-01-01,N,normal,D02013,A02013,P02013
C02014,2025-01-01,S,normal,D02014,A02014,P02014
C02015,2025-01-01,N,normal,D02015,A02015,P02015
C02016,2025-03-31,NE,normal,D02016,A02016,P02016
C02017,2025-01-01,W,normal,D02017,A02017,P02017
C02018,2025-01-01,E,normal,D02018,A02018,P02018
C02019,2025-01-01,N,normal,D02019,A02019,P02019
C02020,2025-01-01,N,normal,D02020,A02020,P02020
C02021,2025-01-01,S,normal,D02021,A02021,P02021
C02022,2025-01-01,S,normal,D02022,A02022,P02022
C02023,2025-01-01,N,normal,D02023,A02023,P02023
C02024,2025-07-22,E,normal,D02024,A02024,P02024
C02025,2025-01-01,E,normal,D02025,A02025,P02025
C02026,2025-01-01,W,normal,D02026,A02026,P02026
C02027,2025-01-01,S,normal,D02027,A02027,P02027
C02028,2025-01-01,S,normal,D02028,A02028,P02028
C02029,2025-01-01,S,normal,D02029,A02029,P02029
C02030,2025-01-01,N,normal,D02030,A02030,P02030
C02031,2025-01-01,E,normal,D02031,A02031,P02031
C02032,2025-08-15,W,normal,D02032,A02032,P02032
C02033,2025-01-01,N,normal,D02033,A02033,P02033
C02034,2025-01-01,S,normal,D02034,A02034,P02034
C02035,2025-01-01,W,normal,D02035,A02035,P02035
C02036,2025-01-01,S,frequent_legit,D02036,A02036,P02036
C02037,2025-01-01,S,normal,D02037,A02037,P02037
C02038,2025-01-01,W,normal,D02038,A02038,P02038
C02039,2025-01-01,E,normal,D02039,A02039,P02039
C02040,2025-01-01,N,normal,D02040,A02040,P02040
C02041,2025-01-01,W,normal,D02041,A02041,P02041
C02042,2025-03-21,W,normal,D02042,A02042,P02042
C02043,2025-01-01,N,frequent_legit,D02043,A02043,P02043
C02044,2025-01-01,N,abusive,D02044,A02044,P02044
C02045,2025-04-28,E,normal,D02045,A02045,P02045
C02046,2025-01-01,E,normal,D02046,A02046,P02046
C02047,2025-01-01,S,normal,D02047,A02047,P02047
C02048,2025-01-01,S,normal,D02048,A02048,P02048
C02049,2025-01-01,E,normal,D02049,A02049,P02049
C02050,2025-10-04,S,abusive,D02050,A02050,P02050
C02051,2025-01-01,N,normal,D02051,A02051,P02051
C02052,2025-01-01,N,normal,D02052,A02052,P02052
C02053,2025-01-01,S,normal,D02053,A02053,P02053
C02054,2025-01-01,W,normal,D02054,A02054,P02054
C02055,2025-01-01,S,normal,D02055,A02055,P02055
C02056,2025-01-01,S,abusive,D02056,A02056,P02056
C02057,2025-01-01,W,normal,D02057,A02057,P02057
C02058,2025-01-01,S,normal,D02058,A02058,P02058
C02059,2025-01-01,S,normal,D02059,A02059,P02059
C02060,2025-01-01,N,frequent_legit,D02060,A02060,P02060
C02061,2025-01-01,W,normal,D02061,A02061,P02061
C02062,2025-01-01,E,normal,D02062,A02062,P02062
C02063,2025-01-01,W,normal,D02063,A02063,P02063
C02064,2025-01-01,S,normal,D02064,A02064,P02064
C02065,2025-08-20,S,frequent_legit,D02065,A02065,P02065
C02066,2025-12-16,N,normal,D02066,A02066,P02066
C02067,2025-01-01,NE,abusive,D02067,A02067,P02067
C02068,2025-01-01,N,normal,D02068,A02068,P02068
C02069,2025-01-01,E,normal,D02069,A02069,P02069
C02070,2025-01-01,E,normal,D02070,A02070,P02070
C02071,2025-07-10,N,normal,D02071,A02071,P02071
C02072,2025-01-01,S,normal,D02072,A02072,P02072
C02073,2025-01-01,N,normal,D02073,A02073,P02073
C02074,2025-03-13,S,normal,D02074,A02074,P02074
C02075,2025-01-01,NE,normal,D02075,A02075,P02075
C02076,2025-01-01,S,abusive,D02076,A02076,P02076
C02077,2025-01-01,NE,normal,D02077,A02077,P02077
C02078,2025-01-01,N,normal,D02078,A02078,P02078
C02079,2025-01-01,S,normal,D02079,A02079,P02079
C02080,2025-01-01,W,normal,D02080,A02080,P02080
C02081,2025-01-01,W,normal,D02081,A02081,P02081
C02082,2025-01-01,S,normal,D02082,A02082,P02082
C02083,2025-01-01,E,normal,D02083,A02083,P02083
C02084,2025-01-01,W,normal,D02084,A02084,P02084
C02085,2025-01-01,W,normal,D02085,A02085,P02085
C02086,2025-01-01,E,normal,D02086,A02086,P02086
C02087,2025-02-19,N,normal,D02087,A02087,P02087
C02088,2025-01-01,N,normal,D02088,A02088,P02088
C02089,2025-01-01,E,normal,D02089,A02089,P02089
C02090,2025-01-01,S,normal,D02090,A02090,P02090
C02091,2025-01-01,N,normal,D02091,A02091,P02091
C02092,2025-01-01,S,normal,D02092,A02092,P02092
C02093,2025-01-01,S,normal,D02093,A02093,P02093
C02094,2025-05-06,S,frequent_legit,D02094,A02094,P02094
C02095,2025-01-01,S,normal,D02095,A02095,P02095
C02096,2025-01-01,S,normal,D02096,A02096,P02096
C02097,2025-03-18,N,normal,D02097,A02097,P02097
C02098,2025-01-01,W,normal,D02098,A02098,P02098
C02099,2025-01-03,E,normal,D02099,A02099,P02099
C02100,2025-01-01,N,normal,D02100,A02100,P02100
C02101,2025-01-01,S,normal,D02101,A02101,P02101
C02102,2025-01-01,S,normal,D02102,A02102,P02102
C02103,2025-01-01,E,frequent_legit,D02103,A02103,P02103
C02104,2025-01-01,E,normal,D02104,A02104,P02104
C02105,2025-01-01,E,normal,D02105,A02105,P02105
C02106,2025-01-01,E,normal,D02106,A02106,P02106
C02107,2025-01-01,N,coordinated,DCO0004,ACO0004,PCO0004
C02108,2025-01-01,S,normal,D02108,A02108,P02108
C02109,2025-09-08,N,normal,D02109,A02109,P02109
C02110,2025-01-01,S,normal,D02110,A02110,P02110
C02111,2025-01-01,S,normal,D02111,A02111,P02111
C02112,2025-01-01,W,normal,D02112,A02112,P02112
C02113,2025-01-01,N,normal,D02113,A02113,P02113
C02114,2025-01-01,E,normal,D02114,A02114,P02114
C02115,2025-01-01,S,frequent_legit,D02115,A02115,P02115
C02116,2025-01-01,S,normal,D02116,A02116,P02116
C02117,2025-01-01,E,normal,D02117,A02117,P02117
C02118,2025-09-13,N,normal,D02118,A02118,P02118
C02119,2025-07-03,S,normal,D02119,A02119,P02119
C02120,2025-01-01,S,normal,D02120,A02120,P02120
C02121,2025-01-01,E,normal,D02121,A02121,P02121
C02122,2025-01-01,N,normal,D02122,A02122,P02122
C02123,2025-01-01,NE,normal,D02123,A02123,P02123
C02124,2025-01-01,NE,normal,D02124,A02124,P02124
C02125,2025-01-01,W,normal,D02125,A02125,P02125
C02126,2025-01-01,S,normal,D02126,A02126,P02126
C02127,2025-01-01,E,normal,D02127,A02127,P02127
C02128,2025-01-01,N,normal,D02128,A02128,P02128
C02129,2025-01-01,W,normal,D02129,A02129,P02129
C02130,2025-01-01,S,normal,D02130,A02130,P02130
C02131,2025-01-01,N,normal,D02131,A02131,P02131
C02132,2025-01-01,S,coordinated,DCO0004,ACO0004,PCO0004
C02133,2025-11-21,W,frequent_legit,D02133,A02133,P02133
C02134,2025-01-01,W,normal,D02134,A02134,P02134
C02135,2025-03-03,S,normal,D02135,A02135,P02135
C02136,2025-01-01,S,normal,D02136,A02136,P02136
C02137,2025-01-14,W,normal,D02137,A02137,P02137
C02138,2025-01-01,W,normal,D02138,A02138,P02138
C02139,2025-01-01,W,normal,D02139,A02139,P02139
C02140,2025-01-01,S,normal,D02140,A02140,P02140
C02141,2025-01-01,E,normal,D02141,A02141,P02141
C02142,2025-01-01,W,normal,D02142,A02142,P02142
C02143,2025-08-26,N,normal,D02143,A02143,P02143
C02144,2025-08-05,S,normal,D02144,A02144,P02144
C02145,2025-01-01,N,frequent_legit,D02145,A02145,P02145
C02146,2025-01-01,S,normal,D02146,A02146,P02146
C02147,2025-01-01,W,coordinated,DCO0005,ACO0005,PCO0005
C02148,2025-11-12,N,normal,D02148,A02148,P02148
C02149,2025-08-03,S,normal,D02149,A02149,P02149
C02150,2025-01-01,N,normal,D02150,A02150,P02150
C02151,2025-04-06,W,normal,D02151,A02151,P02151
C02152,2025-01-01,W,normal,D02152,A02152,P02152
C02153,2025-01-01,S,normal,D02153,A02153,P02153
C02154,2025-01-01,E,normal,D02154,A02154,P02154
C02155,2025-05-27,N,normal,D02155,A02155,P02155
C02156,2025-01-01,W,normal,D02156,A02156,P02156
C02157,2025-01-01,E,normal,D02157,A02157,P02157
C02158,2025-01-01,N,normal,D02158,A02158,P02158
C02159,2025-01-01,NE,normal,D02159,A02159,P02159
C02160,2025-01-01,N,normal,D02160,A02160,P02160
C02161,2025-01-01,E,normal,D02161,A02161,P02161
C02162,2025-01-01,N,normal,D02162,A02162,P02162
C02163,2025-01-01,E,normal,D02163,A02163,P02163
C02164,2025-01-01,N,normal,D02164,A02164,P02164
C02165,2025-01-01,N,normal,D02165,A02165,P02165
C02166,2025-01-01,S,normal,D02166,A02166,P02166
C02167,2025-01-01,NE,normal,D02167,A02167,P02167
C02168,2025-01-01,N,normal,D02168,A02168,P02168
C02169,2025-01-01,E,normal,D02169,A02169,P02169
C02170,2025-05-09,S,normal,D02170,A02170,P02170
C02171,2025-01-01,W,normal,D02171,A02171,P02171
C02172,2025-01-01,S,normal,D02172,A02172,P02172
C02173,2025-01-01,S,normal,D02173,A02173,P02173
C02174,2025-01-01,NE,normal,D02174,A02174,P02174
C02175,2025-01-01,S,normal,D02175,A02175,P02175
C02176,2025-01-01,S,normal,D02176,A02176,P02176
C02177,2025-01-01,W,normal,D02177,A02177,P02177
C02178,2025-01-01,S,normal,D02178,A02178,P02178
C02179,2025-01-01,S,frequent_legit,D02179,A02179,P02179
C02180,2025-01-01,S,normal,D02180,A02180,P02180
C02181,2025-01-01,W,frequent_legit,D02181,A02181,P02181
C02182,2025-01-01,W,normal,D02182,A02182,P02182
C02183,2025-01-01,E,normal,D02183,A02183,P02183
C02184,2025-10-23,E,normal,D02184,A02184,P02184
C02185,2025-01-01,S,normal,D02185,A02185,P02185
C02186,2025-01-01,N,normal,D02186,A02186,P02186
C02187,2025-01-01,N,normal,D02187,A02187,P02187
C02188,2025-03-18,N,normal,D02188,A02188,P02188
C02189,2025-01-01,N,frequent_legit,D02189,A02189,P02189
C02190,2025-02-25,E,normal,D02190,A02190,P02190
C02191,2025-07-07,N,normal,D02191,A02191,P02191
C02192,2025-06-01,N,normal,D02192,A02192,P02192
C02193,2025-01-01,S,normal,D02193,A02193,P02193
C02194,2025-01-01,N,normal,D02194,A02194,P02194
C02195,2025-01-01,N,normal,D02195,A02195,P02195
C02196,2025-01-01,N,normal,D02196,A02196,P02196
C02197,2025-01-01,N,normal,D02197,A02197,P02197
C02198,2025-01-01,S,normal,D02198,A02198,P02198
C02199,2025-01-01,W,normal,D02199,A02199,P02199
C02200,2025-01-01,W,normal,D02200,A02200,P02200
C02201,2025-06-13,W,frequent_legit,D02201,A02201,P02201
C02202,2025-01-01,E,normal,D02202,A02202,P02202
C02203,2025-01-01,W,normal,D02203,A02203,P02203
C02204,2025-01-01,S,normal,D02204,A02204,P02204
C02205,2025-01-02,E,normal,D02205,A02205,P02205
C02206,2025-01-01,S,normal,D02206,A02206,P02206
C02207,2025-02-17,S,normal,D02207,A02207,P02207
C02208,2025-01-01,S,normal,D02208,A02208,P02208
C02209,2025-01-01,N,normal,D02209,A02209,P02209
C02210,2025-01-01,W,coordinated,DCO0005,ACO0005,PCO0005
C02211,2025-10-25,N,normal,D02211,A02211,P02211
C02212,2025-01-01,E,normal,D02212,A02212,P02212
C02213,2025-01-01,W,normal,D02213,A02213,P02213
C02214,2025-01-01,S,frequent_legit,D02214,A02214,P02214
C02215,2025-01-01,N,normal,D02215,A02215,P02215
C02216,2025-05-31,S,normal,D02216,A02216,P02216
C02217,2025-01-01,S,frequent_legit,D02217,A02217,P02217
C02218,2025-01-01,NE,frequent_legit,D02218,A02218,P02218
C02219,2025-01-01,E,normal,D02219,A02219,P02219
C02220,2025-01-01,W,normal,D02220,A02220,P02220
C02221,2025-07-18,S,normal,D02221,A02221,P02221
C02222,2025-01-01,E,normal,D02222,A02222,P02222
C02223,2025-01-01,W,normal,D02223,A02223,P02223
C02224,2025-01-01,N,normal,D02224,A02224,P02224
C02225,2025-01-01,N,normal,D02225,A02225,P02225
C02226,2025-01-01,N,normal,D02226,A02226,P02226
C02227,2025-01-01,S,normal,D02227,A02227,P02227
C02228,2025-01-01,W,normal,D02228,A02228,P02228
C02229,2025-01-01,E,normal,D02229,A02229,P02229
C02230,2025-01-05,S,normal,D02230,A02230,P02230
C02231,2025-01-01,W,normal,D02231,A02231,P02231
C02232,2025-01-01,N,normal,D02232,A02232,P02232
C02233,2025-01-01,N,frequent_legit,D02233,A02233,P02233
C02234,2025-01-01,W,normal,D02234,A02234,P02234
C02235,2025-01-01,W,normal,D02235,A02235,P02235
C02236,2025-01-01,E,normal,D02236,A02236,P02236
C02237,2025-01-01,N,normal,D02237,A02237,P02237
C02238,2025-01-01,NE,normal,D02238,A02238,P02238
C02239,2025-01-01,W,normal,D02239,A02239,P02239
C02240,2025-01-01,E,normal,D02240,A02240,P02240
C02241,2025-11-26,N,normal,D02241,A02241,P02241
C02242,2025-01-01,S,normal,D02242,A02242,P02242
C02243,2025-01-01,W,normal,D02243,A02243,P02243
C02244,2025-01-01,W,normal,D02244,A02244,P02244
C02245,2025-01-01,E,normal,D02245,A02245,P02245
C02246,2025-01-01,S,normal,D02246,A02246,P02246
C02247,2025-01-01,E,normal,D02247,A02247,P02247
C02248,2025-01-01,S,normal,D02248,A02248,P02248
C02249,2025-01-01,S,normal,D02249,A02249,P02249
C02250,2025-11-02,N,normal,D02250,A02250,P02250
C02251,2025-01-01,N,normal,D02251,A02251,P02251
C02252,2025-01-01,W,normal,D02252,A02252,P02252
C02253,2025-01-01,N,normal,D02253,A02253,P02253
C02254,2025-01-01,N,frequent_legit,D02254,A02254,P02254
C02255,2025-01-01,W,normal,D02255,A02255,P02255
C02256,2025-01-01,E,frequent_legit,D02256,A02256,P02256
C02257,2025-01-01,N,normal,D02257,A02257,P02257
C02258,2025-08-06,S,normal,D02258,A02258,P02258
C02259,2025-10-13,W,normal,D02259,A02259,P02259
C02260,2025-01-01,S,normal,D02260,A02260,P02260
C02261,2025-01-01,S,abusive,D02261,A02261,P02261
C02262,2025-01-01,S,normal,D02262,A02262,P02262
C02263,2025-01-01,N,normal,D02263,A02263,P02263
C02264,2025-01-01,W,normal,D02264,A02264,P02264
C02265,2025-01-01,N,normal,D02265,A02265,P02265
C02266,2025-01-01,S,normal,D02266,A02266,P02266
C02267,2025-01-01,N,normal,D02267,A02267,P02267
C02268,2025-01-01,N,normal,D02268,A02268,P02268
C02269,2025-01-01,N,normal,D02269,A02269,P02269
C02270,2025-01-01,W,normal,D02270,A02270,P02270
C02271,2025-01-01,N,normal,D02271,A02271,P02271
C02272,2025-01-01,N,normal,D02272,A02272,P02272
C02273,2025-03-25,N,normal,D02273,A02273,P02273
C02274,2025-03-29,W,normal,D02274,A02274,P02274
C02275,2025-01-01,S,normal,D02275,A02275,P02275
C02276,2025-01-01,NE,normal,D02276,A02276,P02276
C02277,2025-05-30,E,normal,D02277,A02277,P02277
C02278,2025-01-01,S,normal,D02278,A02278,P02278
C02279,2025-01-01,E,normal,D02279,A02279,P02279
C02280,2025-11-10,N,normal,D02280,A02280,P02280
C02281,2025-01-01,NE,normal,D02281,A02281,P02281
C02282,2025-01-01,NE,normal,D02282,A02282,P02282
C02283,2025-01-01,N,normal,D02283,A02283,P02283
C02284,2025-01-01,E,normal,D02284,A02284,P02284
C02285,2025-01-01,N,normal,D02285,A02285,P02285
C02286,2025-01-01,S,normal,D02286,A02286,P02286
C02287,2025-01-01,W,normal,D02287,A02287,P02287
C02288,2025-01-01,W,normal,D02288,A02288,P02288
C02289,2025-01-01,S,normal,D02289,A02289,P02289
C02290,2025-01-01,E,abusive,D02290,A02290,P02290
C02291,2025-07-10,E,normal,D02291,A02291,P02291
C02292,2025-01-01,N,normal,D02292,A02292,P02292
C02293,2025-07-23,E,normal,D02293,A02293,P02293
C02294,2025-01-01,E,normal,D02294,A02294,P02294
C02295,2025-01-01,W,normal,D02295,A02295,P02295
C02296,2025-01-01,NE,normal,D02296,A02296,P02296
C02297,2025-01-01,N,normal,D02297,A02297,P02297
C02298,2025-10-10,N,normal,D02298,A02298,P02298
C02299,2025-12-01,N,normal,D02299,A02299,P02299
C02300,2025-01-01,N,frequent_legit,D02300,A02300,P02300
C02301,2025-01-01,S,normal,D02301,A02301,P02301
C02302,2025-10-01,W,normal,D02302,A02302,P02302
C02303,2025-01-01,S,normal,D02303,A02303,P02303
C02304,2025-01-01,E,normal,D02304,A02304,P02304
C02305,2025-01-01,S,normal,D02305,A02305,P02305
C02306,2025-05-23,S,normal,D02306,A02306,P02306
C02307,2025-01-01,W,normal,D02307,A02307,P02307
C02308,2025-01-01,E,normal,D02308,A02308,P02308
C02309,2025-01-01,S,normal,D02309,A02309,P02309
C02310,2025-01-01,W,coordinated,DCO0005,ACO0005,PCO0005
C02311,2025-02-15,S,normal,D02311,A02311,P02311
C02312,2025-01-01,N,normal,D02312,A02312,P02312
C02313,2025-01-01,S,normal,D02313,A02313,P02313
C02314,2025-01-01,E,normal,D02314,A02314,P02314
C02315,2025-01-01,S,normal,D02315,A02315,P02315
C02316,2025-01-01,W,normal,D02316,A02316,P02316
C02317,2025-01-01,S,normal,D02317,A02317,P02317
C02318,2025-01-01,S,normal,D02318,A02318,P02318
C02319,2025-01-01,W,frequent_legit,D02319,A02319,P02319
C02320,2025-06-20,S,normal,D02320,A02320,P02320
C02321,2025-01-01,S,normal,D02321,A02321,P02321
C02322,2025-01-01,N,normal,D02322,A02322,P02322
C02323,2025-01-01,S,normal,D02323,A02323,P02323
C02324,2025-01-01,S,normal,D02324,A02324,P02324
C02325,2025-01-01,N,abusive,D02325,A02325,P02325
C02326,2025-01-01,E,normal,D02326,A02326,P02326
C02327,2025-07-11,N,normal,D02327,A02327,P02327
C02328,2025-01-01,N,normal,D02328,A02328,P02328
C02329,2025-03-29,E,normal,D02329,A02329,P02329
C02330,2025-10-19,N,normal,D02330,A02330,P02330
C02331,2025-01-01,E,normal,D02331,A02331,P02331
C02332,2025-01-01,E,normal,D02332,A02332,P02332
C02333,2025-01-01,S,normal,D02333,A02333,P02333
C02334,2025-03-02,N,normal,D02334,A02334,P02334
C02335,2025-01-01,S,normal,D02335,A02335,P02335
C02336,2025-01-01,N,normal,D02336,A02336,P02336
C02337,2025-01-01,S,normal,D02337,A02337,P02337
C02338,2025-01-01,W,normal,D02338,A02338,P02338
C02339,2025-01-01,E,normal,D02339,A02339,P02339
C02340,2025-01-01,S,normal,D02340,A02340,P02340
C02341,2025-01-01,NE,normal,D02341,A02341,P02341
C02342,2025-02-01,N,normal,D02342,A02342,P02342
C02343,2025-01-01,W,normal,D02343,A02343,P02343
C02344,2025-01-01,W,normal,D02344,A02344,P02344
C02345,2025-02-24,S,normal,D02345,A02345,P02345
C02346,2025-01-01,N,normal,D02346,A02346,P02346
C02347,2025-01-01,N,normal,D02347,A02347,P02347
C02348,2025-01-01,W,normal,D02348,A02348,P02348
C02349,2025-09-21,N,normal,D02349,A02349,P02349
C02350,2025-01-01,W,normal,D02350,A02350,P02350
C02351,2025-01-01,S,normal,D02351,A02351,P02351
C02352,2025-01-01,S,normal,D02352,A02352,P02352
C02353,2025-04-14,E,normal,D02353,A02353,P02353
C02354,2025-01-01,N,normal,D02354,A02354,P02354
C02355,2025-01-01,S,normal,D02355,A02355,P02355
C02356,2025-01-01,W,normal,D02356,A02356,P02356
C02357,2025-11-15,N,normal,D02357,A02357,P02357
C02358,2025-01-01,W,abusive,D02358,A02358,P02358
C02359,2025-01-01,NE,normal,D02359,A02359,P02359
C02360,2025-01-21,N,normal,D02360,A02360,P02360
C02361,2025-01-01,S,normal,D02361,A02361,P02361
C02362,2025-01-01,N,normal,D02362,A02362,P02362
C02363,2025-11-14,E,normal,D02363,A02363,P02363
C02364,2025-01-01,NE,normal,D02364,A02364,P02364
C02365,2025-01-01,W,normal,D02365,A02365,P02365
C02366,2025-01-01,W,normal,D02366,A02366,P02366
C02367,2025-06-19,N,normal,D02367,A02367,P02367
C02368,2025-01-20,S,normal,D02368,A02368,P02368
C02369,2025-01-01,N,normal,D02369,A02369,P02369
C02370,2025-01-01,W,normal,D02370,A02370,P02370
C02371,2025-01-01,N,normal,D02371,A02371,P02371
C02372,2025-01-01,N,normal,D02372,A02372,P02372
C02373,2025-01-01,N,normal,D02373,A02373,P02373
C02374,2025-01-01,N,normal,D02374,A02374,P02374
C02375,2025-01-01,N,normal,D02375,A02375,P02375
C02376,2025-06-18,N,normal,D02376,A02376,P02376
C02377,2025-01-01,W,normal,D02377,A02377,P02377
C02378,2025-01-01,W,normal,D02378,A02378,P02378
C02379,2025-01-01,N,normal,D02379,A02379,P02379
C02380,2025-01-01,W,normal,D02380,A02380,P02380
C02381,2025-01-01,S,normal,D02381,A02381,P02381
C02382,2025-01-01,W,normal,D02382,A02382,P02382
C02383,2025-01-01,S,normal,D02383,A02383,P02383
C02384,2025-01-01,E,normal,D02384,A02384,P02384
C02385,2025-01-01,S,normal,D02385,A02385,P02385
C02386,2025-01-01,N,abusive,D02386,A02386,P02386
C02387,2025-01-01,E,normal,D02387,A02387,P02387
C02388,2025-10-26,W,normal,D02388,A02388,P02388
C02389,2025-01-01,W,normal,D02389,A02389,P02389
C02390,2025-01-01,S,normal,D02390,A02390,P02390
C02391,2025-01-01,S,normal,D02391,A02391,P02391
C02392,2025-01-01,W,normal,D02392,A02392,P02392
C02393,2025-01-01,N,normal,D02393,A02393,P02393
C02394,2025-01-01,N,normal,D02394,A02394,P02394
C02395,2025-01-01,S,coordinated,DCO0005,ACO0005,PCO0005
C02396,2025-01-01,N,normal,D02396,A02396,P02396
C02397,2025-01-01,S,normal,D02397,A02397,P02397
C02398,2025-01-01,N,normal,D02398,A02398,P02398
C02399,2025-01-01,E,normal,D02399,A02399,P02399
C02400,2025-01-01,E,normal,D02400,A02400,P02400
C02401,2025-06-04,W,normal,D02401,A02401,P02401
C02402,2025-03-01,E,normal,D02402,A02402,P02402
C02403,2025-12-15,S,normal,D02403,A02403,P02403
C02404,2025-01-01,W,normal,D02404,A02404,P02404
C02405,2025-01-01,W,normal,D02405,A02405,P02405
C02406,2025-01-01,S,normal,D02406,A02406,P02406
C02407,2025-01-01,N,normal,D02407,A02407,P02407
C02408,2025-01-01,E,normal,D02408,A02408,P02408
C02409,2025-01-01,E,frequent_legit,D02409,A02409,P02409
C02410,2025-01-01,E,normal,D02410,A02410,P02410
C02411,2025-01-01,W,abusive,D02411,A02411,P02411
C02412,2025-07-19,W,normal,D02412,A02412,P02412
C02413,2025-01-01,NE,normal,D02413,A02413,P02413
C02414,2025-01-01,E,normal,D02414,A02414,P02414
C02415,2025-01-01,NE,normal,D02415,A02415,P02415
C02416,2025-01-01,W,normal,D02416,A02416,P02416
C02417,2025-01-01,N,normal,D02417,A02417,P02417
C02418,2025-01-01,E,normal,D02418,A02418,P02418
C02419,2025-08-23,N,frequent_legit,D02419,A02419,P02419
C02420,2025-01-01,S,normal,D02420,A02420,P02420
C02421,2025-01-01,S,normal,D02421,A02421,P02421
C02422,2025-01-01,S,normal,D02422,A02422,P02422
C02423,2025-01-01,N,normal,D02423,A02423,P02423
C02424,2025-01-01,N,frequent_legit,D02424,A02424,P02424
C02425,2025-01-01,N,normal,D02425,A02425,P02425
C02426,2025-10-21,E,normal,D02426,A02426,P02426
C02427,2025-10-22,W,normal,D02427,A02427,P02427
C02428,2025-01-01,NE,normal,D02428,A02428,P02428
C02429,2025-01-01,S,normal,D02429,A02429,P02429
C02430,2025-01-01,N,normal,D02430,A02430,P02430
C02431,2025-01-01,W,normal,D02431,A02431,P02431
C02432,2025-01-01,N,normal,D02432,A02432,P02432
C02433,2025-01-01,NE,normal,D02433,A02433,P02433
C02434,2025-01-01,E,normal,D02434,A02434,P02434
C02435,2025-01-01,S,frequent_legit,D02435,A02435,P02435
C02436,2025-01-01,N,normal,D02436,A02436,P02436
C02437,2025-01-01,N,normal,D02437,A02437,P02437
C02438,2025-07-03,S,normal,D02438,A02438,P02438
C02439,2025-01-01,S,normal,D02439,A02439,P02439
C02440,2025-01-01,W,coordinated,DCO0005,ACO0005,PCO0005
C02441,2025-08-18,E,normal,D02441,A02441,P02441
C02442,2025-01-01,S,normal,D02442,A02442,P02442
C02443,2025-01-01,N,normal,D02443,A02443,P02443
C02444,2025-01-01,S,normal,D02444,A02444,P02444
C02445,2025-02-25,N,normal,D02445,A02445,P02445
C02446,2025-01-01,E,normal,D02446,A02446,P02446
C02447,2025-01-01,E,normal,D02447,A02447,P02447
C02448,2025-04-06,W,normal,D02448,A02448,P02448
C02449,2025-01-01,S,normal,D02449,A02449,P02449
C02450,2025-01-01,N,normal,D02450,A02450,P02450
C02451,2025-07-31,W,normal,D02451,A02451,P02451
C02452,2025-01-01,E,normal,D02452,A02452,P02452
C02453,2025-01-01,E,normal,D02453,A02453,P02453
C02454,2025-01-01,S,normal,D02454,A02454,P02454
C02455,2025-01-01,W,normal,D02455,A02455,P02455
C02456,2025-01-01,N,normal,D02456,A02456,P02456
C02457,2025-10-21,S,normal,D02457,A02457,P02457
C02458,2025-01-01,W,normal,D02458,A02458,P02458
C02459,2025-01-01,N,normal,D02459,A02459,P02459
C02460,2025-01-01,W,normal,D02460,A02460,P02460
C02461,2025-05-04,S,normal,D02461,A02461,P02461
C02462,2025-01-01,N,normal,D02462,A02462,P02462
C02463,2025-01-01,N,normal,D02463,A02463,P02463
C02464,2025-01-01,W,normal,D02464,A02464,P02464
C02465,2025-01-01,W,normal,D02465,A02465,P02465
C02466,2025-10-22,S,normal,D02466,A02466,P02466
C02467,2025-01-01,N,normal,D02467,A02467,P02467
C02468,2025-01-01,N,normal,D02468,A02468,P02468
C02469,2025-01-01,N,normal,D02469,A02469,P02469
C02470,2025-01-01,W,normal,D02470,A02470,P02470
C02471,2025-01-01,N,normal,D02471,A02471,P02471
C02472,2025-01-01,N,normal,D02472,A02472,P02472
C02473,2025-01-01,N,normal,D02473,A02473,P02473
C02474,2025-04-03,E,normal,D02474,A02474,P02474
C02475,2025-01-01,E,normal,D02475,A02475,P02475
C02476,2025-01-01,E,normal,D02476,A02476,P02476
C02477,2025-01-01,E,normal,D02477,A02477,P02477
C02478,2025-01-01,NE,normal,D02478,A02478,P02478
C02479,2025-01-01,S,frequent_legit,D02479,A02479,P02479
C02480,2025-07-26,W,normal,D02480,A02480,P02480
C02481,2025-08-19,E,normal,D02481,A02481,P02481
C02482,2025-01-01,N,normal,D02482,A02482,P02482
C02483,2025-01-01,W,normal,D02483,A02483,P02483
C02484,2025-10-03,E,normal,D02484,A02484,P02484
C02485,2025-01-06,E,normal,D02485,A02485,P02485
C02486,2025-01-01,N,normal,D02486,A02486,P02486
C02487,2025-01-01,S,normal,D02487,A02487,P02487
C02488,2025-01-01,W,normal,D02488,A02488,P02488
C02489,2025-01-01,N,normal,D02489,A02489,P02489
C02490,2025-01-01,N,frequent_legit,D02490,A02490,P02490
C02491,2025-01-01,N,normal,D02491,A02491,P02491
C02492,2025-01-01,S,normal,D02492,A02492,P02492
C02493,2025-01-01,W,frequent_legit,D02493,A02493,P02493
C02494,2025-01-01,E,normal,D02494,A02494,P02494
C02495,2025-01-01,W,normal,D02495,A02495,P02495
C02496,2025-01-01,S,normal,D02496,A02496,P02496
C02497,2025-01-01,S,normal,D02497,A02497,P02497
C02498,2025-01-01,N,normal,D02498,A02498,P02498
C02499,2025-01-01,N,normal,D02499,A02499,P02499
C02500,2025-01-01,W,normal,D02500,A02500,P02500
C02501,2025-01-01,N,normal,D02501,A02501,P02501
C02502,2025-01-01,N,frequent_legit,D02502,A02502,P02502
C02503,2025-01-01,W,normal,D02503,A02503,P02503
C02504,2025-01-01,E,normal,D02504,A02504,P02504
C02505,2025-01-01,N,normal,D02505,A02505,P02505
C02506,2025-03-07,E,frequent_legit,D02506,A02506,P02506
C02507,2025-01-01,S,frequent_legit,D02507,A02507,P02507
C02508,2025-01-01,W,normal,D02508,A02508,P02508
C02509,2025-01-01,E,normal,D02509,A02509,P02509
C02510,2025-03-11,N,normal,D02510,A02510,P02510
C02511,2025-05-18,N,normal,D02511,A02511,P02511
C02512,2025-01-01,N,normal,D02512,A02512,P02512
C02513,2025-09-09,E,normal,D02513,A02513,P02513
C02514,2025-01-01,S,normal,D02514,A02514,P02514
C02515,2025-01-01,W,normal,D02515,A02515,P02515
C02516,2025-01-01,S,normal,D02516,A02516,P02516
C02517,2025-02-01,S,normal,D02517,A02517,P02517
C02518,2025-01-01,N,normal,D02518,A02518,P02518
C02519,2025-01-01,N,normal,D02519,A02519,P02519
C02520,2025-01-01,S,normal,D02520,A02520,P02520
C02521,2025-01-01,S,normal,D02521,A02521,P02521
C02522,2025-01-01,W,normal,D02522,A02522,P02522
C02523,2025-01-01,N,normal,D02523,A02523,P02523
C02524,2025-01-01,E,frequent_legit,D02524,A02524,P02524
C02525,2025-06-27,N,normal,D02525,A02525,P02525
C02526,2025-01-01,E,frequent_legit,D02526,A02526,P02526
C02527,2025-01-01,N,frequent_legit,D02527,A02527,P02527
C02528,2025-01-01,E,normal,D02528,A02528,P02528
C02529,2025-01-01,N,normal,D02529,A02529,P02529
C02530,2025-01-01,N,normal,D02530,A02530,P02530
C02531,2025-01-01,S,normal,D02531,A02531,P02531
C02532,2025-01-01,S,normal,D02532,A02532,P02532
C02533,2025-01-01,S,normal,D02533,A02533,P02533
C02534,2025-01-01,S,frequent_legit,D02534,A02534,P02534
C02535,2025-01-01,NE,normal,D02535,A02535,P02535
C02536,2025-01-01,S,normal,D02536,A02536,P02536
C02537,2025-01-01,S,normal,D02537,A02537,P02537
C02538,2025-01-01,W,normal,D02538,A02538,P02538
C02539,2025-01-01,E,normal,D02539,A02539,P02539
C02540,2025-01-01,S,normal,D02540,A02540,P02540
C02541,2025-01-01,S,normal,D02541,A02541,P02541
C02542,2025-01-01,N,normal,D02542,A02542,P02542
C02543,2025-01-01,S,normal,D02543,A02543,P02543
C02544,2025-01-01,S,normal,D02544,A02544,P02544
C02545,2025-01-01,W,normal,D02545,A02545,P02545
C02546,2025-01-01,W,frequent_legit,D02546,A02546,P02546
C02547,2025-01-01,N,normal,D02547,A02547,P02547
C02548,2025-01-01,N,normal,D02548,A02548,P02548
C02549,2025-01-01,S,normal,D02549,A02549,P02549
C02550,2025-01-01,S,normal,D02550,A02550,P02550
C02551,2025-01-01,S,normal,D02551,A02551,P02551
C02552,2025-01-01,E,normal,D02552,A02552,P02552
C02553,2025-07-17,S,frequent_legit,D02553,A02553,P02553
C02554,2025-01-01,W,normal,D02554,A02554,P02554
C02555,2025-01-01,S,normal,D02555,A02555,P02555
C02556,2025-01-01,N,normal,D02556,A02556,P02556
C02557,2025-01-01,S,normal,D02557,A02557,P02557
C02558,2025-01-01,E,normal,D02558,A02558,P02558
C02559,2025-01-01,N,normal,D02559,A02559,P02559
C02560,2025-01-01,N,normal,D02560,A02560,P02560
C02561,2025-01-01,S,normal,D02561,A02561,P02561
C02562,2025-01-01,W,normal,D02562,A02562,P02562
C02563,2025-01-01,NE,normal,D02563,A02563,P02563
C02564,2025-01-01,S,normal,D02564,A02564,P02564
C02565,2025-01-01,N,normal,D02565,A02565,P02565
C02566,2025-01-01,S,normal,D02566,A02566,P02566
C02567,2025-05-24,S,normal,D02567,A02567,P02567
C02568,2025-01-01,NE,normal,D02568,A02568,P02568
C02569,2025-01-01,S,coordinated,DCO0006,ACO0006,PCO0006
C02570,2025-01-01,E,normal,D02570,A02570,P02570
C02571,2025-05-05,W,normal,D02571,A02571,P02571
C02572,2025-04-12,E,normal,D02572,A02572,P02572
C02573,2025-01-01,N,normal,D02573,A02573,P02573
C02574,2025-01-01,E,normal,D02574,A02574,P02574
C02575,2025-01-01,S,normal,D02575,A02575,P02575
C02576,2025-01-01,S,normal,D02576,A02576,P02576
C02577,2025-01-01,NE,normal,D02577,A02577,P02577
C02578,2025-01-01,N,normal,D02578,A02578,P02578
C02579,2025-01-01,S,frequent_legit,D02579,A02579,P02579
C02580,2025-01-01,N,normal,D02580,A02580,P02580
C02581,2025-01-01,N,normal,D02581,A02581,P02581
C02582,2025-01-14,E,normal,D02582,A02582,P02582
C02583,2025-01-01,W,normal,D02583,A02583,P02583
C02584,2025-01-01,E,normal,D02584,A02584,P02584
C02585,2025-12-06,S,normal,D02585,A02585,P02585
C02586,2025-01-01,N,normal,D02586,A02586,P02586
C02587,2025-09-07,S,normal,D02587,A02587,P02587
C02588,2025-01-01,S,normal,D02588,A02588,P02588
C02589,2025-01-01,W,normal,D02589,A02589,P02589
C02590,2025-01-01,E,normal,D02590,A02590,P02590
C02591,2025-01-01,W,normal,D02591,A02591,P02591
C02592,2025-01-01,W,normal,D02592,A02592,P02592
C02593,2025-01-01,S,normal,D02593,A02593,P02593
C02594,2025-01-01,E,normal,D02594,A02594,P02594
C02595,2025-01-01,W,frequent_legit,D02595,A02595,P02595
C02596,2025-01-01,NE,normal,D02596,A02596,P02596
C02597,2025-01-01,S,normal,D02597,A02597,P02597
C02598,2025-01-01,E,frequent_legit,D02598,A02598,P02598
C02599,2025-01-01,S,frequent_legit,D02599,A02599,P02599
C02600,2025-01-01,W,normal,D02600,A02600,P02600
C02601,2025-08-07,W,normal,D02601,A02601,P02601
C02602,2025-01-01,W,normal,D02602,A02602,P02602
C02603,2025-01-01,N,normal,D02603,A02603,P02603
C02604,2025-01-01,N,normal,D02604,A02604,P02604
C02605,2025-01-01,W,normal,D02605,A02605,P02605
C02606,2025-01-01,E,normal,D02606,A02606,P02606
C02607,2025-01-01,W,normal,D02607,A02607,P02607
C02608,2025-01-01,S,normal,D02608,A02608,P02608
C02609,2025-01-01,W,normal,D02609,A02609,P02609
C02610,2025-01-01,E,normal,D02610,A02610,P02610
C02611,2025-01-01,N,normal,D02611,A02611,P02611
C02612,2025-01-01,N,normal,D02612,A02612,P02612
C02613,2025-01-01,E,normal,D02613,A02613,P02613
C02614,2025-02-07,N,normal,D02614,A02614,P02614
C02615,2025-01-01,W,normal,D02615,A02615,P02615
C02616,2025-01-01,S,normal,D02616,A02616,P02616
C02617,2025-01-01,S,normal,D02617,A02617,P02617
C02618,2025-01-01,N,normal,D02618,A02618,P02618
C02619,2025-01-01,NE,frequent_legit,D02619,A02619,P02619
C02620,2025-01-01,W,normal,D02620,A02620,P02620
C02621,2025-01-01,W,frequent_legit,D02621,A02621,P02621
C02622,2025-12-09,W,normal,D02622,A02622,P02622
C02623,2025-01-01,E,frequent_legit,D02623,A02623,P02623
C02624,2025-01-01,W,normal,D02624,A02624,P02624
C02625,2025-01-01,E,normal,D02625,A02625,P02625
C02626,2025-07-16,S,normal,D02626,A02626,P02626
C02627,2025-10-08,N,normal,D02627,A02627,P02627
C02628,2025-01-01,S,normal,D02628,A02628,P02628
C02629,2025-01-01,W,normal,D02629,A02629,P02629
C02630,2025-01-01,S,normal,D02630,A02630,P02630
C02631,2025-01-01,W,normal,D02631,A02631,P02631
C02632,2025-01-01,NE,normal,D02632,A02632,P02632
C02633,2025-01-01,S,normal,D02633,A02633,P02633
C02634,2025-01-01,N,normal,D02634,A02634,P02634
C02635,2025-01-01,E,normal,D02635,A02635,P02635
C02636,2025-01-01,N,normal,D02636,A02636,P02636
C02637,2025-01-01,W,normal,D02637,A02637,P02637
C02638,2025-02-07,S,normal,D02638,A02638,P02638
C02639,2025-01-01,S,normal,D02639,A02639,P02639
C02640,2025-01-01,E,normal,D02640,A02640,P02640
C02641,2025-01-01,S,normal,D02641,A02641,P02641
C02642,2025-01-01,S,normal,D02642,A02642,P02642
C02643,2025-01-01,S,normal,D02643,A02643,P02643
C02644,2025-01-01,S,normal,D02644,A02644,P02644
C02645,2025-01-01,W,normal,D02645,A02645,P02645
C02646,2025-01-01,N,normal,D02646,A02646,P02646
C02647,2025-01-20,S,normal,D02647,A02647,P02647
C02648,2025-08-31,N,normal,D02648,A02648,P02648
C02649,2025-01-01,S,normal,D02649,A02649,P02649
C02650,2025-01-01,N,coordinated,DCO0006,ACO0006,PCO0006
C02651,2025-01-01,W,normal,D02651,A02651,P02651
C02652,2025-01-01,N,normal,D02652,A02652,P02652
C02653,2025-01-01,E,normal,D02653,A02653,P02653
C02654,2025-01-01,N,normal,D02654,A02654,P02654
C02655,2025-01-01,S,frequent_legit,D02655,A02655,P02655
C02656,2025-01-01,N,normal,D02656,A02656,P02656
C02657,2025-01-01,W,normal,D02657,A02657,P02657
C02658,2025-07-18,NE,normal,D02658,A02658,P02658
C02659,2025-01-01,N,normal,D02659,A02659,P02659
C02660,2025-01-01,NE,normal,D02660,A02660,P02660
C02661,2025-01-01,S,normal,D02661,A02661,P02661
C02662,2025-11-25,S,normal,D02662,A02662,P02662
C02663,2025-07-03,E,normal,D02663,A02663,P02663
C02664,2025-01-01,N,normal,D02664,A02664,P02664
C02665,2025-01-01,S,normal,D02665,A02665,P02665
C02666,2025-01-01,N,normal,D02666,A02666,P02666
C02667,2025-01-01,E,normal,D02667,A02667,P02667
C02668,2025-08-21,S,normal,D02668,A02668,P02668
C02669,2025-01-01,W,normal,D02669,A02669,P02669
C02670,2025-05-03,N,normal,D02670,A02670,P02670
C02671,2025-01-01,W,normal,D02671,A02671,P02671
C02672,2025-01-01,N,normal,D02672,A02672,P02672
C02673,2025-01-01,E,normal,D02673,A02673,P02673
C02674,2025-01-01,S,normal,D02674,A02674,P02674
C02675,2025-01-01,N,normal,D02675,A02675,P02675
C02676,2025-01-01,N,normal,D02676,A02676,P02676
C02677,2025-01-01,E,normal,D02677,A02677,P02677
C02678,2025-01-01,N,normal,D02678,A02678,P02678
C02679,2025-01-01,E,normal,D02679,A02679,P02679
C02680,2025-01-01,NE,normal,D02680,A02680,P02680
C02681,2025-01-01,S,normal,D02681,A02681,P02681
C02682,2025-01-01,N,normal,D02682,A02682,P02682
C02683,2025-01-01,N,normal,D02683,A02683,P02683
C02684,2025-01-01,N,normal,D02684,A02684,P02684
C02685,2025-01-01,S,normal,D02685,A02685,P02685
C02686,2025-01-01,W,normal,D02686,A02686,P02686
C02687,2025-01-01,S,normal,D02687,A02687,P02687
C02688,2025-01-01,N,normal,D02688,A02688,P02688
C02689,2025-01-01,E,normal,D02689,A02689,P02689
C02690,2025-01-01,S,frequent_legit,D02690,A02690,P02690
C02691,2025-01-01,E,normal,D02691,A02691,P02691
C02692,2025-01-01,W,normal,D02692,A02692,P02692
C02693,2025-01-01,S,abusive,D02693,A02693,P02693
C02694,2025-01-01,S,normal,D02694,A02694,P02694
C02695,2025-01-01,W,normal,D02695,A02695,P02695
C02696,2025-01-01,E,normal,D02696,A02696,P02696
C02697,2025-01-01,W,normal,D02697,A02697,P02697
C02698,2025-01-01,W,normal,D02698,A02698,P02698
C02699,2025-01-01,S,normal,D02699,A02699,P02699
C02700,2025-01-01,S,normal,D02700,A02700,P02700
C02701,2025-07-08,E,normal,D02701,A02701,P02701
C02702,2025-01-01,E,normal,D02702,A02702,P02702
C02703,2025-01-01,E,normal,D02703,A02703,P02703
C02704,2025-01-01,S,normal,D02704,A02704,P02704
C02705,2025-01-01,W,normal,D02705,A02705,P02705
C02706,2025-07-27,N,normal,D02706,A02706,P02706
C02707,2025-01-01,N,normal,D02707,A02707,P02707
C02708,2025-02-08,S,normal,D02708,A02708,P02708
C02709,2025-10-12,N,normal,D02709,A02709,P02709
C02710,2025-01-01,E,abusive,D02710,A02710,P02710
C02711,2025-10-30,N,normal,D02711,A02711,P02711
C02712,2025-01-01,E,normal,D02712,A02712,P02712
C02713,2025-01-01,S,normal,D02713,A02713,P02713
C02714,2025-01-01,N,normal,D02714,A02714,P02714
C02715,2025-01-01,N,normal,D02715,A02715,P02715
C02716,2025-01-01,S,normal,D02716,A02716,P02716
C02717,2025-05-29,W,coordinated,DCO0006,ACO0006,PCO0006
C02718,2025-01-01,S,normal,D02718,A02718,P02718
C02719,2025-08-06,N,normal,D02719,A02719,P02719
C02720,2025-03-23,S,normal,D02720,A02720,P02720
C02721,2025-03-04,N,normal,D02721,A02721,P02721
C02722,2025-01-01,N,normal,D02722,A02722,P02722
C02723,2025-01-01,NE,normal,D02723,A02723,P02723
C02724,2025-01-01,N,normal,D02724,A02724,P02724
C02725,2025-01-01,N,normal,D02725,A02725,P02725
C02726,2025-01-01,W,normal,D02726,A02726,P02726
C02727,2025-01-01,E,normal,D02727,A02727,P02727
C02728,2025-01-01,S,normal,D02728,A02728,P02728
C02729,2025-01-01,E,normal,D02729,A02729,P02729
C02730,2025-01-01,W,normal,D02730,A02730,P02730
C02731,2025-01-01,N,normal,D02731,A02731,P02731
C02732,2025-01-01,N,normal,D02732,A02732,P02732
C02733,2025-01-01,W,normal,D02733,A02733,P02733
C02734,2025-10-05,W,normal,D02734,A02734,P02734
C02735,2025-01-01,NE,normal,D02735,A02735,P02735
C02736,2025-01-01,S,normal,D02736,A02736,P02736
C02737,2025-01-01,NE,normal,D02737,A02737,P02737
C02738,2025-01-01,S,normal,D02738,A02738,P02738
C02739,2025-01-01,E,normal,D02739,A02739,P02739
C02740,2025-08-28,W,normal,D02740,A02740,P02740
C02741,2025-01-01,N,normal,D02741,A02741,P02741
C02742,2025-02-14,N,normal,D02742,A02742,P02742
C02743,2025-01-01,E,normal,D02743,A02743,P02743
C02744,2025-01-01,W,normal,D02744,A02744,P02744
C02745,2025-01-01,N,normal,D02745,A02745,P02745
C02746,2025-01-01,W,normal,D02746,A02746,P02746
C02747,2025-02-03,S,normal,D02747,A02747,P02747
C02748,2025-01-01,S,normal,D02748,A02748,P02748
C02749,2025-01-01,S,normal,D02749,A02749,P02749
C02750,2025-01-01,W,normal,D02750,A02750,P02750
C02751,2025-01-01,N,normal,D02751,A02751,P02751
C02752,2025-01-01,E,normal,D02752,A02752,P02752
C02753,2025-01-01,N,normal,D02753,A02753,P02753
C02754,2025-09-29,W,normal,D02754,A02754,P02754
C02755,2025-03-17,W,normal,D02755,A02755,P02755
C02756,2025-01-01,N,normal,D02756,A02756,P02756
C02757,2025-01-01,S,normal,D02757,A02757,P02757
C02758,2025-01-01,S,normal,D02758,A02758,P02758
C02759,2025-01-01,S,normal,D02759,A02759,P02759
C02760,2025-01-01,W,normal,D02760,A02760,P02760
C02761,2025-01-01,E,frequent_legit,D02761,A02761,P02761
C02762,2025-01-01,S,normal,D02762,A02762,P02762
C02763,2025-01-01,E,normal,D02763,A02763,P02763
C02764,2025-01-01,S,normal,D02764,A02764,P02764
C02765,2025-01-01,N,frequent_legit,D02765,A02765,P02765
C02766,2025-01-01,N,normal,D02766,A02766,P02766
C02767,2025-01-17,S,normal,D02767,A02767,P02767
C02768,2025-01-01,E,normal,D02768,A02768,P02768
C02769,2025-01-01,N,coordinated,DCO0006,ACO0006,PCO0006
C02770,2025-01-01,S,normal,D02770,A02770,P02770
C02771,2025-01-01,N,normal,D02771,A02771,P02771
C02772,2025-01-01,E,normal,D02772,A02772,P02772
C02773,2025-01-01,N,normal,D02773,A02773,P02773
C02774,2025-01-01,S,normal,D02774,A02774,P02774
C02775,2025-01-01,N,normal,D02775,A02775,P02775
C02776,2025-01-01,S,normal,D02776,A02776,P02776
C02777,2025-01-01,N,normal,D02777,A02777,P02777
C02778,2025-01-01,S,normal,D02778,A02778,P02778
C02779,2025-02-15,W,normal,D02779,A02779,P02779
C02780,2025-01-01,N,normal,D02780,A02780,P02780
C02781,2025-01-01,W,normal,D02781,A02781,P02781
C02782,2025-01-01,E,normal,D02782,A02782,P02782
C02783,2025-01-01,S,normal,D02783,A02783,P02783
C02784,2025-01-01,E,normal,D02784,A02784,P02784
C02785,2025-03-01,S,normal,D02785,A02785,P02785
C02786,2025-01-01,E,normal,D02786,A02786,P02786
C02787,2025-04-02,W,normal,D02787,A02787,P02787
C02788,2025-01-01,W,frequent_legit,D02788,A02788,P02788
C02789,2025-01-01,N,normal,D02789,A02789,P02789
C02790,2025-01-01,E,normal,D02790,A02790,P02790
C02791,2025-01-19,N,normal,D02791,A02791,P02791
C02792,2025-01-01,S,normal,D02792,A02792,P02792
C02793,2025-07-30,N,abusive,D02793,A02793,P02793
C02794,2025-01-01,N,normal,D02794,A02794,P02794
C02795,2025-01-01,E,normal,D02795,A02795,P02795
C02796,2025-01-01,W,normal,D02796,A02796,P02796
C02797,2025-01-01,N,normal,D02797,A02797,P02797
C02798,2025-01-01,S,normal,D02798,A02798,P02798
C02799,2025-09-08,E,normal,D02799,A02799,P02799
C02800,2025-01-01,W,coordinated,DCO0006,ACO0006,PCO0006
C02801,2025-01-01,E,normal,D02801,A02801,P02801
C02802,2025-01-01,N,normal,D02802,A02802,P02802
C02803,2025-01-01,N,normal,D02803,A02803,P02803
C02804,2025-01-01,E,normal,D02804,A02804,P02804
C02805,2025-01-01,N,normal,D02805,A02805,P02805
C02806,2025-01-08,W,normal,D02806,A02806,P02806
C02807,2025-01-01,W,normal,D02807,A02807,P02807
C02808,2025-01-01,NE,normal,D02808,A02808,P02808
C02809,2025-11-17,S,normal,D02809,A02809,P02809
C02810,2025-01-01,E,normal,D02810,A02810,P02810
C02811,2025-09-24,E,normal,D02811,A02811,P02811
C02812,2025-01-01,N,normal,D02812,A02812,P02812
C02813,2025-01-01,N,normal,D02813,A02813,P02813
C02814,2025-01-01,N,normal,D02814,A02814,P02814
C02815,2025-01-01,S,normal,D02815,A02815,P02815
C02816,2025-01-01,NE,normal,D02816,A02816,P02816
C02817,2025-01-01,W,normal,D02817,A02817,P02817
C02818,2025-01-01,S,normal,D02818,A02818,P02818
C02819,2025-01-01,S,frequent_legit,D02819,A02819,P02819
C02820,2025-01-01,N,normal,D02820,A02820,P02820
C02821,2025-01-01,N,normal,D02821,A02821,P02821
C02822,2025-01-01,N,normal,D02822,A02822,P02822
C02823,2025-01-01,E,frequent_legit,D02823,A02823,P02823
C02824,2025-01-01,E,abusive,D02824,A02824,P02824
C02825,2025-01-01,W,normal,D02825,A02825,P02825
C02826,2025-02-21,W,normal,D02826,A02826,P02826
C02827,2025-01-01,N,normal,D02827,A02827,P02827
C02828,2025-03-22,W,normal,D02828,A02828,P02828
C02829,2025-01-01,N,normal,D02829,A02829,P02829
C02830,2025-01-01,S,normal,D02830,A02830,P02830
C02831,2025-01-01,S,normal,D02831,A02831,P02831
C02832,2025-04-30,N,normal,D02832,A02832,P02832
C02833,2025-01-01,N,normal,D02833,A02833,P02833
C02834,2025-01-01,N,normal,D02834,A02834,P02834
C02835,2025-01-01,N,normal,D02835,A02835,P02835
C02836,2025-06-23,W,normal,D02836,A02836,P02836
C02837,2025-01-01,S,normal,D02837,A02837,P02837
C02838,2025-01-01,S,normal,D02838,A02838,P02838
C02839,2025-01-01,NE,normal,D02839,A02839,P02839
C02840,2025-01-01,E,normal,D02840,A02840,P02840
C02841,2025-01-01,S,normal,D02841,A02841,P02841
C02842,2025-01-01,W,normal,D02842,A02842,P02842
C02843,2025-01-01,N,normal,D02843,A02843,P02843
C02844,2025-02-09,N,normal,D02844,A02844,P02844
C02845,2025-01-01,S,normal,D02845,A02845,P02845
C02846,2025-11-17,S,normal,D02846,A02846,P02846
C02847,2025-01-01,W,normal,D02847,A02847,P02847
C02848,2025-01-01,N,normal,D02848,A02848,P02848
C02849,2025-01-01,E,normal,D02849,A02849,P02849
C02850,2025-01-01,E,normal,D02850,A02850,P02850
C02851,2025-01-01,NE,normal,D02851,A02851,P02851
C02852,2025-01-01,N,normal,D02852,A02852,P02852
C02853,2025-07-16,N,normal,D02853,A02853,P02853
C02854,2025-01-01,W,normal,D02854,A02854,P02854
C02855,2025-01-01,E,frequent_legit,D02855,A02855,P02855
C02856,2025-01-01,N,normal,D02856,A02856,P02856
C02857,2025-01-01,N,normal,D02857,A02857,P02857
C02858,2025-01-01,W,normal,D02858,A02858,P02858
C02859,2025-07-02,E,normal,D02859,A02859,P02859
C02860,2025-01-01,E,normal,D02860,A02860,P02860
C02861,2025-01-01,W,normal,D02861,A02861,P02861
C02862,2025-04-18,N,normal,D02862,A02862,P02862
C02863,2025-01-01,N,normal,D02863,A02863,P02863
C02864,2025-06-25,E,normal,D02864,A02864,P02864
C02865,2025-06-05,W,normal,D02865,A02865,P02865
C02866,2025-01-01,N,normal,D02866,A02866,P02866
C02867,2025-01-01,E,normal,D02867,A02867,P02867
C02868,2025-01-01,N,frequent_legit,D02868,A02868,P02868
C02869,2025-01-01,N,normal,D02869,A02869,P02869
C02870,2025-01-01,W,normal,D02870,A02870,P02870
C02871,2025-01-01,N,normal,D02871,A02871,P02871
C02872,2025-03-08,N,normal,D02872,A02872,P02872
C02873,2025-01-01,W,normal,D02873,A02873,P02873
C02874,2025-02-20,S,normal,D02874,A02874,P02874
C02875,2025-04-17,S,normal,D02875,A02875,P02875
C02876,2025-01-01,W,normal,D02876,A02876,P02876
C02877,2025-01-01,N,normal,D02877,A02877,P02877
C02878,2025-01-01,E,normal,D02878,A02878,P02878
C02879,2025-01-01,S,normal,D02879,A02879,P02879
C02880,2025-04-14,N,normal,D02880,A02880,P02880
C02881,2025-10-08,E,normal,D02881,A02881,P02881
C02882,2025-07-02,S,normal,D02882,A02882,P02882
C02883,2025-01-01,W,normal,D02883,A02883,P02883
C02884,2025-01-01,W,normal,D02884,A02884,P02884
C02885,2025-11-02,W,normal,D02885,A02885,P02885
C02886,2025-10-16,S,normal,D02886,A02886,P02886
C02887,2025-01-01,N,frequent_legit,D02887,A02887,P02887
C02888,2025-01-01,W,normal,D02888,A02888,P02888
C02889,2025-01-01,S,normal,D02889,A02889,P02889
C02890,2025-02-12,E,normal,D02890,A02890,P02890
C02891,2025-01-01,W,abusive,D02891,A02891,P02891
C02892,2025-01-01,N,normal,D02892,A02892,P02892
C02893,2025-03-11,N,normal,D02893,A02893,P02893
C02894,2025-05-25,E,abusive,D02894,A02894,P02894
C02895,2025-01-01,E,normal,D02895,A02895,P02895
C02896,2025-01-01,N,abusive,D02896,A02896,P02896
C02897,2025-01-01,E,normal,D02897,A02897,P02897
C02898,2025-01-01,W,normal,D02898,A02898,P02898
C02899,2025-01-01,S,normal,D02899,A02899,P02899
C02900,2025-01-01,N,normal,D02900,A02900,P02900
C02901,2025-04-28,W,frequent_legit,D02901,A02901,P02901
C02902,2025-01-01,W,normal,D02902,A02902,P02902
C02903,2025-06-24,NE,coordinated,DCO0007,ACO0007,PCO0007
C02904,2025-01-01,N,normal,D02904,A02904,P02904
C02905,2025-01-01,W,normal,D02905,A02905,P02905
C02906,2025-01-01,W,frequent_legit,D02906,A02906,P02906
C02907,2025-01-01,E,normal,D02907,A02907,P02907
C02908,2025-01-01,S,frequent_legit,D02908,A02908,P02908
C02909,2025-01-01,N,normal,D02909,A02909,P02909
C02910,2025-01-01,S,normal,D02910,A02910,P02910
C02911,2025-01-01,S,normal,D02911,A02911,P02911
C02912,2025-01-01,S,normal,D02912,A02912,P02912
C02913,2025-01-01,W,normal,D02913,A02913,P02913
C02914,2025-01-01,N,normal,D02914,A02914,P02914
C02915,2025-01-01,W,normal,D02915,A02915,P02915
C02916,2025-01-22,S,normal,D02916,A02916,P02916
C02917,2025-01-01,W,normal,D02917,A02917,P02917
C02918,2025-01-01,S,normal,D02918,A02918,P02918
C02919,2025-07-06,E,normal,D02919,A02919,P02919
C02920,2025-01-01,S,coordinated,DCO0007,ACO0007,PCO0007
C02921,2025-08-01,W,normal,D02921,A02921,P02921
C02922,2025-01-01,N,normal,D02922,A02922,P02922
C02923,2025-01-01,N,normal,D02923,A02923,P02923
C02924,2025-05-08,NE,normal,D02924,A02924,P02924
C02925,2025-01-01,N,normal,D02925,A02925,P02925
C02926,2025-01-01,E,normal,D02926,A02926,P02926
C02927,2025-01-01,N,normal,D02927,A02927,P02927
C02928,2025-01-01,N,normal,D02928,A02928,P02928
C02929,2025-05-20,E,normal,D02929,A02929,P02929
C02930,2025-04-27,S,normal,D02930,A02930,P02930
C02931,2025-01-01,E,normal,D02931,A02931,P02931
C02932,2025-01-01,S,normal,D02932,A02932,P02932
C02933,2025-01-01,W,normal,D02933,A02933,P02933
C02934,2025-01-01,NE,normal,D02934,A02934,P02934
C02935,2025-01-01,N,normal,D02935,A02935,P02935
C02936,2025-01-01,S,normal,D02936,A02936,P02936
C02937,2025-01-01,S,normal,D02937,A02937,P02937
C02938,2025-12-09,W,normal,D02938,A02938,P02938
C02939,2025-06-24,S,normal,D02939,A02939,P02939
C02940,2025-01-01,E,abusive,D02940,A02940,P02940
C02941,2025-01-01,S,normal,D02941,A02941,P02941
C02942,2025-03-09,E,normal,D02942,A02942,P02942
C02943,2025-01-01,W,normal,D02943,A02943,P02943
C02944,2025-01-01,S,normal,D02944,A02944,P02944
C02945,2025-01-01,S,normal,D02945,A02945,P02945
C02946,2025-01-01,N,normal,D02946,A02946,P02946
C02947,2025-01-01,S,normal,D02947,A02947,P02947
C02948,2025-01-01,N,frequent_legit,D02948,A02948,P02948
C02949,2025-01-01,W,normal,D02949,A02949,P02949
C02950,2025-01-01,S,normal,D02950,A02950,P02950
C02951,2025-04-05,N,normal,D02951,A02951,P02951
C02952,2025-01-01,N,normal,D02952,A02952,P02952
C02953,2025-01-01,S,frequent_legit,D02953,A02953,P02953
C02954,2025-01-01,W,normal,D02954,A02954,P02954
C02955,2025-05-04,S,normal,D02955,A02955,P02955
C02956,2025-01-01,N,normal,D02956,A02956,P02956
C02957,2025-01-01,S,normal,D02957,A02957,P02957
C02958,2025-01-01,NE,normal,D02958,A02958,P02958
C02959,2025-07-06,W,frequent_legit,D02959,A02959,P02959
C02960,2025-01-01,N,normal,D02960,A02960,P02960
C02961,2025-01-01,E,frequent_legit,D02961,A02961,P02961
C02962,2025-01-01,W,normal,D02962,A02962,P02962
C02963,2025-01-01,W,normal,D02963,A02963,P02963
C02964,2025-01-01,S,normal,D02964,A02964,P02964
C02965,2025-01-01,W,normal,D02965,A02965,P02965
C02966,2025-01-01,E,normal,D02966,A02966,P02966
C02967,2025-01-01,N,normal,D02967,A02967,P02967
C02968,2025-01-01,N,normal,D02968,A02968,P02968
C02969,2025-01-01,S,normal,D02969,A02969,P02969
C02970,2025-11-14,N,normal,D02970,A02970,P02970
C02971,2025-01-01,S,normal,D02971,A02971,P02971
C02972,2025-01-01,W,normal,D02972,A02972,P02972
C02973,2025-01-01,W,frequent_legit,D02973,A02973,P02973
C02974,2025-03-08,N,normal,D02974,A02974,P02974
C02975,2025-01-01,N,normal,D02975,A02975,P02975
C02976,2025-01-01,E,normal,D02976,A02976,P02976
C02977,2025-02-09,S,normal,D02977,A02977,P02977
C02978,2025-01-01,N,normal,D02978,A02978,P02978
C02979,2025-01-01,W,normal,D02979,A02979,P02979
C02980,2025-01-01,N,normal,D02980,A02980,P02980
C02981,2025-02-23,N,normal,D02981,A02981,P02981
C02982,2025-01-01,W,normal,D02982,A02982,P02982
C02983,2025-01-01,E,normal,D02983,A02983,P02983
C02984,2025-09-24,S,normal,D02984,A02984,P02984
C02985,2025-01-01,E,normal,D02985,A02985,P02985
C02986,2025-01-01,W,normal,D02986,A02986,P02986
C02987,2025-01-01,N,normal,D02987,A02987,P02987
C02988,2025-06-25,E,normal,D02988,A02988,P02988
C02989,2025-02-21,N,normal,D02989,A02989,P02989
C02990,2025-01-01,S,normal,D02990,A02990,P02990
C02991,2025-01-01,S,normal,D02991,A02991,P02991
C02992,2025-01-01,S,normal,D02992,A02992,P02992
C02993,2025-01-01,N,normal,D02993,A02993,P02993
C02994,2025-01-01,W,normal,D02994,A02994,P02994
C02995,2025-01-01,S,normal,D02995,A02995,P02995
C02996,2025-01-01,W,normal,D02996,A02996,P02996
C02997,2025-01-01,S,normal,D02997,A02997,P02997
C02998,2025-01-01,W,abusive,D02998,A02998,P02998
C02999,2025-01-01,S,normal,D02999,A02999,P02999
C03000,2025-08-13,S,normal,D03000,A03000,P03000
C03001,2025-01-01,E,normal,D03001,A03001,P03001
C03002,2025-01-01,W,normal,D03002,A03002,P03002
C03003,2025-01-01,S,normal,D03003,A03003,P03003
C03004,2025-01-22,S,normal,D03004,A03004,P03004
C03005,2025-01-01,E,normal,D03005,A03005,P03005
C03006,2025-01-01,E,normal,D03006,A03006,P03006
C03007,2025-01-01,S,normal,D03007,A03007,P03007
C03008,2025-01-01,W,normal,D03008,A03008,P03008
C03009,2025-01-01,S,normal,D03009,A03009,P03009
C03010,2025-06-06,S,normal,D03010,A03010,P03010
C03011,2025-06-13,E,normal,D03011,A03011,P03011
C03012,2025-01-01,NE,normal,D03012,A03012,P03012
C03013,2025-01-01,N,normal,D03013,A03013,P03013
C03014,2025-01-01,N,normal,D03014,A03014,P03014
C03015,2025-01-01,N,normal,D03015,A03015,P03015
C03016,2025-01-01,E,frequent_legit,D03016,A03016,P03016
C03017,2025-01-01,S,normal,D03017,A03017,P03017
C03018,2025-01-01,S,normal,D03018,A03018,P03018
C03019,2025-01-01,N,normal,D03019,A03019,P03019
C03020,2025-01-01,W,normal,D03020,A03020,P03020
C03021,2025-01-01,S,normal,D03021,A03021,P03021
C03022,2025-05-05,E,normal,D03022,A03022,P03022
C03023,2025-01-01,N,normal,D03023,A03023,P03023
C03024,2025-10-27,N,normal,D03024,A03024,P03024
C03025,2025-01-01,N,normal,D03025,A03025,P03025
C03026,2025-01-01,S,normal,D03026,A03026,P03026
C03027,2025-01-01,S,normal,D03027,A03027,P03027
C03028,2025-01-01,N,normal,D03028,A03028,P03028
C03029,2025-01-01,S,normal,D03029,A03029,P03029
C03030,2025-01-01,N,normal,D03030,A03030,P03030
C03031,2025-01-01,S,normal,D03031,A03031,P03031
C03032,2025-01-01,N,normal,D03032,A03032,P03032
C03033,2025-01-01,N,normal,D03033,A03033,P03033
C03034,2025-01-01,N,abusive,D03034,A03034,P03034
C03035,2025-01-01,E,normal,D03035,A03035,P03035
C03036,2025-04-10,W,normal,D03036,A03036,P03036
C03037,2025-01-01,E,normal,D03037,A03037,P03037
C03038,2025-05-22,N,normal,D03038,A03038,P03038
C03039,2025-01-01,NE,normal,D03039,A03039,P03039
C03040,2025-11-05,NE,normal,D03040,A03040,P03040
C03041,2025-01-01,S,frequent_legit,D03041,A03041,P03041
C03042,2025-01-01,N,normal,D03042,A03042,P03042
C03043,2025-01-01,W,normal,D03043,A03043,P03043
C03044,2025-01-01,NE,normal,D03044,A03044,P03044
C03045,2025-01-01,W,abusive,D03045,A03045,P03045
C03046,2025-01-01,E,normal,D03046,A03046,P03046
C03047,2025-01-01,E,normal,D03047,A03047,P03047
C03048,2025-01-01,NE,frequent_legit,D03048,A03048,P03048
C03049,2025-01-01,N,normal,D03049,A03049,P03049
C03050,2025-01-01,N,normal,D03050,A03050,P03050
C03051,2025-01-01,W,normal,D03051,A03051,P03051
C03052,2025-01-01,N,normal,D03052,A03052,P03052
C03053,2025-01-01,S,normal,D03053,A03053,P03053
C03054,2025-01-01,S,normal,D03054,A03054,P03054
C03055,2025-01-01,N,normal,D03055,A03055,P03055
C03056,2025-01-01,N,normal,D03056,A03056,P03056
C03057,2025-01-01,E,normal,D03057,A03057,P03057
C03058,2025-06-03,S,normal,D03058,A03058,P03058
C03059,2025-01-01,S,normal,D03059,A03059,P03059
C03060,2025-10-16,S,normal,D03060,A03060,P03060
C03061,2025-01-01,NE,normal,D03061,A03061,P03061
C03062,2025-01-01,E,normal,D03062,A03062,P03062
C03063,2025-01-01,NE,normal,D03063,A03063,P03063
C03064,2025-03-24,S,normal,D03064,A03064,P03064
C03065,2025-01-01,N,normal,D03065,A03065,P03065
C03066,2025-01-01,W,normal,D03066,A03066,P03066
C03067,2025-01-01,W,normal,D03067,A03067,P03067
C03068,2025-01-01,N,normal,D03068,A03068,P03068
C03069,2025-01-01,E,normal,D03069,A03069,P03069
C03070,2025-01-01,E,normal,D03070,A03070,P03070
C03071,2025-01-01,N,frequent_legit,D03071,A03071,P03071
C03072,2025-01-01,S,normal,D03072,A03072,P03072
C03073,2025-01-01,N,normal,D03073,A03073,P03073
C03074,2025-02-12,N,normal,D03074,A03074,P03074
C03075,2025-01-01,W,frequent_legit,D03075,A03075,P03075
C03076,2025-01-01,S,normal,D03076,A03076,P03076
C03077,2025-09-07,W,normal,D03077,A03077,P03077
C03078,2025-01-01,W,normal,D03078,A03078,P03078
C03079,2025-10-07,NE,normal,D03079,A03079,P03079
C03080,2025-01-28,S,normal,D03080,A03080,P03080
C03081,2025-01-01,S,normal,D03081,A03081,P03081
C03082,2025-11-03,S,normal,D03082,A03082,P03082
C03083,2025-01-01,E,normal,D03083,A03083,P03083
C03084,2025-01-01,S,normal,D03084,A03084,P03084
C03085,2025-11-10,W,normal,D03085,A03085,P03085
C03086,2025-01-01,S,normal,D03086,A03086,P03086
C03087,2025-07-25,N,normal,D03087,A03087,P03087
C03088,2025-09-10,W,normal,D03088,A03088,P03088
C03089,2025-01-02,W,frequent_legit,D03089,A03089,P03089
C03090,2025-01-01,S,normal,D03090,A03090,P03090
C03091,2025-09-22,E,frequent_legit,D03091,A03091,P03091
C03092,2025-06-24,S,normal,D03092,A03092,P03092
C03093,2025-01-01,W,frequent_legit,D03093,A03093,P03093
C03094,2025-01-01,S,normal,D03094,A03094,P03094
C03095,2025-01-01,S,normal,D03095,A03095,P03095
C03096,2025-10-06,N,normal,D03096,A03096,P03096
C03097,2025-01-01,N,normal,D03097,A03097,P03097
C03098,2025-01-01,W,normal,D03098,A03098,P03098
C03099,2025-01-01,S,normal,D03099,A03099,P03099
C03100,2025-01-01,N,frequent_legit,D03100,A03100,P03100
C03101,2025-05-30,N,normal,D03101,A03101,P03101
C03102,2025-01-01,S,frequent_legit,D03102,A03102,P03102
C03103,2025-01-01,E,normal,D03103,A03103,P03103
C03104,2025-01-01,S,normal,D03104,A03104,P03104
C03105,2025-01-01,W,normal,D03105,A03105,P03105
C03106,2025-01-01,W,normal,D03106,A03106,P03106
C03107,2025-04-28,S,normal,D03107,A03107,P03107
C03108,2025-01-01,W,normal,D03108,A03108,P03108
C03109,2025-03-20,N,frequent_legit,D03109,A03109,P03109
C03110,2025-08-31,S,normal,D03110,A03110,P03110
C03111,2025-01-01,N,normal,D03111,A03111,P03111
C03112,2025-01-01,N,normal,D03112,A03112,P03112
C03113,2025-03-21,N,normal,D03113,A03113,P03113
C03114,2025-06-18,N,normal,D03114,A03114,P03114
C03115,2025-05-06,W,normal,D03115,A03115,P03115
C03116,2025-01-01,S,normal,D03116,A03116,P03116
C03117,2025-01-01,NE,normal,D03117,A03117,P03117
C03118,2025-01-01,S,normal,D03118,A03118,P03118
C03119,2025-01-01,E,normal,D03119,A03119,P03119
C03120,2025-01-01,N,normal,D03120,A03120,P03120
C03121,2025-01-01,S,normal,D03121,A03121,P03121
C03122,2025-01-01,S,normal,D03122,A03122,P03122
C03123,2025-01-01,W,normal,D03123,A03123,P03123
C03124,2025-01-01,W,normal,D03124,A03124,P03124
C03125,2025-06-13,N,normal,D03125,A03125,P03125
C03126,2025-01-01,E,normal,D03126,A03126,P03126
C03127,2025-01-01,E,normal,D03127,A03127,P03127
C03128,2025-01-01,E,normal,D03128,A03128,P03128
C03129,2025-01-01,N,frequent_legit,D03129,A03129,P03129
C03130,2025-01-01,E,normal,D03130,A03130,P03130
C03131,2025-01-01,W,frequent_legit,D03131,A03131,P03131
C03132,2025-08-07,S,normal,D03132,A03132,P03132
C03133,2025-01-01,S,normal,D03133,A03133,P03133
C03134,2025-01-01,N,normal,D03134,A03134,P03134
C03135,2025-01-01,W,normal,D03135,A03135,P03135
C03136,2025-01-01,N,normal,D03136,A03136,P03136
C03137,2025-01-01,N,normal,D03137,A03137,P03137
C03138,2025-01-01,S,normal,D03138,A03138,P03138
C03139,2025-01-01,W,normal,D03139,A03139,P03139
C03140,2025-01-01,E,normal,D03140,A03140,P03140
C03141,2025-01-01,N,normal,D03141,A03141,P03141
C03142,2025-04-20,N,coordinated,DCO0007,ACO0007,PCO0007
C03143,2025-01-01,W,normal,D03143,A03143,P03143
C03144,2025-05-16,S,normal,D03144,A03144,P03144
C03145,2025-01-01,N,normal,D03145,A03145,P03145
C03146,2025-01-01,NE,normal,D03146,A03146,P03146
C03147,2025-01-01,N,normal,D03147,A03147,P03147
C03148,2025-01-01,S,normal,D03148,A03148,P03148
C03149,2025-01-01,N,normal,D03149,A03149,P03149
C03150,2025-01-01,W,normal,D03150,A03150,P03150
C03151,2025-01-01,W,normal,D03151,A03151,P03151
C03152,2025-02-09,S,normal,D03152,A03152,P03152
C03153,2025-01-01,E,normal,D03153,A03153,P03153
C03154,2025-01-01,W,normal,D03154,A03154,P03154
C03155,2025-01-01,W,normal,D03155,A03155,P03155
C03156,2025-01-01,S,normal,D03156,A03156,P03156
C03157,2025-01-01,S,normal,D03157,A03157,P03157
C03158,2025-02-14,W,frequent_legit,D03158,A03158,P03158
C03159,2025-07-18,N,normal,D03159,A03159,P03159
C03160,2025-01-01,N,abusive,D03160,A03160,P03160
C03161,2025-01-01,N,frequent_legit,D03161,A03161,P03161
C03162,2025-04-13,W,normal,D03162,A03162,P03162
C03163,2025-01-01,N,normal,D03163,A03163,P03163
C03164,2025-04-25,S,normal,D03164,A03164,P03164
C03165,2025-01-01,E,normal,D03165,A03165,P03165
C03166,2025-01-01,N,normal,D03166,A03166,P03166
C03167,2025-01-01,S,normal,D03167,A03167,P03167
C03168,2025-01-01,S,normal,D03168,A03168,P03168
C03169,2025-07-17,N,normal,D03169,A03169,P03169
C03170,2025-01-01,NE,abusive,D03170,A03170,P03170
C03171,2025-01-01,N,normal,D03171,A03171,P03171
C03172,2025-01-01,W,normal,D03172,A03172,P03172
C03173,2025-01-01,S,abusive,D03173,A03173,P03173
C03174,2025-01-01,N,normal,D03174,A03174,P03174
C03175,2025-08-08,N,normal,D03175,A03175,P03175
C03176,2025-01-01,S,normal,D03176,A03176,P03176
C03177,2025-01-01,S,normal,D03177,A03177,P03177
C03178,2025-01-01,N,normal,D03178,A03178,P03178
C03179,2025-01-01,NE,normal,D03179,A03179,P03179
C03180,2025-01-01,S,frequent_legit,D03180,A03180,P03180
C03181,2025-01-01,W,normal,D03181,A03181,P03181
C03182,2025-01-01,N,normal,D03182,A03182,P03182
C03183,2025-01-01,N,normal,D03183,A03183,P03183
C03184,2025-01-01,E,normal,D03184,A03184,P03184
C03185,2025-10-28,N,normal,D03185,A03185,P03185
C03186,2025-01-01,N,normal,D03186,A03186,P03186
C03187,2025-01-01,N,normal,D03187,A03187,P03187
C03188,2025-01-01,N,normal,D03188,A03188,P03188
C03189,2025-01-01,W,normal,D03189,A03189,P03189
C03190,2025-03-09,S,normal,D03190,A03190,P03190
C03191,2025-01-01,NE,normal,D03191,A03191,P03191
C03192,2025-01-01,N,normal,D03192,A03192,P03192
C03193,2025-01-01,S,normal,D03193,A03193,P03193
C03194,2025-01-01,S,normal,D03194,A03194,P03194
C03195,2025-01-01,S,normal,D03195,A03195,P03195
C03196,2025-01-01,W,normal,D03196,A03196,P03196
C03197,2025-01-01,W,normal,D03197,A03197,P03197
C03198,2025-09-24,N,normal,D03198,A03198,P03198
C03199,2025-01-01,S,frequent_legit,D03199,A03199,P03199
C03200,2025-01-01,W,normal,D03200,A03200,P03200
C03201,2025-01-01,N,frequent_legit,D03201,A03201,P03201
C03202,2025-01-01,S,frequent_legit,D03202,A03202,P03202
C03203,2025-01-01,N,normal,D03203,A03203,P03203
C03204,2025-08-19,S,frequent_legit,D03204,A03204,P03204
C03205,2025-01-01,S,normal,D03205,A03205,P03205
C03206,2025-01-01,S,normal,D03206,A03206,P03206
C03207,2025-01-01,W,normal,D03207,A03207,P03207
C03208,2025-01-01,S,normal,D03208,A03208,P03208
C03209,2025-01-01,W,normal,D03209,A03209,P03209
C03210,2025-01-01,W,normal,D03210,A03210,P03210
C03211,2025-01-01,S,normal,D03211,A03211,P03211
C03212,2025-01-01,S,normal,D03212,A03212,P03212
C03213,2025-01-01,S,normal,D03213,A03213,P03213
C03214,2025-01-01,W,normal,D03214,A03214,P03214
C03215,2025-01-01,N,normal,D03215,A03215,P03215
C03216,2025-01-01,W,normal,D03216,A03216,P03216
C03217,2025-01-01,E,normal,D03217,A03217,P03217
C03218,2025-01-01,E,normal,D03218,A03218,P03218
C03219,2025-01-01,S,normal,D03219,A03219,P03219
C03220,2025-01-01,S,normal,D03220,A03220,P03220
C03221,2025-10-02,E,normal,D03221,A03221,P03221
C03222,2025-01-01,E,normal,D03222,A03222,P03222
C03223,2025-01-01,N,normal,D03223,A03223,P03223
C03224,2025-01-01,E,normal,D03224,A03224,P03224
C03225,2025-01-01,S,normal,D03225,A03225,P03225
C03226,2025-01-01,E,normal,D03226,A03226,P03226
C03227,2025-01-18,S,normal,D03227,A03227,P03227
C03228,2025-01-01,N,normal,D03228,A03228,P03228
C03229,2025-01-01,W,normal,D03229,A03229,P03229
C03230,2025-10-02,S,normal,D03230,A03230,P03230
C03231,2025-01-01,S,normal,D03231,A03231,P03231
C03232,2025-01-01,E,normal,D03232,A03232,P03232
C03233,2025-11-10,E,normal,D03233,A03233,P03233
C03234,2025-01-01,W,normal,D03234,A03234,P03234
C03235,2025-01-01,N,normal,D03235,A03235,P03235
C03236,2025-02-23,N,frequent_legit,D03236,A03236,P03236
C03237,2025-01-01,E,normal,D03237,A03237,P03237
C03238,2025-01-01,N,normal,D03238,A03238,P03238
C03239,2025-01-01,N,normal,D03239,A03239,P03239
C03240,2025-01-01,N,normal,D03240,A03240,P03240
C03241,2025-01-01,S,normal,D03241,A03241,P03241
C03242,2025-01-01,NE,frequent_legit,D03242,A03242,P03242
C03243,2025-04-01,N,normal,D03243,A03243,P03243
C03244,2025-10-20,S,normal,D03244,A03244,P03244
C03245,2025-07-08,W,normal,D03245,A03245,P03245
C03246,2025-01-01,NE,normal,D03246,A03246,P03246
C03247,2025-01-01,N,normal,D03247,A03247,P03247
C03248,2025-01-01,W,normal,D03248,A03248,P03248
C03249,2025-01-01,N,normal,D03249,A03249,P03249
C03250,2025-01-01,W,abusive,D03250,A03250,P03250
C03251,2025-01-01,N,normal,D03251,A03251,P03251
C03252,2025-01-01,S,normal,D03252,A03252,P03252
C03253,2025-01-01,N,normal,D03253,A03253,P03253
C03254,2025-01-01,E,normal,D03254,A03254,P03254
C03255,2025-01-01,N,normal,D03255,A03255,P03255
C03256,2025-01-01,S,normal,D03256,A03256,P03256
C03257,2025-01-01,E,normal,D03257,A03257,P03257
C03258,2025-01-01,N,normal,D03258,A03258,P03258
C03259,2025-05-22,W,normal,D03259,A03259,P03259
C03260,2025-01-01,S,normal,D03260,A03260,P03260
C03261,2025-05-26,N,normal,D03261,A03261,P03261
C03262,2025-01-01,N,normal,D03262,A03262,P03262
C03263,2025-04-27,S,normal,D03263,A03263,P03263
C03264,2025-01-01,N,normal,D03264,A03264,P03264
C03265,2025-01-01,S,normal,D03265,A03265,P03265
C03266,2025-01-01,E,normal,D03266,A03266,P03266
C03267,2025-01-01,S,normal,D03267,A03267,P03267
C03268,2025-01-01,S,frequent_legit,D03268,A03268,P03268
C03269,2025-01-01,W,normal,D03269,A03269,P03269
C03270,2025-01-25,S,frequent_legit,D03270,A03270,P03270
C03271,2025-03-03,E,normal,D03271,A03271,P03271
C03272,2025-01-01,W,normal,D03272,A03272,P03272
C03273,2025-05-11,N,normal,D03273,A03273,P03273
C03274,2025-01-01,E,normal,D03274,A03274,P03274
C03275,2025-01-01,NE,normal,D03275,A03275,P03275
C03276,2025-01-01,S,normal,D03276,A03276,P03276
C03277,2025-01-01,NE,normal,D03277,A03277,P03277
C03278,2025-01-01,S,normal,D03278,A03278,P03278
C03279,2025-01-01,E,normal,D03279,A03279,P03279
C03280,2025-01-01,S,normal,D03280,A03280,P03280
C03281,2025-01-01,N,normal,D03281,A03281,P03281
C03282,2025-12-04,NE,normal,D03282,A03282,P03282
C03283,2025-01-01,N,normal,D03283,A03283,P03283
C03284,2025-01-01,NE,normal,D03284,A03284,P03284
C03285,2025-01-01,E,normal,D03285,A03285,P03285
C03286,2025-01-01,W,normal,D03286,A03286,P03286
C03287,2025-01-01,NE,normal,D03287,A03287,P03287
C03288,2025-01-01,E,normal,D03288,A03288,P03288
C03289,2025-07-14,NE,normal,D03289,A03289,P03289
C03290,2025-01-01,W,normal,D03290,A03290,P03290
C03291,2025-01-01,S,normal,D03291,A03291,P03291
C03292,2025-01-01,E,normal,D03292,A03292,P03292
C03293,2025-01-01,N,normal,D03293,A03293,P03293
C03294,2025-01-01,N,normal,D03294,A03294,P03294
C03295,2025-09-16,N,frequent_legit,D03295,A03295,P03295
C03296,2025-01-01,S,normal,D03296,A03296,P03296
C03297,2025-01-01,N,normal,D03297,A03297,P03297
C03298,2025-01-01,S,normal,D03298,A03298,P03298
C03299,2025-01-01,E,normal,D03299,A03299,P03299
C03300,2025-01-01,E,frequent_legit,D03300,A03300,P03300
C03301,2025-01-01,W,normal,D03301,A03301,P03301
C03302,2025-01-01,NE,normal,D03302,A03302,P03302
C03303,2025-01-01,W,coordinated,DCO0007,ACO0007,PCO0007
C03304,2025-01-01,E,normal,D03304,A03304,P03304
C03305,2025-02-15,N,normal,D03305,A03305,P03305
C03306,2025-01-01,NE,normal,D03306,A03306,P03306
C03307,2025-01-01,N,normal,D03307,A03307,P03307
C03308,2025-06-23,N,normal,D03308,A03308,P03308
C03309,2025-03-19,S,normal,D03309,A03309,P03309
C03310,2025-10-13,E,frequent_legit,D03310,A03310,P03310
C03311,2025-01-01,E,frequent_legit,D03311,A03311,P03311
C03312,2025-01-01,N,normal,D03312,A03312,P03312
C03313,2025-05-10,W,normal,D03313,A03313,P03313
C03314,2025-10-18,N,normal,D03314,A03314,P03314
C03315,2025-01-01,S,normal,D03315,A03315,P03315
C03316,2025-01-01,S,normal,D03316,A03316,P03316
C03317,2025-01-01,S,normal,D03317,A03317,P03317
C03318,2025-01-01,W,normal,D03318,A03318,P03318
C03319,2025-01-01,N,normal,D03319,A03319,P03319
C03320,2025-01-01,N,normal,D03320,A03320,P03320
C03321,2025-01-01,N,normal,D03321,A03321,P03321
C03322,2025-11-07,W,normal,D03322,A03322,P03322
C03323,2025-01-01,NE,normal,D03323,A03323,P03323
C03324,2025-01-01,E,normal,D03324,A03324,P03324
C03325,2025-01-01,E,normal,D03325,A03325,P03325
C03326,2025-01-01,W,normal,D03326,A03326,P03326
C03327,2025-01-01,N,normal,D03327,A03327,P03327
C03328,2025-01-01,N,normal,D03328,A03328,P03328
C03329,2025-02-08,S,normal,D03329,A03329,P03329
C03330,2025-01-01,N,frequent_legit,D03330,A03330,P03330
C03331,2025-01-12,S,normal,D03331,A03331,P03331
C03332,2025-01-01,S,normal,D03332,A03332,P03332
C03333,2025-01-01,S,normal,D03333,A03333,P03333
C03334,2025-01-01,S,normal,D03334,A03334,P03334
C03335,2025-01-01,S,normal,D03335,A03335,P03335
C03336,2025-01-01,N,normal,D03336,A03336,P03336
C03337,2025-01-01,W,normal,D03337,A03337,P03337
C03338,2025-01-01,E,normal,D03338,A03338,P03338
C03339,2025-01-01,N,normal,D03339,A03339,P03339
C03340,2025-03-22,N,normal,D03340,A03340,P03340
C03341,2025-01-01,N,normal,D03341,A03341,P03341
C03342,2025-10-05,N,normal,D03342,A03342,P03342
C03343,2025-01-01,N,normal,D03343,A03343,P03343
C03344,2025-01-01,N,normal,D03344,A03344,P03344
C03345,2025-01-01,W,normal,D03345,A03345,P03345
C03346,2025-01-01,W,normal,D03346,A03346,P03346
C03347,2025-04-10,W,normal,D03347,A03347,P03347
C03348,2025-05-16,E,normal,D03348,A03348,P03348
C03349,2025-01-01,W,normal,D03349,A03349,P03349
C03350,2025-11-06,W,normal,D03350,A03350,P03350
C03351,2025-01-01,W,normal,D03351,A03351,P03351
C03352,2025-01-01,W,normal,D03352,A03352,P03352
C03353,2025-01-01,W,normal,D03353,A03353,P03353
C03354,2025-01-01,W,normal,D03354,A03354,P03354
C03355,2025-06-19,S,normal,D03355,A03355,P03355
C03356,2025-01-01,N,normal,D03356,A03356,P03356
C03357,2025-07-14,N,normal,D03357,A03357,P03357
C03358,2025-01-01,S,normal,D03358,A03358,P03358
C03359,2025-01-01,N,normal,D03359,A03359,P03359
C03360,2025-01-01,N,normal,D03360,A03360,P03360
C03361,2025-01-01,N,normal,D03361,A03361,P03361
C03362,2025-01-01,S,normal,D03362,A03362,P03362
C03363,2025-01-01,NE,normal,D03363,A03363,P03363
C03364,2025-01-01,S,normal,D03364,A03364,P03364
C03365,2025-01-01,N,normal,D03365,A03365,P03365
C03366,2025-01-01,S,normal,D03366,A03366,P03366
C03367,2025-01-01,S,normal,D03367,A03367,P03367
C03368,2025-01-01,E,normal,D03368,A03368,P03368
C03369,2025-06-07,E,normal,D03369,A03369,P03369
C03370,2025-03-28,N,normal,D03370,A03370,P03370
C03371,2025-01-01,S,normal,D03371,A03371,P03371
C03372,2025-01-01,N,normal,D03372,A03372,P03372
C03373,2025-01-01,E,normal,D03373,A03373,P03373
C03374,2025-08-01,W,normal,D03374,A03374,P03374
C03375,2025-01-01,W,normal,D03375,A03375,P03375
C03376,2025-01-01,N,normal,D03376,A03376,P03376
C03377,2025-01-01,W,frequent_legit,D03377,A03377,P03377
C03378,2025-01-01,W,normal,D03378,A03378,P03378
C03379,2025-01-01,W,frequent_legit,D03379,A03379,P03379
C03380,2025-01-01,N,normal,D03380,A03380,P03380
C03381,2025-03-27,S,normal,D03381,A03381,P03381
C03382,2025-01-01,N,frequent_legit,D03382,A03382,P03382
C03383,2025-01-01,N,normal,D03383,A03383,P03383
C03384,2025-01-16,E,normal,D03384,A03384,P03384
C03385,2025-01-01,S,normal,D03385,A03385,P03385
C03386,2025-01-01,N,normal,D03386,A03386,P03386
C03387,2025-01-01,W,frequent_legit,D03387,A03387,P03387
C03388,2025-01-01,S,normal,D03388,A03388,P03388
C03389,2025-01-01,NE,normal,D03389,A03389,P03389
C03390,2025-01-01,W,normal,D03390,A03390,P03390
C03391,2025-01-01,W,normal,D03391,A03391,P03391
C03392,2025-01-19,W,abusive,D03392,A03392,P03392
C03393,2025-01-01,N,normal,D03393,A03393,P03393
C03394,2025-01-08,N,normal,D03394,A03394,P03394
C03395,2025-01-01,W,frequent_legit,D03395,A03395,P03395
C03396,2025-01-01,N,normal,D03396,A03396,P03396
C03397,2025-01-01,S,normal,D03397,A03397,P03397
C03398,2025-01-01,E,normal,D03398,A03398,P03398
C03399,2025-01-01,N,normal,D03399,A03399,P03399
C03400,2025-01-01,N,normal,D03400,A03400,P03400
C03401,2025-03-05,S,normal,D03401,A03401,P03401
C03402,2025-06-24,S,normal,D03402,A03402,P03402
C03403,2025-01-01,E,frequent_legit,D03403,A03403,P03403
C03404,2025-01-01,N,normal,D03404,A03404,P03404
C03405,2025-01-01,S,normal,D03405,A03405,P03405
C03406,2025-01-01,N,normal,D03406,A03406,P03406
C03407,2025-01-01,E,normal,D03407,A03407,P03407
C03408,2025-01-01,N,normal,D03408,A03408,P03408
C03409,2025-01-14,N,normal,D03409,A03409,P03409
C03410,2025-01-01,W,normal,D03410,A03410,P03410
C03411,2025-01-01,N,normal,D03411,A03411,P03411
C03412,2025-06-13,W,normal,D03412,A03412,P03412
C03413,2025-01-01,N,normal,D03413,A03413,P03413
C03414,2025-01-01,N,normal,D03414,A03414,P03414
C03415,2025-01-01,S,normal,D03415,A03415,P03415
C03416,2025-11-09,W,normal,D03416,A03416,P03416
C03417,2025-02-04,S,normal,D03417,A03417,P03417
C03418,2025-01-01,N,normal,D03418,A03418,P03418
C03419,2025-01-01,S,normal,D03419,A03419,P03419
C03420,2025-01-01,S,normal,D03420,A03420,P03420
C03421,2025-01-01,W,normal,D03421,A03421,P03421
C03422,2025-01-01,NE,normal,D03422,A03422,P03422
C03423,2025-01-01,S,normal,D03423,A03423,P03423
C03424,2025-01-01,S,normal,D03424,A03424,P03424
C03425,2025-01-01,S,normal,D03425,A03425,P03425
C03426,2025-01-01,NE,normal,D03426,A03426,P03426
C03427,2025-01-01,S,normal,D03427,A03427,P03427
C03428,2025-01-01,N,frequent_legit,D03428,A03428,P03428
C03429,2025-01-01,NE,normal,D03429,A03429,P03429
C03430,2025-01-01,NE,normal,D03430,A03430,P03430
C03431,2025-01-01,S,normal,D03431,A03431,P03431
C03432,2025-01-01,S,abusive,D03432,A03432,P03432
C03433,2025-01-01,E,normal,D03433,A03433,P03433
C03434,2025-01-01,W,normal,D03434,A03434,P03434
C03435,2025-01-01,S,normal,D03435,A03435,P03435
C03436,2025-05-04,S,normal,D03436,A03436,P03436
C03437,2025-01-01,S,normal,D03437,A03437,P03437
C03438,2025-01-01,S,normal,D03438,A03438,P03438
C03439,2025-01-01,N,normal,D03439,A03439,P03439
C03440,2025-01-01,W,normal,D03440,A03440,P03440
C03441,2025-01-01,N,normal,D03441,A03441,P03441
C03442,2025-01-01,S,normal,D03442,A03442,P03442
C03443,2025-01-01,W,normal,D03443,A03443,P03443
C03444,2025-01-01,S,normal,D03444,A03444,P03444
C03445,2025-01-01,S,normal,D03445,A03445,P03445
C03446,2025-01-01,NE,normal,D03446,A03446,P03446
C03447,2025-01-01,N,normal,D03447,A03447,P03447
C03448,2025-01-01,W,normal,D03448,A03448,P03448
C03449,2025-01-01,N,normal,D03449,A03449,P03449
C03450,2025-01-12,S,normal,D03450,A03450,P03450
C03451,2025-11-28,E,normal,D03451,A03451,P03451
C03452,2025-01-01,S,normal,D03452,A03452,P03452
C03453,2025-01-01,S,normal,D03453,A03453,P03453
C03454,2025-01-01,N,coordinated,DCO0007,ACO0007,PCO0007
C03455,2025-01-01,E,normal,D03455,A03455,P03455
C03456,2025-01-01,N,frequent_legit,D03456,A03456,P03456
C03457,2025-01-01,W,frequent_legit,D03457,A03457,P03457
C03458,2025-01-01,E,normal,D03458,A03458,P03458
C03459,2025-01-01,S,normal,D03459,A03459,P03459
C03460,2025-01-01,N,normal,D03460,A03460,P03460
C03461,2025-01-01,S,normal,D03461,A03461,P03461
C03462,2025-07-26,E,normal,D03462,A03462,P03462
C03463,2025-01-01,N,normal,D03463,A03463,P03463
C03464,2025-01-01,E,normal,D03464,A03464,P03464
C03465,2025-01-01,N,normal,D03465,A03465,P03465
C03466,2025-01-01,N,normal,D03466,A03466,P03466
C03467,2025-06-17,W,normal,D03467,A03467,P03467
C03468,2025-01-01,N,normal,D03468,A03468,P03468
C03469,2025-01-01,N,frequent_legit,D03469,A03469,P03469
C03470,2025-01-01,E,normal,D03470,A03470,P03470
C03471,2025-01-01,W,normal,D03471,A03471,P03471
C03472,2025-01-01,N,normal,D03472,A03472,P03472
C03473,2025-10-21,N,normal,D03473,A03473,P03473
C03474,2025-01-01,S,normal,D03474,A03474,P03474
C03475,2025-06-07,E,normal,D03475,A03475,P03475
C03476,2025-01-01,S,normal,D03476,A03476,P03476
C03477,2025-09-27,E,frequent_legit,D03477,A03477,P03477
C03478,2025-01-01,W,frequent_legit,D03478,A03478,P03478
C03479,2025-01-01,NE,normal,D03479,A03479,P03479
C03480,2025-06-01,S,normal,D03480,A03480,P03480
C03481,2025-01-01,N,normal,D03481,A03481,P03481
C03482,2025-10-06,N,normal,D03482,A03482,P03482
C03483,2025-01-01,N,normal,D03483,A03483,P03483
C03484,2025-01-01,S,normal,D03484,A03484,P03484
C03485,2025-12-14,W,normal,D03485,A03485,P03485
C03486,2025-01-01,S,normal,D03486,A03486,P03486
C03487,2025-01-01,N,normal,D03487,A03487,P03487
C03488,2025-11-02,S,normal,D03488,A03488,P03488
C03489,2025-01-01,NE,normal,D03489,A03489,P03489
C03490,2025-05-01,N,normal,D03490,A03490,P03490
C03491,2025-01-01,W,normal,D03491,A03491,P03491
C03492,2025-01-01,W,normal,D03492,A03492,P03492
C03493,2025-01-01,S,normal,D03493,A03493,P03493
C03494,2025-01-01,E,normal,D03494,A03494,P03494
C03495,2025-01-01,S,normal,D03495,A03495,P03495
C03496,2025-01-01,N,normal,D03496,A03496,P03496
C03497,2025-01-01,S,normal,D03497,A03497,P03497
C03498,2025-01-01,N,normal,D03498,A03498,P03498
C03499,2025-01-01,E,normal,D03499,A03499,P03499
C03500,2025-01-01,W,normal,D03500,A03500,P03500
C03501,2025-01-01,S,normal,D03501,A03501,P03501
C03502,2025-01-01,E,normal,D03502,A03502,P03502
C03503,2025-01-01,N,normal,D03503,A03503,P03503
C03504,2025-01-01,N,normal,D03504,A03504,P03504
C03505,2025-01-01,E,normal,D03505,A03505,P03505
C03506,2025-01-01,N,normal,D03506,A03506,P03506
C03507,2025-10-14,W,normal,D03507,A03507,P03507
C03508,2025-05-19,N,normal,D03508,A03508,P03508
C03509,2025-01-01,W,normal,D03509,A03509,P03509
C03510,2025-01-01,S,frequent_legit,D03510,A03510,P03510
C03511,2025-01-01,S,normal,D03511,A03511,P03511
C03512,2025-01-01,W,abusive,D03512,A03512,P03512
C03513,2025-01-01,S,abusive,D03513,A03513,P03513
C03514,2025-01-01,N,frequent_legit,D03514,A03514,P03514
C03515,2025-01-01,W,normal,D03515,A03515,P03515
C03516,2025-01-01,S,normal,D03516,A03516,P03516
C03517,2025-01-01,N,normal,D03517,A03517,P03517
C03518,2025-01-01,S,normal,D03518,A03518,P03518
C03519,2025-01-01,E,normal,D03519,A03519,P03519
C03520,2025-02-14,E,normal,D03520,A03520,P03520
C03521,2025-01-01,W,normal,D03521,A03521,P03521
C03522,2025-05-17,S,normal,D03522,A03522,P03522
C03523,2025-01-01,N,normal,D03523,A03523,P03523
C03524,2025-01-01,N,normal,D03524,A03524,P03524
C03525,2025-01-01,N,normal,D03525,A03525,P03525
C03526,2025-01-01,W,normal,D03526,A03526,P03526
C03527,2025-08-07,N,normal,D03527,A03527,P03527
C03528,2025-01-01,E,normal,D03528,A03528,P03528
C03529,2025-01-01,E,normal,D03529,A03529,P03529
C03530,2025-01-01,W,normal,D03530,A03530,P03530
C03531,2025-01-01,N,normal,D03531,A03531,P03531
C03532,2025-01-01,N,normal,D03532,A03532,P03532
C03533,2025-01-01,W,normal,D03533,A03533,P03533
C03534,2025-01-01,E,normal,D03534,A03534,P03534
C03535,2025-01-01,S,normal,D03535,A03535,P03535
C03536,2025-01-01,W,normal,D03536,A03536,P03536
C03537,2025-01-01,W,normal,D03537,A03537,P03537
C03538,2025-01-01,N,normal,D03538,A03538,P03538
C03539,2025-01-01,W,normal,D03539,A03539,P03539
C03540,2025-01-01,N,normal,D03540,A03540,P03540
C03541,2025-01-01,NE,normal,D03541,A03541,P03541
C03542,2025-01-01,N,normal,D03542,A03542,P03542
C03543,2025-01-01,N,normal,D03543,A03543,P03543
C03544,2025-01-01,N,normal,D03544,A03544,P03544
C03545,2025-01-01,W,normal,D03545,A03545,P03545
C03546,2025-01-01,NE,normal,D03546,A03546,P03546
C03547,2025-01-01,S,coordinated,DCO0008,ACO0008,PCO0008
C03548,2025-09-19,S,normal,D03548,A03548,P03548
C03549,2025-01-01,N,normal,D03549,A03549,P03549
C03550,2025-01-01,N,normal,D03550,A03550,P03550
C03551,2025-08-29,W,normal,D03551,A03551,P03551
C03552,2025-01-01,N,normal,D03552,A03552,P03552
C03553,2025-12-17,NE,normal,D03553,A03553,P03553
C03554,2025-01-01,W,normal,D03554,A03554,P03554
C03555,2025-01-01,N,normal,D03555,A03555,P03555
C03556,2025-03-07,S,normal,D03556,A03556,P03556
C03557,2025-01-01,NE,frequent_legit,D03557,A03557,P03557
C03558,2025-02-08,W,normal,D03558,A03558,P03558
C03559,2025-01-01,E,normal,D03559,A03559,P03559
C03560,2025-01-01,N,normal,D03560,A03560,P03560
C03561,2025-01-01,N,normal,D03561,A03561,P03561
C03562,2025-10-22,W,frequent_legit,D03562,A03562,P03562
C03563,2025-01-01,S,normal,D03563,A03563,P03563
C03564,2025-01-01,E,abusive,D03564,A03564,P03564
C03565,2025-01-01,W,normal,D03565,A03565,P03565
C03566,2025-01-01,S,normal,D03566,A03566,P03566
C03567,2025-01-01,N,normal,D03567,A03567,P03567
C03568,2025-01-31,S,normal,D03568,A03568,P03568
C03569,2025-01-01,W,normal,D03569,A03569,P03569
C03570,2025-01-01,S,normal,D03570,A03570,P03570
C03571,2025-01-01,N,normal,D03571,A03571,P03571
C03572,2025-01-01,NE,normal,D03572,A03572,P03572
C03573,2025-01-01,E,normal,D03573,A03573,P03573
C03574,2025-01-01,S,normal,D03574,A03574,P03574
C03575,2025-01-01,W,normal,D03575,A03575,P03575
C03576,2025-01-01,S,normal,D03576,A03576,P03576
C03577,2025-01-01,NE,normal,D03577,A03577,P03577
C03578,2025-03-04,W,normal,D03578,A03578,P03578
C03579,2025-01-01,S,normal,D03579,A03579,P03579
C03580,2025-01-01,S,normal,D03580,A03580,P03580
C03581,2025-01-01,N,normal,D03581,A03581,P03581
C03582,2025-01-01,E,normal,D03582,A03582,P03582
C03583,2025-01-01,E,normal,D03583,A03583,P03583
C03584,2025-01-01,S,frequent_legit,D03584,A03584,P03584
C03585,2025-01-01,NE,normal,D03585,A03585,P03585
C03586,2025-01-01,S,normal,D03586,A03586,P03586
C03587,2025-01-01,W,normal,D03587,A03587,P03587
C03588,2025-01-01,E,normal,D03588,A03588,P03588
C03589,2025-01-01,S,normal,D03589,A03589,P03589
C03590,2025-01-01,N,normal,D03590,A03590,P03590
C03591,2025-02-26,E,normal,D03591,A03591,P03591
C03592,2025-01-01,E,normal,D03592,A03592,P03592
C03593,2025-01-01,N,normal,D03593,A03593,P03593
C03594,2025-01-01,W,normal,D03594,A03594,P03594
C03595,2025-01-01,S,coordinated,DCO0008,ACO0008,PCO0008
C03596,2025-03-04,S,normal,D03596,A03596,P03596
C03597,2025-04-03,W,normal,D03597,A03597,P03597
C03598,2025-01-01,S,frequent_legit,D03598,A03598,P03598
C03599,2025-01-01,E,normal,D03599,A03599,P03599
C03600,2025-11-29,E,normal,D03600,A03600,P03600
C03601,2025-01-01,N,normal,D03601,A03601,P03601
C03602,2025-01-01,S,normal,D03602,A03602,P03602
C03603,2025-01-01,N,normal,D03603,A03603,P03603
C03604,2025-06-16,N,frequent_legit,D03604,A03604,P03604
C03605,2025-01-01,E,normal,D03605,A03605,P03605
C03606,2025-01-01,N,normal,D03606,A03606,P03606
C03607,2025-03-15,NE,normal,D03607,A03607,P03607
C03608,2025-01-01,S,normal,D03608,A03608,P03608
C03609,2025-01-01,S,normal,D03609,A03609,P03609
C03610,2025-01-01,W,normal,D03610,A03610,P03610
C03611,2025-01-01,S,normal,D03611,A03611,P03611
C03612,2025-01-01,E,normal,D03612,A03612,P03612
C03613,2025-05-24,E,normal,D03613,A03613,P03613
C03614,2025-01-01,W,normal,D03614,A03614,P03614
C03615,2025-01-01,N,normal,D03615,A03615,P03615
C03616,2025-01-01,N,normal,D03616,A03616,P03616
C03617,2025-01-01,NE,normal,D03617,A03617,P03617
C03618,2025-01-01,N,normal,D03618,A03618,P03618
C03619,2025-01-01,E,frequent_legit,D03619,A03619,P03619
C03620,2025-01-01,E,normal,D03620,A03620,P03620
C03621,2025-01-01,S,normal,D03621,A03621,P03621
C03622,2025-01-01,W,normal,D03622,A03622,P03622
C03623,2025-09-10,NE,normal,D03623,A03623,P03623
C03624,2025-01-01,N,normal,D03624,A03624,P03624
C03625,2025-01-01,E,normal,D03625,A03625,P03625
C03626,2025-03-11,E,normal,D03626,A03626,P03626
C03627,2025-01-01,S,normal,D03627,A03627,P03627
C03628,2025-01-01,W,normal,D03628,A03628,P03628
C03629,2025-01-01,S,normal,D03629,A03629,P03629
C03630,2025-01-01,N,normal,D03630,A03630,P03630
C03631,2025-01-01,W,frequent_legit,D03631,A03631,P03631
C03632,2025-07-15,NE,normal,D03632,A03632,P03632
C03633,2025-01-01,N,normal,D03633,A03633,P03633
C03634,2025-01-01,W,normal,D03634,A03634,P03634
C03635,2025-01-01,N,normal,D03635,A03635,P03635
C03636,2025-01-01,N,normal,D03636,A03636,P03636
C03637,2025-01-16,N,normal,D03637,A03637,P03637
C03638,2025-11-05,W,normal,D03638,A03638,P03638
C03639,2025-01-01,N,normal,D03639,A03639,P03639
C03640,2025-04-16,N,normal,D03640,A03640,P03640
C03641,2025-10-20,W,normal,D03641,A03641,P03641
C03642,2025-01-01,S,normal,D03642,A03642,P03642
C03643,2025-01-01,N,normal,D03643,A03643,P03643
C03644,2025-01-01,N,normal,D03644,A03644,P03644
C03645,2025-02-21,W,normal,D03645,A03645,P03645
C03646,2025-07-16,E,normal,D03646,A03646,P03646
C03647,2025-01-01,W,normal,D03647,A03647,P03647
C03648,2025-01-01,N,normal,D03648,A03648,P03648
C03649,2025-03-28,S,normal,D03649,A03649,P03649
C03650,2025-01-01,W,normal,D03650,A03650,P03650
C03651,2025-01-06,N,normal,D03651,A03651,P03651
C03652,2025-01-01,N,normal,D03652,A03652,P03652
C03653,2025-08-31,S,normal,D03653,A03653,P03653
C03654,2025-01-01,S,normal,D03654,A03654,P03654
C03655,2025-12-03,N,normal,D03655,A03655,P03655
C03656,2025-01-01,NE,normal,D03656,A03656,P03656
C03657,2025-01-01,S,normal,D03657,A03657,P03657
C03658,2025-02-14,E,normal,D03658,A03658,P03658
C03659,2025-01-01,N,normal,D03659,A03659,P03659
C03660,2025-01-01,E,normal,D03660,A03660,P03660
C03661,2025-09-27,S,frequent_legit,D03661,A03661,P03661
C03662,2025-10-12,W,normal,D03662,A03662,P03662
C03663,2025-01-01,S,normal,D03663,A03663,P03663
C03664,2025-01-01,W,normal,D03664,A03664,P03664
C03665,2025-01-01,S,normal,D03665,A03665,P03665
C03666,2025-01-01,E,normal,D03666,A03666,P03666
C03667,2025-01-01,W,normal,D03667,A03667,P03667
C03668,2025-01-01,E,normal,D03668,A03668,P03668
C03669,2025-01-01,E,normal,D03669,A03669,P03669
C03670,2025-06-18,W,normal,D03670,A03670,P03670
C03671,2025-01-01,W,normal,D03671,A03671,P03671
C03672,2025-01-01,N,normal,D03672,A03672,P03672
C03673,2025-01-01,N,normal,D03673,A03673,P03673
C03674,2025-01-01,S,normal,D03674,A03674,P03674
C03675,2025-01-01,NE,normal,D03675,A03675,P03675
C03676,2025-01-01,S,normal,D03676,A03676,P03676
C03677,2025-01-01,S,normal,D03677,A03677,P03677
C03678,2025-01-01,S,normal,D03678,A03678,P03678
C03679,2025-01-01,N,normal,D03679,A03679,P03679
C03680,2025-01-01,N,normal,D03680,A03680,P03680
C03681,2025-01-01,N,normal,D03681,A03681,P03681
C03682,2025-06-10,N,normal,D03682,A03682,P03682
C03683,2025-01-01,W,normal,D03683,A03683,P03683
C03684,2025-10-21,S,normal,D03684,A03684,P03684
C03685,2025-01-01,N,normal,D03685,A03685,P03685
C03686,2025-01-01,S,normal,D03686,A03686,P03686
C03687,2025-01-01,S,frequent_legit,D03687,A03687,P03687
C03688,2025-01-01,S,normal,D03688,A03688,P03688
C03689,2025-01-01,S,normal,D03689,A03689,P03689
C03690,2025-01-01,N,normal,D03690,A03690,P03690
C03691,2025-01-01,E,normal,D03691,A03691,P03691
C03692,2025-01-01,N,normal,D03692,A03692,P03692
C03693,2025-11-04,N,normal,D03693,A03693,P03693
C03694,2025-01-01,N,normal,D03694,A03694,P03694
C03695,2025-05-04,S,normal,D03695,A03695,P03695
C03696,2025-01-01,N,normal,D03696,A03696,P03696
C03697,2025-01-01,S,normal,D03697,A03697,P03697
C03698,2025-01-01,N,normal,D03698,A03698,P03698
C03699,2025-01-01,N,normal,D03699,A03699,P03699
C03700,2025-01-01,W,normal,D03700,A03700,P03700
C03701,2025-01-01,S,normal,D03701,A03701,P03701
C03702,2025-01-01,N,normal,D03702,A03702,P03702
C03703,2025-01-01,S,normal,D03703,A03703,P03703
C03704,2025-01-01,N,normal,D03704,A03704,P03704
C03705,2025-04-06,W,normal,D03705,A03705,P03705
C03706,2025-01-01,N,normal,D03706,A03706,P03706
C03707,2025-01-01,S,normal,D03707,A03707,P03707
C03708,2025-01-01,NE,normal,D03708,A03708,P03708
C03709,2025-01-01,N,normal,D03709,A03709,P03709
C03710,2025-03-05,N,normal,D03710,A03710,P03710
C03711,2025-01-01,E,normal,D03711,A03711,P03711
C03712,2025-01-01,NE,coordinated,DCO0008,ACO0008,PCO0008
C03713,2025-01-01,S,normal,D03713,A03713,P03713
C03714,2025-01-01,E,normal,D03714,A03714,P03714
C03715,2025-02-27,N,normal,D03715,A03715,P03715
C03716,2025-08-28,E,normal,D03716,A03716,P03716
C03717,2025-01-01,N,normal,D03717,A03717,P03717
C03718,2025-07-25,E,frequent_legit,D03718,A03718,P03718
C03719,2025-01-01,N,normal,D03719,A03719,P03719
C03720,2025-01-01,S,normal,D03720,A03720,P03720
C03721,2025-01-01,N,normal,D03721,A03721,P03721
C03722,2025-01-01,E,normal,D03722,A03722,P03722
C03723,2025-01-01,W,normal,D03723,A03723,P03723
C03724,2025-01-01,W,normal,D03724,A03724,P03724
C03725,2025-01-01,NE,normal,D03725,A03725,P03725
C03726,2025-01-01,S,frequent_legit,D03726,A03726,P03726
C03727,2025-01-01,E,normal,D03727,A03727,P03727
C03728,2025-01-01,N,normal,D03728,A03728,P03728
C03729,2025-01-01,W,normal,D03729,A03729,P03729
C03730,2025-01-01,E,frequent_legit,D03730,A03730,P03730
C03731,2025-04-16,S,frequent_legit,D03731,A03731,P03731
C03732,2025-01-01,S,normal,D03732,A03732,P03732
C03733,2025-01-01,W,normal,D03733,A03733,P03733
C03734,2025-01-01,W,normal,D03734,A03734,P03734
C03735,2025-01-01,W,abusive,D03735,A03735,P03735
C03736,2025-01-01,S,normal,D03736,A03736,P03736
C03737,2025-01-01,S,normal,D03737,A03737,P03737
C03738,2025-01-01,NE,normal,D03738,A03738,P03738
C03739,2025-01-01,E,normal,D03739,A03739,P03739
C03740,2025-10-29,S,normal,D03740,A03740,P03740
C03741,2025-01-01,E,normal,D03741,A03741,P03741
C03742,2025-05-25,E,normal,D03742,A03742,P03742
C03743,2025-01-01,E,normal,D03743,A03743,P03743
C03744,2025-01-01,S,normal,D03744,A03744,P03744
C03745,2025-01-01,W,normal,D03745,A03745,P03745
C03746,2025-08-10,W,normal,D03746,A03746,P03746
C03747,2025-01-01,S,normal,D03747,A03747,P03747
C03748,2025-01-01,N,normal,D03748,A03748,P03748
C03749,2025-01-04,E,normal,D03749,A03749,P03749
C03750,2025-01-01,E,normal,D03750,A03750,P03750
C03751,2025-01-01,S,normal,D03751,A03751,P03751
C03752,2025-01-01,W,normal,D03752,A03752,P03752
C03753,2025-01-01,N,normal,D03753,A03753,P03753
C03754,2025-01-01,S,normal,D03754,A03754,P03754
C03755,2025-03-20,W,normal,D03755,A03755,P03755
C03756,2025-01-01,W,normal,D03756,A03756,P03756
C03757,2025-01-01,S,normal,D03757,A03757,P03757
C03758,2025-01-01,N,frequent_legit,D03758,A03758,P03758
C03759,2025-01-01,S,normal,D03759,A03759,P03759
C03760,2025-01-01,S,abusive,D03760,A03760,P03760
C03761,2025-01-01,S,normal,D03761,A03761,P03761
C03762,2025-01-01,N,normal,D03762,A03762,P03762
C03763,2025-01-01,S,normal,D03763,A03763,P03763
C03764,2025-12-03,E,normal,D03764,A03764,P03764
C03765,2025-01-01,E,normal,D03765,A03765,P03765
C03766,2025-01-01,E,normal,D03766,A03766,P03766
C03767,2025-01-01,S,normal,D03767,A03767,P03767
C03768,2025-01-01,S,normal,D03768,A03768,P03768
C03769,2025-01-01,S,normal,D03769,A03769,P03769
C03770,2025-01-01,NE,frequent_legit,D03770,A03770,P03770
C03771,2025-01-01,S,frequent_legit,D03771,A03771,P03771
C03772,2025-01-01,E,normal,D03772,A03772,P03772
C03773,2025-01-01,S,normal,D03773,A03773,P03773
C03774,2025-01-01,W,normal,D03774,A03774,P03774
C03775,2025-01-01,S,normal,D03775,A03775,P03775
C03776,2025-01-01,S,normal,D03776,A03776,P03776
C03777,2025-01-01,W,normal,D03777,A03777,P03777
C03778,2025-01-01,N,normal,D03778,A03778,P03778
C03779,2025-01-01,E,frequent_legit,D03779,A03779,P03779
C03780,2025-01-01,S,normal,D03780,A03780,P03780
C03781,2025-04-19,NE,normal,D03781,A03781,P03781
C03782,2025-01-01,W,frequent_legit,D03782,A03782,P03782
C03783,2025-01-01,N,normal,D03783,A03783,P03783
C03784,2025-06-22,W,normal,D03784,A03784,P03784
C03785,2025-01-01,E,frequent_legit,D03785,A03785,P03785
C03786,2025-01-01,E,frequent_legit,D03786,A03786,P03786
C03787,2025-10-03,N,normal,D03787,A03787,P03787
C03788,2025-01-01,N,normal,D03788,A03788,P03788
C03789,2025-01-01,E,normal,D03789,A03789,P03789
C03790,2025-01-01,S,normal,D03790,A03790,P03790
C03791,2025-01-01,W,normal,D03791,A03791,P03791
C03792,2025-07-26,N,normal,D03792,A03792,P03792
C03793,2025-01-01,E,normal,D03793,A03793,P03793
C03794,2025-01-01,N,normal,D03794,A03794,P03794
C03795,2025-01-01,E,normal,D03795,A03795,P03795
C03796,2025-01-01,N,normal,D03796,A03796,P03796
C03797,2025-01-01,S,normal,D03797,A03797,P03797
C03798,2025-01-01,N,normal,D03798,A03798,P03798
C03799,2025-01-01,E,normal,D03799,A03799,P03799
C03800,2025-01-01,S,normal,D03800,A03800,P03800
C03801,2025-05-05,W,normal,D03801,A03801,P03801
C03802,2025-01-01,N,normal,D03802,A03802,P03802
C03803,2025-01-19,S,normal,D03803,A03803,P03803
C03804,2025-01-01,E,normal,D03804,A03804,P03804
C03805,2025-01-01,N,normal,D03805,A03805,P03805
C03806,2025-10-17,N,normal,D03806,A03806,P03806
C03807,2025-01-01,S,normal,D03807,A03807,P03807
C03808,2025-01-01,E,frequent_legit,D03808,A03808,P03808
C03809,2025-01-01,NE,normal,D03809,A03809,P03809
C03810,2025-01-01,N,normal,D03810,A03810,P03810
C03811,2025-01-01,E,normal,D03811,A03811,P03811
C03812,2025-01-01,E,normal,D03812,A03812,P03812
C03813,2025-03-16,E,normal,D03813,A03813,P03813
C03814,2025-01-14,S,normal,D03814,A03814,P03814
C03815,2025-01-01,NE,normal,D03815,A03815,P03815
C03816,2025-01-01,S,normal,D03816,A03816,P03816
C03817,2025-01-01,W,normal,D03817,A03817,P03817
C03818,2025-01-01,N,normal,D03818,A03818,P03818
C03819,2025-11-14,W,normal,D03819,A03819,P03819
C03820,2025-10-14,NE,normal,D03820,A03820,P03820
C03821,2025-01-01,W,normal,D03821,A03821,P03821
C03822,2025-10-27,S,normal,D03822,A03822,P03822
C03823,2025-01-01,W,normal,D03823,A03823,P03823
C03824,2025-01-01,N,normal,D03824,A03824,P03824
C03825,2025-01-01,E,normal,D03825,A03825,P03825
C03826,2025-01-01,S,normal,D03826,A03826,P03826
C03827,2025-01-01,E,normal,D03827,A03827,P03827
C03828,2025-05-04,S,frequent_legit,D03828,A03828,P03828
C03829,2025-04-21,N,normal,D03829,A03829,P03829
C03830,2025-01-01,N,normal,D03830,A03830,P03830
C03831,2025-09-17,N,normal,D03831,A03831,P03831
C03832,2025-01-01,S,normal,D03832,A03832,P03832
C03833,2025-01-01,W,normal,D03833,A03833,P03833
C03834,2025-01-01,W,normal,D03834,A03834,P03834
C03835,2025-01-01,W,normal,D03835,A03835,P03835
C03836,2025-05-29,W,normal,D03836,A03836,P03836
C03837,2025-01-01,S,normal,D03837,A03837,P03837
C03838,2025-12-08,S,normal,D03838,A03838,P03838
C03839,2025-01-01,S,normal,D03839,A03839,P03839
C03840,2025-01-01,N,normal,D03840,A03840,P03840
C03841,2025-01-01,E,normal,D03841,A03841,P03841
C03842,2025-10-14,W,normal,D03842,A03842,P03842
C03843,2025-01-01,E,normal,D03843,A03843,P03843
C03844,2025-01-01,W,frequent_legit,D03844,A03844,P03844
C03845,2025-01-01,N,normal,D03845,A03845,P03845
C03846,2025-01-01,W,normal,D03846,A03846,P03846
C03847,2025-01-01,N,normal,D03847,A03847,P03847
C03848,2025-02-05,W,normal,D03848,A03848,P03848
C03849,2025-01-01,N,normal,D03849,A03849,P03849
C03850,2025-01-01,S,normal,D03850,A03850,P03850
C03851,2025-11-13,S,normal,D03851,A03851,P03851
C03852,2025-01-01,N,normal,D03852,A03852,P03852
C03853,2025-01-01,S,normal,D03853,A03853,P03853
C03854,2025-02-05,N,normal,D03854,A03854,P03854
C03855,2025-01-01,E,normal,D03855,A03855,P03855
C03856,2025-01-01,W,normal,D03856,A03856,P03856
C03857,2025-01-01,S,normal,D03857,A03857,P03857
C03858,2025-07-25,S,normal,D03858,A03858,P03858
C03859,2025-01-01,W,normal,D03859,A03859,P03859
C03860,2025-01-01,S,normal,D03860,A03860,P03860
C03861,2025-01-01,W,normal,D03861,A03861,P03861
C03862,2025-01-01,S,normal,D03862,A03862,P03862
C03863,2025-01-01,S,normal,D03863,A03863,P03863
C03864,2025-01-01,N,frequent_legit,D03864,A03864,P03864
C03865,2025-01-01,N,normal,D03865,A03865,P03865
C03866,2025-01-01,E,normal,D03866,A03866,P03866
C03867,2025-01-01,W,normal,D03867,A03867,P03867
C03868,2025-06-06,N,normal,D03868,A03868,P03868
C03869,2025-01-02,W,normal,D03869,A03869,P03869
C03870,2025-04-16,S,normal,D03870,A03870,P03870
C03871,2025-01-01,S,normal,D03871,A03871,P03871
C03872,2025-01-01,W,normal,D03872,A03872,P03872
C03873,2025-10-12,W,normal,D03873,A03873,P03873
C03874,2025-01-01,S,coordinated,DCO0008,ACO0008,PCO0008
C03875,2025-03-24,N,normal,D03875,A03875,P03875
C03876,2025-01-01,N,normal,D03876,A03876,P03876
C03877,2025-11-25,N,frequent_legit,D03877,A03877,P03877
C03878,2025-01-01,W,normal,D03878,A03878,P03878
C03879,2025-01-01,S,normal,D03879,A03879,P03879
C03880,2025-01-01,E,normal,D03880,A03880,P03880
C03881,2025-01-01,N,frequent_legit,D03881,A03881,P03881
C03882,2025-01-01,S,normal,D03882,A03882,P03882
C03883,2025-01-01,S,normal,D03883,A03883,P03883
C03884,2025-01-01,S,abusive,D03884,A03884,P03884
C03885,2025-01-01,E,normal,D03885,A03885,P03885
C03886,2025-01-01,NE,abusive,D03886,A03886,P03886
C03887,2025-01-01,W,normal,D03887,A03887,P03887
C03888,2025-01-01,E,frequent_legit,D03888,A03888,P03888
C03889,2025-01-05,N,normal,D03889,A03889,P03889
C03890,2025-01-01,W,normal,D03890,A03890,P03890
C03891,2025-01-01,W,normal,D03891,A03891,P03891
C03892,2025-01-01,W,normal,D03892,A03892,P03892
C03893,2025-01-01,S,normal,D03893,A03893,P03893
C03894,2025-01-01,N,frequent_legit,D03894,A03894,P03894
C03895,2025-01-01,W,normal,D03895,A03895,P03895
C03896,2025-03-18,S,normal,D03896,A03896,P03896
C03897,2025-01-01,S,normal,D03897,A03897,P03897
C03898,2025-03-07,S,normal,D03898,A03898,P03898
C03899,2025-01-01,S,normal,D03899,A03899,P03899
C03900,2025-01-01,S,normal,D03900,A03900,P03900
C03901,2025-01-07,E,normal,D03901,A03901,P03901
C03902,2025-01-01,E,normal,D03902,A03902,P03902
C03903,2025-01-01,S,normal,D03903,A03903,P03903
C03904,2025-01-01,N,normal,D03904,A03904,P03904
C03905,2025-01-01,W,normal,D03905,A03905,P03905
C03906,2025-01-01,S,normal,D03906,A03906,P03906
C03907,2025-01-19,S,normal,D03907,A03907,P03907
C03908,2025-01-30,S,normal,D03908,A03908,P03908
C03909,2025-05-31,S,normal,D03909,A03909,P03909
C03910,2025-01-01,E,normal,D03910,A03910,P03910
C03911,2025-01-01,N,normal,D03911,A03911,P03911
C03912,2025-03-14,W,normal,D03912,A03912,P03912
C03913,2025-01-01,N,normal,D03913,A03913,P03913
C03914,2025-01-01,NE,normal,D03914,A03914,P03914
C03915,2025-01-01,E,normal,D03915,A03915,P03915
C03916,2025-01-01,N,normal,D03916,A03916,P03916
C03917,2025-02-27,E,normal,D03917,A03917,P03917
C03918,2025-01-01,S,normal,D03918,A03918,P03918
C03919,2025-01-01,NE,normal,D03919,A03919,P03919
C03920,2025-01-01,W,normal,D03920,A03920,P03920
C03921,2025-01-01,S,normal,D03921,A03921,P03921
C03922,2025-01-01,S,normal,D03922,A03922,P03922
C03923,2025-01-01,NE,frequent_legit,D03923,A03923,P03923
C03924,2025-01-01,E,normal,D03924,A03924,P03924
C03925,2025-01-01,S,normal,D03925,A03925,P03925
C03926,2025-01-01,S,normal,D03926,A03926,P03926
C03927,2025-11-17,S,normal,D03927,A03927,P03927
C03928,2025-01-01,E,normal,D03928,A03928,P03928
C03929,2025-01-01,E,frequent_legit,D03929,A03929,P03929
C03930,2025-09-08,W,normal,D03930,A03930,P03930
C03931,2025-01-01,S,normal,D03931,A03931,P03931
C03932,2025-01-01,E,normal,D03932,A03932,P03932
C03933,2025-01-01,S,normal,D03933,A03933,P03933
C03934,2025-01-01,W,normal,D03934,A03934,P03934
C03935,2025-01-01,S,normal,D03935,A03935,P03935
C03936,2025-05-10,W,normal,D03936,A03936,P03936
C03937,2025-01-01,S,normal,D03937,A03937,P03937
C03938,2025-01-01,E,normal,D03938,A03938,P03938
C03939,2025-01-31,W,normal,D03939,A03939,P03939
C03940,2025-01-01,W,normal,D03940,A03940,P03940
C03941,2025-01-01,S,normal,D03941,A03941,P03941
C03942,2025-09-09,E,normal,D03942,A03942,P03942
C03943,2025-04-18,N,normal,D03943,A03943,P03943
C03944,2025-01-01,N,normal,D03944,A03944,P03944
C03945,2025-01-01,W,normal,D03945,A03945,P03945
C03946,2025-01-01,W,normal,D03946,A03946,P03946
C03947,2025-01-01,N,normal,D03947,A03947,P03947
C03948,2025-01-01,NE,normal,D03948,A03948,P03948
C03949,2025-01-01,S,normal,D03949,A03949,P03949
C03950,2025-01-01,W,normal,D03950,A03950,P03950
C03951,2025-01-01,W,frequent_legit,D03951,A03951,P03951
C03952,2025-01-01,W,frequent_legit,D03952,A03952,P03952
C03953,2025-02-23,W,normal,D03953,A03953,P03953
C03954,2025-01-01,NE,normal,D03954,A03954,P03954
C03955,2025-07-23,E,normal,D03955,A03955,P03955
C03956,2025-01-01,N,abusive,D03956,A03956,P03956
C03957,2025-11-02,S,frequent_legit,D03957,A03957,P03957
C03958,2025-01-01,W,normal,D03958,A03958,P03958
C03959,2025-01-01,N,normal,D03959,A03959,P03959
C03960,2025-01-01,W,normal,D03960,A03960,P03960
C03961,2025-01-01,N,normal,D03961,A03961,P03961
C03962,2025-01-01,W,normal,D03962,A03962,P03962
C03963,2025-01-01,S,normal,D03963,A03963,P03963
C03964,2025-01-01,W,normal,D03964,A03964,P03964
C03965,2025-01-01,NE,normal,D03965,A03965,P03965
C03966,2025-01-01,S,normal,D03966,A03966,P03966
C03967,2025-01-01,E,normal,D03967,A03967,P03967
C03968,2025-01-01,N,normal,D03968,A03968,P03968
C03969,2025-07-31,W,normal,D03969,A03969,P03969
C03970,2025-01-01,W,frequent_legit,D03970,A03970,P03970
C03971,2025-03-09,S,normal,D03971,A03971,P03971
C03972,2025-01-01,N,normal,D03972,A03972,P03972
C03973,2025-10-31,S,normal,D03973,A03973,P03973
C03974,2025-01-01,N,normal,D03974,A03974,P03974
C03975,2025-04-15,W,normal,D03975,A03975,P03975
C03976,2025-03-24,N,normal,D03976,A03976,P03976
C03977,2025-01-01,NE,normal,D03977,A03977,P03977
C03978,2025-07-26,NE,normal,D03978,A03978,P03978
C03979,2025-08-03,W,normal,D03979,A03979,P03979
C03980,2025-01-01,E,normal,D03980,A03980,P03980
C03981,2025-09-02,N,normal,D03981,A03981,P03981
C03982,2025-01-01,W,normal,D03982,A03982,P03982
C03983,2025-05-21,E,normal,D03983,A03983,P03983
C03984,2025-07-18,NE,normal,D03984,A03984,P03984
C03985,2025-01-01,S,normal,D03985,A03985,P03985
C03986,2025-01-01,N,normal,D03986,A03986,P03986
C03987,2025-11-13,NE,normal,D03987,A03987,P03987
C03988,2025-01-01,W,coordinated,DCO0008,ACO0008,PCO0008
C03989,2025-01-01,N,coordinated,DCO0009,ACO0009,PCO0009
C03990,2025-01-01,W,abusive,D03990,A03990,P03990
C03991,2025-01-01,N,normal,D03991,A03991,P03991
C03992,2025-01-01,S,normal,D03992,A03992,P03992
C03993,2025-01-01,S,normal,D03993,A03993,P03993
C03994,2025-01-01,S,normal,D03994,A03994,P03994
C03995,2025-01-01,N,normal,D03995,A03995,P03995
C03996,2025-01-01,N,normal,D03996,A03996,P03996
C03997,2025-01-01,S,normal,D03997,A03997,P03997
C03998,2025-01-01,N,normal,D03998,A03998,P03998
C03999,2025-01-01,S,normal,D03999,A03999,P03999
C04000,2025-01-01,E,normal,D04000,A04000,P04000
C04001,2025-01-01,E,normal,D04001,A04001,P04001
C04002,2025-08-31,E,normal,D04002,A04002,P04002
C04003,2025-01-01,N,normal,D04003,A04003,P04003
C04004,2025-08-03,N,normal,D04004,A04004,P04004
C04005,2025-01-01,W,normal,D04005,A04005,P04005
C04006,2025-01-01,W,normal,D04006,A04006,P04006
C04007,2025-10-30,NE,normal,D04007,A04007,P04007
C04008,2025-01-01,NE,normal,D04008,A04008,P04008
C04009,2025-01-01,E,normal,D04009,A04009,P04009
C04010,2025-01-01,W,normal,D04010,A04010,P04010
C04011,2025-01-01,S,normal,D04011,A04011,P04011
C04012,2025-01-01,W,frequent_legit,D04012,A04012,P04012
C04013,2025-01-01,NE,normal,D04013,A04013,P04013
C04014,2025-01-01,W,normal,D04014,A04014,P04014
C04015,2025-01-01,S,normal,D04015,A04015,P04015
C04016,2025-05-28,S,normal,D04016,A04016,P04016
C04017,2025-01-01,S,normal,D04017,A04017,P04017
C04018,2025-01-01,S,normal,D04018,A04018,P04018
C04019,2025-01-01,W,normal,D04019,A04019,P04019
C04020,2025-01-01,E,normal,D04020,A04020,P04020
C04021,2025-01-01,N,normal,D04021,A04021,P04021
C04022,2025-09-05,E,normal,D04022,A04022,P04022
C04023,2025-01-01,S,frequent_legit,D04023,A04023,P04023
C04024,2025-01-01,S,normal,D04024,A04024,P04024
C04025,2025-01-01,S,frequent_legit,D04025,A04025,P04025
C04026,2025-01-01,S,normal,D04026,A04026,P04026
C04027,2025-01-01,W,normal,D04027,A04027,P04027
C04028,2025-01-01,W,normal,D04028,A04028,P04028
C04029,2025-01-01,W,frequent_legit,D04029,A04029,P04029
C04030,2025-01-01,S,normal,D04030,A04030,P04030
C04031,2025-01-01,E,normal,D04031,A04031,P04031
C04032,2025-01-01,N,normal,D04032,A04032,P04032
C04033,2025-08-17,S,normal,D04033,A04033,P04033
C04034,2025-01-01,E,normal,D04034,A04034,P04034
C04035,2025-01-01,E,normal,D04035,A04035,P04035
C04036,2025-01-01,W,normal,D04036,A04036,P04036
C04037,2025-01-01,S,normal,D04037,A04037,P04037
C04038,2025-01-01,W,normal,D04038,A04038,P04038
C04039,2025-01-01,S,normal,D04039,A04039,P04039
C04040,2025-01-01,S,normal,D04040,A04040,P04040
C04041,2025-10-31,W,normal,D04041,A04041,P04041
C04042,2025-01-01,W,normal,D04042,A04042,P04042
C04043,2025-08-31,W,frequent_legit,D04043,A04043,P04043
C04044,2025-04-14,W,normal,D04044,A04044,P04044
C04045,2025-01-01,N,normal,D04045,A04045,P04045
C04046,2025-06-19,NE,normal,D04046,A04046,P04046
C04047,2025-01-01,W,normal,D04047,A04047,P04047
C04048,2025-01-01,S,normal,D04048,A04048,P04048
C04049,2025-01-01,N,normal,D04049,A04049,P04049
C04050,2025-01-01,S,frequent_legit,D04050,A04050,P04050
C04051,2025-01-21,W,normal,D04051,A04051,P04051
C04052,2025-05-22,NE,normal,D04052,A04052,P04052
C04053,2025-01-01,W,normal,D04053,A04053,P04053
C04054,2025-01-01,S,normal,D04054,A04054,P04054
C04055,2025-01-01,N,normal,D04055,A04055,P04055
C04056,2025-02-07,S,normal,D04056,A04056,P04056
C04057,2025-01-01,S,frequent_legit,D04057,A04057,P04057
C04058,2025-01-01,N,normal,D04058,A04058,P04058
C04059,2025-01-01,N,normal,D04059,A04059,P04059
C04060,2025-01-01,N,frequent_legit,D04060,A04060,P04060
C04061,2025-01-01,N,normal,D04061,A04061,P04061
C04062,2025-01-01,W,normal,D04062,A04062,P04062
C04063,2025-01-01,S,normal,D04063,A04063,P04063
C04064,2025-04-30,S,normal,D04064,A04064,P04064
C04065,2025-01-01,E,normal,D04065,A04065,P04065
C04066,2025-04-17,NE,normal,D04066,A04066,P04066
C04067,2025-01-01,W,normal,D04067,A04067,P04067
C04068,2025-01-01,E,frequent_legit,D04068,A04068,P04068
C04069,2025-01-01,W,normal,D04069,A04069,P04069
C04070,2025-01-01,E,normal,D04070,A04070,P04070
C04071,2025-01-01,E,normal,D04071,A04071,P04071
C04072,2025-01-01,S,normal,D04072,A04072,P04072
C04073,2025-01-01,E,normal,D04073,A04073,P04073
C04074,2025-01-01,S,normal,D04074,A04074,P04074
C04075,2025-01-01,S,normal,D04075,A04075,P04075
C04076,2025-01-01,N,normal,D04076,A04076,P04076
C04077,2025-01-01,S,normal,D04077,A04077,P04077
C04078,2025-01-01,S,normal,D04078,A04078,P04078
C04079,2025-01-01,E,normal,D04079,A04079,P04079
C04080,2025-01-01,S,normal,D04080,A04080,P04080
C04081,2025-01-01,N,normal,D04081,A04081,P04081
C04082,2025-01-01,S,normal,D04082,A04082,P04082
C04083,2025-01-01,S,normal,D04083,A04083,P04083
C04084,2025-01-01,E,normal,D04084,A04084,P04084
C04085,2025-01-01,S,frequent_legit,D04085,A04085,P04085
C04086,2025-01-01,N,normal,D04086,A04086,P04086
C04087,2025-11-10,N,normal,D04087,A04087,P04087
C04088,2025-01-01,S,normal,D04088,A04088,P04088
C04089,2025-01-01,N,normal,D04089,A04089,P04089
C04090,2025-01-01,S,normal,D04090,A04090,P04090
C04091,2025-07-29,E,normal,D04091,A04091,P04091
C04092,2025-01-01,W,normal,D04092,A04092,P04092
C04093,2025-01-01,E,normal,D04093,A04093,P04093
C04094,2025-01-01,N,normal,D04094,A04094,P04094
C04095,2025-01-01,S,normal,D04095,A04095,P04095
C04096,2025-01-01,W,normal,D04096,A04096,P04096
C04097,2025-01-01,N,normal,D04097,A04097,P04097
C04098,2025-02-07,W,normal,D04098,A04098,P04098
C04099,2025-01-01,S,frequent_legit,D04099,A04099,P04099
C04100,2025-01-01,N,normal,D04100,A04100,P04100
C04101,2025-01-01,N,normal,D04101,A04101,P04101
C04102,2025-07-24,W,normal,D04102,A04102,P04102
C04103,2025-01-01,NE,normal,D04103,A04103,P04103
C04104,2025-01-01,W,frequent_legit,D04104,A04104,P04104
C04105,2025-01-01,S,normal,D04105,A04105,P04105
C04106,2025-07-06,W,normal,D04106,A04106,P04106
C04107,2025-01-01,N,normal,D04107,A04107,P04107
C04108,2025-01-01,S,frequent_legit,D04108,A04108,P04108
C04109,2025-01-01,E,normal,D04109,A04109,P04109
C04110,2025-01-01,NE,normal,D04110,A04110,P04110
C04111,2025-05-20,S,normal,D04111,A04111,P04111
C04112,2025-01-01,S,normal,D04112,A04112,P04112
C04113,2025-01-01,N,normal,D04113,A04113,P04113
C04114,2025-01-01,S,normal,D04114,A04114,P04114
C04115,2025-01-01,N,normal,D04115,A04115,P04115
C04116,2025-01-01,W,normal,D04116,A04116,P04116
C04117,2025-01-01,N,normal,D04117,A04117,P04117
C04118,2025-01-01,E,normal,D04118,A04118,P04118
C04119,2025-01-01,N,normal,D04119,A04119,P04119
C04120,2025-01-01,S,frequent_legit,D04120,A04120,P04120
C04121,2025-01-01,S,normal,D04121,A04121,P04121
C04122,2025-01-01,S,normal,D04122,A04122,P04122
C04123,2025-01-01,S,normal,D04123,A04123,P04123
C04124,2025-01-01,E,coordinated,DCO0009,ACO0009,PCO0009
C04125,2025-01-01,NE,normal,D04125,A04125,P04125
C04126,2025-01-01,S,normal,D04126,A04126,P04126
C04127,2025-01-27,E,normal,D04127,A04127,P04127
C04128,2025-01-01,W,normal,D04128,A04128,P04128
C04129,2025-01-01,S,frequent_legit,D04129,A04129,P04129
C04130,2025-06-09,W,normal,D04130,A04130,P04130
C04131,2025-01-01,NE,normal,D04131,A04131,P04131
C04132,2025-01-01,W,normal,D04132,A04132,P04132
C04133,2025-01-01,E,normal,D04133,A04133,P04133
C04134,2025-01-01,W,normal,D04134,A04134,P04134
C04135,2025-01-01,S,normal,D04135,A04135,P04135
C04136,2025-01-01,E,normal,D04136,A04136,P04136
C04137,2025-03-14,NE,normal,D04137,A04137,P04137
C04138,2025-01-01,N,normal,D04138,A04138,P04138
C04139,2025-01-01,W,normal,D04139,A04139,P04139
C04140,2025-01-01,S,normal,D04140,A04140,P04140
C04141,2025-01-01,N,normal,D04141,A04141,P04141
C04142,2025-01-01,E,normal,D04142,A04142,P04142
C04143,2025-05-19,W,normal,D04143,A04143,P04143
C04144,2025-01-01,E,normal,D04144,A04144,P04144
C04145,2025-01-01,W,normal,D04145,A04145,P04145
C04146,2025-01-01,S,normal,D04146,A04146,P04146
C04147,2025-01-01,W,normal,D04147,A04147,P04147
C04148,2025-01-01,E,normal,D04148,A04148,P04148
C04149,2025-01-01,W,normal,D04149,A04149,P04149
C04150,2025-01-01,N,normal,D04150,A04150,P04150
C04151,2025-01-01,S,normal,D04151,A04151,P04151
C04152,2025-01-01,W,normal,D04152,A04152,P04152
C04153,2025-01-01,N,normal,D04153,A04153,P04153
C04154,2025-01-01,S,normal,D04154,A04154,P04154
C04155,2025-01-01,W,normal,D04155,A04155,P04155
C04156,2025-01-01,W,frequent_legit,D04156,A04156,P04156
C04157,2025-01-01,W,normal,D04157,A04157,P04157
C04158,2025-01-01,W,normal,D04158,A04158,P04158
C04159,2025-01-01,NE,normal,D04159,A04159,P04159
C04160,2025-10-14,S,normal,D04160,A04160,P04160
C04161,2025-01-01,E,normal,D04161,A04161,P04161
C04162,2025-01-01,W,normal,D04162,A04162,P04162
C04163,2025-05-11,E,normal,D04163,A04163,P04163
C04164,2025-01-01,N,normal,D04164,A04164,P04164
C04165,2025-01-01,S,normal,D04165,A04165,P04165
C04166,2025-01-01,S,normal,D04166,A04166,P04166
C04167,2025-01-01,W,normal,D04167,A04167,P04167
C04168,2025-01-09,S,normal,D04168,A04168,P04168
C04169,2025-01-01,W,normal,D04169,A04169,P04169
C04170,2025-01-01,W,frequent_legit,D04170,A04170,P04170
C04171,2025-01-01,N,normal,D04171,A04171,P04171
C04172,2025-01-01,E,coordinated,DCO0009,ACO0009,PCO0009
C04173,2025-01-01,S,normal,D04173,A04173,P04173
C04174,2025-02-11,N,normal,D04174,A04174,P04174
C04175,2025-06-07,S,normal,D04175,A04175,P04175
C04176,2025-01-01,S,normal,D04176,A04176,P04176
C04177,2025-01-01,W,abusive,D04177,A04177,P04177
C04178,2025-01-01,S,normal,D04178,A04178,P04178
C04179,2025-01-01,N,normal,D04179,A04179,P04179
C04180,2025-07-05,S,normal,D04180,A04180,P04180
C04181,2025-01-01,W,normal,D04181,A04181,P04181
C04182,2025-11-27,E,normal,D04182,A04182,P04182
C04183,2025-01-01,S,normal,D04183,A04183,P04183
C04184,2025-01-01,W,frequent_legit,D04184,A04184,P04184
C04185,2025-01-01,N,normal,D04185,A04185,P04185
C04186,2025-01-01,S,normal,D04186,A04186,P04186
C04187,2025-01-01,S,normal,D04187,A04187,P04187
C04188,2025-01-01,W,normal,D04188,A04188,P04188
C04189,2025-01-01,W,normal,D04189,A04189,P04189
C04190,2025-07-12,N,normal,D04190,A04190,P04190
C04191,2025-01-01,W,normal,D04191,A04191,P04191
C04192,2025-01-01,W,normal,D04192,A04192,P04192
C04193,2025-01-01,W,normal,D04193,A04193,P04193
C04194,2025-01-01,W,normal,D04194,A04194,P04194
C04195,2025-01-01,W,normal,D04195,A04195,P04195
C04196,2025-07-16,N,normal,D04196,A04196,P04196
C04197,2025-01-01,S,normal,D04197,A04197,P04197
C04198,2025-01-01,W,normal,D04198,A04198,P04198
C04199,2025-05-31,E,normal,D04199,A04199,P04199
C04200,2025-01-01,S,normal,D04200,A04200,P04200
C04201,2025-01-01,W,normal,D04201,A04201,P04201
C04202,2025-01-01,W,normal,D04202,A04202,P04202
C04203,2025-08-01,W,normal,D04203,A04203,P04203
C04204,2025-03-29,W,normal,D04204,A04204,P04204
C04205,2025-01-01,N,normal,D04205,A04205,P04205
C04206,2025-03-11,W,normal,D04206,A04206,P04206
C04207,2025-01-01,NE,normal,D04207,A04207,P04207
C04208,2025-01-01,N,normal,D04208,A04208,P04208
C04209,2025-02-23,N,normal,D04209,A04209,P04209
C04210,2025-09-29,W,normal,D04210,A04210,P04210
C04211,2025-01-01,S,normal,D04211,A04211,P04211
C04212,2025-01-01,N,normal,D04212,A04212,P04212
C04213,2025-01-01,N,normal,D04213,A04213,P04213
C04214,2025-01-01,S,normal,D04214,A04214,P04214
C04215,2025-09-02,S,normal,D04215,A04215,P04215
C04216,2025-01-01,W,normal,D04216,A04216,P04216
C04217,2025-01-01,E,normal,D04217,A04217,P04217
C04218,2025-01-01,W,abusive,D04218,A04218,P04218
C04219,2025-01-01,N,normal,D04219,A04219,P04219
C04220,2025-01-01,S,normal,D04220,A04220,P04220
C04221,2025-01-01,S,normal,D04221,A04221,P04221
C04222,2025-01-01,W,normal,D04222,A04222,P04222
C04223,2025-01-01,NE,normal,D04223,A04223,P04223
C04224,2025-06-22,S,normal,D04224,A04224,P04224
C04225,2025-10-07,NE,normal,D04225,A04225,P04225
C04226,2025-01-01,N,normal,D04226,A04226,P04226
C04227,2025-01-01,S,normal,D04227,A04227,P04227
C04228,2025-10-17,W,normal,D04228,A04228,P04228
C04229,2025-01-01,S,normal,D04229,A04229,P04229
C04230,2025-01-01,W,abusive,D04230,A04230,P04230
C04231,2025-01-01,N,normal,D04231,A04231,P04231
C04232,2025-01-01,W,normal,D04232,A04232,P04232
C04233,2025-01-01,N,normal,D04233,A04233,P04233
C04234,2025-01-01,N,normal,D04234,A04234,P04234
C04235,2025-01-01,S,normal,D04235,A04235,P04235
C04236,2025-01-01,NE,normal,D04236,A04236,P04236
C04237,2025-01-01,E,normal,D04237,A04237,P04237
C04238,2025-01-01,E,normal,D04238,A04238,P04238
C04239,2025-01-01,N,normal,D04239,A04239,P04239
C04240,2025-04-26,N,normal,D04240,A04240,P04240
C04241,2025-01-01,N,normal,D04241,A04241,P04241
C04242,2025-01-01,W,normal,D04242,A04242,P04242
C04243,2025-01-01,N,normal,D04243,A04243,P04243
C04244,2025-09-26,S,normal,D04244,A04244,P04244
C04245,2025-01-01,E,normal,D04245,A04245,P04245
C04246,2025-01-01,E,normal,D04246,A04246,P04246
C04247,2025-07-13,S,normal,D04247,A04247,P04247
C04248,2025-01-01,N,normal,D04248,A04248,P04248
C04249,2025-01-01,S,normal,D04249,A04249,P04249
C04250,2025-01-01,W,normal,D04250,A04250,P04250
C04251,2025-01-11,N,normal,D04251,A04251,P04251
C04252,2025-08-09,E,normal,D04252,A04252,P04252
C04253,2025-07-22,N,normal,D04253,A04253,P04253
C04254,2025-01-01,W,normal,D04254,A04254,P04254
C04255,2025-01-01,NE,normal,D04255,A04255,P04255
C04256,2025-01-01,N,normal,D04256,A04256,P04256
C04257,2025-01-01,S,normal,D04257,A04257,P04257
C04258,2025-01-01,S,frequent_legit,D04258,A04258,P04258
C04259,2025-01-01,W,normal,D04259,A04259,P04259
C04260,2025-01-01,S,frequent_legit,D04260,A04260,P04260
C04261,2025-01-01,E,normal,D04261,A04261,P04261
C04262,2025-01-01,N,normal,D04262,A04262,P04262
C04263,2025-01-01,N,normal,D04263,A04263,P04263
C04264,2025-01-01,E,normal,D04264,A04264,P04264
C04265,2025-01-01,E,normal,D04265,A04265,P04265
C04266,2025-10-05,W,normal,D04266,A04266,P04266
C04267,2025-03-19,W,normal,D04267,A04267,P04267
C04268,2025-01-01,E,normal,D04268,A04268,P04268
C04269,2025-01-04,S,normal,D04269,A04269,P04269
C04270,2025-01-01,W,coordinated,DCO0009,ACO0009,PCO0009
C04271,2025-06-18,W,normal,D04271,A04271,P04271
C04272,2025-01-01,W,normal,D04272,A04272,P04272
C04273,2025-01-01,NE,normal,D04273,A04273,P04273
C04274,2025-01-01,S,normal,D04274,A04274,P04274
C04275,2025-05-04,E,normal,D04275,A04275,P04275
C04276,2025-11-07,E,normal,D04276,A04276,P04276
C04277,2025-01-01,N,normal,D04277,A04277,P04277
C04278,2025-06-17,E,normal,D04278,A04278,P04278
C04279,2025-01-01,S,normal,D04279,A04279,P04279
C04280,2025-01-01,S,normal,D04280,A04280,P04280
C04281,2025-01-01,N,normal,D04281,A04281,P04281
C04282,2025-01-01,W,normal,D04282,A04282,P04282
C04283,2025-01-01,E,normal,D04283,A04283,P04283
C04284,2025-01-01,S,normal,D04284,A04284,P04284
C04285,2025-01-01,N,normal,D04285,A04285,P04285
C04286,2025-10-13,S,frequent_legit,D04286,A04286,P04286
C04287,2025-01-01,N,normal,D04287,A04287,P04287
C04288,2025-01-01,S,coordinated,DCO0009,ACO0009,PCO0009
C04289,2025-01-01,S,normal,D04289,A04289,P04289
C04290,2025-01-01,W,normal,D04290,A04290,P04290
C04291,2025-01-01,S,normal,D04291,A04291,P04291
C04292,2025-01-01,E,normal,D04292,A04292,P04292
C04293,2025-01-01,W,normal,D04293,A04293,P04293
C04294,2025-01-01,S,normal,D04294,A04294,P04294
C04295,2025-11-20,W,normal,D04295,A04295,P04295
C04296,2025-01-01,N,normal,D04296,A04296,P04296
C04297,2025-01-01,S,normal,D04297,A04297,P04297
C04298,2025-01-01,N,normal,D04298,A04298,P04298
C04299,2025-01-01,E,normal,D04299,A04299,P04299
C04300,2025-01-01,NE,normal,D04300,A04300,P04300
C04301,2025-01-01,E,normal,D04301,A04301,P04301
C04302,2025-01-01,E,coordinated,DCO0010,ACO0010,PCO0010
C04303,2025-01-01,N,normal,D04303,A04303,P04303
C04304,2025-01-01,W,normal,D04304,A04304,P04304
C04305,2025-01-01,S,normal,D04305,A04305,P04305
C04306,2025-01-01,N,normal,D04306,A04306,P04306
C04307,2025-01-01,NE,normal,D04307,A04307,P04307
C04308,2025-01-01,S,frequent_legit,D04308,A04308,P04308
C04309,2025-01-01,S,normal,D04309,A04309,P04309
C04310,2025-01-01,N,normal,D04310,A04310,P04310
C04311,2025-01-01,N,normal,D04311,A04311,P04311
C04312,2025-01-01,W,normal,D04312,A04312,P04312
C04313,2025-12-15,S,normal,D04313,A04313,P04313
C04314,2025-01-01,NE,normal,D04314,A04314,P04314
C04315,2025-01-01,N,normal,D04315,A04315,P04315
C04316,2025-01-01,E,frequent_legit,D04316,A04316,P04316
C04317,2025-05-20,E,normal,D04317,A04317,P04317
C04318,2025-10-14,E,normal,D04318,A04318,P04318
C04319,2025-01-01,S,normal,D04319,A04319,P04319
C04320,2025-06-25,E,normal,D04320,A04320,P04320
C04321,2025-04-03,E,normal,D04321,A04321,P04321
C04322,2025-01-01,W,normal,D04322,A04322,P04322
C04323,2025-01-01,S,normal,D04323,A04323,P04323
C04324,2025-11-15,S,normal,D04324,A04324,P04324
C04325,2025-05-06,E,normal,D04325,A04325,P04325
C04326,2025-01-01,S,normal,D04326,A04326,P04326
C04327,2025-01-01,N,normal,D04327,A04327,P04327
C04328,2025-06-26,NE,normal,D04328,A04328,P04328
C04329,2025-01-01,N,frequent_legit,D04329,A04329,P04329
C04330,2025-01-07,N,normal,D04330,A04330,P04330
C04331,2025-01-01,E,frequent_legit,D04331,A04331,P04331
C04332,2025-01-01,N,normal,D04332,A04332,P04332
C04333,2025-01-01,N,normal,D04333,A04333,P04333
C04334,2025-08-20,N,normal,D04334,A04334,P04334
C04335,2025-01-01,N,normal,D04335,A04335,P04335
C04336,2025-01-01,S,normal,D04336,A04336,P04336
C04337,2025-01-01,W,normal,D04337,A04337,P04337
C04338,2025-01-01,S,normal,D04338,A04338,P04338
C04339,2025-01-01,S,normal,D04339,A04339,P04339
C04340,2025-01-01,E,normal,D04340,A04340,P04340
C04341,2025-01-01,S,normal,D04341,A04341,P04341
C04342,2025-01-01,S,normal,D04342,A04342,P04342
C04343,2025-01-01,S,normal,D04343,A04343,P04343
C04344,2025-09-24,S,normal,D04344,A04344,P04344
C04345,2025-01-01,S,frequent_legit,D04345,A04345,P04345
C04346,2025-01-01,N,normal,D04346,A04346,P04346
C04347,2025-10-29,W,normal,D04347,A04347,P04347
C04348,2025-01-01,NE,normal,D04348,A04348,P04348
C04349,2025-10-19,W,normal,D04349,A04349,P04349
C04350,2025-01-01,N,normal,D04350,A04350,P04350
C04351,2025-08-06,W,normal,D04351,A04351,P04351
C04352,2025-01-01,E,normal,D04352,A04352,P04352
C04353,2025-01-01,N,normal,D04353,A04353,P04353
C04354,2025-05-01,W,normal,D04354,A04354,P04354
C04355,2025-04-15,W,normal,D04355,A04355,P04355
C04356,2025-01-01,N,frequent_legit,D04356,A04356,P04356
C04357,2025-02-05,NE,normal,D04357,A04357,P04357
C04358,2025-05-31,N,normal,D04358,A04358,P04358
C04359,2025-01-01,S,normal,D04359,A04359,P04359
C04360,2025-01-01,N,normal,D04360,A04360,P04360
C04361,2025-01-01,N,normal,D04361,A04361,P04361
C04362,2025-02-28,NE,normal,D04362,A04362,P04362
C04363,2025-01-01,E,abusive,D04363,A04363,P04363
C04364,2025-01-01,N,normal,D04364,A04364,P04364
C04365,2025-01-01,W,normal,D04365,A04365,P04365
C04366,2025-10-27,W,normal,D04366,A04366,P04366
C04367,2025-01-16,W,normal,D04367,A04367,P04367
C04368,2025-05-08,W,normal,D04368,A04368,P04368
C04369,2025-01-01,W,normal,D04369,A04369,P04369
C04370,2025-01-01,E,normal,D04370,A04370,P04370
C04371,2025-09-09,S,normal,D04371,A04371,P04371
C04372,2025-01-01,W,normal,D04372,A04372,P04372
C04373,2025-01-01,N,normal,D04373,A04373,P04373
C04374,2025-02-28,N,normal,D04374,A04374,P04374
C04375,2025-01-01,S,normal,D04375,A04375,P04375
C04376,2025-01-01,S,normal,D04376,A04376,P04376
C04377,2025-01-01,E,normal,D04377,A04377,P04377
C04378,2025-01-01,W,normal,D04378,A04378,P04378
C04379,2025-01-01,S,normal,D04379,A04379,P04379
C04380,2025-01-01,S,normal,D04380,A04380,P04380
C04381,2025-01-01,S,normal,D04381,A04381,P04381
C04382,2025-01-01,E,normal,D04382,A04382,P04382
C04383,2025-01-01,N,normal,D04383,A04383,P04383
C04384,2025-01-01,N,normal,D04384,A04384,P04384
C04385,2025-12-02,E,frequent_legit,D04385,A04385,P04385
C04386,2025-01-01,S,normal,D04386,A04386,P04386
C04387,2025-08-07,S,normal,D04387,A04387,P04387
C04388,2025-01-01,S,normal,D04388,A04388,P04388
C04389,2025-12-17,N,normal,D04389,A04389,P04389
C04390,2025-08-23,E,normal,D04390,A04390,P04390
C04391,2025-01-01,S,normal,D04391,A04391,P04391
C04392,2025-11-05,S,normal,D04392,A04392,P04392
C04393,2025-01-01,W,normal,D04393,A04393,P04393
C04394,2025-01-01,W,normal,D04394,A04394,P04394
C04395,2025-04-14,N,normal,D04395,A04395,P04395
C04396,2025-01-01,E,normal,D04396,A04396,P04396
C04397,2025-07-05,N,normal,D04397,A04397,P04397
C04398,2025-01-01,N,normal,D04398,A04398,P04398
C04399,2025-01-01,E,normal,D04399,A04399,P04399
C04400,2025-01-01,N,normal,D04400,A04400,P04400
C04401,2025-01-01,S,normal,D04401,A04401,P04401
C04402,2025-01-01,W,normal,D04402,A04402,P04402
C04403,2025-01-01,W,normal,D04403,A04403,P04403
C04404,2025-06-08,W,normal,D04404,A04404,P04404
C04405,2025-03-08,W,normal,D04405,A04405,P04405
C04406,2025-01-01,S,frequent_legit,D04406,A04406,P04406
C04407,2025-01-01,E,normal,D04407,A04407,P04407
C04408,2025-01-01,S,normal,D04408,A04408,P04408
C04409,2025-05-15,E,normal,D04409,A04409,P04409
C04410,2025-06-03,S,normal,D04410,A04410,P04410
C04411,2025-01-01,N,normal,D04411,A04411,P04411
C04412,2025-01-01,N,normal,D04412,A04412,P04412
C04413,2025-01-01,W,normal,D04413,A04413,P04413
C04414,2025-01-01,N,normal,D04414,A04414,P04414
C04415,2025-01-01,E,normal,D04415,A04415,P04415
C04416,2025-01-01,W,normal,D04416,A04416,P04416
C04417,2025-10-24,W,normal,D04417,A04417,P04417
C04418,2025-09-12,S,normal,D04418,A04418,P04418
C04419,2025-01-01,N,normal,D04419,A04419,P04419
C04420,2025-01-01,W,normal,D04420,A04420,P04420
C04421,2025-01-01,E,normal,D04421,A04421,P04421
C04422,2025-01-01,S,normal,D04422,A04422,P04422
C04423,2025-01-01,NE,normal,D04423,A04423,P04423
C04424,2025-05-29,N,normal,D04424,A04424,P04424
C04425,2025-01-20,S,normal,D04425,A04425,P04425
C04426,2025-04-29,N,normal,D04426,A04426,P04426
C04427,2025-01-01,N,normal,D04427,A04427,P04427
C04428,2025-01-01,S,normal,D04428,A04428,P04428
C04429,2025-04-22,E,normal,D04429,A04429,P04429
C04430,2025-02-09,S,normal,D04430,A04430,P04430
C04431,2025-01-01,E,frequent_legit,D04431,A04431,P04431
C04432,2025-01-01,W,normal,D04432,A04432,P04432
C04433,2025-01-01,W,normal,D04433,A04433,P04433
C04434,2025-02-21,N,normal,D04434,A04434,P04434
C04435,2025-01-01,W,normal,D04435,A04435,P04435
C04436,2025-08-21,N,normal,D04436,A04436,P04436
C04437,2025-01-01,E,normal,D04437,A04437,P04437
C04438,2025-01-01,S,normal,D04438,A04438,P04438
C04439,2025-01-01,E,normal,D04439,A04439,P04439
C04440,2025-01-01,N,normal,D04440,A04440,P04440
C04441,2025-01-01,E,normal,D04441,A04441,P04441
C04442,2025-01-01,N,normal,D04442,A04442,P04442
C04443,2025-01-01,N,frequent_legit,D04443,A04443,P04443
C04444,2025-01-04,E,normal,D04444,A04444,P04444
C04445,2025-09-29,S,normal,D04445,A04445,P04445
C04446,2025-01-01,E,normal,D04446,A04446,P04446
C04447,2025-10-05,E,normal,D04447,A04447,P04447
C04448,2025-03-08,E,normal,D04448,A04448,P04448
C04449,2025-01-01,W,normal,D04449,A04449,P04449
C04450,2025-01-01,W,normal,D04450,A04450,P04450
C04451,2025-01-01,W,abusive,D04451,A04451,P04451
C04452,2025-09-13,N,normal,D04452,A04452,P04452
C04453,2025-02-04,E,normal,D04453,A04453,P04453
C04454,2025-01-01,W,normal,D04454,A04454,P04454
C04455,2025-01-01,N,normal,D04455,A04455,P04455
C04456,2025-01-01,N,normal,D04456,A04456,P04456
C04457,2025-11-05,N,normal,D04457,A04457,P04457
C04458,2025-01-01,E,normal,D04458,A04458,P04458
C04459,2025-01-01,S,normal,D04459,A04459,P04459
C04460,2025-01-01,E,normal,D04460,A04460,P04460
C04461,2025-01-01,E,normal,D04461,A04461,P04461
C04462,2025-01-01,E,normal,D04462,A04462,P04462
C04463,2025-01-01,N,frequent_legit,D04463,A04463,P04463
C04464,2025-10-28,W,normal,D04464,A04464,P04464
C04465,2025-01-01,E,normal,D04465,A04465,P04465
C04466,2025-05-30,N,normal,D04466,A04466,P04466
C04467,2025-01-01,N,normal,D04467,A04467,P04467
C04468,2025-01-01,S,coordinated,DCO0010,ACO0010,PCO0010
C04469,2025-01-01,W,normal,D04469,A04469,P04469
C04470,2025-01-01,S,frequent_legit,D04470,A04470,P04470
C04471,2025-01-01,N,normal,D04471,A04471,P04471
C04472,2025-11-17,N,normal,D04472,A04472,P04472
C04473,2025-01-01,N,normal,D04473,A04473,P04473
C04474,2025-01-01,S,normal,D04474,A04474,P04474
C04475,2025-04-12,W,normal,D04475,A04475,P04475
C04476,2025-09-22,S,normal,D04476,A04476,P04476
C04477,2025-01-01,W,normal,D04477,A04477,P04477
C04478,2025-01-01,N,normal,D04478,A04478,P04478
C04479,2025-05-24,S,abusive,D04479,A04479,P04479
C04480,2025-01-01,W,normal,D04480,A04480,P04480
C04481,2025-01-01,E,normal,D04481,A04481,P04481
C04482,2025-04-17,W,normal,D04482,A04482,P04482
C04483,2025-01-01,N,normal,D04483,A04483,P04483
C04484,2025-01-01,S,normal,D04484,A04484,P04484
C04485,2025-03-15,E,normal,D04485,A04485,P04485
C04486,2025-01-01,N,normal,D04486,A04486,P04486
C04487,2025-01-01,W,normal,D04487,A04487,P04487
C04488,2025-01-01,S,normal,D04488,A04488,P04488
C04489,2025-01-01,N,normal,D04489,A04489,P04489
C04490,2025-01-01,W,normal,D04490,A04490,P04490
C04491,2025-01-01,E,normal,D04491,A04491,P04491
C04492,2025-01-01,W,coordinated,DCO0010,ACO0010,PCO0010
C04493,2025-06-30,W,normal,D04493,A04493,P04493
C04494,2025-01-01,N,normal,D04494,A04494,P04494
C04495,2025-01-01,E,normal,D04495,A04495,P04495
C04496,2025-01-01,NE,normal,D04496,A04496,P04496
C04497,2025-01-01,N,normal,D04497,A04497,P04497
C04498,2025-01-01,S,normal,D04498,A04498,P04498
C04499,2025-01-01,W,normal,D04499,A04499,P04499
C04500,2025-01-01,N,normal,D04500,A04500,P04500
C04501,2025-01-01,W,normal,D04501,A04501,P04501
C04502,2025-01-01,S,normal,D04502,A04502,P04502
C04503,2025-01-01,W,normal,D04503,A04503,P04503
C04504,2025-05-12,E,normal,D04504,A04504,P04504
C04505,2025-01-01,E,normal,D04505,A04505,P04505
C04506,2025-01-01,W,normal,D04506,A04506,P04506
C04507,2025-01-01,N,normal,D04507,A04507,P04507
C04508,2025-01-01,E,normal,D04508,A04508,P04508
C04509,2025-01-01,W,normal,D04509,A04509,P04509
C04510,2025-01-01,NE,normal,D04510,A04510,P04510
C04511,2025-01-01,NE,normal,D04511,A04511,P04511
C04512,2025-01-01,E,normal,D04512,A04512,P04512
C04513,2025-01-01,E,normal,D04513,A04513,P04513
C04514,2025-01-01,S,normal,D04514,A04514,P04514
C04515,2025-01-01,E,normal,D04515,A04515,P04515
C04516,2025-01-01,E,normal,D04516,A04516,P04516
C04517,2025-10-05,N,normal,D04517,A04517,P04517
C04518,2025-05-02,N,normal,D04518,A04518,P04518
C04519,2025-06-13,E,normal,D04519,A04519,P04519
C04520,2025-01-01,S,normal,D04520,A04520,P04520
C04521,2025-01-01,S,normal,D04521,A04521,P04521
C04522,2025-01-01,N,normal,D04522,A04522,P04522
C04523,2025-01-01,W,normal,D04523,A04523,P04523
C04524,2025-01-01,NE,normal,D04524,A04524,P04524
C04525,2025-01-01,E,normal,D04525,A04525,P04525
C04526,2025-01-01,NE,normal,D04526,A04526,P04526
C04527,2025-01-01,W,normal,D04527,A04527,P04527
C04528,2025-01-01,N,normal,D04528,A04528,P04528
C04529,2025-01-01,N,normal,D04529,A04529,P04529
C04530,2025-12-03,N,normal,D04530,A04530,P04530
C04531,2025-01-01,N,normal,D04531,A04531,P04531
C04532,2025-01-01,E,normal,D04532,A04532,P04532
C04533,2025-01-01,S,normal,D04533,A04533,P04533
C04534,2025-02-09,W,normal,D04534,A04534,P04534
C04535,2025-01-01,E,normal,D04535,A04535,P04535
C04536,2025-01-01,S,normal,D04536,A04536,P04536
C04537,2025-01-01,NE,normal,D04537,A04537,P04537
C04538,2025-01-01,NE,normal,D04538,A04538,P04538
C04539,2025-01-01,W,normal,D04539,A04539,P04539
C04540,2025-01-01,W,normal,D04540,A04540,P04540
C04541,2025-02-25,NE,normal,D04541,A04541,P04541
C04542,2025-01-01,E,abusive,D04542,A04542,P04542
C04543,2025-01-01,W,normal,D04543,A04543,P04543
C04544,2025-01-01,N,normal,D04544,A04544,P04544
C04545,2025-01-01,S,normal,D04545,A04545,P04545
C04546,2025-01-01,S,abusive,D04546,A04546,P04546
C04547,2025-02-11,N,normal,D04547,A04547,P04547
C04548,2025-01-01,N,normal,D04548,A04548,P04548
C04549,2025-01-01,N,normal,D04549,A04549,P04549
C04550,2025-01-01,S,normal,D04550,A04550,P04550
C04551,2025-01-01,N,normal,D04551,A04551,P04551
C04552,2025-01-01,S,normal,D04552,A04552,P04552
C04553,2025-01-01,W,normal,D04553,A04553,P04553
C04554,2025-01-01,E,normal,D04554,A04554,P04554
C04555,2025-01-01,E,normal,D04555,A04555,P04555
C04556,2025-07-31,N,normal,D04556,A04556,P04556
C04557,2025-08-25,W,normal,D04557,A04557,P04557
C04558,2025-01-01,N,normal,D04558,A04558,P04558
C04559,2025-01-01,S,normal,D04559,A04559,P04559
C04560,2025-07-10,S,coordinated,DCO0010,ACO0010,PCO0010
C04561,2025-01-01,W,normal,D04561,A04561,P04561
C04562,2025-01-01,NE,normal,D04562,A04562,P04562
C04563,2025-01-01,W,normal,D04563,A04563,P04563
C04564,2025-01-01,W,normal,D04564,A04564,P04564
C04565,2025-01-01,S,normal,D04565,A04565,P04565
C04566,2025-01-01,E,normal,D04566,A04566,P04566
C04567,2025-01-01,N,normal,D04567,A04567,P04567
C04568,2025-01-01,N,normal,D04568,A04568,P04568
C04569,2025-01-01,NE,normal,D04569,A04569,P04569
C04570,2025-01-01,NE,normal,D04570,A04570,P04570
C04571,2025-01-01,S,normal,D04571,A04571,P04571
C04572,2025-01-01,N,normal,D04572,A04572,P04572
C04573,2025-01-01,N,normal,D04573,A04573,P04573
C04574,2025-01-01,S,normal,D04574,A04574,P04574
C04575,2025-09-19,N,normal,D04575,A04575,P04575
C04576,2025-02-24,E,normal,D04576,A04576,P04576
C04577,2025-10-13,N,normal,D04577,A04577,P04577
C04578,2025-01-01,N,normal,D04578,A04578,P04578
C04579,2025-01-01,N,normal,D04579,A04579,P04579
C04580,2025-01-01,W,normal,D04580,A04580,P04580
C04581,2025-06-04,S,normal,D04581,A04581,P04581
C04582,2025-01-01,S,normal,D04582,A04582,P04582
C04583,2025-01-01,E,abusive,D04583,A04583,P04583
C04584,2025-01-01,W,normal,D04584,A04584,P04584
C04585,2025-01-01,S,normal,D04585,A04585,P04585
C04586,2025-01-01,W,normal,D04586,A04586,P04586
C04587,2025-01-01,S,frequent_legit,D04587,A04587,P04587
C04588,2025-01-01,E,normal,D04588,A04588,P04588
C04589,2025-01-01,S,normal,D04589,A04589,P04589
C04590,2025-08-30,W,normal,D04590,A04590,P04590
C04591,2025-01-01,NE,normal,D04591,A04591,P04591
C04592,2025-01-01,W,normal,D04592,A04592,P04592
C04593,2025-01-01,W,normal,D04593,A04593,P04593
C04594,2025-01-01,N,normal,D04594,A04594,P04594
C04595,2025-01-01,E,abusive,D04595,A04595,P04595
C04596,2025-01-01,N,normal,D04596,A04596,P04596
C04597,2025-01-01,N,normal,D04597,A04597,P04597
C04598,2025-01-01,S,normal,D04598,A04598,P04598
C04599,2025-01-01,W,normal,D04599,A04599,P04599
C04600,2025-01-01,W,normal,D04600,A04600,P04600
C04601,2025-01-01,W,frequent_legit,D04601,A04601,P04601
C04602,2025-01-01,S,abusive,D04602,A04602,P04602
C04603,2025-07-11,W,normal,D04603,A04603,P04603
C04604,2025-01-01,W,normal,D04604,A04604,P04604
C04605,2025-05-23,W,normal,D04605,A04605,P04605
C04606,2025-01-01,N,normal,D04606,A04606,P04606
C04607,2025-01-01,S,normal,D04607,A04607,P04607
C04608,2025-01-01,W,normal,D04608,A04608,P04608
C04609,2025-01-01,NE,abusive,D04609,A04609,P04609
C04610,2025-01-01,N,normal,D04610,A04610,P04610
C04611,2025-01-01,S,normal,D04611,A04611,P04611
C04612,2025-01-01,S,normal,D04612,A04612,P04612
C04613,2025-08-16,S,normal,D04613,A04613,P04613
C04614,2025-06-01,W,normal,D04614,A04614,P04614
C04615,2025-01-01,N,normal,D04615,A04615,P04615
C04616,2025-01-01,S,normal,D04616,A04616,P04616
C04617,2025-01-01,E,normal,D04617,A04617,P04617
C04618,2025-01-01,S,normal,D04618,A04618,P04618
C04619,2025-01-01,N,normal,D04619,A04619,P04619
C04620,2025-01-01,E,normal,D04620,A04620,P04620
C04621,2025-01-01,S,frequent_legit,D04621,A04621,P04621
C04622,2025-01-01,NE,normal,D04622,A04622,P04622
C04623,2025-01-01,W,normal,D04623,A04623,P04623
C04624,2025-01-01,NE,normal,D04624,A04624,P04624
C04625,2025-01-01,N,normal,D04625,A04625,P04625
C04626,2025-01-01,W,normal,D04626,A04626,P04626
C04627,2025-01-01,S,normal,D04627,A04627,P04627
C04628,2025-09-16,E,normal,D04628,A04628,P04628
C04629,2025-01-01,S,normal,D04629,A04629,P04629
C04630,2025-01-01,N,normal,D04630,A04630,P04630
C04631,2025-01-01,N,normal,D04631,A04631,P04631
C04632,2025-01-01,W,normal,D04632,A04632,P04632
C04633,2025-01-01,W,normal,D04633,A04633,P04633
C04634,2025-07-25,N,normal,D04634,A04634,P04634
C04635,2025-01-01,E,normal,D04635,A04635,P04635
C04636,2025-01-01,W,normal,D04636,A04636,P04636
C04637,2025-01-01,S,normal,D04637,A04637,P04637
C04638,2025-01-01,S,normal,D04638,A04638,P04638
C04639,2025-01-01,W,normal,D04639,A04639,P04639
C04640,2025-11-14,E,normal,D04640,A04640,P04640
C04641,2025-01-01,W,normal,D04641,A04641,P04641
C04642,2025-01-01,E,normal,D04642,A04642,P04642
C04643,2025-01-01,W,normal,D04643,A04643,P04643
C04644,2025-01-01,N,normal,D04644,A04644,P04644
C04645,2025-01-01,W,coordinated,DCO0010,ACO0010,PCO0010
C04646,2025-01-01,S,frequent_legit,D04646,A04646,P04646
C04647,2025-08-10,W,normal,D04647,A04647,P04647
C04648,2025-01-01,W,normal,D04648,A04648,P04648
C04649,2025-01-01,E,normal,D04649,A04649,P04649
C04650,2025-05-04,E,normal,D04650,A04650,P04650
C04651,2025-01-01,N,normal,D04651,A04651,P04651
C04652,2025-01-01,S,normal,D04652,A04652,P04652
C04653,2025-01-01,E,normal,D04653,A04653,P04653
C04654,2025-08-24,N,normal,D04654,A04654,P04654
C04655,2025-01-01,N,normal,D04655,A04655,P04655
C04656,2025-10-07,NE,normal,D04656,A04656,P04656
C04657,2025-01-01,S,normal,D04657,A04657,P04657
C04658,2025-01-01,S,normal,D04658,A04658,P04658
C04659,2025-01-01,N,normal,D04659,A04659,P04659
C04660,2025-06-07,E,normal,D04660,A04660,P04660
C04661,2025-01-01,S,frequent_legit,D04661,A04661,P04661
C04662,2025-01-01,W,normal,D04662,A04662,P04662
C04663,2025-01-01,S,normal,D04663,A04663,P04663
C04664,2025-01-01,N,normal,D04664,A04664,P04664
C04665,2025-01-01,S,normal,D04665,A04665,P04665
C04666,2025-01-01,N,normal,D04666,A04666,P04666
C04667,2025-01-01,W,normal,D04667,A04667,P04667
C04668,2025-09-03,N,normal,D04668,A04668,P04668
C04669,2025-01-01,N,normal,D04669,A04669,P04669
C04670,2025-01-01,S,normal,D04670,A04670,P04670
C04671,2025-01-01,N,normal,D04671,A04671,P04671
C04672,2025-01-01,S,normal,D04672,A04672,P04672
C04673,2025-01-01,S,normal,D04673,A04673,P04673
C04674,2025-01-01,NE,normal,D04674,A04674,P04674
C04675,2025-01-01,N,normal,D04675,A04675,P04675
C04676,2025-01-01,E,normal,D04676,A04676,P04676
C04677,2025-01-01,W,normal,D04677,A04677,P04677
C04678,2025-01-01,N,normal,D04678,A04678,P04678
C04679,2025-01-01,E,normal,D04679,A04679,P04679
C04680,2025-01-01,W,frequent_legit,D04680,A04680,P04680
C04681,2025-05-21,W,normal,D04681,A04681,P04681
C04682,2025-01-01,W,normal,D04682,A04682,P04682
C04683,2025-01-01,W,normal,D04683,A04683,P04683
C04684,2025-01-01,S,coordinated,DCO0011,ACO0011,PCO0011
C04685,2025-08-15,W,normal,D04685,A04685,P04685
C04686,2025-01-01,N,normal,D04686,A04686,P04686
C04687,2025-01-01,E,normal,D04687,A04687,P04687
C04688,2025-04-17,W,normal,D04688,A04688,P04688
C04689,2025-01-01,W,normal,D04689,A04689,P04689
C04690,2025-02-03,W,normal,D04690,A04690,P04690
C04691,2025-01-01,N,normal,D04691,A04691,P04691
C04692,2025-01-01,W,normal,D04692,A04692,P04692
C04693,2025-01-01,N,normal,D04693,A04693,P04693
C04694,2025-01-01,W,normal,D04694,A04694,P04694
C04695,2025-01-01,E,normal,D04695,A04695,P04695
C04696,2025-01-01,N,normal,D04696,A04696,P04696
C04697,2025-01-01,W,normal,D04697,A04697,P04697
C04698,2025-01-01,S,normal,D04698,A04698,P04698
C04699,2025-01-01,S,normal,D04699,A04699,P04699
C04700,2025-01-01,NE,abusive,D04700,A04700,P04700
C04701,2025-03-22,E,normal,D04701,A04701,P04701
C04702,2025-01-01,E,normal,D04702,A04702,P04702
C04703,2025-01-01,N,normal,D04703,A04703,P04703
C04704,2025-01-01,N,normal,D04704,A04704,P04704
C04705,2025-01-01,N,normal,D04705,A04705,P04705
C04706,2025-01-01,S,normal,D04706,A04706,P04706
C04707,2025-01-01,S,normal,D04707,A04707,P04707
C04708,2025-01-01,S,normal,D04708,A04708,P04708
C04709,2025-01-01,E,normal,D04709,A04709,P04709
C04710,2025-01-01,N,normal,D04710,A04710,P04710
C04711,2025-01-01,E,normal,D04711,A04711,P04711
C04712,2025-01-01,W,normal,D04712,A04712,P04712
C04713,2025-01-01,N,frequent_legit,D04713,A04713,P04713
C04714,2025-01-01,E,normal,D04714,A04714,P04714
C04715,2025-01-01,N,normal,D04715,A04715,P04715
C04716,2025-02-28,S,normal,D04716,A04716,P04716
C04717,2025-01-01,W,normal,D04717,A04717,P04717
C04718,2025-01-01,N,normal,D04718,A04718,P04718
C04719,2025-01-01,S,normal,D04719,A04719,P04719
C04720,2025-01-01,W,normal,D04720,A04720,P04720
C04721,2025-01-01,N,normal,D04721,A04721,P04721
C04722,2025-10-25,W,normal,D04722,A04722,P04722
C04723,2025-01-01,E,normal,D04723,A04723,P04723
C04724,2025-01-01,N,normal,D04724,A04724,P04724
C04725,2025-01-01,W,normal,D04725,A04725,P04725
C04726,2025-01-01,S,normal,D04726,A04726,P04726
C04727,2025-01-01,N,normal,D04727,A04727,P04727
C04728,2025-01-01,NE,normal,D04728,A04728,P04728
C04729,2025-01-01,S,normal,D04729,A04729,P04729
C04730,2025-07-26,W,normal,D04730,A04730,P04730
C04731,2025-01-01,N,frequent_legit,D04731,A04731,P04731
C04732,2025-01-01,N,normal,D04732,A04732,P04732
C04733,2025-01-01,W,normal,D04733,A04733,P04733
C04734,2025-01-01,E,frequent_legit,D04734,A04734,P04734
C04735,2025-08-16,N,normal,D04735,A04735,P04735
C04736,2025-01-01,W,normal,D04736,A04736,P04736
C04737,2025-01-01,S,normal,D04737,A04737,P04737
C04738,2025-01-01,S,normal,D04738,A04738,P04738
C04739,2025-01-01,W,normal,D04739,A04739,P04739
C04740,2025-01-01,E,normal,D04740,A04740,P04740
C04741,2025-05-21,S,normal,D04741,A04741,P04741
C04742,2025-01-01,W,normal,D04742,A04742,P04742
C04743,2025-04-26,S,normal,D04743,A04743,P04743
C04744,2025-08-12,W,normal,D04744,A04744,P04744
C04745,2025-01-01,W,normal,D04745,A04745,P04745
C04746,2025-01-01,S,normal,D04746,A04746,P04746
C04747,2025-01-01,S,normal,D04747,A04747,P04747
C04748,2025-01-01,NE,normal,D04748,A04748,P04748
C04749,2025-01-01,W,normal,D04749,A04749,P04749
C04750,2025-01-01,N,normal,D04750,A04750,P04750
C04751,2025-01-01,N,normal,D04751,A04751,P04751
C04752,2025-01-22,S,normal,D04752,A04752,P04752
C04753,2025-01-01,W,normal,D04753,A04753,P04753
C04754,2025-08-04,W,frequent_legit,D04754,A04754,P04754
C04755,2025-01-01,W,normal,D04755,A04755,P04755
C04756,2025-01-01,N,normal,D04756,A04756,P04756
C04757,2025-01-01,W,abusive,D04757,A04757,P04757
C04758,2025-01-01,N,normal,D04758,A04758,P04758
C04759,2025-01-01,S,frequent_legit,D04759,A04759,P04759
C04760,2025-01-01,S,normal,D04760,A04760,P04760
C04761,2025-01-01,S,normal,D04761,A04761,P04761
C04762,2025-01-01,E,frequent_legit,D04762,A04762,P04762
C04763,2025-01-01,N,normal,D04763,A04763,P04763
C04764,2025-01-01,N,normal,D04764,A04764,P04764
C04765,2025-01-01,W,normal,D04765,A04765,P04765
C04766,2025-01-01,N,normal,D04766,A04766,P04766
C04767,2025-01-01,S,normal,D04767,A04767,P04767
C04768,2025-01-01,N,normal,D04768,A04768,P04768
C04769,2025-01-01,S,normal,D04769,A04769,P04769
C04770,2025-01-01,N,normal,D04770,A04770,P04770
C04771,2025-10-03,E,normal,D04771,A04771,P04771
C04772,2025-01-01,S,normal,D04772,A04772,P04772
C04773,2025-01-01,S,normal,D04773,A04773,P04773
C04774,2025-01-01,W,normal,D04774,A04774,P04774
C04775,2025-01-01,N,normal,D04775,A04775,P04775
C04776,2025-01-01,W,normal,D04776,A04776,P04776
C04777,2025-07-17,N,normal,D04777,A04777,P04777
C04778,2025-01-01,W,normal,D04778,A04778,P04778
C04779,2025-01-01,N,normal,D04779,A04779,P04779
C04780,2025-01-01,S,normal,D04780,A04780,P04780
C04781,2025-01-01,E,coordinated,DCO0011,ACO0011,PCO0011
C04782,2025-01-01,E,frequent_legit,D04782,A04782,P04782
C04783,2025-01-01,W,normal,D04783,A04783,P04783
C04784,2025-01-01,N,frequent_legit,D04784,A04784,P04784
C04785,2025-01-01,S,normal,D04785,A04785,P04785
C04786,2025-01-01,W,normal,D04786,A04786,P04786
C04787,2025-03-21,W,normal,D04787,A04787,P04787
C04788,2025-11-28,S,normal,D04788,A04788,P04788
C04789,2025-01-01,S,normal,D04789,A04789,P04789
C04790,2025-01-01,W,normal,D04790,A04790,P04790
C04791,2025-03-12,W,normal,D04791,A04791,P04791
C04792,2025-01-01,W,normal,D04792,A04792,P04792
C04793,2025-01-01,W,frequent_legit,D04793,A04793,P04793
C04794,2025-01-01,S,normal,D04794,A04794,P04794
C04795,2025-01-01,E,normal,D04795,A04795,P04795
C04796,2025-01-01,S,normal,D04796,A04796,P04796
C04797,2025-01-01,N,normal,D04797,A04797,P04797
C04798,2025-01-01,W,normal,D04798,A04798,P04798
C04799,2025-01-01,E,normal,D04799,A04799,P04799
C04800,2025-03-02,N,normal,D04800,A04800,P04800
C04801,2025-01-01,E,normal,D04801,A04801,P04801
C04802,2025-01-01,S,normal,D04802,A04802,P04802
C04803,2025-01-01,N,normal,D04803,A04803,P04803
C04804,2025-01-01,E,normal,D04804,A04804,P04804
C04805,2025-01-01,W,normal,D04805,A04805,P04805
C04806,2025-01-01,S,normal,D04806,A04806,P04806
C04807,2025-01-01,N,normal,D04807,A04807,P04807
C04808,2025-04-21,E,normal,D04808,A04808,P04808
C04809,2025-01-01,N,normal,D04809,A04809,P04809
C04810,2025-02-17,W,normal,D04810,A04810,P04810
C04811,2025-01-01,N,normal,D04811,A04811,P04811
C04812,2025-01-01,W,normal,D04812,A04812,P04812
C04813,2025-01-01,N,frequent_legit,D04813,A04813,P04813
C04814,2025-01-01,N,normal,D04814,A04814,P04814
C04815,2025-01-01,S,normal,D04815,A04815,P04815
C04816,2025-11-10,W,normal,D04816,A04816,P04816
C04817,2025-01-01,NE,normal,D04817,A04817,P04817
C04818,2025-01-01,S,normal,D04818,A04818,P04818
C04819,2025-01-01,S,normal,D04819,A04819,P04819
C04820,2025-01-01,N,normal,D04820,A04820,P04820
C04821,2025-01-01,E,normal,D04821,A04821,P04821
C04822,2025-11-30,S,normal,D04822,A04822,P04822
C04823,2025-01-01,W,normal,D04823,A04823,P04823
C04824,2025-01-01,S,normal,D04824,A04824,P04824
C04825,2025-01-01,W,normal,D04825,A04825,P04825
C04826,2025-09-05,W,normal,D04826,A04826,P04826
C04827,2025-01-01,N,normal,D04827,A04827,P04827
C04828,2025-01-01,S,normal,D04828,A04828,P04828
C04829,2025-01-01,W,frequent_legit,D04829,A04829,P04829
C04830,2025-01-01,S,normal,D04830,A04830,P04830
C04831,2025-01-01,E,normal,D04831,A04831,P04831
C04832,2025-01-01,W,normal,D04832,A04832,P04832
C04833,2025-01-01,N,normal,D04833,A04833,P04833
C04834,2025-01-01,W,normal,D04834,A04834,P04834
C04835,2025-02-23,S,normal,D04835,A04835,P04835
C04836,2025-01-01,E,normal,D04836,A04836,P04836
C04837,2025-10-07,S,normal,D04837,A04837,P04837
C04838,2025-08-21,S,normal,D04838,A04838,P04838
C04839,2025-06-12,N,normal,D04839,A04839,P04839
C04840,2025-01-01,N,normal,D04840,A04840,P04840
C04841,2025-01-01,S,normal,D04841,A04841,P04841
C04842,2025-10-16,S,normal,D04842,A04842,P04842
C04843,2025-01-01,E,normal,D04843,A04843,P04843
C04844,2025-06-03,N,normal,D04844,A04844,P04844
C04845,2025-01-03,N,normal,D04845,A04845,P04845
C04846,2025-09-09,N,normal,D04846,A04846,P04846
C04847,2025-01-01,S,normal,D04847,A04847,P04847
C04848,2025-07-25,N,normal,D04848,A04848,P04848
C04849,2025-01-01,N,normal,D04849,A04849,P04849
C04850,2025-01-01,E,normal,D04850,A04850,P04850
C04851,2025-01-01,W,normal,D04851,A04851,P04851
C04852,2025-01-01,E,normal,D04852,A04852,P04852
C04853,2025-01-01,N,normal,D04853,A04853,P04853
C04854,2025-01-01,W,normal,D04854,A04854,P04854
C04855,2025-01-01,E,frequent_legit,D04855,A04855,P04855
C04856,2025-01-01,E,normal,D04856,A04856,P04856
C04857,2025-01-01,N,normal,D04857,A04857,P04857
C04858,2025-01-01,N,normal,D04858,A04858,P04858
C04859,2025-01-01,S,normal,D04859,A04859,P04859
C04860,2025-11-29,N,normal,D04860,A04860,P04860
C04861,2025-01-01,E,normal,D04861,A04861,P04861
C04862,2025-01-01,S,normal,D04862,A04862,P04862
C04863,2025-01-01,N,normal,D04863,A04863,P04863
C04864,2025-01-01,N,normal,D04864,A04864,P04864
C04865,2025-01-01,N,normal,D04865,A04865,P04865
C04866,2025-01-01,S,normal,D04866,A04866,P04866
C04867,2025-01-01,N,normal,D04867,A04867,P04867
C04868,2025-01-01,S,normal,D04868,A04868,P04868
C04869,2025-01-01,S,normal,D04869,A04869,P04869
C04870,2025-01-01,S,normal,D04870,A04870,P04870
C04871,2025-01-01,W,normal,D04871,A04871,P04871
C04872,2025-01-01,W,normal,D04872,A04872,P04872
C04873,2025-01-01,E,normal,D04873,A04873,P04873
C04874,2025-01-01,S,normal,D04874,A04874,P04874
C04875,2025-04-25,E,normal,D04875,A04875,P04875
C04876,2025-01-01,W,normal,D04876,A04876,P04876
C04877,2025-09-24,S,normal,D04877,A04877,P04877
C04878,2025-01-01,N,normal,D04878,A04878,P04878
C04879,2025-01-01,W,normal,D04879,A04879,P04879
C04880,2025-10-16,N,normal,D04880,A04880,P04880
C04881,2025-10-02,W,normal,D04881,A04881,P04881
C04882,2025-01-01,N,normal,D04882,A04882,P04882
C04883,2025-01-01,N,normal,D04883,A04883,P04883
C04884,2025-01-01,W,normal,D04884,A04884,P04884
C04885,2025-01-01,E,normal,D04885,A04885,P04885
C04886,2025-01-01,E,normal,D04886,A04886,P04886
C04887,2025-01-01,W,normal,D04887,A04887,P04887
C04888,2025-01-01,W,normal,D04888,A04888,P04888
C04889,2025-01-01,S,coordinated,DCO0011,ACO0011,PCO0011
C04890,2025-01-01,NE,normal,D04890,A04890,P04890
C04891,2025-01-01,S,normal,D04891,A04891,P04891
C04892,2025-01-01,N,normal,D04892,A04892,P04892
C04893,2025-01-01,W,normal,D04893,A04893,P04893
C04894,2025-01-01,S,normal,D04894,A04894,P04894
C04895,2025-01-01,W,normal,D04895,A04895,P04895
C04896,2025-01-01,N,normal,D04896,A04896,P04896
C04897,2025-05-14,N,normal,D04897,A04897,P04897
C04898,2025-01-01,N,normal,D04898,A04898,P04898
C04899,2025-01-01,E,normal,D04899,A04899,P04899
C04900,2025-01-01,W,normal,D04900,A04900,P04900
C04901,2025-01-01,S,normal,D04901,A04901,P04901
C04902,2025-01-01,N,normal,D04902,A04902,P04902
C04903,2025-01-01,S,normal,D04903,A04903,P04903
C04904,2025-01-01,S,normal,D04904,A04904,P04904
C04905,2025-12-12,E,normal,D04905,A04905,P04905
C04906,2025-03-18,E,normal,D04906,A04906,P04906
C04907,2025-01-01,N,normal,D04907,A04907,P04907
C04908,2025-01-01,S,normal,D04908,A04908,P04908
C04909,2025-05-02,E,normal,D04909,A04909,P04909
C04910,2025-01-01,N,normal,D04910,A04910,P04910
C04911,2025-01-01,S,normal,D04911,A04911,P04911
C04912,2025-10-08,E,normal,D04912,A04912,P04912
C04913,2025-06-26,S,frequent_legit,D04913,A04913,P04913
C04914,2025-01-01,N,normal,D04914,A04914,P04914
C04915,2025-01-01,N,normal,D04915,A04915,P04915
C04916,2025-01-01,W,normal,D04916,A04916,P04916
C04917,2025-11-21,N,normal,D04917,A04917,P04917
C04918,2025-01-01,W,frequent_legit,D04918,A04918,P04918
C04919,2025-01-01,S,normal,D04919,A04919,P04919
C04920,2025-01-01,S,normal,D04920,A04920,P04920
C04921,2025-01-01,W,normal,D04921,A04921,P04921
C04922,2025-01-01,S,normal,D04922,A04922,P04922
C04923,2025-01-01,N,normal,D04923,A04923,P04923
C04924,2025-01-01,N,normal,D04924,A04924,P04924
C04925,2025-01-01,E,normal,D04925,A04925,P04925
C04926,2025-01-01,S,normal,D04926,A04926,P04926
C04927,2025-01-01,W,normal,D04927,A04927,P04927
C04928,2025-01-01,S,normal,D04928,A04928,P04928
C04929,2025-04-04,S,normal,D04929,A04929,P04929
C04930,2025-07-02,S,normal,D04930,A04930,P04930
C04931,2025-01-01,N,normal,D04931,A04931,P04931
C04932,2025-09-24,W,normal,D04932,A04932,P04932
C04933,2025-01-01,N,normal,D04933,A04933,P04933
C04934,2025-01-01,W,normal,D04934,A04934,P04934
C04935,2025-10-14,N,normal,D04935,A04935,P04935
C04936,2025-01-01,S,normal,D04936,A04936,P04936
C04937,2025-04-25,N,normal,D04937,A04937,P04937
C04938,2025-01-01,W,normal,D04938,A04938,P04938
C04939,2025-01-01,N,normal,D04939,A04939,P04939
C04940,2025-01-01,E,normal,D04940,A04940,P04940
C04941,2025-07-10,W,normal,D04941,A04941,P04941
C04942,2025-06-05,E,normal,D04942,A04942,P04942
C04943,2025-01-01,N,abusive,D04943,A04943,P04943
C04944,2025-01-01,W,normal,D04944,A04944,P04944
C04945,2025-01-01,S,normal,D04945,A04945,P04945
C04946,2025-01-01,N,normal,D04946,A04946,P04946
C04947,2025-03-12,S,normal,D04947,A04947,P04947
C04948,2025-01-01,W,normal,D04948,A04948,P04948
C04949,2025-01-01,S,normal,D04949,A04949,P04949
C04950,2025-01-01,W,normal,D04950,A04950,P04950
C04951,2025-01-01,E,normal,D04951,A04951,P04951
C04952,2025-01-01,S,normal,D04952,A04952,P04952
C04953,2025-01-01,S,abusive,D04953,A04953,P04953
C04954,2025-01-01,W,normal,D04954,A04954,P04954
C04955,2025-01-01,S,normal,D04955,A04955,P04955
C04956,2025-01-01,N,normal,D04956,A04956,P04956
C04957,2025-01-01,S,normal,D04957,A04957,P04957
C04958,2025-01-01,W,normal,D04958,A04958,P04958
C04959,2025-01-01,S,normal,D04959,A04959,P04959
C04960,2025-01-01,N,normal,D04960,A04960,P04960
C04961,2025-01-01,N,normal,D04961,A04961,P04961
C04962,2025-01-01,N,normal,D04962,A04962,P04962
C04963,2025-01-01,NE,normal,D04963,A04963,P04963
C04964,2025-01-01,S,normal,D04964,A04964,P04964
C04965,2025-01-01,W,normal,D04965,A04965,P04965
C04966,2025-01-01,W,normal,D04966,A04966,P04966
C04967,2025-01-01,S,normal,D04967,A04967,P04967
C04968,2025-01-01,W,normal,D04968,A04968,P04968
C04969,2025-01-01,NE,normal,D04969,A04969,P04969
C04970,2025-01-01,W,normal,D04970,A04970,P04970
C04971,2025-01-01,E,normal,D04971,A04971,P04971
C04972,2025-01-01,S,normal,D04972,A04972,P04972
C04973,2025-05-14,W,normal,D04973,A04973,P04973
C04974,2025-01-01,N,normal,D04974,A04974,P04974
C04975,2025-01-01,W,normal,D04975,A04975,P04975
C04976,2025-01-01,S,normal,D04976,A04976,P04976
C04977,2025-01-01,E,normal,D04977,A04977,P04977
C04978,2025-01-01,W,normal,D04978,A04978,P04978
C04979,2025-01-01,E,frequent_legit,D04979,A04979,P04979
C04980,2025-11-02,N,frequent_legit,D04980,A04980,P04980
C04981,2025-01-01,W,normal,D04981,A04981,P04981
C04982,2025-01-01,W,normal,D04982,A04982,P04982
C04983,2025-12-11,E,normal,D04983,A04983,P04983
C04984,2025-01-01,W,normal,D04984,A04984,P04984
C04985,2025-01-01,W,normal,D04985,A04985,P04985
C04986,2025-01-01,W,normal,D04986,A04986,P04986
C04987,2025-01-01,S,normal,D04987,A04987,P04987
C04988,2025-09-02,S,frequent_legit,D04988,A04988,P04988
C04989,2025-01-01,W,normal,D04989,A04989,P04989
C04990,2025-01-01,W,normal,D04990,A04990,P04990
C04991,2025-01-01,N,normal,D04991,A04991,P04991
C04992,2025-11-20,N,normal,D04992,A04992,P04992
C04993,2025-01-01,S,normal,D04993,A04993,P04993
C04994,2025-01-01,W,normal,D04994,A04994,P04994
C04995,2025-01-01,W,normal,D04995,A04995,P04995
C04996,2025-01-01,E,normal,D04996,A04996,P04996
C04997,2025-01-01,N,normal,D04997,A04997,P04997
C04998,2025-01-01,S,normal,D04998,A04998,P04998
C04999,2025-01-01,W,normal,D04999,A04999,P04999
C05000,2025-01-01,S,normal,D05000,A05000,P05000
C05001,2025-01-01,N,normal,D05001,A05001,P05001
C05002,2025-01-01,S,normal,D05002,A05002,P05002
C05003,2025-01-01,W,normal,D05003,A05003,P05003
C05004,2025-01-01,S,normal,D05004,A05004,P05004
C05005,2025-07-14,N,normal,D05005,A05005,P05005
C05006,2025-01-01,S,normal,D05006,A05006,P05006
C05007,2025-01-01,NE,normal,D05007,A05007,P05007
C05008,2025-01-01,S,normal,D05008,A05008,P05008
C05009,2025-01-01,S,normal,D05009,A05009,P05009
C05010,2025-01-01,N,normal,D05010,A05010,P05010
C05011,2025-01-01,S,normal,D05011,A05011,P05011
C05012,2025-01-01,W,normal,D05012,A05012,P05012
C05013,2025-01-01,W,normal,D05013,A05013,P05013
C05014,2025-01-20,S,normal,D05014,A05014,P05014
C05015,2025-01-01,W,normal,D05015,A05015,P05015
C05016,2025-01-01,S,normal,D05016,A05016,P05016
C05017,2025-01-01,W,normal,D05017,A05017,P05017
C05018,2025-01-01,N,normal,D05018,A05018,P05018
C05019,2025-01-01,S,normal,D05019,A05019,P05019
C05020,2025-01-01,W,frequent_legit,D05020,A05020,P05020
C05021,2025-01-01,W,normal,D05021,A05021,P05021
C05022,2025-01-01,W,normal,D05022,A05022,P05022
C05023,2025-01-01,E,normal,D05023,A05023,P05023
C05024,2025-12-13,W,normal,D05024,A05024,P05024
C05025,2025-01-01,E,normal,D05025,A05025,P05025
C05026,2025-01-01,N,normal,D05026,A05026,P05026
C05027,2025-01-01,S,normal,D05027,A05027,P05027
C05028,2025-01-01,E,normal,D05028,A05028,P05028
C05029,2025-01-01,E,normal,D05029,A05029,P05029
C05030,2025-01-01,W,normal,D05030,A05030,P05030
C05031,2025-01-01,S,normal,D05031,A05031,P05031
C05032,2025-04-08,N,normal,D05032,A05032,P05032
C05033,2025-01-01,N,normal,D05033,A05033,P05033
C05034,2025-01-01,W,normal,D05034,A05034,P05034
C05035,2025-01-01,N,normal,D05035,A05035,P05035
C05036,2025-01-01,W,normal,D05036,A05036,P05036
C05037,2025-01-01,N,normal,D05037,A05037,P05037
C05038,2025-01-01,S,normal,D05038,A05038,P05038
C05039,2025-01-01,W,normal,D05039,A05039,P05039
C05040,2025-01-01,S,normal,D05040,A05040,P05040
C05041,2025-03-07,W,normal,D05041,A05041,P05041
C05042,2025-01-01,N,normal,D05042,A05042,P05042
C05043,2025-01-01,S,normal,D05043,A05043,P05043
C05044,2025-08-16,E,normal,D05044,A05044,P05044
C05045,2025-01-01,W,coordinated,DCO0011,ACO0011,PCO0011
C05046,2025-01-01,N,normal,D05046,A05046,P05046
C05047,2025-02-11,S,normal,D05047,A05047,P05047
C05048,2025-01-01,E,normal,D05048,A05048,P05048
C05049,2025-01-01,NE,abusive,D05049,A05049,P05049
C05050,2025-01-01,W,normal,D05050,A05050,P05050
C05051,2025-01-01,W,normal,D05051,A05051,P05051
C05052,2025-01-01,S,normal,D05052,A05052,P05052
C05053,2025-01-01,E,normal,D05053,A05053,P05053
C05054,2025-01-01,W,normal,D05054,A05054,P05054
C05055,2025-01-01,W,normal,D05055,A05055,P05055
C05056,2025-01-01,W,normal,D05056,A05056,P05056
C05057,2025-09-01,W,normal,D05057,A05057,P05057
C05058,2025-01-01,W,normal,D05058,A05058,P05058
C05059,2025-01-01,N,normal,D05059,A05059,P05059
C05060,2025-01-01,S,normal,D05060,A05060,P05060
C05061,2025-01-01,NE,normal,D05061,A05061,P05061
C05062,2025-05-28,S,normal,D05062,A05062,P05062
C05063,2025-01-01,N,normal,D05063,A05063,P05063
C05064,2025-01-01,S,frequent_legit,D05064,A05064,P05064
C05065,2025-01-01,E,normal,D05065,A05065,P05065
C05066,2025-01-01,W,normal,D05066,A05066,P05066
C05067,2025-11-20,W,normal,D05067,A05067,P05067
C05068,2025-01-01,N,normal,D05068,A05068,P05068
C05069,2025-01-01,S,normal,D05069,A05069,P05069
C05070,2025-01-01,N,normal,D05070,A05070,P05070
C05071,2025-01-01,W,normal,D05071,A05071,P05071
C05072,2025-11-20,N,normal,D05072,A05072,P05072
C05073,2025-01-01,E,normal,D05073,A05073,P05073
C05074,2025-07-04,E,abusive,D05074,A05074,P05074
C05075,2025-01-01,E,normal,D05075,A05075,P05075
C05076,2025-01-01,E,normal,D05076,A05076,P05076
C05077,2025-01-01,E,normal,D05077,A05077,P05077
C05078,2025-01-01,E,normal,D05078,A05078,P05078
C05079,2025-01-01,N,normal,D05079,A05079,P05079
C05080,2025-01-01,S,normal,D05080,A05080,P05080
C05081,2025-01-01,S,normal,D05081,A05081,P05081
C05082,2025-01-11,S,normal,D05082,A05082,P05082
C05083,2025-01-01,W,normal,D05083,A05083,P05083
C05084,2025-01-01,S,frequent_legit,D05084,A05084,P05084
C05085,2025-01-01,W,normal,D05085,A05085,P05085
C05086,2025-01-01,N,normal,D05086,A05086,P05086
C05087,2025-01-01,W,normal,D05087,A05087,P05087
C05088,2025-01-01,N,frequent_legit,D05088,A05088,P05088
C05089,2025-01-01,S,normal,D05089,A05089,P05089
C05090,2025-01-01,S,normal,D05090,A05090,P05090
C05091,2025-01-01,E,normal,D05091,A05091,P05091
C05092,2025-01-01,N,normal,D05092,A05092,P05092
C05093,2025-01-01,W,normal,D05093,A05093,P05093
C05094,2025-10-26,E,coordinated,DCO0011,ACO0011,PCO0011
C05095,2025-09-23,NE,normal,D05095,A05095,P05095
C05096,2025-01-01,E,normal,D05096,A05096,P05096
C05097,2025-01-01,E,normal,D05097,A05097,P05097
C05098,2025-01-01,W,normal,D05098,A05098,P05098
C05099,2025-01-01,N,normal,D05099,A05099,P05099
C05100,2025-01-01,E,normal,D05100,A05100,P05100
C05101,2025-01-01,S,normal,D05101,A05101,P05101
C05102,2025-01-01,W,normal,D05102,A05102,P05102
C05103,2025-01-01,N,normal,D05103,A05103,P05103
C05104,2025-11-05,S,normal,D05104,A05104,P05104
C05105,2025-01-01,E,normal,D05105,A05105,P05105
C05106,2025-01-01,S,normal,D05106,A05106,P05106
C05107,2025-01-01,N,normal,D05107,A05107,P05107
C05108,2025-04-02,S,normal,D05108,A05108,P05108
C05109,2025-10-21,W,normal,D05109,A05109,P05109
C05110,2025-01-01,N,normal,D05110,A05110,P05110
C05111,2025-01-01,S,normal,D05111,A05111,P05111
C05112,2025-01-01,NE,normal,D05112,A05112,P05112
C05113,2025-01-01,W,frequent_legit,D05113,A05113,P05113
C05114,2025-01-01,N,normal,D05114,A05114,P05114
C05115,2025-01-01,S,frequent_legit,D05115,A05115,P05115
C05116,2025-01-01,N,normal,D05116,A05116,P05116
C05117,2025-01-01,W,normal,D05117,A05117,P05117
C05118,2025-01-10,S,normal,D05118,A05118,P05118
C05119,2025-01-01,S,normal,D05119,A05119,P05119
C05120,2025-01-01,N,normal,D05120,A05120,P05120
C05121,2025-01-01,E,normal,D05121,A05121,P05121
C05122,2025-01-01,N,normal,D05122,A05122,P05122
C05123,2025-01-01,W,normal,D05123,A05123,P05123
C05124,2025-01-27,S,normal,D05124,A05124,P05124
C05125,2025-01-01,E,normal,D05125,A05125,P05125
C05126,2025-01-01,W,normal,D05126,A05126,P05126
C05127,2025-04-30,N,normal,D05127,A05127,P05127
C05128,2025-01-01,N,frequent_legit,D05128,A05128,P05128
C05129,2025-01-01,S,abusive,D05129,A05129,P05129
C05130,2025-01-01,W,normal,D05130,A05130,P05130
C05131,2025-09-15,N,normal,D05131,A05131,P05131
C05132,2025-01-01,W,normal,D05132,A05132,P05132
C05133,2025-01-01,S,normal,D05133,A05133,P05133
C05134,2025-01-01,E,normal,D05134,A05134,P05134
C05135,2025-01-01,E,normal,D05135,A05135,P05135
C05136,2025-01-01,N,normal,D05136,A05136,P05136
C05137,2025-01-01,N,normal,D05137,A05137,P05137
C05138,2025-07-01,W,normal,D05138,A05138,P05138
C05139,2025-01-01,S,normal,D05139,A05139,P05139
C05140,2025-01-01,E,normal,D05140,A05140,P05140
C05141,2025-01-01,NE,normal,D05141,A05141,P05141
C05142,2025-01-01,N,normal,D05142,A05142,P05142
C05143,2025-01-01,S,frequent_legit,D05143,A05143,P05143
C05144,2025-01-01,S,normal,D05144,A05144,P05144
C05145,2025-04-17,N,normal,D05145,A05145,P05145
C05146,2025-01-01,NE,normal,D05146,A05146,P05146
C05147,2025-01-01,NE,normal,D05147,A05147,P05147
C05148,2025-01-01,S,normal,D05148,A05148,P05148
C05149,2025-01-01,NE,normal,D05149,A05149,P05149
C05150,2025-01-01,N,normal,D05150,A05150,P05150
C05151,2025-01-01,NE,normal,D05151,A05151,P05151
C05152,2025-01-01,W,normal,D05152,A05152,P05152
C05153,2025-01-01,N,normal,D05153,A05153,P05153
C05154,2025-01-01,E,normal,D05154,A05154,P05154
C05155,2025-01-01,W,normal,D05155,A05155,P05155
C05156,2025-01-01,S,normal,D05156,A05156,P05156
C05157,2025-12-10,S,normal,D05157,A05157,P05157
C05158,2025-01-07,E,normal,D05158,A05158,P05158
C05159,2025-01-01,N,normal,D05159,A05159,P05159
C05160,2025-01-01,N,coordinated,DCO0012,ACO0012,PCO0012
C05161,2025-09-02,N,frequent_legit,D05161,A05161,P05161
C05162,2025-01-01,W,normal,D05162,A05162,P05162
C05163,2025-01-01,S,normal,D05163,A05163,P05163
C05164,2025-01-01,S,normal,D05164,A05164,P05164
C05165,2025-01-01,N,normal,D05165,A05165,P05165
C05166,2025-01-01,N,normal,D05166,A05166,P05166
C05167,2025-01-01,E,normal,D05167,A05167,P05167
C05168,2025-01-01,N,normal,D05168,A05168,P05168
C05169,2025-11-13,E,normal,D05169,A05169,P05169
C05170,2025-01-01,S,normal,D05170,A05170,P05170
C05171,2025-01-01,E,normal,D05171,A05171,P05171
C05172,2025-01-01,S,normal,D05172,A05172,P05172
C05173,2025-01-01,W,normal,D05173,A05173,P05173
C05174,2025-01-01,N,normal,D05174,A05174,P05174
C05175,2025-01-01,W,normal,D05175,A05175,P05175
C05176,2025-06-29,N,normal,D05176,A05176,P05176
C05177,2025-01-01,N,normal,D05177,A05177,P05177
C05178,2025-01-01,E,normal,D05178,A05178,P05178
C05179,2025-01-01,N,normal,D05179,A05179,P05179
C05180,2025-01-01,S,normal,D05180,A05180,P05180
C05181,2025-07-26,W,normal,D05181,A05181,P05181
C05182,2025-02-14,W,normal,D05182,A05182,P05182
C05183,2025-01-01,E,normal,D05183,A05183,P05183
C05184,2025-04-09,NE,normal,D05184,A05184,P05184
C05185,2025-10-29,S,normal,D05185,A05185,P05185
C05186,2025-01-01,N,normal,D05186,A05186,P05186
C05187,2025-01-01,W,normal,D05187,A05187,P05187
C05188,2025-01-01,N,normal,D05188,A05188,P05188
C05189,2025-01-01,N,normal,D05189,A05189,P05189
C05190,2025-01-01,N,normal,D05190,A05190,P05190
C05191,2025-01-10,S,normal,D05191,A05191,P05191
C05192,2025-01-01,S,normal,D05192,A05192,P05192
C05193,2025-11-16,S,normal,D05193,A05193,P05193
C05194,2025-04-20,E,normal,D05194,A05194,P05194
C05195,2025-01-01,W,abusive,D05195,A05195,P05195
C05196,2025-01-01,W,normal,D05196,A05196,P05196
C05197,2025-01-01,N,normal,D05197,A05197,P05197
C05198,2025-01-01,N,normal,D05198,A05198,P05198
C05199,2025-01-01,E,normal,D05199,A05199,P05199
C05200,2025-01-01,N,normal,D05200,A05200,P05200
C05201,2025-01-01,S,normal,D05201,A05201,P05201
C05202,2025-01-01,E,normal,D05202,A05202,P05202
C05203,2025-01-01,W,normal,D05203,A05203,P05203
C05204,2025-01-01,N,normal,D05204,A05204,P05204
C05205,2025-01-01,E,normal,D05205,A05205,P05205
C05206,2025-01-01,E,normal,D05206,A05206,P05206
C05207,2025-01-01,W,frequent_legit,D05207,A05207,P05207
C05208,2025-01-01,S,normal,D05208,A05208,P05208
C05209,2025-01-01,W,normal,D05209,A05209,P05209
C05210,2025-01-01,W,normal,D05210,A05210,P05210
C05211,2025-01-01,N,normal,D05211,A05211,P05211
C05212,2025-01-01,E,frequent_legit,D05212,A05212,P05212
C05213,2025-01-01,E,frequent_legit,D05213,A05213,P05213
C05214,2025-01-01,N,normal,D05214,A05214,P05214
C05215,2025-01-01,S,normal,D05215,A05215,P05215
C05216,2025-01-01,S,normal,D05216,A05216,P05216
C05217,2025-01-01,W,normal,D05217,A05217,P05217
C05218,2025-01-01,N,normal,D05218,A05218,P05218
C05219,2025-01-01,S,normal,D05219,A05219,P05219
C05220,2025-08-31,N,normal,D05220,A05220,P05220
C05221,2025-01-01,E,normal,D05221,A05221,P05221
C05222,2025-01-27,E,normal,D05222,A05222,P05222
C05223,2025-07-09,S,normal,D05223,A05223,P05223
C05224,2025-01-01,S,normal,D05224,A05224,P05224
C05225,2025-01-01,S,normal,D05225,A05225,P05225
C05226,2025-01-01,S,normal,D05226,A05226,P05226
C05227,2025-01-01,W,normal,D05227,A05227,P05227
C05228,2025-05-12,N,normal,D05228,A05228,P05228
C05229,2025-01-01,W,normal,D05229,A05229,P05229
C05230,2025-01-01,E,normal,D05230,A05230,P05230
C05231,2025-01-01,W,frequent_legit,D05231,A05231,P05231
C05232,2025-09-30,N,normal,D05232,A05232,P05232
C05233,2025-01-01,S,normal,D05233,A05233,P05233
C05234,2025-01-01,N,normal,D05234,A05234,P05234
C05235,2025-01-01,W,normal,D05235,A05235,P05235
C05236,2025-01-01,E,normal,D05236,A05236,P05236
C05237,2025-11-27,E,normal,D05237,A05237,P05237
C05238,2025-12-04,W,normal,D05238,A05238,P05238
C05239,2025-01-01,S,normal,D05239,A05239,P05239
C05240,2025-01-01,E,normal,D05240,A05240,P05240
C05241,2025-01-01,W,normal,D05241,A05241,P05241
C05242,2025-01-01,N,normal,D05242,A05242,P05242
C05243,2025-12-08,NE,normal,D05243,A05243,P05243
C05244,2025-01-01,W,normal,D05244,A05244,P05244
C05245,2025-04-17,NE,normal,D05245,A05245,P05245
C05246,2025-01-01,W,normal,D05246,A05246,P05246
C05247,2025-11-25,S,normal,D05247,A05247,P05247
C05248,2025-01-01,E,normal,D05248,A05248,P05248
C05249,2025-01-01,N,normal,D05249,A05249,P05249
C05250,2025-01-01,W,normal,D05250,A05250,P05250
C05251,2025-12-11,N,normal,D05251,A05251,P05251
C05252,2025-01-01,W,normal,D05252,A05252,P05252
C05253,2025-01-01,N,normal,D05253,A05253,P05253
C05254,2025-02-27,N,normal,D05254,A05254,P05254
C05255,2025-01-01,N,normal,D05255,A05255,P05255
C05256,2025-01-01,E,normal,D05256,A05256,P05256
C05257,2025-01-01,N,normal,D05257,A05257,P05257
C05258,2025-01-01,N,normal,D05258,A05258,P05258
C05259,2025-01-01,N,normal,D05259,A05259,P05259
C05260,2025-01-01,S,normal,D05260,A05260,P05260
C05261,2025-01-01,NE,normal,D05261,A05261,P05261
C05262,2025-01-01,S,normal,D05262,A05262,P05262
C05263,2025-01-01,N,normal,D05263,A05263,P05263
C05264,2025-01-01,N,normal,D05264,A05264,P05264
C05265,2025-01-01,N,normal,D05265,A05265,P05265
C05266,2025-01-01,S,normal,D05266,A05266,P05266
C05267,2025-01-01,N,normal,D05267,A05267,P05267
C05268,2025-07-01,N,frequent_legit,D05268,A05268,P05268
C05269,2025-01-01,N,normal,D05269,A05269,P05269
C05270,2025-01-01,S,frequent_legit,D05270,A05270,P05270
C05271,2025-01-01,W,normal,D05271,A05271,P05271
C05272,2025-01-01,N,normal,D05272,A05272,P05272
C05273,2025-01-01,E,normal,D05273,A05273,P05273
C05274,2025-01-01,E,normal,D05274,A05274,P05274
C05275,2025-01-01,W,normal,D05275,A05275,P05275
C05276,2025-04-06,N,normal,D05276,A05276,P05276
C05277,2025-01-01,W,normal,D05277,A05277,P05277
C05278,2025-01-01,W,normal,D05278,A05278,P05278
C05279,2025-01-01,NE,normal,D05279,A05279,P05279
C05280,2025-01-01,W,frequent_legit,D05280,A05280,P05280
C05281,2025-01-01,N,normal,D05281,A05281,P05281
C05282,2025-11-18,NE,abusive,D05282,A05282,P05282
C05283,2025-01-01,W,normal,D05283,A05283,P05283
C05284,2025-01-01,N,normal,D05284,A05284,P05284
C05285,2025-01-01,N,normal,D05285,A05285,P05285
C05286,2025-01-01,W,normal,D05286,A05286,P05286
C05287,2025-01-01,N,normal,D05287,A05287,P05287
C05288,2025-01-01,W,normal,D05288,A05288,P05288
C05289,2025-01-01,S,normal,D05289,A05289,P05289
C05290,2025-01-01,W,normal,D05290,A05290,P05290
C05291,2025-01-01,N,normal,D05291,A05291,P05291
C05292,2025-01-01,W,normal,D05292,A05292,P05292
C05293,2025-01-01,S,normal,D05293,A05293,P05293
C05294,2025-02-27,W,normal,D05294,A05294,P05294
C05295,2025-01-01,N,normal,D05295,A05295,P05295
C05296,2025-01-01,N,coordinated,DCO0012,ACO0012,PCO0012
C05297,2025-01-01,N,normal,D05297,A05297,P05297
C05298,2025-01-01,N,normal,D05298,A05298,P05298
C05299,2025-03-09,NE,normal,D05299,A05299,P05299
C05300,2025-01-01,N,normal,D05300,A05300,P05300
C05301,2025-01-01,N,normal,D05301,A05301,P05301
C05302,2025-01-01,W,normal,D05302,A05302,P05302
C05303,2025-01-01,N,normal,D05303,A05303,P05303
C05304,2025-01-01,N,normal,D05304,A05304,P05304
C05305,2025-01-01,E,normal,D05305,A05305,P05305
C05306,2025-01-01,S,coordinated,DCO0012,ACO0012,PCO0012
C05307,2025-01-01,W,normal,D05307,A05307,P05307
C05308,2025-01-01,E,normal,D05308,A05308,P05308
C05309,2025-01-01,S,normal,D05309,A05309,P05309
C05310,2025-01-01,E,normal,D05310,A05310,P05310
C05311,2025-01-01,W,normal,D05311,A05311,P05311
C05312,2025-01-01,S,normal,D05312,A05312,P05312
C05313,2025-08-26,W,normal,D05313,A05313,P05313
C05314,2025-01-01,S,normal,D05314,A05314,P05314
C05315,2025-01-01,S,normal,D05315,A05315,P05315
C05316,2025-01-01,W,normal,D05316,A05316,P05316
C05317,2025-01-01,N,frequent_legit,D05317,A05317,P05317
C05318,2025-01-01,S,normal,D05318,A05318,P05318
C05319,2025-01-01,N,normal,D05319,A05319,P05319
C05320,2025-01-01,W,normal,D05320,A05320,P05320
C05321,2025-01-01,E,normal,D05321,A05321,P05321
C05322,2025-01-01,S,normal,D05322,A05322,P05322
C05323,2025-01-01,N,normal,D05323,A05323,P05323
C05324,2025-01-01,W,normal,D05324,A05324,P05324
C05325,2025-01-01,S,normal,D05325,A05325,P05325
C05326,2025-01-01,N,normal,D05326,A05326,P05326
C05327,2025-01-01,N,frequent_legit,D05327,A05327,P05327
C05328,2025-01-01,E,normal,D05328,A05328,P05328
C05329,2025-09-09,N,normal,D05329,A05329,P05329
C05330,2025-01-01,W,normal,D05330,A05330,P05330
C05331,2025-01-01,E,normal,D05331,A05331,P05331
C05332,2025-01-01,N,normal,D05332,A05332,P05332
C05333,2025-01-01,E,normal,D05333,A05333,P05333
C05334,2025-01-01,N,normal,D05334,A05334,P05334
C05335,2025-01-01,N,normal,D05335,A05335,P05335
C05336,2025-01-01,E,normal,D05336,A05336,P05336
C05337,2025-01-01,N,normal,D05337,A05337,P05337
C05338,2025-01-01,W,normal,D05338,A05338,P05338
C05339,2025-01-01,E,normal,D05339,A05339,P05339
C05340,2025-01-01,N,normal,D05340,A05340,P05340
C05341,2025-01-01,NE,normal,D05341,A05341,P05341
C05342,2025-01-01,S,normal,D05342,A05342,P05342
C05343,2025-01-01,N,normal,D05343,A05343,P05343
C05344,2025-01-01,S,normal,D05344,A05344,P05344
C05345,2025-03-29,NE,normal,D05345,A05345,P05345
C05346,2025-01-01,S,normal,D05346,A05346,P05346
C05347,2025-01-01,S,normal,D05347,A05347,P05347
C05348,2025-01-01,S,normal,D05348,A05348,P05348
C05349,2025-01-01,S,normal,D05349,A05349,P05349
C05350,2025-01-01,N,frequent_legit,D05350,A05350,P05350
C05351,2025-01-01,E,normal,D05351,A05351,P05351
C05352,2025-01-01,W,normal,D05352,A05352,P05352
C05353,2025-01-01,W,normal,D05353,A05353,P05353
C05354,2025-01-01,N,frequent_legit,D05354,A05354,P05354
C05355,2025-01-01,S,frequent_legit,D05355,A05355,P05355
C05356,2025-01-01,N,normal,D05356,A05356,P05356
C05357,2025-01-01,S,normal,D05357,A05357,P05357
C05358,2025-01-01,E,normal,D05358,A05358,P05358
C05359,2025-01-01,S,normal,D05359,A05359,P05359
C05360,2025-01-01,W,normal,D05360,A05360,P05360
C05361,2025-01-01,S,normal,D05361,A05361,P05361
C05362,2025-01-01,E,normal,D05362,A05362,P05362
C05363,2025-01-01,W,frequent_legit,D05363,A05363,P05363
C05364,2025-01-01,E,normal,D05364,A05364,P05364
C05365,2025-01-01,W,frequent_legit,D05365,A05365,P05365
C05366,2025-01-01,W,normal,D05366,A05366,P05366
C05367,2025-04-11,E,normal,D05367,A05367,P05367
C05368,2025-01-01,S,normal,D05368,A05368,P05368
C05369,2025-01-01,S,normal,D05369,A05369,P05369
C05370,2025-01-01,W,normal,D05370,A05370,P05370
C05371,2025-01-01,N,coordinated,DCO0012,ACO0012,PCO0012
C05372,2025-01-01,NE,normal,D05372,A05372,P05372
C05373,2025-01-01,S,normal,D05373,A05373,P05373
C05374,2025-01-01,W,normal,D05374,A05374,P05374
C05375,2025-01-01,S,normal,D05375,A05375,P05375
C05376,2025-01-01,NE,normal,D05376,A05376,P05376
C05377,2025-03-14,N,normal,D05377,A05377,P05377
C05378,2025-06-08,S,normal,D05378,A05378,P05378
C05379,2025-01-01,W,normal,D05379,A05379,P05379
C05380,2025-11-28,N,normal,D05380,A05380,P05380
C05381,2025-01-01,N,normal,D05381,A05381,P05381
C05382,2025-01-01,W,normal,D05382,A05382,P05382
C05383,2025-01-01,W,normal,D05383,A05383,P05383
C05384,2025-02-16,N,normal,D05384,A05384,P05384
C05385,2025-01-01,E,normal,D05385,A05385,P05385
C05386,2025-01-01,N,normal,D05386,A05386,P05386
C05387,2025-11-08,N,normal,D05387,A05387,P05387
C05388,2025-01-01,E,normal,D05388,A05388,P05388
C05389,2025-01-01,N,frequent_legit,D05389,A05389,P05389
C05390,2025-01-01,S,normal,D05390,A05390,P05390
C05391,2025-01-01,N,normal,D05391,A05391,P05391
C05392,2025-01-01,W,abusive,D05392,A05392,P05392
C05393,2025-01-01,S,normal,D05393,A05393,P05393
C05394,2025-01-01,N,normal,D05394,A05394,P05394
C05395,2025-09-18,W,normal,D05395,A05395,P05395
C05396,2025-01-01,W,normal,D05396,A05396,P05396
C05397,2025-01-15,N,normal,D05397,A05397,P05397
C05398,2025-01-01,NE,normal,D05398,A05398,P05398
C05399,2025-01-01,N,normal,D05399,A05399,P05399
C05400,2025-01-01,S,normal,D05400,A05400,P05400
C05401,2025-01-01,S,normal,D05401,A05401,P05401
C05402,2025-07-20,N,normal,D05402,A05402,P05402
C05403,2025-01-01,E,normal,D05403,A05403,P05403
C05404,2025-01-01,S,normal,D05404,A05404,P05404
C05405,2025-01-14,W,normal,D05405,A05405,P05405
C05406,2025-04-23,N,normal,D05406,A05406,P05406
C05407,2025-01-01,N,normal,D05407,A05407,P05407
C05408,2025-01-01,S,normal,D05408,A05408,P05408
C05409,2025-01-01,N,normal,D05409,A05409,P05409
C05410,2025-09-13,NE,normal,D05410,A05410,P05410
C05411,2025-01-01,E,normal,D05411,A05411,P05411
C05412,2025-01-01,W,normal,D05412,A05412,P05412
C05413,2025-01-01,W,normal,D05413,A05413,P05413
C05414,2025-01-01,N,normal,D05414,A05414,P05414
C05415,2025-01-01,N,normal,D05415,A05415,P05415
C05416,2025-01-01,S,normal,D05416,A05416,P05416
C05417,2025-08-13,W,frequent_legit,D05417,A05417,P05417
C05418,2025-01-01,S,normal,D05418,A05418,P05418
C05419,2025-01-01,N,normal,D05419,A05419,P05419
C05420,2025-01-26,E,normal,D05420,A05420,P05420
C05421,2025-01-01,N,normal,D05421,A05421,P05421
C05422,2025-04-29,S,normal,D05422,A05422,P05422
C05423,2025-01-01,N,normal,D05423,A05423,P05423
C05424,2025-01-01,S,frequent_legit,D05424,A05424,P05424
C05425,2025-07-29,S,normal,D05425,A05425,P05425
C05426,2025-01-01,W,frequent_legit,D05426,A05426,P05426
C05427,2025-01-01,W,normal,D05427,A05427,P05427
C05428,2025-01-01,N,frequent_legit,D05428,A05428,P05428
C05429,2025-01-01,W,normal,D05429,A05429,P05429
C05430,2025-01-01,W,normal,D05430,A05430,P05430
C05431,2025-01-01,E,normal,D05431,A05431,P05431
C05432,2025-01-01,W,normal,D05432,A05432,P05432
C05433,2025-01-01,W,normal,D05433,A05433,P05433
C05434,2025-04-13,N,normal,D05434,A05434,P05434
C05435,2025-01-01,S,normal,D05435,A05435,P05435
C05436,2025-01-01,S,normal,D05436,A05436,P05436
C05437,2025-01-01,S,normal,D05437,A05437,P05437
C05438,2025-01-01,NE,frequent_legit,D05438,A05438,P05438
C05439,2025-01-01,E,normal,D05439,A05439,P05439
C05440,2025-01-01,S,normal,D05440,A05440,P05440
C05441,2025-01-01,NE,normal,D05441,A05441,P05441
C05442,2025-01-01,E,normal,D05442,A05442,P05442
C05443,2025-01-01,N,normal,D05443,A05443,P05443
C05444,2025-01-01,W,frequent_legit,D05444,A05444,P05444
C05445,2025-02-14,S,normal,D05445,A05445,P05445
C05446,2025-07-07,S,normal,D05446,A05446,P05446
C05447,2025-01-01,S,normal,D05447,A05447,P05447
C05448,2025-01-01,W,normal,D05448,A05448,P05448
C05449,2025-01-01,N,normal,D05449,A05449,P05449
C05450,2025-01-01,S,normal,D05450,A05450,P05450
C05451,2025-01-01,E,normal,D05451,A05451,P05451
C05452,2025-01-01,W,normal,D05452,A05452,P05452
C05453,2025-01-01,N,normal,D05453,A05453,P05453
C05454,2025-01-01,N,frequent_legit,D05454,A05454,P05454
C05455,2025-01-01,NE,normal,D05455,A05455,P05455
C05456,2025-01-01,W,normal,D05456,A05456,P05456
C05457,2025-01-01,S,normal,D05457,A05457,P05457
C05458,2025-07-14,S,normal,D05458,A05458,P05458
C05459,2025-01-01,S,normal,D05459,A05459,P05459
C05460,2025-01-01,E,normal,D05460,A05460,P05460
C05461,2025-06-05,E,normal,D05461,A05461,P05461
C05462,2025-01-01,W,normal,D05462,A05462,P05462
C05463,2025-01-01,N,normal,D05463,A05463,P05463
C05464,2025-01-01,W,normal,D05464,A05464,P05464
C05465,2025-01-29,N,normal,D05465,A05465,P05465
C05466,2025-01-01,W,normal,D05466,A05466,P05466
C05467,2025-01-01,N,normal,D05467,A05467,P05467
C05468,2025-01-01,N,normal,D05468,A05468,P05468
C05469,2025-01-01,N,normal,D05469,A05469,P05469
C05470,2025-01-01,N,normal,D05470,A05470,P05470
C05471,2025-01-01,S,normal,D05471,A05471,P05471
C05472,2025-08-05,E,frequent_legit,D05472,A05472,P05472
C05473,2025-01-01,W,normal,D05473,A05473,P05473
C05474,2025-01-29,S,normal,D05474,A05474,P05474
C05475,2025-12-16,S,normal,D05475,A05475,P05475
C05476,2025-01-01,S,normal,D05476,A05476,P05476
C05477,2025-12-05,W,normal,D05477,A05477,P05477
C05478,2025-01-01,N,normal,D05478,A05478,P05478
C05479,2025-01-01,S,coordinated,DCO0012,ACO0012,PCO0012
C05480,2025-01-01,N,normal,D05480,A05480,P05480
C05481,2025-01-01,N,normal,D05481,A05481,P05481
C05482,2025-01-01,E,normal,D05482,A05482,P05482
C05483,2025-01-01,N,normal,D05483,A05483,P05483
C05484,2025-03-13,N,normal,D05484,A05484,P05484
C05485,2025-01-01,W,frequent_legit,D05485,A05485,P05485
C05486,2025-01-01,N,normal,D05486,A05486,P05486
C05487,2025-01-01,E,normal,D05487,A05487,P05487
C05488,2025-01-01,S,normal,D05488,A05488,P05488
C05489,2025-01-01,W,normal,D05489,A05489,P05489
C05490,2025-01-01,E,normal,D05490,A05490,P05490
C05491,2025-01-01,N,normal,D05491,A05491,P05491
C05492,2025-01-01,W,normal,D05492,A05492,P05492
C05493,2025-01-01,S,normal,D05493,A05493,P05493
C05494,2025-01-01,S,normal,D05494,A05494,P05494
C05495,2025-01-01,E,normal,D05495,A05495,P05495
C05496,2025-09-21,E,frequent_legit,D05496,A05496,P05496
C05497,2025-01-01,S,normal,D05497,A05497,P05497
C05498,2025-01-01,S,normal,D05498,A05498,P05498
C05499,2025-01-01,N,normal,D05499,A05499,P05499
C05500,2025-01-01,E,normal,D05500,A05500,P05500
C05501,2025-01-01,NE,normal,D05501,A05501,P05501
C05502,2025-01-01,S,normal,D05502,A05502,P05502
C05503,2025-01-01,NE,normal,D05503,A05503,P05503
C05504,2025-01-01,N,normal,D05504,A05504,P05504
C05505,2025-01-01,W,normal,D05505,A05505,P05505
C05506,2025-01-01,W,normal,D05506,A05506,P05506
C05507,2025-01-01,E,normal,D05507,A05507,P05507
C05508,2025-01-01,N,normal,D05508,A05508,P05508
C05509,2025-01-01,S,normal,D05509,A05509,P05509
C05510,2025-01-01,N,normal,D05510,A05510,P05510
C05511,2025-01-01,E,normal,D05511,A05511,P05511
C05512,2025-01-01,NE,normal,D05512,A05512,P05512
C05513,2025-01-01,S,normal,D05513,A05513,P05513
C05514,2025-01-01,N,normal,D05514,A05514,P05514
C05515,2025-01-01,N,abusive,D05515,A05515,P05515
C05516,2025-01-01,E,normal,D05516,A05516,P05516
C05517,2025-01-01,E,normal,D05517,A05517,P05517
C05518,2025-01-01,N,normal,D05518,A05518,P05518
C05519,2025-01-01,W,normal,D05519,A05519,P05519
C05520,2025-01-01,N,normal,D05520,A05520,P05520
C05521,2025-01-01,E,normal,D05521,A05521,P05521
C05522,2025-04-20,S,normal,D05522,A05522,P05522
C05523,2025-01-01,N,normal,D05523,A05523,P05523
C05524,2025-01-01,E,normal,D05524,A05524,P05524
C05525,2025-01-01,E,frequent_legit,D05525,A05525,P05525
C05526,2025-06-24,S,normal,D05526,A05526,P05526
C05527,2025-01-01,W,normal,D05527,A05527,P05527
C05528,2025-01-01,S,frequent_legit,D05528,A05528,P05528
C05529,2025-01-01,S,normal,D05529,A05529,P05529
C05530,2025-01-01,NE,normal,D05530,A05530,P05530
C05531,2025-01-01,NE,normal,D05531,A05531,P05531
C05532,2025-01-01,N,normal,D05532,A05532,P05532
C05533,2025-01-01,NE,normal,D05533,A05533,P05533
C05534,2025-01-01,W,normal,D05534,A05534,P05534
C05535,2025-01-01,N,normal,D05535,A05535,P05535
C05536,2025-01-01,S,normal,D05536,A05536,P05536
C05537,2025-01-01,N,normal,D05537,A05537,P05537
C05538,2025-11-28,E,normal,D05538,A05538,P05538
C05539,2025-01-01,W,normal,D05539,A05539,P05539
C05540,2025-01-01,S,frequent_legit,D05540,A05540,P05540
C05541,2025-01-01,S,normal,D05541,A05541,P05541
C05542,2025-01-01,N,normal,D05542,A05542,P05542
C05543,2025-07-14,S,normal,D05543,A05543,P05543
C05544,2025-01-01,W,normal,D05544,A05544,P05544
C05545,2025-01-01,N,normal,D05545,A05545,P05545
C05546,2025-01-01,S,abusive,D05546,A05546,P05546
C05547,2025-11-22,S,normal,D05547,A05547,P05547
C05548,2025-01-01,W,normal,D05548,A05548,P05548
C05549,2025-01-01,E,normal,D05549,A05549,P05549
C05550,2025-01-01,E,normal,D05550,A05550,P05550
C05551,2025-01-01,S,normal,D05551,A05551,P05551
C05552,2025-09-02,E,normal,D05552,A05552,P05552
C05553,2025-01-01,E,normal,D05553,A05553,P05553
C05554,2025-03-01,E,normal,D05554,A05554,P05554
C05555,2025-01-01,E,normal,D05555,A05555,P05555
C05556,2025-10-16,W,normal,D05556,A05556,P05556
C05557,2025-02-21,N,normal,D05557,A05557,P05557
C05558,2025-01-01,N,normal,D05558,A05558,P05558
C05559,2025-01-01,NE,normal,D05559,A05559,P05559
C05560,2025-03-21,N,frequent_legit,D05560,A05560,P05560
C05561,2025-01-17,W,normal,D05561,A05561,P05561
C05562,2025-01-01,E,normal,D05562,A05562,P05562
C05563,2025-12-07,W,normal,D05563,A05563,P05563
C05564,2025-01-01,E,frequent_legit,D05564,A05564,P05564
C05565,2025-01-01,W,normal,D05565,A05565,P05565
C05566,2025-01-01,W,normal,D05566,A05566,P05566
C05567,2025-10-30,S,normal,D05567,A05567,P05567
C05568,2025-01-01,S,normal,D05568,A05568,P05568
C05569,2025-01-01,N,normal,D05569,A05569,P05569
C05570,2025-01-01,N,normal,D05570,A05570,P05570
C05571,2025-01-01,NE,normal,D05571,A05571,P05571
C05572,2025-01-01,N,normal,D05572,A05572,P05572
C05573,2025-01-01,W,normal,D05573,A05573,P05573
C05574,2025-01-01,S,normal,D05574,A05574,P05574
C05575,2025-01-01,S,normal,D05575,A05575,P05575
C05576,2025-02-10,NE,abusive,D05576,A05576,P05576
C05577,2025-01-01,N,normal,D05577,A05577,P05577
C05578,2025-01-01,E,normal,D05578,A05578,P05578
C05579,2025-01-01,S,normal,D05579,A05579,P05579
C05580,2025-01-01,N,normal,D05580,A05580,P05580
C05581,2025-01-01,N,normal,D05581,A05581,P05581
C05582,2025-01-01,E,normal,D05582,A05582,P05582
C05583,2025-01-01,N,normal,D05583,A05583,P05583
C05584,2025-01-01,W,normal,D05584,A05584,P05584
C05585,2025-06-08,E,frequent_legit,D05585,A05585,P05585
C05586,2025-06-18,N,normal,D05586,A05586,P05586
C05587,2025-01-01,S,normal,D05587,A05587,P05587
C05588,2025-01-01,N,normal,D05588,A05588,P05588
C05589,2025-01-01,W,normal,D05589,A05589,P05589
C05590,2025-05-26,S,normal,D05590,A05590,P05590
C05591,2025-10-13,N,normal,D05591,A05591,P05591
C05592,2025-01-01,S,normal,D05592,A05592,P05592
C05593,2025-01-01,S,normal,D05593,A05593,P05593
C05594,2025-01-01,E,normal,D05594,A05594,P05594
C05595,2025-01-01,N,normal,D05595,A05595,P05595
C05596,2025-09-16,N,frequent_legit,D05596,A05596,P05596
C05597,2025-01-01,S,normal,D05597,A05597,P05597
C05598,2025-01-01,E,normal,D05598,A05598,P05598
C05599,2025-01-01,E,normal,D05599,A05599,P05599
C05600,2025-10-31,N,normal,D05600,A05600,P05600
C05601,2025-01-01,N,normal,D05601,A05601,P05601
C05602,2025-01-01,E,normal,D05602,A05602,P05602
C05603,2025-01-01,N,frequent_legit,D05603,A05603,P05603
C05604,2025-01-01,S,normal,D05604,A05604,P05604
C05605,2025-01-01,S,normal,D05605,A05605,P05605
C05606,2025-01-01,N,normal,D05606,A05606,P05606
C05607,2025-01-01,S,normal,D05607,A05607,P05607
C05608,2025-01-01,N,normal,D05608,A05608,P05608
C05609,2025-01-01,E,normal,D05609,A05609,P05609
C05610,2025-01-01,N,normal,D05610,A05610,P05610
C05611,2025-01-01,S,normal,D05611,A05611,P05611
C05612,2025-01-01,S,normal,D05612,A05612,P05612
C05613,2025-01-01,N,normal,D05613,A05613,P05613
C05614,2025-01-01,E,normal,D05614,A05614,P05614
C05615,2025-01-01,W,normal,D05615,A05615,P05615
C05616,2025-03-06,NE,normal,D05616,A05616,P05616
C05617,2025-01-01,N,normal,D05617,A05617,P05617
C05618,2025-01-01,N,normal,D05618,A05618,P05618
C05619,2025-01-01,S,normal,D05619,A05619,P05619
C05620,2025-01-01,W,normal,D05620,A05620,P05620
C05621,2025-01-01,S,normal,D05621,A05621,P05621
C05622,2025-01-01,S,normal,D05622,A05622,P05622
C05623,2025-01-01,W,normal,D05623,A05623,P05623
C05624,2025-01-01,N,normal,D05624,A05624,P05624
C05625,2025-01-01,S,normal,D05625,A05625,P05625
C05626,2025-01-01,S,normal,D05626,A05626,P05626
C05627,2025-01-01,E,normal,D05627,A05627,P05627
C05628,2025-01-01,W,normal,D05628,A05628,P05628
C05629,2025-01-01,S,normal,D05629,A05629,P05629
C05630,2025-01-01,E,normal,D05630,A05630,P05630
C05631,2025-01-01,S,normal,D05631,A05631,P05631
C05632,2025-01-22,N,normal,D05632,A05632,P05632
C05633,2025-01-27,W,normal,D05633,A05633,P05633
C05634,2025-01-01,W,normal,D05634,A05634,P05634
C05635,2025-01-01,W,normal,D05635,A05635,P05635
C05636,2025-01-01,W,normal,D05636,A05636,P05636
C05637,2025-01-01,N,normal,D05637,A05637,P05637
C05638,2025-10-22,S,normal,D05638,A05638,P05638
C05639,2025-01-01,S,normal,D05639,A05639,P05639
C05640,2025-01-30,N,normal,D05640,A05640,P05640
C05641,2025-01-01,S,normal,D05641,A05641,P05641
C05642,2025-01-16,S,normal,D05642,A05642,P05642
C05643,2025-01-01,N,normal,D05643,A05643,P05643
C05644,2025-04-26,W,normal,D05644,A05644,P05644
C05645,2025-01-01,N,normal,D05645,A05645,P05645
C05646,2025-01-01,S,normal,D05646,A05646,P05646
C05647,2025-01-01,W,normal,D05647,A05647,P05647
C05648,2025-01-01,E,normal,D05648,A05648,P05648
C05649,2025-01-01,N,normal,D05649,A05649,P05649
C05650,2025-01-01,E,normal,D05650,A05650,P05650
C05651,2025-01-01,W,normal,D05651,A05651,P05651
C05652,2025-01-01,W,normal,D05652,A05652,P05652
C05653,2025-01-01,S,normal,D05653,A05653,P05653
C05654,2025-08-11,N,normal,D05654,A05654,P05654
C05655,2025-08-01,E,normal,D05655,A05655,P05655
C05656,2025-01-01,N,frequent_legit,D05656,A05656,P05656
C05657,2025-01-01,W,normal,D05657,A05657,P05657
C05658,2025-01-01,E,normal,D05658,A05658,P05658
C05659,2025-10-26,W,normal,D05659,A05659,P05659
C05660,2025-01-19,NE,normal,D05660,A05660,P05660
C05661,2025-01-01,E,normal,D05661,A05661,P05661
C05662,2025-01-01,W,normal,D05662,A05662,P05662
C05663,2025-01-01,E,normal,D05663,A05663,P05663
C05664,2025-11-25,N,normal,D05664,A05664,P05664
C05665,2025-09-18,W,normal,D05665,A05665,P05665
C05666,2025-01-01,E,normal,D05666,A05666,P05666
C05667,2025-01-01,NE,normal,D05667,A05667,P05667
C05668,2025-01-01,N,normal,D05668,A05668,P05668
C05669,2025-01-01,S,normal,D05669,A05669,P05669
C05670,2025-01-01,W,normal,D05670,A05670,P05670
C05671,2025-01-01,N,normal,D05671,A05671,P05671
C05672,2025-01-01,E,normal,D05672,A05672,P05672
C05673,2025-01-01,S,normal,D05673,A05673,P05673
C05674,2025-01-01,N,normal,D05674,A05674,P05674
C05675,2025-03-23,N,frequent_legit,D05675,A05675,P05675
C05676,2025-09-08,W,normal,D05676,A05676,P05676
C05677,2025-12-06,N,normal,D05677,A05677,P05677
C05678,2025-01-01,W,normal,D05678,A05678,P05678
C05679,2025-01-01,W,normal,D05679,A05679,P05679
C05680,2025-01-01,E,normal,D05680,A05680,P05680
C05681,2025-01-01,S,normal,D05681,A05681,P05681
C05682,2025-01-01,N,normal,D05682,A05682,P05682
C05683,2025-01-01,W,normal,D05683,A05683,P05683
C05684,2025-01-01,N,normal,D05684,A05684,P05684
C05685,2025-01-01,S,normal,D05685,A05685,P05685
C05686,2025-01-01,NE,normal,D05686,A05686,P05686
C05687,2025-01-01,S,normal,D05687,A05687,P05687
C05688,2025-11-21,N,normal,D05688,A05688,P05688
C05689,2025-01-01,NE,normal,D05689,A05689,P05689
C05690,2025-01-01,N,normal,D05690,A05690,P05690
C05691,2025-01-01,N,normal,D05691,A05691,P05691
C05692,2025-01-01,S,normal,D05692,A05692,P05692
C05693,2025-01-01,W,normal,D05693,A05693,P05693
C05694,2025-01-01,W,normal,D05694,A05694,P05694
C05695,2025-01-01,W,normal,D05695,A05695,P05695
C05696,2025-01-01,NE,normal,D05696,A05696,P05696
C05697,2025-01-01,N,frequent_legit,D05697,A05697,P05697
C05698,2025-01-01,E,normal,D05698,A05698,P05698
C05699,2025-01-01,N,normal,D05699,A05699,P05699
C05700,2025-01-01,W,normal,D05700,A05700,P05700
C05701,2025-01-01,W,normal,D05701,A05701,P05701
C05702,2025-01-01,S,normal,D05702,A05702,P05702
C05703,2025-01-01,W,normal,D05703,A05703,P05703
C05704,2025-04-27,E,normal,D05704,A05704,P05704
C05705,2025-01-01,N,normal,D05705,A05705,P05705
C05706,2025-01-01,E,frequent_legit,D05706,A05706,P05706
C05707,2025-01-01,NE,normal,D05707,A05707,P05707
C05708,2025-01-01,S,normal,D05708,A05708,P05708
C05709,2025-01-01,N,normal,D05709,A05709,P05709
C05710,2025-01-01,NE,normal,D05710,A05710,P05710
C05711,2025-01-01,S,normal,D05711,A05711,P05711
C05712,2025-01-01,S,abusive,D05712,A05712,P05712
C05713,2025-06-02,E,normal,D05713,A05713,P05713
C05714,2025-01-01,E,normal,D05714,A05714,P05714
C05715,2025-01-01,S,normal,D05715,A05715,P05715
C05716,2025-01-21,N,normal,D05716,A05716,P05716
C05717,2025-01-01,W,coordinated,DCO0013,ACO0013,PCO0013
C05718,2025-01-01,S,normal,D05718,A05718,P05718
C05719,2025-01-01,E,normal,D05719,A05719,P05719
C05720,2025-02-05,W,normal,D05720,A05720,P05720
C05721,2025-01-01,N,normal,D05721,A05721,P05721
C05722,2025-01-01,W,normal,D05722,A05722,P05722
C05723,2025-01-01,W,normal,D05723,A05723,P05723
C05724,2025-01-01,NE,normal,D05724,A05724,P05724
C05725,2025-01-01,N,normal,D05725,A05725,P05725
C05726,2025-01-01,S,normal,D05726,A05726,P05726
C05727,2025-10-26,E,normal,D05727,A05727,P05727
C05728,2025-01-01,W,frequent_legit,D05728,A05728,P05728
C05729,2025-01-01,NE,normal,D05729,A05729,P05729
C05730,2025-01-01,S,normal,D05730,A05730,P05730
C05731,2025-01-01,S,normal,D05731,A05731,P05731
C05732,2025-01-01,N,normal,D05732,A05732,P05732
C05733,2025-01-01,E,normal,D05733,A05733,P05733
C05734,2025-01-01,W,normal,D05734,A05734,P05734
C05735,2025-01-01,W,frequent_legit,D05735,A05735,P05735
C05736,2025-01-01,S,normal,D05736,A05736,P05736
C05737,2025-01-01,NE,normal,D05737,A05737,P05737
C05738,2025-01-01,N,frequent_legit,D05738,A05738,P05738
C05739,2025-01-01,S,normal,D05739,A05739,P05739
C05740,2025-01-01,S,normal,D05740,A05740,P05740
C05741,2025-01-01,S,normal,D05741,A05741,P05741
C05742,2025-01-01,W,normal,D05742,A05742,P05742
C05743,2025-01-01,E,normal,D05743,A05743,P05743
C05744,2025-01-30,N,normal,D05744,A05744,P05744
C05745,2025-01-01,N,normal,D05745,A05745,P05745
C05746,2025-01-01,S,normal,D05746,A05746,P05746
C05747,2025-01-01,E,frequent_legit,D05747,A05747,P05747
C05748,2025-10-29,S,frequent_legit,D05748,A05748,P05748
C05749,2025-01-01,S,frequent_legit,D05749,A05749,P05749
C05750,2025-01-01,N,normal,D05750,A05750,P05750
C05751,2025-01-01,W,normal,D05751,A05751,P05751
C05752,2025-01-01,S,normal,D05752,A05752,P05752
C05753,2025-05-22,S,normal,D05753,A05753,P05753
C05754,2025-01-01,S,normal,D05754,A05754,P05754
C05755,2025-03-09,N,normal,D05755,A05755,P05755
C05756,2025-01-01,N,normal,D05756,A05756,P05756
C05757,2025-01-01,N,normal,D05757,A05757,P05757
C05758,2025-01-01,E,normal,D05758,A05758,P05758
C05759,2025-01-01,N,normal,D05759,A05759,P05759
C05760,2025-10-07,S,normal,D05760,A05760,P05760
C05761,2025-01-01,NE,frequent_legit,D05761,A05761,P05761
C05762,2025-01-01,S,normal,D05762,A05762,P05762
C05763,2025-01-01,S,frequent_legit,D05763,A05763,P05763
C05764,2025-01-01,S,normal,D05764,A05764,P05764
C05765,2025-01-01,S,normal,D05765,A05765,P05765
C05766,2025-08-23,N,normal,D05766,A05766,P05766
C05767,2025-01-01,W,normal,D05767,A05767,P05767
C05768,2025-01-01,S,normal,D05768,A05768,P05768
C05769,2025-08-01,E,normal,D05769,A05769,P05769
C05770,2025-01-01,NE,normal,D05770,A05770,P05770
C05771,2025-01-01,N,normal,D05771,A05771,P05771
C05772,2025-01-01,E,normal,D05772,A05772,P05772
C05773,2025-01-01,N,normal,D05773,A05773,P05773
C05774,2025-01-01,S,normal,D05774,A05774,P05774
C05775,2025-08-24,W,normal,D05775,A05775,P05775
C05776,2025-01-01,N,normal,D05776,A05776,P05776
C05777,2025-01-01,NE,normal,D05777,A05777,P05777
C05778,2025-01-01,E,normal,D05778,A05778,P05778
C05779,2025-01-01,S,normal,D05779,A05779,P05779
C05780,2025-01-01,N,coordinated,DCO0013,ACO0013,PCO0013
C05781,2025-01-01,E,coordinated,DCO0013,ACO0013,PCO0013
C05782,2025-01-01,S,normal,D05782,A05782,P05782
C05783,2025-06-14,N,normal,D05783,A05783,P05783
C05784,2025-01-01,S,normal,D05784,A05784,P05784
C05785,2025-01-01,N,normal,D05785,A05785,P05785
C05786,2025-01-01,NE,normal,D05786,A05786,P05786
C05787,2025-01-01,S,normal,D05787,A05787,P05787
C05788,2025-01-01,S,normal,D05788,A05788,P05788
C05789,2025-01-01,W,normal,D05789,A05789,P05789
C05790,2025-01-01,E,normal,D05790,A05790,P05790
C05791,2025-01-01,W,normal,D05791,A05791,P05791
C05792,2025-01-01,NE,normal,D05792,A05792,P05792
C05793,2025-01-01,N,normal,D05793,A05793,P05793
C05794,2025-01-01,S,normal,D05794,A05794,P05794
C05795,2025-06-05,E,normal,D05795,A05795,P05795
C05796,2025-01-01,N,normal,D05796,A05796,P05796
C05797,2025-05-25,E,frequent_legit,D05797,A05797,P05797
C05798,2025-01-01,N,normal,D05798,A05798,P05798
C05799,2025-01-01,W,normal,D05799,A05799,P05799
C05800,2025-03-01,E,normal,D05800,A05800,P05800
C05801,2025-04-14,E,normal,D05801,A05801,P05801
C05802,2025-01-01,S,normal,D05802,A05802,P05802
C05803,2025-01-01,NE,normal,D05803,A05803,P05803
C05804,2025-01-01,W,normal,D05804,A05804,P05804
C05805,2025-02-26,W,normal,D05805,A05805,P05805
C05806,2025-01-01,W,normal,D05806,A05806,P05806
C05807,2025-01-01,N,normal,D05807,A05807,P05807
C05808,2025-06-15,N,normal,D05808,A05808,P05808
C05809,2025-01-01,N,normal,D05809,A05809,P05809
C05810,2025-01-01,E,normal,D05810,A05810,P05810
C05811,2025-01-01,E,normal,D05811,A05811,P05811
C05812,2025-01-01,S,normal,D05812,A05812,P05812
C05813,2025-01-01,NE,normal,D05813,A05813,P05813
C05814,2025-01-01,N,normal,D05814,A05814,P05814
C05815,2025-01-01,W,normal,D05815,A05815,P05815
C05816,2025-01-01,S,normal,D05816,A05816,P05816
C05817,2025-01-01,S,normal,D05817,A05817,P05817
C05818,2025-01-01,N,normal,D05818,A05818,P05818
C05819,2025-01-01,W,normal,D05819,A05819,P05819
C05820,2025-09-01,W,normal,D05820,A05820,P05820
C05821,2025-01-01,S,normal,D05821,A05821,P05821
C05822,2025-01-01,S,normal,D05822,A05822,P05822
C05823,2025-01-01,E,normal,D05823,A05823,P05823
C05824,2025-01-01,S,normal,D05824,A05824,P05824
C05825,2025-04-18,E,normal,D05825,A05825,P05825
C05826,2025-01-01,S,normal,D05826,A05826,P05826
C05827,2025-01-01,W,normal,D05827,A05827,P05827
C05828,2025-01-01,E,normal,D05828,A05828,P05828
C05829,2025-01-01,N,normal,D05829,A05829,P05829
C05830,2025-01-01,W,normal,D05830,A05830,P05830
C05831,2025-08-21,S,normal,D05831,A05831,P05831
C05832,2025-01-01,W,normal,D05832,A05832,P05832
C05833,2025-01-01,E,normal,D05833,A05833,P05833
C05834,2025-01-01,N,normal,D05834,A05834,P05834
C05835,2025-02-16,W,normal,D05835,A05835,P05835
C05836,2025-01-01,N,normal,D05836,A05836,P05836
C05837,2025-06-26,W,normal,D05837,A05837,P05837
C05838,2025-01-01,NE,normal,D05838,A05838,P05838
C05839,2025-02-11,E,normal,D05839,A05839,P05839
C05840,2025-01-01,S,normal,D05840,A05840,P05840
C05841,2025-01-01,E,normal,D05841,A05841,P05841
C05842,2025-01-01,S,normal,D05842,A05842,P05842
C05843,2025-01-01,N,normal,D05843,A05843,P05843
C05844,2025-06-11,W,normal,D05844,A05844,P05844
C05845,2025-01-01,S,normal,D05845,A05845,P05845
C05846,2025-01-01,S,frequent_legit,D05846,A05846,P05846
C05847,2025-01-01,N,normal,D05847,A05847,P05847
C05848,2025-01-01,NE,normal,D05848,A05848,P05848
C05849,2025-01-01,NE,normal,D05849,A05849,P05849
C05850,2025-01-01,S,coordinated,DCO0013,ACO0013,PCO0013
C05851,2025-01-01,N,normal,D05851,A05851,P05851
C05852,2025-01-01,W,normal,D05852,A05852,P05852
C05853,2025-07-05,S,normal,D05853,A05853,P05853
C05854,2025-01-01,NE,normal,D05854,A05854,P05854
C05855,2025-01-01,W,normal,D05855,A05855,P05855
C05856,2025-01-01,W,normal,D05856,A05856,P05856
C05857,2025-01-01,N,normal,D05857,A05857,P05857
C05858,2025-01-01,E,normal,D05858,A05858,P05858
C05859,2025-01-01,NE,normal,D05859,A05859,P05859
C05860,2025-01-01,S,normal,D05860,A05860,P05860
C05861,2025-09-16,W,normal,D05861,A05861,P05861
C05862,2025-01-01,S,normal,D05862,A05862,P05862
C05863,2025-01-01,NE,normal,D05863,A05863,P05863
C05864,2025-01-01,E,normal,D05864,A05864,P05864
C05865,2025-01-01,N,normal,D05865,A05865,P05865
C05866,2025-01-01,S,normal,D05866,A05866,P05866
C05867,2025-01-01,N,normal,D05867,A05867,P05867
C05868,2025-01-01,S,normal,D05868,A05868,P05868
C05869,2025-01-01,W,normal,D05869,A05869,P05869
C05870,2025-01-01,N,normal,D05870,A05870,P05870
C05871,2025-01-01,NE,normal,D05871,A05871,P05871
C05872,2025-01-01,N,normal,D05872,A05872,P05872
C05873,2025-01-01,E,normal,D05873,A05873,P05873
C05874,2025-01-01,NE,normal,D05874,A05874,P05874
C05875,2025-08-17,E,normal,D05875,A05875,P05875
C05876,2025-01-01,W,normal,D05876,A05876,P05876
C05877,2025-01-01,NE,normal,D05877,A05877,P05877
C05878,2025-01-01,E,normal,D05878,A05878,P05878
C05879,2025-09-28,W,normal,D05879,A05879,P05879
C05880,2025-01-01,N,normal,D05880,A05880,P05880
C05881,2025-12-15,S,normal,D05881,A05881,P05881
C05882,2025-01-01,S,normal,D05882,A05882,P05882
C05883,2025-10-23,W,frequent_legit,D05883,A05883,P05883
C05884,2025-01-01,E,normal,D05884,A05884,P05884
C05885,2025-01-01,E,normal,D05885,A05885,P05885
C05886,2025-01-01,W,normal,D05886,A05886,P05886
C05887,2025-01-01,N,normal,D05887,A05887,P05887
C05888,2025-01-01,NE,normal,D05888,A05888,P05888
C05889,2025-01-01,N,normal,D05889,A05889,P05889
C05890,2025-01-01,S,frequent_legit,D05890,A05890,P05890
C05891,2025-01-01,E,normal,D05891,A05891,P05891
C05892,2025-01-01,S,normal,D05892,A05892,P05892
C05893,2025-01-01,E,normal,D05893,A05893,P05893
C05894,2025-01-01,W,normal,D05894,A05894,P05894
C05895,2025-01-01,W,normal,D05895,A05895,P05895
C05896,2025-01-01,N,normal,D05896,A05896,P05896
C05897,2025-01-01,N,normal,D05897,A05897,P05897
C05898,2025-10-21,N,normal,D05898,A05898,P05898
C05899,2025-01-01,S,normal,D05899,A05899,P05899
C05900,2025-01-01,N,normal,D05900,A05900,P05900
C05901,2025-01-01,S,normal,D05901,A05901,P05901
C05902,2025-09-19,W,normal,D05902,A05902,P05902
C05903,2025-01-01,NE,normal,D05903,A05903,P05903
C05904,2025-01-01,W,normal,D05904,A05904,P05904
C05905,2025-01-01,N,normal,D05905,A05905,P05905
C05906,2025-01-01,E,normal,D05906,A05906,P05906
C05907,2025-01-01,N,normal,D05907,A05907,P05907
C05908,2025-05-14,S,normal,D05908,A05908,P05908
C05909,2025-01-01,S,normal,D05909,A05909,P05909
C05910,2025-01-01,NE,frequent_legit,D05910,A05910,P05910
C05911,2025-01-01,E,normal,D05911,A05911,P05911
C05912,2025-01-01,N,normal,D05912,A05912,P05912
C05913,2025-01-01,E,normal,D05913,A05913,P05913
C05914,2025-10-15,NE,normal,D05914,A05914,P05914
C05915,2025-01-01,N,normal,D05915,A05915,P05915
C05916,2025-01-01,W,normal,D05916,A05916,P05916
C05917,2025-01-01,N,normal,D05917,A05917,P05917
C05918,2025-01-01,N,normal,D05918,A05918,P05918
C05919,2025-01-01,W,normal,D05919,A05919,P05919
C05920,2025-07-11,N,normal,D05920,A05920,P05920
C05921,2025-01-01,W,normal,D05921,A05921,P05921
C05922,2025-01-01,N,normal,D05922,A05922,P05922
C05923,2025-09-16,E,normal,D05923,A05923,P05923
C05924,2025-01-01,E,normal,D05924,A05924,P05924
C05925,2025-01-01,W,normal,D05925,A05925,P05925
C05926,2025-01-01,W,normal,D05926,A05926,P05926
C05927,2025-03-05,E,normal,D05927,A05927,P05927
C05928,2025-01-01,S,normal,D05928,A05928,P05928
C05929,2025-01-01,N,normal,D05929,A05929,P05929
C05930,2025-01-01,E,coordinated,DCO0013,ACO0013,PCO0013
C05931,2025-01-01,S,normal,D05931,A05931,P05931
C05932,2025-01-01,N,normal,D05932,A05932,P05932
C05933,2025-01-01,NE,normal,D05933,A05933,P05933
C05934,2025-01-01,S,normal,D05934,A05934,P05934
C05935,2025-01-01,N,normal,D05935,A05935,P05935
C05936,2025-01-01,W,normal,D05936,A05936,P05936
C05937,2025-11-15,E,normal,D05937,A05937,P05937
C05938,2025-01-01,W,normal,D05938,A05938,P05938
C05939,2025-01-01,N,normal,D05939,A05939,P05939
C05940,2025-01-01,S,normal,D05940,A05940,P05940
C05941,2025-10-27,E,normal,D05941,A05941,P05941
C05942,2025-01-01,N,normal,D05942,A05942,P05942
C05943,2025-01-01,E,normal,D05943,A05943,P05943
C05944,2025-01-01,N,normal,D05944,A05944,P05944
C05945,2025-01-01,N,normal,D05945,A05945,P05945
C05946,2025-01-01,N,normal,D05946,A05946,P05946
C05947,2025-05-07,S,normal,D05947,A05947,P05947
C05948,2025-01-01,N,normal,D05948,A05948,P05948
C05949,2025-01-01,W,normal,D05949,A05949,P05949
C05950,2025-05-03,E,normal,D05950,A05950,P05950
C05951,2025-01-01,N,normal,D05951,A05951,P05951
C05952,2025-01-01,E,normal,D05952,A05952,P05952
C05953,2025-01-01,N,normal,D05953,A05953,P05953
C05954,2025-01-01,S,normal,D05954,A05954,P05954
C05955,2025-01-01,W,normal,D05955,A05955,P05955
C05956,2025-01-01,E,normal,D05956,A05956,P05956
C05957,2025-06-28,E,normal,D05957,A05957,P05957
C05958,2025-01-01,S,normal,D05958,A05958,P05958
C05959,2025-11-08,N,normal,D05959,A05959,P05959
C05960,2025-01-01,W,normal,D05960,A05960,P05960
C05961,2025-01-01,E,normal,D05961,A05961,P05961
C05962,2025-01-01,E,normal,D05962,A05962,P05962
C05963,2025-01-01,NE,normal,D05963,A05963,P05963
C05964,2025-01-01,S,normal,D05964,A05964,P05964
C05965,2025-01-01,W,normal,D05965,A05965,P05965
C05966,2025-01-01,S,normal,D05966,A05966,P05966
C05967,2025-01-01,N,normal,D05967,A05967,P05967
C05968,2025-01-01,N,normal,D05968,A05968,P05968
C05969,2025-01-01,E,normal,D05969,A05969,P05969
C05970,2025-12-10,S,normal,D05970,A05970,P05970
C05971,2025-01-01,E,normal,D05971,A05971,P05971
C05972,2025-11-30,E,normal,D05972,A05972,P05972
C05973,2025-09-05,S,coordinated,DCO0014,ACO0014,PCO0014
C05974,2025-10-03,S,frequent_legit,D05974,A05974,P05974
C05975,2025-01-13,E,normal,D05975,A05975,P05975
C05976,2025-01-01,S,normal,D05976,A05976,P05976
C05977,2025-01-01,W,normal,D05977,A05977,P05977
C05978,2025-07-29,N,normal,D05978,A05978,P05978
C05979,2025-01-01,NE,normal,D05979,A05979,P05979
C05980,2025-01-01,N,normal,D05980,A05980,P05980
C05981,2025-01-01,N,normal,D05981,A05981,P05981
C05982,2025-01-01,E,normal,D05982,A05982,P05982
C05983,2025-01-01,N,normal,D05983,A05983,P05983
C05984,2025-01-01,N,normal,D05984,A05984,P05984
C05985,2025-01-01,N,normal,D05985,A05985,P05985
C05986,2025-01-01,W,normal,D05986,A05986,P05986
C05987,2025-12-04,E,normal,D05987,A05987,P05987
C05988,2025-01-01,N,frequent_legit,D05988,A05988,P05988
C05989,2025-01-01,S,normal,D05989,A05989,P05989
C05990,2025-04-20,N,normal,D05990,A05990,P05990
C05991,2025-01-01,NE,normal,D05991,A05991,P05991
C05992,2025-01-01,N,frequent_legit,D05992,A05992,P05992
C05993,2025-12-08,E,frequent_legit,D05993,A05993,P05993
C05994,2025-01-01,S,normal,D05994,A05994,P05994
C05995,2025-01-01,E,normal,D05995,A05995,P05995
C05996,2025-01-01,NE,normal,D05996,A05996,P05996
C05997,2025-01-01,S,normal,D05997,A05997,P05997
C05998,2025-07-07,W,normal,D05998,A05998,P05998
C05999,2025-01-01,S,normal,D05999,A05999,P05999
C06000,2025-01-01,E,normal,D06000,A06000,P06000
C06001,2025-01-01,S,normal,D06001,A06001,P06001
C06002,2025-01-01,N,normal,D06002,A06002,P06002
C06003,2025-10-17,N,normal,D06003,A06003,P06003
C06004,2025-01-01,N,normal,D06004,A06004,P06004
C06005,2025-01-01,NE,normal,D06005,A06005,P06005
C06006,2025-12-04,W,normal,D06006,A06006,P06006
C06007,2025-05-19,N,normal,D06007,A06007,P06007
C06008,2025-01-01,S,normal,D06008,A06008,P06008
C06009,2025-06-26,E,normal,D06009,A06009,P06009
C06010,2025-10-10,S,normal,D06010,A06010,P06010
C06011,2025-01-01,S,normal,D06011,A06011,P06011
C06012,2025-01-01,E,normal,D06012,A06012,P06012
C06013,2025-01-01,N,normal,D06013,A06013,P06013
C06014,2025-01-01,S,normal,D06014,A06014,P06014
C06015,2025-01-01,N,normal,D06015,A06015,P06015
C06016,2025-01-01,N,normal,D06016,A06016,P06016
C06017,2025-01-01,E,normal,D06017,A06017,P06017
C06018,2025-01-01,E,normal,D06018,A06018,P06018
C06019,2025-01-01,NE,frequent_legit,D06019,A06019,P06019
C06020,2025-01-01,N,abusive,D06020,A06020,P06020
C06021,2025-01-01,W,normal,D06021,A06021,P06021
C06022,2025-06-25,NE,normal,D06022,A06022,P06022
C06023,2025-11-22,E,normal,D06023,A06023,P06023
C06024,2025-01-01,NE,normal,D06024,A06024,P06024
C06025,2025-01-01,NE,normal,D06025,A06025,P06025
C06026,2025-01-01,W,normal,D06026,A06026,P06026
C06027,2025-01-01,NE,normal,D06027,A06027,P06027
C06028,2025-01-01,E,frequent_legit,D06028,A06028,P06028
C06029,2025-03-06,S,normal,D06029,A06029,P06029
C06030,2025-01-01,W,normal,D06030,A06030,P06030
C06031,2025-01-01,W,normal,D06031,A06031,P06031
C06032,2025-01-01,N,normal,D06032,A06032,P06032
C06033,2025-03-06,S,normal,D06033,A06033,P06033
C06034,2025-01-01,N,coordinated,DCO0014,ACO0014,PCO0014
C06035,2025-01-01,W,normal,D06035,A06035,P06035
C06036,2025-10-25,N,frequent_legit,D06036,A06036,P06036
C06037,2025-01-01,S,normal,D06037,A06037,P06037
C06038,2025-04-09,S,normal,D06038,A06038,P06038
C06039,2025-01-01,N,normal,D06039,A06039,P06039
C06040,2025-01-01,NE,normal,D06040,A06040,P06040
C06041,2025-01-01,S,normal,D06041,A06041,P06041
C06042,2025-04-22,N,normal,D06042,A06042,P06042
C06043,2025-01-01,N,coordinated,DCO0014,ACO0014,PCO0014
C06044,2025-01-01,W,normal,D06044,A06044,P06044
C06045,2025-01-01,E,normal,D06045,A06045,P06045
C06046,2025-01-01,S,normal,D06046,A06046,P06046
C06047,2025-01-01,S,normal,D06047,A06047,P06047
C06048,2025-01-01,W,normal,D06048,A06048,P06048
C06049,2025-01-01,W,normal,D06049,A06049,P06049
C06050,2025-01-01,E,normal,D06050,A06050,P06050
C06051,2025-01-01,S,normal,D06051,A06051,P06051
C06052,2025-01-01,NE,normal,D06052,A06052,P06052
C06053,2025-01-01,E,normal,D06053,A06053,P06053
C06054,2025-01-01,S,normal,D06054,A06054,P06054
C06055,2025-01-01,NE,normal,D06055,A06055,P06055
C06056,2025-01-01,W,normal,D06056,A06056,P06056
C06057,2025-01-01,W,normal,D06057,A06057,P06057
C06058,2025-01-01,W,normal,D06058,A06058,P06058
C06059,2025-01-01,S,normal,D06059,A06059,P06059
C06060,2025-01-31,S,normal,D06060,A06060,P06060
C06061,2025-01-01,N,normal,D06061,A06061,P06061
C06062,2025-06-10,E,normal,D06062,A06062,P06062
C06063,2025-01-01,S,normal,D06063,A06063,P06063
C06064,2025-01-01,S,normal,D06064,A06064,P06064
C06065,2025-05-05,NE,normal,D06065,A06065,P06065
C06066,2025-01-01,N,normal,D06066,A06066,P06066
C06067,2025-03-02,W,normal,D06067,A06067,P06067
C06068,2025-03-05,S,normal,D06068,A06068,P06068
C06069,2025-01-01,N,normal,D06069,A06069,P06069
C06070,2025-06-16,N,frequent_legit,D06070,A06070,P06070
C06071,2025-06-18,S,normal,D06071,A06071,P06071
C06072,2025-01-01,S,normal,D06072,A06072,P06072
C06073,2025-01-01,S,normal,D06073,A06073,P06073
C06074,2025-09-13,E,normal,D06074,A06074,P06074
C06075,2025-01-01,S,normal,D06075,A06075,P06075
C06076,2025-01-01,N,normal,D06076,A06076,P06076
C06077,2025-08-21,S,normal,D06077,A06077,P06077
C06078,2025-03-26,N,normal,D06078,A06078,P06078
C06079,2025-01-01,N,normal,D06079,A06079,P06079
C06080,2025-01-01,N,normal,D06080,A06080,P06080
C06081,2025-01-01,E,normal,D06081,A06081,P06081
C06082,2025-01-01,E,normal,D06082,A06082,P06082
C06083,2025-01-01,W,normal,D06083,A06083,P06083
C06084,2025-01-01,W,normal,D06084,A06084,P06084
C06085,2025-01-01,S,normal,D06085,A06085,P06085
C06086,2025-01-01,S,normal,D06086,A06086,P06086
C06087,2025-01-01,N,normal,D06087,A06087,P06087
C06088,2025-01-01,E,normal,D06088,A06088,P06088
C06089,2025-01-01,S,normal,D06089,A06089,P06089
C06090,2025-02-22,N,normal,D06090,A06090,P06090
C06091,2025-01-01,NE,normal,D06091,A06091,P06091
C06092,2025-01-01,N,normal,D06092,A06092,P06092
C06093,2025-01-01,N,normal,D06093,A06093,P06093
C06094,2025-01-01,NE,abusive,D06094,A06094,P06094
C06095,2025-01-01,S,normal,D06095,A06095,P06095
C06096,2025-01-01,S,normal,D06096,A06096,P06096
C06097,2025-01-01,N,normal,D06097,A06097,P06097
C06098,2025-01-01,S,normal,D06098,A06098,P06098
C06099,2025-01-01,NE,normal,D06099,A06099,P06099
C06100,2025-01-01,E,normal,D06100,A06100,P06100
C06101,2025-01-01,S,normal,D06101,A06101,P06101
C06102,2025-01-01,S,normal,D06102,A06102,P06102
C06103,2025-01-01,S,normal,D06103,A06103,P06103
C06104,2025-01-01,E,normal,D06104,A06104,P06104
C06105,2025-01-01,N,frequent_legit,D06105,A06105,P06105
C06106,2025-01-01,N,abusive,D06106,A06106,P06106
C06107,2025-01-01,E,normal,D06107,A06107,P06107
C06108,2025-01-01,W,normal,D06108,A06108,P06108
C06109,2025-01-01,W,normal,D06109,A06109,P06109
C06110,2025-01-01,W,normal,D06110,A06110,P06110
C06111,2025-01-01,S,normal,D06111,A06111,P06111
C06112,2025-01-01,W,normal,D06112,A06112,P06112
C06113,2025-01-01,W,frequent_legit,D06113,A06113,P06113
C06114,2025-01-01,N,normal,D06114,A06114,P06114
C06115,2025-01-01,S,normal,D06115,A06115,P06115
C06116,2025-01-01,N,normal,D06116,A06116,P06116
C06117,2025-05-04,NE,normal,D06117,A06117,P06117
C06118,2025-01-01,W,normal,D06118,A06118,P06118
C06119,2025-01-01,W,normal,D06119,A06119,P06119
C06120,2025-01-01,S,normal,D06120,A06120,P06120
C06121,2025-01-01,NE,normal,D06121,A06121,P06121
C06122,2025-07-05,N,normal,D06122,A06122,P06122
C06123,2025-01-01,N,normal,D06123,A06123,P06123
C06124,2025-01-01,E,normal,D06124,A06124,P06124
C06125,2025-01-01,W,normal,D06125,A06125,P06125
C06126,2025-01-01,W,normal,D06126,A06126,P06126
C06127,2025-01-01,S,normal,D06127,A06127,P06127
C06128,2025-01-01,S,normal,D06128,A06128,P06128
C06129,2025-01-01,S,normal,D06129,A06129,P06129
C06130,2025-01-01,N,normal,D06130,A06130,P06130
C06131,2025-01-01,W,normal,D06131,A06131,P06131
C06132,2025-10-22,S,normal,D06132,A06132,P06132
C06133,2025-01-01,N,normal,D06133,A06133,P06133
C06134,2025-07-16,S,normal,D06134,A06134,P06134
C06135,2025-01-01,E,normal,D06135,A06135,P06135
C06136,2025-01-01,W,frequent_legit,D06136,A06136,P06136
C06137,2025-10-06,N,normal,D06137,A06137,P06137
C06138,2025-01-01,N,normal,D06138,A06138,P06138
C06139,2025-01-01,NE,normal,D06139,A06139,P06139
C06140,2025-01-01,S,normal,D06140,A06140,P06140
C06141,2025-01-01,S,normal,D06141,A06141,P06141
C06142,2025-01-01,N,normal,D06142,A06142,P06142
C06143,2025-01-01,NE,normal,D06143,A06143,P06143
C06144,2025-01-01,E,normal,D06144,A06144,P06144
C06145,2025-01-01,N,normal,D06145,A06145,P06145
C06146,2025-01-01,N,normal,D06146,A06146,P06146
C06147,2025-01-01,N,normal,D06147,A06147,P06147
C06148,2025-01-01,N,frequent_legit,D06148,A06148,P06148
C06149,2025-03-02,N,normal,D06149,A06149,P06149
C06150,2025-01-01,N,normal,D06150,A06150,P06150
C06151,2025-01-01,N,normal,D06151,A06151,P06151
C06152,2025-01-01,S,normal,D06152,A06152,P06152
C06153,2025-01-01,S,normal,D06153,A06153,P06153
C06154,2025-01-01,S,normal,D06154,A06154,P06154
C06155,2025-01-01,W,normal,D06155,A06155,P06155
C06156,2025-01-01,N,normal,D06156,A06156,P06156
C06157,2025-01-01,W,normal,D06157,A06157,P06157
C06158,2025-01-01,W,normal,D06158,A06158,P06158
C06159,2025-01-01,NE,frequent_legit,D06159,A06159,P06159
C06160,2025-01-01,N,normal,D06160,A06160,P06160
C06161,2025-01-01,N,normal,D06161,A06161,P06161
C06162,2025-01-01,E,normal,D06162,A06162,P06162
C06163,2025-01-01,N,normal,D06163,A06163,P06163
C06164,2025-01-01,N,normal,D06164,A06164,P06164
C06165,2025-01-01,N,normal,D06165,A06165,P06165
C06166,2025-01-01,E,normal,D06166,A06166,P06166
C06167,2025-07-23,W,normal,D06167,A06167,P06167
C06168,2025-01-01,N,normal,D06168,A06168,P06168
C06169,2025-08-09,W,normal,D06169,A06169,P06169
C06170,2025-01-01,W,abusive,D06170,A06170,P06170
C06171,2025-01-01,N,normal,D06171,A06171,P06171
C06172,2025-12-13,S,normal,D06172,A06172,P06172
C06173,2025-01-01,N,normal,D06173,A06173,P06173
C06174,2025-01-01,W,normal,D06174,A06174,P06174
C06175,2025-01-01,W,coordinated,DCO0014,ACO0014,PCO0014
C06176,2025-01-01,E,normal,D06176,A06176,P06176
C06177,2025-01-01,E,normal,D06177,A06177,P06177
C06178,2025-04-24,S,normal,D06178,A06178,P06178
C06179,2025-01-01,W,normal,D06179,A06179,P06179
C06180,2025-01-01,W,normal,D06180,A06180,P06180
C06181,2025-01-01,W,normal,D06181,A06181,P06181
C06182,2025-01-01,S,normal,D06182,A06182,P06182
C06183,2025-01-01,N,normal,D06183,A06183,P06183
C06184,2025-01-01,N,normal,D06184,A06184,P06184
C06185,2025-09-02,N,normal,D06185,A06185,P06185
C06186,2025-01-01,E,normal,D06186,A06186,P06186
C06187,2025-01-01,W,normal,D06187,A06187,P06187
C06188,2025-01-01,NE,normal,D06188,A06188,P06188
C06189,2025-04-27,N,normal,D06189,A06189,P06189
C06190,2025-01-01,N,normal,D06190,A06190,P06190
C06191,2025-01-01,N,normal,D06191,A06191,P06191
C06192,2025-01-01,NE,normal,D06192,A06192,P06192
C06193,2025-01-01,W,normal,D06193,A06193,P06193
C06194,2025-01-01,S,normal,D06194,A06194,P06194
C06195,2025-01-01,E,normal,D06195,A06195,P06195
C06196,2025-05-28,E,normal,D06196,A06196,P06196
C06197,2025-01-01,N,normal,D06197,A06197,P06197
C06198,2025-01-01,N,normal,D06198,A06198,P06198
C06199,2025-01-01,S,abusive,D06199,A06199,P06199
C06200,2025-01-01,N,normal,D06200,A06200,P06200
C06201,2025-03-17,S,normal,D06201,A06201,P06201
C06202,2025-01-01,S,normal,D06202,A06202,P06202
C06203,2025-01-01,W,normal,D06203,A06203,P06203
C06204,2025-01-01,E,normal,D06204,A06204,P06204
C06205,2025-01-01,S,normal,D06205,A06205,P06205
C06206,2025-01-01,NE,normal,D06206,A06206,P06206
C06207,2025-01-01,S,normal,D06207,A06207,P06207
C06208,2025-01-01,E,normal,D06208,A06208,P06208
C06209,2025-03-26,N,normal,D06209,A06209,P06209
C06210,2025-01-01,W,normal,D06210,A06210,P06210
C06211,2025-01-01,S,normal,D06211,A06211,P06211
C06212,2025-01-01,N,normal,D06212,A06212,P06212
C06213,2025-11-05,N,normal,D06213,A06213,P06213
C06214,2025-01-01,E,normal,D06214,A06214,P06214
C06215,2025-07-10,E,normal,D06215,A06215,P06215
C06216,2025-01-01,E,normal,D06216,A06216,P06216
C06217,2025-07-26,S,normal,D06217,A06217,P06217
C06218,2025-01-01,E,normal,D06218,A06218,P06218
C06219,2025-09-06,E,normal,D06219,A06219,P06219
C06220,2025-01-01,N,normal,D06220,A06220,P06220
C06221,2025-01-01,S,normal,D06221,A06221,P06221
C06222,2025-06-03,S,normal,D06222,A06222,P06222
C06223,2025-01-01,W,normal,D06223,A06223,P06223
C06224,2025-10-07,S,normal,D06224,A06224,P06224
C06225,2025-01-01,S,normal,D06225,A06225,P06225
C06226,2025-01-01,NE,normal,D06226,A06226,P06226
C06227,2025-01-01,W,normal,D06227,A06227,P06227
C06228,2025-01-01,N,normal,D06228,A06228,P06228
C06229,2025-04-11,W,normal,D06229,A06229,P06229
C06230,2025-01-01,N,frequent_legit,D06230,A06230,P06230
C06231,2025-01-01,W,normal,D06231,A06231,P06231
C06232,2025-01-01,N,normal,D06232,A06232,P06232
C06233,2025-01-01,S,normal,D06233,A06233,P06233
C06234,2025-01-01,NE,normal,D06234,A06234,P06234
C06235,2025-05-10,N,normal,D06235,A06235,P06235
C06236,2025-09-14,W,normal,D06236,A06236,P06236
C06237,2025-01-01,S,normal,D06237,A06237,P06237
C06238,2025-01-01,N,normal,D06238,A06238,P06238
C06239,2025-02-20,NE,normal,D06239,A06239,P06239
C06240,2025-09-29,S,normal,D06240,A06240,P06240
C06241,2025-01-01,W,normal,D06241,A06241,P06241
C06242,2025-01-01,W,normal,D06242,A06242,P06242
C06243,2025-01-01,N,normal,D06243,A06243,P06243
C06244,2025-01-01,N,normal,D06244,A06244,P06244
C06245,2025-06-25,S,normal,D06245,A06245,P06245
C06246,2025-02-15,S,frequent_legit,D06246,A06246,P06246
C06247,2025-01-01,N,frequent_legit,D06247,A06247,P06247
C06248,2025-12-06,S,normal,D06248,A06248,P06248
C06249,2025-01-01,W,normal,D06249,A06249,P06249
C06250,2025-01-01,N,normal,D06250,A06250,P06250
C06251,2025-01-01,E,normal,D06251,A06251,P06251
C06252,2025-01-01,S,normal,D06252,A06252,P06252
C06253,2025-01-01,N,normal,D06253,A06253,P06253
C06254,2025-01-01,N,frequent_legit,D06254,A06254,P06254
C06255,2025-01-01,N,frequent_legit,D06255,A06255,P06255
C06256,2025-01-01,E,normal,D06256,A06256,P06256
C06257,2025-01-01,N,normal,D06257,A06257,P06257
C06258,2025-01-01,W,normal,D06258,A06258,P06258
C06259,2025-01-01,W,normal,D06259,A06259,P06259
C06260,2025-01-01,N,normal,D06260,A06260,P06260
C06261,2025-01-01,W,normal,D06261,A06261,P06261
C06262,2025-01-01,NE,normal,D06262,A06262,P06262
C06263,2025-01-01,N,normal,D06263,A06263,P06263
C06264,2025-01-01,NE,normal,D06264,A06264,P06264
C06265,2025-01-01,N,normal,D06265,A06265,P06265
C06266,2025-01-01,E,normal,D06266,A06266,P06266
C06267,2025-01-01,N,normal,D06267,A06267,P06267
C06268,2025-01-01,W,normal,D06268,A06268,P06268
C06269,2025-01-01,W,normal,D06269,A06269,P06269
C06270,2025-01-01,NE,normal,D06270,A06270,P06270
C06271,2025-01-01,NE,normal,D06271,A06271,P06271
C06272,2025-05-11,N,normal,D06272,A06272,P06272
C06273,2025-01-01,E,normal,D06273,A06273,P06273
C06274,2025-11-08,N,normal,D06274,A06274,P06274
C06275,2025-05-24,N,normal,D06275,A06275,P06275
C06276,2025-01-01,N,normal,D06276,A06276,P06276
C06277,2025-04-10,W,normal,D06277,A06277,P06277
C06278,2025-01-01,E,normal,D06278,A06278,P06278
C06279,2025-05-06,N,normal,D06279,A06279,P06279
C06280,2025-01-01,NE,normal,D06280,A06280,P06280
C06281,2025-01-01,W,normal,D06281,A06281,P06281
C06282,2025-01-01,S,normal,D06282,A06282,P06282
C06283,2025-01-01,S,normal,D06283,A06283,P06283
C06284,2025-01-01,W,normal,D06284,A06284,P06284
C06285,2025-01-01,E,normal,D06285,A06285,P06285
C06286,2025-01-01,S,normal,D06286,A06286,P06286
C06287,2025-01-01,S,frequent_legit,D06287,A06287,P06287
C06288,2025-01-01,N,normal,D06288,A06288,P06288
C06289,2025-01-01,S,normal,D06289,A06289,P06289
C06290,2025-01-01,S,normal,D06290,A06290,P06290
C06291,2025-05-14,S,frequent_legit,D06291,A06291,P06291
C06292,2025-01-01,N,frequent_legit,D06292,A06292,P06292
C06293,2025-01-01,E,coordinated,DCO0014,ACO0014,PCO0014
C06294,2025-03-25,S,normal,D06294,A06294,P06294
C06295,2025-01-01,S,normal,D06295,A06295,P06295
C06296,2025-01-01,N,normal,D06296,A06296,P06296
C06297,2025-01-01,NE,normal,D06297,A06297,P06297
C06298,2025-01-01,N,normal,D06298,A06298,P06298
C06299,2025-01-01,S,frequent_legit,D06299,A06299,P06299
C06300,2025-01-01,N,normal,D06300,A06300,P06300
C06301,2025-01-01,E,normal,D06301,A06301,P06301
C06302,2025-01-01,S,normal,D06302,A06302,P06302
C06303,2025-01-01,S,normal,D06303,A06303,P06303
C06304,2025-01-01,W,normal,D06304,A06304,P06304
C06305,2025-01-01,W,normal,D06305,A06305,P06305
C06306,2025-09-19,S,normal,D06306,A06306,P06306
C06307,2025-01-01,S,normal,D06307,A06307,P06307
C06308,2025-01-01,NE,normal,D06308,A06308,P06308
C06309,2025-01-01,NE,normal,D06309,A06309,P06309
C06310,2025-01-01,E,normal,D06310,A06310,P06310
C06311,2025-01-01,W,normal,D06311,A06311,P06311
C06312,2025-01-01,W,frequent_legit,D06312,A06312,P06312
C06313,2025-11-17,NE,normal,D06313,A06313,P06313
C06314,2025-01-01,N,normal,D06314,A06314,P06314
C06315,2025-01-01,NE,normal,D06315,A06315,P06315
C06316,2025-01-01,E,normal,D06316,A06316,P06316
C06317,2025-01-01,E,normal,D06317,A06317,P06317
C06318,2025-06-26,S,normal,D06318,A06318,P06318
C06319,2025-01-01,S,normal,D06319,A06319,P06319
C06320,2025-01-01,W,normal,D06320,A06320,P06320
C06321,2025-01-01,E,normal,D06321,A06321,P06321
C06322,2025-01-01,N,normal,D06322,A06322,P06322
C06323,2025-01-01,E,normal,D06323,A06323,P06323
C06324,2025-01-01,N,normal,D06324,A06324,P06324
C06325,2025-01-01,S,normal,D06325,A06325,P06325
C06326,2025-04-04,E,normal,D06326,A06326,P06326
C06327,2025-01-01,E,normal,D06327,A06327,P06327
C06328,2025-01-01,N,normal,D06328,A06328,P06328
C06329,2025-01-01,N,normal,D06329,A06329,P06329
C06330,2025-01-01,N,normal,D06330,A06330,P06330
C06331,2025-01-01,E,frequent_legit,D06331,A06331,P06331
C06332,2025-08-29,W,normal,D06332,A06332,P06332
C06333,2025-01-01,W,normal,D06333,A06333,P06333
C06334,2025-01-01,W,normal,D06334,A06334,P06334
C06335,2025-01-01,S,normal,D06335,A06335,P06335
C06336,2025-01-01,N,normal,D06336,A06336,P06336
C06337,2025-12-17,W,normal,D06337,A06337,P06337
C06338,2025-01-01,S,normal,D06338,A06338,P06338
C06339,2025-01-01,N,normal,D06339,A06339,P06339
C06340,2025-02-11,S,normal,D06340,A06340,P06340
C06341,2025-01-01,E,frequent_legit,D06341,A06341,P06341
C06342,2025-01-01,S,normal,D06342,A06342,P06342
C06343,2025-01-01,N,normal,D06343,A06343,P06343
C06344,2025-01-01,E,normal,D06344,A06344,P06344
C06345,2025-01-01,N,normal,D06345,A06345,P06345
C06346,2025-01-01,S,frequent_legit,D06346,A06346,P06346
C06347,2025-01-01,W,normal,D06347,A06347,P06347
C06348,2025-12-07,NE,normal,D06348,A06348,P06348
C06349,2025-01-01,S,normal,D06349,A06349,P06349
C06350,2025-01-30,N,normal,D06350,A06350,P06350
C06351,2025-01-01,S,frequent_legit,D06351,A06351,P06351
C06352,2025-01-14,N,normal,D06352,A06352,P06352
C06353,2025-10-25,W,normal,D06353,A06353,P06353
C06354,2025-01-01,E,normal,D06354,A06354,P06354
C06355,2025-01-01,S,normal,D06355,A06355,P06355
C06356,2025-01-01,W,normal,D06356,A06356,P06356
C06357,2025-01-01,S,frequent_legit,D06357,A06357,P06357
C06358,2025-01-01,S,normal,D06358,A06358,P06358
C06359,2025-01-01,W,normal,D06359,A06359,P06359
C06360,2025-03-02,N,normal,D06360,A06360,P06360
C06361,2025-01-01,S,normal,D06361,A06361,P06361
C06362,2025-04-28,W,normal,D06362,A06362,P06362
C06363,2025-01-01,S,normal,D06363,A06363,P06363
C06364,2025-03-28,S,normal,D06364,A06364,P06364
C06365,2025-01-01,N,normal,D06365,A06365,P06365
C06366,2025-01-01,S,normal,D06366,A06366,P06366
C06367,2025-01-01,S,normal,D06367,A06367,P06367
C06368,2025-01-01,S,normal,D06368,A06368,P06368
C06369,2025-01-01,N,normal,D06369,A06369,P06369
C06370,2025-01-01,S,normal,D06370,A06370,P06370
C06371,2025-01-01,E,normal,D06371,A06371,P06371
C06372,2025-01-01,W,abusive,D06372,A06372,P06372
C06373,2025-04-25,E,normal,D06373,A06373,P06373
C06374,2025-01-01,E,normal,D06374,A06374,P06374
C06375,2025-01-01,W,normal,D06375,A06375,P06375
C06376,2025-01-01,N,normal,D06376,A06376,P06376
C06377,2025-01-01,S,normal,D06377,A06377,P06377
C06378,2025-01-01,N,normal,D06378,A06378,P06378
C06379,2025-01-01,S,normal,D06379,A06379,P06379
C06380,2025-01-01,NE,normal,D06380,A06380,P06380
C06381,2025-01-01,S,normal,D06381,A06381,P06381
C06382,2025-01-01,W,normal,D06382,A06382,P06382
C06383,2025-01-01,N,normal,D06383,A06383,P06383
C06384,2025-05-11,S,normal,D06384,A06384,P06384
C06385,2025-01-01,S,normal,D06385,A06385,P06385
C06386,2025-01-01,N,normal,D06386,A06386,P06386
C06387,2025-01-01,S,normal,D06387,A06387,P06387
C06388,2025-01-01,E,abusive,D06388,A06388,P06388
C06389,2025-01-01,S,normal,D06389,A06389,P06389
C06390,2025-01-01,W,normal,D06390,A06390,P06390
C06391,2025-08-09,W,normal,D06391,A06391,P06391
C06392,2025-01-01,S,normal,D06392,A06392,P06392
C06393,2025-01-01,NE,normal,D06393,A06393,P06393
C06394,2025-07-08,N,normal,D06394,A06394,P06394
C06395,2025-01-01,N,normal,D06395,A06395,P06395
C06396,2025-01-01,S,normal,D06396,A06396,P06396
C06397,2025-01-01,E,normal,D06397,A06397,P06397
C06398,2025-01-01,S,normal,D06398,A06398,P06398
C06399,2025-01-01,E,normal,D06399,A06399,P06399
C06400,2025-01-01,W,normal,D06400,A06400,P06400
C06401,2025-01-01,N,normal,D06401,A06401,P06401
C06402,2025-01-01,W,normal,D06402,A06402,P06402
C06403,2025-01-01,S,normal,D06403,A06403,P06403
C06404,2025-08-14,S,normal,D06404,A06404,P06404
C06405,2025-03-26,S,normal,D06405,A06405,P06405
C06406,2025-01-01,S,frequent_legit,D06406,A06406,P06406
C06407,2025-01-01,S,normal,D06407,A06407,P06407
C06408,2025-01-01,W,normal,D06408,A06408,P06408
C06409,2025-01-01,S,normal,D06409,A06409,P06409
C06410,2025-09-04,N,normal,D06410,A06410,P06410
C06411,2025-01-01,W,normal,D06411,A06411,P06411
C06412,2025-01-01,E,normal,D06412,A06412,P06412
C06413,2025-01-01,NE,frequent_legit,D06413,A06413,P06413
C06414,2025-08-24,S,normal,D06414,A06414,P06414
C06415,2025-01-01,E,normal,D06415,A06415,P06415
C06416,2025-02-26,S,normal,D06416,A06416,P06416
C06417,2025-01-01,E,normal,D06417,A06417,P06417
C06418,2025-01-01,S,normal,D06418,A06418,P06418
C06419,2025-01-01,N,normal,D06419,A06419,P06419
C06420,2025-05-22,NE,normal,D06420,A06420,P06420
C06421,2025-01-01,W,normal,D06421,A06421,P06421
C06422,2025-11-05,E,normal,D06422,A06422,P06422
C06423,2025-01-01,S,normal,D06423,A06423,P06423
C06424,2025-01-01,E,normal,D06424,A06424,P06424
C06425,2025-01-01,N,normal,D06425,A06425,P06425
C06426,2025-11-06,S,normal,D06426,A06426,P06426
C06427,2025-01-01,N,normal,D06427,A06427,P06427
C06428,2025-02-17,N,normal,D06428,A06428,P06428
C06429,2025-01-01,N,normal,D06429,A06429,P06429
C06430,2025-01-01,W,normal,D06430,A06430,P06430
C06431,2025-01-01,N,normal,D06431,A06431,P06431
C06432,2025-01-01,W,normal,D06432,A06432,P06432
C06433,2025-01-01,W,frequent_legit,D06433,A06433,P06433
C06434,2025-01-01,N,normal,D06434,A06434,P06434
C06435,2025-01-01,E,normal,D06435,A06435,P06435
C06436,2025-01-01,S,normal,D06436,A06436,P06436
C06437,2025-01-01,W,normal,D06437,A06437,P06437
C06438,2025-01-01,S,normal,D06438,A06438,P06438
C06439,2025-01-01,S,normal,D06439,A06439,P06439
C06440,2025-01-01,S,normal,D06440,A06440,P06440
C06441,2025-05-12,W,frequent_legit,D06441,A06441,P06441
C06442,2025-01-01,N,normal,D06442,A06442,P06442
C06443,2025-01-01,W,normal,D06443,A06443,P06443
C06444,2025-01-01,N,normal,D06444,A06444,P06444
C06445,2025-02-15,E,normal,D06445,A06445,P06445
C06446,2025-01-01,S,normal,D06446,A06446,P06446
C06447,2025-01-01,N,normal,D06447,A06447,P06447
C06448,2025-01-01,N,normal,D06448,A06448,P06448
C06449,2025-10-09,S,normal,D06449,A06449,P06449
C06450,2025-12-03,W,normal,D06450,A06450,P06450
C06451,2025-01-01,W,normal,D06451,A06451,P06451
C06452,2025-01-01,N,normal,D06452,A06452,P06452
C06453,2025-01-01,S,normal,D06453,A06453,P06453
C06454,2025-01-01,N,normal,D06454,A06454,P06454
C06455,2025-01-01,E,normal,D06455,A06455,P06455
C06456,2025-01-01,W,normal,D06456,A06456,P06456
C06457,2025-01-01,W,normal,D06457,A06457,P06457
C06458,2025-01-01,W,normal,D06458,A06458,P06458
C06459,2025-02-08,S,normal,D06459,A06459,P06459
C06460,2025-08-11,N,normal,D06460,A06460,P06460
C06461,2025-02-11,W,normal,D06461,A06461,P06461
C06462,2025-01-01,N,normal,D06462,A06462,P06462
C06463,2025-01-01,N,normal,D06463,A06463,P06463
C06464,2025-01-01,S,normal,D06464,A06464,P06464
C06465,2025-01-01,W,normal,D06465,A06465,P06465
C06466,2025-01-01,E,normal,D06466,A06466,P06466
C06467,2025-01-01,NE,normal,D06467,A06467,P06467
C06468,2025-01-01,S,frequent_legit,D06468,A06468,P06468
C06469,2025-01-01,N,normal,D06469,A06469,P06469
C06470,2025-01-01,S,normal,D06470,A06470,P06470
C06471,2025-10-23,W,normal,D06471,A06471,P06471
C06472,2025-06-28,N,coordinated,DCO0015,ACO0015,PCO0015
C06473,2025-01-01,NE,normal,D06473,A06473,P06473
C06474,2025-01-01,S,normal,D06474,A06474,P06474
C06475,2025-01-01,W,normal,D06475,A06475,P06475
C06476,2025-01-01,W,normal,D06476,A06476,P06476
C06477,2025-01-01,S,normal,D06477,A06477,P06477
C06478,2025-01-01,W,normal,D06478,A06478,P06478
C06479,2025-01-01,S,normal,D06479,A06479,P06479
C06480,2025-01-02,W,normal,D06480,A06480,P06480
C06481,2025-01-01,W,normal,D06481,A06481,P06481
C06482,2025-01-01,E,normal,D06482,A06482,P06482
C06483,2025-01-01,N,normal,D06483,A06483,P06483
C06484,2025-01-01,NE,abusive,D06484,A06484,P06484
C06485,2025-01-01,NE,normal,D06485,A06485,P06485
C06486,2025-01-01,E,normal,D06486,A06486,P06486
C06487,2025-01-01,NE,normal,D06487,A06487,P06487
C06488,2025-07-09,S,normal,D06488,A06488,P06488
C06489,2025-01-01,S,coordinated,DCO0015,ACO0015,PCO0015
C06490,2025-01-01,S,normal,D06490,A06490,P06490
C06491,2025-01-01,N,normal,D06491,A06491,P06491
C06492,2025-11-01,S,normal,D06492,A06492,P06492
C06493,2025-01-01,E,normal,D06493,A06493,P06493
C06494,2025-08-16,N,normal,D06494,A06494,P06494
C06495,2025-01-01,N,normal,D06495,A06495,P06495
C06496,2025-01-01,W,normal,D06496,A06496,P06496
C06497,2025-01-01,W,normal,D06497,A06497,P06497
C06498,2025-01-01,NE,normal,D06498,A06498,P06498
C06499,2025-01-01,N,normal,D06499,A06499,P06499
C06500,2025-01-01,W,frequent_legit,D06500,A06500,P06500
C06501,2025-01-01,N,normal,D06501,A06501,P06501
C06502,2025-01-01,N,normal,D06502,A06502,P06502
C06503,2025-01-01,W,normal,D06503,A06503,P06503
C06504,2025-01-01,S,normal,D06504,A06504,P06504
C06505,2025-11-05,W,normal,D06505,A06505,P06505
C06506,2025-01-01,S,frequent_legit,D06506,A06506,P06506
C06507,2025-01-01,N,normal,D06507,A06507,P06507
C06508,2025-01-01,S,normal,D06508,A06508,P06508
C06509,2025-05-31,N,normal,D06509,A06509,P06509
C06510,2025-01-01,N,normal,D06510,A06510,P06510
C06511,2025-01-01,N,normal,D06511,A06511,P06511
C06512,2025-01-01,S,normal,D06512,A06512,P06512
C06513,2025-01-01,W,normal,D06513,A06513,P06513
C06514,2025-01-01,N,normal,D06514,A06514,P06514
C06515,2025-01-01,E,normal,D06515,A06515,P06515
C06516,2025-01-01,E,normal,D06516,A06516,P06516
C06517,2025-01-01,S,normal,D06517,A06517,P06517
C06518,2025-01-01,S,normal,D06518,A06518,P06518
C06519,2025-01-01,E,normal,D06519,A06519,P06519
C06520,2025-01-01,W,frequent_legit,D06520,A06520,P06520
C06521,2025-01-01,N,normal,D06521,A06521,P06521
C06522,2025-01-01,W,normal,D06522,A06522,P06522
C06523,2025-01-01,N,normal,D06523,A06523,P06523
C06524,2025-05-12,S,normal,D06524,A06524,P06524
C06525,2025-01-01,S,coordinated,DCO0015,ACO0015,PCO0015
C06526,2025-01-01,N,normal,D06526,A06526,P06526
C06527,2025-01-01,N,normal,D06527,A06527,P06527
C06528,2025-01-01,N,normal,D06528,A06528,P06528
C06529,2025-01-01,N,normal,D06529,A06529,P06529
C06530,2025-01-01,E,normal,D06530,A06530,P06530
C06531,2025-08-27,N,coordinated,DCO0015,ACO0015,PCO0015
C06532,2025-01-01,W,normal,D06532,A06532,P06532
C06533,2025-01-01,W,normal,D06533,A06533,P06533
C06534,2025-01-01,S,normal,D06534,A06534,P06534
C06535,2025-01-01,N,normal,D06535,A06535,P06535
C06536,2025-01-01,S,normal,D06536,A06536,P06536
C06537,2025-01-01,W,normal,D06537,A06537,P06537
C06538,2025-01-01,S,normal,D06538,A06538,P06538
C06539,2025-01-01,N,normal,D06539,A06539,P06539
C06540,2025-01-01,NE,normal,D06540,A06540,P06540
C06541,2025-11-23,S,normal,D06541,A06541,P06541
C06542,2025-01-01,S,frequent_legit,D06542,A06542,P06542
C06543,2025-01-01,W,normal,D06543,A06543,P06543
C06544,2025-01-01,W,normal,D06544,A06544,P06544
C06545,2025-01-01,S,normal,D06545,A06545,P06545
C06546,2025-07-23,S,normal,D06546,A06546,P06546
C06547,2025-01-01,S,normal,D06547,A06547,P06547
C06548,2025-01-01,N,normal,D06548,A06548,P06548
C06549,2025-01-01,S,normal,D06549,A06549,P06549
C06550,2025-11-10,N,normal,D06550,A06550,P06550
C06551,2025-01-12,E,normal,D06551,A06551,P06551
C06552,2025-01-01,W,normal,D06552,A06552,P06552
C06553,2025-01-01,NE,normal,D06553,A06553,P06553
C06554,2025-05-07,W,normal,D06554,A06554,P06554
C06555,2025-01-01,N,normal,D06555,A06555,P06555
C06556,2025-02-01,N,normal,D06556,A06556,P06556
C06557,2025-01-01,S,normal,D06557,A06557,P06557
C06558,2025-11-27,N,normal,D06558,A06558,P06558
C06559,2025-01-01,N,normal,D06559,A06559,P06559
C06560,2025-06-19,W,normal,D06560,A06560,P06560
C06561,2025-01-01,S,normal,D06561,A06561,P06561
C06562,2025-01-01,N,normal,D06562,A06562,P06562
C06563,2025-01-01,S,frequent_legit,D06563,A06563,P06563
C06564,2025-01-01,NE,normal,D06564,A06564,P06564
C06565,2025-01-01,E,normal,D06565,A06565,P06565
C06566,2025-01-01,N,normal,D06566,A06566,P06566
C06567,2025-01-01,S,normal,D06567,A06567,P06567
C06568,2025-01-01,W,normal,D06568,A06568,P06568
C06569,2025-02-10,N,normal,D06569,A06569,P06569
C06570,2025-01-17,E,normal,D06570,A06570,P06570
C06571,2025-02-10,W,normal,D06571,A06571,P06571
C06572,2025-10-11,E,normal,D06572,A06572,P06572
C06573,2025-10-01,N,normal,D06573,A06573,P06573
C06574,2025-09-14,W,normal,D06574,A06574,P06574
C06575,2025-03-12,S,normal,D06575,A06575,P06575
C06576,2025-01-01,N,normal,D06576,A06576,P06576
C06577,2025-01-01,N,normal,D06577,A06577,P06577
C06578,2025-01-01,S,frequent_legit,D06578,A06578,P06578
C06579,2025-08-10,N,frequent_legit,D06579,A06579,P06579
C06580,2025-01-01,W,normal,D06580,A06580,P06580
C06581,2025-01-01,W,normal,D06581,A06581,P06581
C06582,2025-01-01,N,normal,D06582,A06582,P06582
C06583,2025-01-01,W,normal,D06583,A06583,P06583
C06584,2025-01-01,NE,normal,D06584,A06584,P06584
C06585,2025-01-01,N,normal,D06585,A06585,P06585
C06586,2025-01-01,W,normal,D06586,A06586,P06586
C06587,2025-01-01,NE,frequent_legit,D06587,A06587,P06587
C06588,2025-01-01,W,normal,D06588,A06588,P06588
C06589,2025-07-21,S,normal,D06589,A06589,P06589
C06590,2025-01-01,W,normal,D06590,A06590,P06590
C06591,2025-01-01,E,normal,D06591,A06591,P06591
C06592,2025-01-01,S,normal,D06592,A06592,P06592
C06593,2025-01-01,N,normal,D06593,A06593,P06593
C06594,2025-08-16,S,coordinated,DCO0015,ACO0015,PCO0015
C06595,2025-01-01,S,normal,D06595,A06595,P06595
C06596,2025-08-17,S,normal,D06596,A06596,P06596
C06597,2025-01-01,N,normal,D06597,A06597,P06597
C06598,2025-01-01,W,normal,D06598,A06598,P06598
C06599,2025-01-01,E,normal,D06599,A06599,P06599
C06600,2025-01-01,S,normal,D06600,A06600,P06600
C06601,2025-01-01,N,normal,D06601,A06601,P06601
C06602,2025-01-01,N,normal,D06602,A06602,P06602
C06603,2025-01-01,N,normal,D06603,A06603,P06603
C06604,2025-01-29,E,normal,D06604,A06604,P06604
C06605,2025-01-01,N,normal,D06605,A06605,P06605
C06606,2025-01-01,NE,normal,D06606,A06606,P06606
C06607,2025-06-12,N,normal,D06607,A06607,P06607
C06608,2025-01-01,N,normal,D06608,A06608,P06608
C06609,2025-03-12,W,normal,D06609,A06609,P06609
C06610,2025-01-01,S,normal,D06610,A06610,P06610
C06611,2025-01-01,S,normal,D06611,A06611,P06611
C06612,2025-09-22,N,normal,D06612,A06612,P06612
C06613,2025-01-01,E,normal,D06613,A06613,P06613
C06614,2025-01-01,S,abusive,D06614,A06614,P06614
C06615,2025-01-01,W,normal,D06615,A06615,P06615
C06616,2025-01-01,E,normal,D06616,A06616,P06616
C06617,2025-01-01,W,normal,D06617,A06617,P06617
C06618,2025-02-04,E,normal,D06618,A06618,P06618
C06619,2025-01-01,W,normal,D06619,A06619,P06619
C06620,2025-01-01,E,normal,D06620,A06620,P06620
C06621,2025-05-23,S,normal,D06621,A06621,P06621
C06622,2025-01-01,E,normal,D06622,A06622,P06622
C06623,2025-01-01,E,normal,D06623,A06623,P06623
C06624,2025-06-08,N,normal,D06624,A06624,P06624
C06625,2025-01-01,E,frequent_legit,D06625,A06625,P06625
C06626,2025-01-01,N,normal,D06626,A06626,P06626
C06627,2025-01-01,S,normal,D06627,A06627,P06627
C06628,2025-09-08,N,normal,D06628,A06628,P06628
C06629,2025-01-01,N,normal,D06629,A06629,P06629
C06630,2025-01-01,N,normal,D06630,A06630,P06630
C06631,2025-01-01,N,normal,D06631,A06631,P06631
C06632,2025-01-01,N,normal,D06632,A06632,P06632
C06633,2025-01-01,N,normal,D06633,A06633,P06633
C06634,2025-01-01,S,normal,D06634,A06634,P06634
C06635,2025-01-01,S,normal,D06635,A06635,P06635
C06636,2025-01-01,NE,normal,D06636,A06636,P06636
C06637,2025-05-05,W,normal,D06637,A06637,P06637
C06638,2025-04-15,N,normal,D06638,A06638,P06638
C06639,2025-01-01,S,normal,D06639,A06639,P06639
C06640,2025-07-28,S,normal,D06640,A06640,P06640
C06641,2025-01-01,S,normal,D06641,A06641,P06641
C06642,2025-01-01,S,normal,D06642,A06642,P06642
C06643,2025-01-01,E,normal,D06643,A06643,P06643
C06644,2025-10-06,E,normal,D06644,A06644,P06644
C06645,2025-10-08,S,normal,D06645,A06645,P06645
C06646,2025-02-24,E,normal,D06646,A06646,P06646
C06647,2025-01-01,S,normal,D06647,A06647,P06647
C06648,2025-01-01,W,frequent_legit,D06648,A06648,P06648
C06649,2025-01-01,NE,normal,D06649,A06649,P06649
C06650,2025-01-01,S,normal,D06650,A06650,P06650
C06651,2025-01-01,W,abusive,D06651,A06651,P06651
C06652,2025-01-01,W,normal,D06652,A06652,P06652
C06653,2025-01-01,S,normal,D06653,A06653,P06653
C06654,2025-02-18,N,normal,D06654,A06654,P06654
C06655,2025-06-01,W,normal,D06655,A06655,P06655
C06656,2025-01-01,S,normal,D06656,A06656,P06656
C06657,2025-03-17,N,frequent_legit,D06657,A06657,P06657
C06658,2025-01-01,E,normal,D06658,A06658,P06658
C06659,2025-01-01,S,normal,D06659,A06659,P06659
C06660,2025-01-01,N,normal,D06660,A06660,P06660
C06661,2025-04-29,NE,normal,D06661,A06661,P06661
C06662,2025-01-01,N,normal,D06662,A06662,P06662
C06663,2025-01-01,S,normal,D06663,A06663,P06663
C06664,2025-01-01,E,normal,D06664,A06664,P06664
C06665,2025-01-01,N,normal,D06665,A06665,P06665
C06666,2025-01-01,W,normal,D06666,A06666,P06666
C06667,2025-01-01,E,normal,D06667,A06667,P06667
C06668,2025-01-01,S,normal,D06668,A06668,P06668
C06669,2025-01-01,S,normal,D06669,A06669,P06669
C06670,2025-01-01,NE,normal,D06670,A06670,P06670
C06671,2025-01-01,W,normal,D06671,A06671,P06671
C06672,2025-01-01,N,normal,D06672,A06672,P06672
C06673,2025-01-01,S,normal,D06673,A06673,P06673
C06674,2025-05-29,S,normal,D06674,A06674,P06674
C06675,2025-09-06,W,normal,D06675,A06675,P06675
C06676,2025-01-01,W,normal,D06676,A06676,P06676
C06677,2025-01-01,S,normal,D06677,A06677,P06677
C06678,2025-01-01,W,normal,D06678,A06678,P06678
C06679,2025-01-01,S,normal,D06679,A06679,P06679
C06680,2025-01-01,N,normal,D06680,A06680,P06680
C06681,2025-01-01,E,normal,D06681,A06681,P06681
C06682,2025-01-01,S,normal,D06682,A06682,P06682
C06683,2025-09-11,E,normal,D06683,A06683,P06683
C06684,2025-01-31,S,normal,D06684,A06684,P06684
C06685,2025-01-01,W,normal,D06685,A06685,P06685
C06686,2025-01-01,NE,frequent_legit,D06686,A06686,P06686
C06687,2025-01-01,N,normal,D06687,A06687,P06687
C06688,2025-01-01,S,normal,D06688,A06688,P06688
C06689,2025-11-24,W,normal,D06689,A06689,P06689
C06690,2025-01-01,N,normal,D06690,A06690,P06690
C06691,2025-01-01,W,normal,D06691,A06691,P06691
C06692,2025-01-01,E,normal,D06692,A06692,P06692
C06693,2025-04-26,N,normal,D06693,A06693,P06693
C06694,2025-01-01,W,normal,D06694,A06694,P06694
C06695,2025-01-01,S,normal,D06695,A06695,P06695
C06696,2025-01-01,N,normal,D06696,A06696,P06696
C06697,2025-08-13,N,normal,D06697,A06697,P06697
C06698,2025-01-01,W,normal,D06698,A06698,P06698
C06699,2025-01-01,W,normal,D06699,A06699,P06699
C06700,2025-10-12,S,normal,D06700,A06700,P06700
C06701,2025-01-01,N,normal,D06701,A06701,P06701
C06702,2025-01-01,N,abusive,D06702,A06702,P06702
C06703,2025-04-17,E,normal,D06703,A06703,P06703
C06704,2025-09-12,S,normal,D06704,A06704,P06704
C06705,2025-01-21,S,normal,D06705,A06705,P06705
C06706,2025-03-25,S,normal,D06706,A06706,P06706
C06707,2025-11-28,S,normal,D06707,A06707,P06707
C06708,2025-01-01,E,normal,D06708,A06708,P06708
C06709,2025-01-01,S,normal,D06709,A06709,P06709
C06710,2025-01-01,N,normal,D06710,A06710,P06710
C06711,2025-10-11,S,normal,D06711,A06711,P06711
C06712,2025-01-01,S,normal,D06712,A06712,P06712
C06713,2025-01-01,S,normal,D06713,A06713,P06713
C06714,2025-01-01,N,normal,D06714,A06714,P06714
C06715,2025-01-01,N,normal,D06715,A06715,P06715
C06716,2025-01-01,S,normal,D06716,A06716,P06716
C06717,2025-01-01,N,normal,D06717,A06717,P06717
C06718,2025-12-06,E,normal,D06718,A06718,P06718
C06719,2025-01-01,S,normal,D06719,A06719,P06719
C06720,2025-01-01,N,normal,D06720,A06720,P06720
C06721,2025-01-01,E,normal,D06721,A06721,P06721
C06722,2025-01-01,S,normal,D06722,A06722,P06722
C06723,2025-01-01,N,normal,D06723,A06723,P06723
C06724,2025-01-01,W,normal,D06724,A06724,P06724
C06725,2025-01-01,S,normal,D06725,A06725,P06725
C06726,2025-01-01,W,normal,D06726,A06726,P06726
C06727,2025-01-01,N,normal,D06727,A06727,P06727
C06728,2025-01-01,W,normal,D06728,A06728,P06728
C06729,2025-01-01,W,normal,D06729,A06729,P06729
C06730,2025-01-01,N,normal,D06730,A06730,P06730
C06731,2025-01-01,S,normal,D06731,A06731,P06731
C06732,2025-01-01,E,normal,D06732,A06732,P06732
C06733,2025-01-01,S,normal,D06733,A06733,P06733
C06734,2025-01-01,S,normal,D06734,A06734,P06734
C06735,2025-01-01,NE,abusive,D06735,A06735,P06735
C06736,2025-01-01,E,normal,D06736,A06736,P06736
C06737,2025-01-01,NE,normal,D06737,A06737,P06737
C06738,2025-09-08,W,normal,D06738,A06738,P06738
C06739,2025-10-02,W,normal,D06739,A06739,P06739
C06740,2025-10-23,W,normal,D06740,A06740,P06740
C06741,2025-06-08,E,normal,D06741,A06741,P06741
C06742,2025-01-01,W,normal,D06742,A06742,P06742
C06743,2025-01-01,E,normal,D06743,A06743,P06743
C06744,2025-01-01,N,normal,D06744,A06744,P06744
C06745,2025-01-01,E,normal,D06745,A06745,P06745
C06746,2025-01-01,N,normal,D06746,A06746,P06746
C06747,2025-01-01,NE,normal,D06747,A06747,P06747
C06748,2025-09-02,E,normal,D06748,A06748,P06748
C06749,2025-01-01,S,normal,D06749,A06749,P06749
C06750,2025-01-01,N,normal,D06750,A06750,P06750
C06751,2025-01-01,S,normal,D06751,A06751,P06751
C06752,2025-08-31,S,normal,D06752,A06752,P06752
C06753,2025-01-01,E,frequent_legit,D06753,A06753,P06753
C06754,2025-01-01,E,normal,D06754,A06754,P06754
C06755,2025-01-01,S,normal,D06755,A06755,P06755
C06756,2025-01-01,N,normal,D06756,A06756,P06756
C06757,2025-01-01,S,normal,D06757,A06757,P06757
C06758,2025-01-01,S,normal,D06758,A06758,P06758
C06759,2025-01-01,W,normal,D06759,A06759,P06759
C06760,2025-01-01,W,normal,D06760,A06760,P06760
C06761,2025-01-01,W,normal,D06761,A06761,P06761
C06762,2025-08-24,S,frequent_legit,D06762,A06762,P06762
C06763,2025-01-01,N,normal,D06763,A06763,P06763
C06764,2025-01-01,W,normal,D06764,A06764,P06764
C06765,2025-01-01,NE,normal,D06765,A06765,P06765
C06766,2025-01-01,N,normal,D06766,A06766,P06766
C06767,2025-12-06,E,normal,D06767,A06767,P06767
C06768,2025-01-01,S,normal,D06768,A06768,P06768
C06769,2025-01-01,N,normal,D06769,A06769,P06769
C06770,2025-01-01,NE,normal,D06770,A06770,P06770
C06771,2025-09-30,W,normal,D06771,A06771,P06771
C06772,2025-01-01,NE,normal,D06772,A06772,P06772
C06773,2025-01-01,N,abusive,D06773,A06773,P06773
C06774,2025-01-01,S,normal,D06774,A06774,P06774
C06775,2025-01-01,W,normal,D06775,A06775,P06775
C06776,2025-01-01,E,normal,D06776,A06776,P06776
C06777,2025-01-01,S,normal,D06777,A06777,P06777
C06778,2025-01-01,S,normal,D06778,A06778,P06778
C06779,2025-01-01,N,normal,D06779,A06779,P06779
C06780,2025-01-01,E,normal,D06780,A06780,P06780
C06781,2025-01-01,W,normal,D06781,A06781,P06781
C06782,2025-01-01,N,normal,D06782,A06782,P06782
C06783,2025-04-04,N,normal,D06783,A06783,P06783
C06784,2025-01-01,S,normal,D06784,A06784,P06784
C06785,2025-01-01,E,normal,D06785,A06785,P06785
C06786,2025-01-01,S,normal,D06786,A06786,P06786
C06787,2025-11-11,N,normal,D06787,A06787,P06787
C06788,2025-01-01,W,normal,D06788,A06788,P06788
C06789,2025-01-01,N,normal,D06789,A06789,P06789
C06790,2025-01-01,E,normal,D06790,A06790,P06790
C06791,2025-01-01,S,normal,D06791,A06791,P06791
C06792,2025-01-01,S,normal,D06792,A06792,P06792
C06793,2025-01-01,E,normal,D06793,A06793,P06793
C06794,2025-05-28,E,normal,D06794,A06794,P06794
C06795,2025-01-01,E,normal,D06795,A06795,P06795
C06796,2025-01-01,S,normal,D06796,A06796,P06796
C06797,2025-01-01,S,normal,D06797,A06797,P06797
C06798,2025-01-01,S,normal,D06798,A06798,P06798
C06799,2025-01-01,S,normal,D06799,A06799,P06799
C06800,2025-01-01,S,normal,D06800,A06800,P06800
C06801,2025-01-01,S,normal,D06801,A06801,P06801
C06802,2025-01-01,N,normal,D06802,A06802,P06802
C06803,2025-01-01,W,normal,D06803,A06803,P06803
C06804,2025-01-01,N,normal,D06804,A06804,P06804
C06805,2025-11-17,W,normal,D06805,A06805,P06805
C06806,2025-01-01,E,normal,D06806,A06806,P06806
C06807,2025-01-01,N,frequent_legit,D06807,A06807,P06807
C06808,2025-01-01,E,normal,D06808,A06808,P06808
C06809,2025-01-01,S,normal,D06809,A06809,P06809
C06810,2025-01-01,W,normal,D06810,A06810,P06810
C06811,2025-01-01,W,normal,D06811,A06811,P06811
C06812,2025-01-01,W,normal,D06812,A06812,P06812
C06813,2025-01-01,E,normal,D06813,A06813,P06813
C06814,2025-01-01,W,normal,D06814,A06814,P06814
C06815,2025-01-01,E,normal,D06815,A06815,P06815
C06816,2025-02-13,W,normal,D06816,A06816,P06816
C06817,2025-01-01,N,normal,D06817,A06817,P06817
C06818,2025-01-01,W,normal,D06818,A06818,P06818
C06819,2025-01-01,E,frequent_legit,D06819,A06819,P06819
C06820,2025-08-27,S,normal,D06820,A06820,P06820
C06821,2025-01-01,NE,frequent_legit,D06821,A06821,P06821
C06822,2025-01-01,E,normal,D06822,A06822,P06822
C06823,2025-01-01,W,normal,D06823,A06823,P06823
C06824,2025-01-01,N,normal,D06824,A06824,P06824
C06825,2025-01-01,S,normal,D06825,A06825,P06825
C06826,2025-10-04,E,normal,D06826,A06826,P06826
C06827,2025-01-01,N,normal,D06827,A06827,P06827
C06828,2025-01-01,W,normal,D06828,A06828,P06828
C06829,2025-01-01,E,normal,D06829,A06829,P06829
C06830,2025-03-06,N,normal,D06830,A06830,P06830
C06831,2025-02-17,E,normal,D06831,A06831,P06831
C06832,2025-01-01,N,normal,D06832,A06832,P06832
C06833,2025-09-27,W,abusive,D06833,A06833,P06833
C06834,2025-01-01,W,normal,D06834,A06834,P06834
C06835,2025-01-01,S,normal,D06835,A06835,P06835
C06836,2025-01-01,S,normal,D06836,A06836,P06836
C06837,2025-01-01,S,normal,D06837,A06837,P06837
C06838,2025-01-01,S,abusive,D06838,A06838,P06838
C06839,2025-01-01,W,normal,D06839,A06839,P06839
C06840,2025-03-03,S,normal,D06840,A06840,P06840
C06841,2025-06-20,S,coordinated,DCO0016,ACO0016,PCO0016
C06842,2025-01-01,S,normal,D06842,A06842,P06842
C06843,2025-12-02,E,normal,D06843,A06843,P06843
C06844,2025-01-01,W,normal,D06844,A06844,P06844
C06845,2025-01-01,N,normal,D06845,A06845,P06845
C06846,2025-01-01,N,normal,D06846,A06846,P06846
C06847,2025-01-01,N,normal,D06847,A06847,P06847
C06848,2025-01-01,N,normal,D06848,A06848,P06848
C06849,2025-01-01,S,frequent_legit,D06849,A06849,P06849
C06850,2025-12-09,W,coordinated,DCO0016,ACO0016,PCO0016
C06851,2025-01-01,S,normal,D06851,A06851,P06851
C06852,2025-01-01,N,normal,D06852,A06852,P06852
C06853,2025-05-11,E,normal,D06853,A06853,P06853
C06854,2025-01-01,W,normal,D06854,A06854,P06854
C06855,2025-11-06,S,normal,D06855,A06855,P06855
C06856,2025-09-10,N,normal,D06856,A06856,P06856
C06857,2025-01-01,W,normal,D06857,A06857,P06857
C06858,2025-01-01,N,normal,D06858,A06858,P06858
C06859,2025-06-21,W,normal,D06859,A06859,P06859
C06860,2025-01-01,W,normal,D06860,A06860,P06860
C06861,2025-01-01,W,frequent_legit,D06861,A06861,P06861
C06862,2025-01-01,N,normal,D06862,A06862,P06862
C06863,2025-08-11,N,normal,D06863,A06863,P06863
C06864,2025-01-01,W,normal,D06864,A06864,P06864
C06865,2025-01-01,S,normal,D06865,A06865,P06865
C06866,2025-01-01,S,normal,D06866,A06866,P06866
C06867,2025-01-01,E,normal,D06867,A06867,P06867
C06868,2025-01-01,N,normal,D06868,A06868,P06868
C06869,2025-01-01,E,normal,D06869,A06869,P06869
C06870,2025-01-01,NE,normal,D06870,A06870,P06870
C06871,2025-04-28,E,normal,D06871,A06871,P06871
C06872,2025-08-27,S,normal,D06872,A06872,P06872
C06873,2025-07-11,NE,normal,D06873,A06873,P06873
C06874,2025-01-01,E,normal,D06874,A06874,P06874
C06875,2025-01-01,N,normal,D06875,A06875,P06875
C06876,2025-01-01,E,normal,D06876,A06876,P06876
C06877,2025-01-01,N,normal,D06877,A06877,P06877
C06878,2025-01-01,S,normal,D06878,A06878,P06878
C06879,2025-01-01,E,normal,D06879,A06879,P06879
C06880,2025-01-01,N,normal,D06880,A06880,P06880
C06881,2025-01-01,N,normal,D06881,A06881,P06881
C06882,2025-01-01,E,normal,D06882,A06882,P06882
C06883,2025-01-01,S,normal,D06883,A06883,P06883
C06884,2025-01-01,S,frequent_legit,D06884,A06884,P06884
C06885,2025-01-01,N,frequent_legit,D06885,A06885,P06885
C06886,2025-11-05,E,normal,D06886,A06886,P06886
C06887,2025-01-01,W,normal,D06887,A06887,P06887
C06888,2025-01-01,N,normal,D06888,A06888,P06888
C06889,2025-04-15,W,normal,D06889,A06889,P06889
C06890,2025-01-01,N,normal,D06890,A06890,P06890
C06891,2025-01-01,S,normal,D06891,A06891,P06891
C06892,2025-01-01,S,normal,D06892,A06892,P06892
C06893,2025-01-01,N,normal,D06893,A06893,P06893
C06894,2025-01-01,N,normal,D06894,A06894,P06894
C06895,2025-01-01,W,normal,D06895,A06895,P06895
C06896,2025-01-01,W,frequent_legit,D06896,A06896,P06896
C06897,2025-01-01,NE,normal,D06897,A06897,P06897
C06898,2025-01-01,W,normal,D06898,A06898,P06898
C06899,2025-01-01,S,frequent_legit,D06899,A06899,P06899
C06900,2025-01-01,N,normal,D06900,A06900,P06900
C06901,2025-01-01,N,normal,D06901,A06901,P06901
C06902,2025-09-03,S,normal,D06902,A06902,P06902
C06903,2025-03-13,W,normal,D06903,A06903,P06903
C06904,2025-01-01,N,normal,D06904,A06904,P06904
C06905,2025-09-26,N,normal,D06905,A06905,P06905
C06906,2025-01-12,S,normal,D06906,A06906,P06906
C06907,2025-01-01,W,normal,D06907,A06907,P06907
C06908,2025-01-01,S,abusive,D06908,A06908,P06908
C06909,2025-01-01,W,normal,D06909,A06909,P06909
C06910,2025-01-01,S,normal,D06910,A06910,P06910
C06911,2025-01-01,S,normal,D06911,A06911,P06911
C06912,2025-01-01,S,normal,D06912,A06912,P06912
C06913,2025-01-01,W,normal,D06913,A06913,P06913
C06914,2025-01-01,W,normal,D06914,A06914,P06914
C06915,2025-01-01,S,normal,D06915,A06915,P06915
C06916,2025-01-01,N,normal,D06916,A06916,P06916
C06917,2025-03-01,N,normal,D06917,A06917,P06917
C06918,2025-01-01,N,normal,D06918,A06918,P06918
C06919,2025-01-01,N,normal,D06919,A06919,P06919
C06920,2025-05-12,N,normal,D06920,A06920,P06920
C06921,2025-01-01,E,normal,D06921,A06921,P06921
C06922,2025-01-01,W,normal,D06922,A06922,P06922
C06923,2025-01-01,W,normal,D06923,A06923,P06923
C06924,2025-01-01,W,normal,D06924,A06924,P06924
C06925,2025-01-01,NE,normal,D06925,A06925,P06925
C06926,2025-01-01,NE,normal,D06926,A06926,P06926
C06927,2025-01-01,N,frequent_legit,D06927,A06927,P06927
C06928,2025-01-01,N,normal,D06928,A06928,P06928
C06929,2025-01-01,N,abusive,D06929,A06929,P06929
C06930,2025-01-01,W,normal,D06930,A06930,P06930
C06931,2025-01-01,N,normal,D06931,A06931,P06931
C06932,2025-01-01,S,normal,D06932,A06932,P06932
C06933,2025-01-01,S,normal,D06933,A06933,P06933
C06934,2025-01-01,E,normal,D06934,A06934,P06934
C06935,2025-01-01,E,normal,D06935,A06935,P06935
C06936,2025-01-01,W,frequent_legit,D06936,A06936,P06936
C06937,2025-01-01,E,normal,D06937,A06937,P06937
C06938,2025-01-01,W,normal,D06938,A06938,P06938
C06939,2025-01-01,N,normal,D06939,A06939,P06939
C06940,2025-01-01,W,normal,D06940,A06940,P06940
C06941,2025-01-01,E,normal,D06941,A06941,P06941
C06942,2025-01-01,N,normal,D06942,A06942,P06942
C06943,2025-01-01,NE,normal,D06943,A06943,P06943
C06944,2025-01-01,W,normal,D06944,A06944,P06944
C06945,2025-01-01,W,normal,D06945,A06945,P06945
C06946,2025-07-23,W,normal,D06946,A06946,P06946
C06947,2025-01-01,S,normal,D06947,A06947,P06947
C06948,2025-02-14,N,normal,D06948,A06948,P06948
C06949,2025-04-14,N,normal,D06949,A06949,P06949
C06950,2025-01-01,W,normal,D06950,A06950,P06950
C06951,2025-01-01,W,frequent_legit,D06951,A06951,P06951
C06952,2025-01-01,NE,normal,D06952,A06952,P06952
C06953,2025-06-10,W,normal,D06953,A06953,P06953
C06954,2025-07-16,E,normal,D06954,A06954,P06954
C06955,2025-01-01,N,normal,D06955,A06955,P06955
C06956,2025-01-01,N,normal,D06956,A06956,P06956
C06957,2025-01-01,S,normal,D06957,A06957,P06957
C06958,2025-01-01,W,normal,D06958,A06958,P06958
C06959,2025-01-01,N,frequent_legit,D06959,A06959,P06959
C06960,2025-02-10,W,normal,D06960,A06960,P06960
C06961,2025-07-01,E,normal,D06961,A06961,P06961
C06962,2025-06-04,S,normal,D06962,A06962,P06962
C06963,2025-01-01,W,normal,D06963,A06963,P06963
C06964,2025-01-01,E,normal,D06964,A06964,P06964
C06965,2025-01-01,W,normal,D06965,A06965,P06965
C06966,2025-01-01,S,normal,D06966,A06966,P06966
C06967,2025-01-01,S,normal,D06967,A06967,P06967
C06968,2025-01-01,N,normal,D06968,A06968,P06968
C06969,2025-01-01,S,normal,D06969,A06969,P06969
C06970,2025-01-01,W,normal,D06970,A06970,P06970
C06971,2025-01-01,NE,normal,D06971,A06971,P06971
C06972,2025-01-01,W,normal,D06972,A06972,P06972
C06973,2025-01-01,N,frequent_legit,D06973,A06973,P06973
C06974,2025-09-02,NE,normal,D06974,A06974,P06974
C06975,2025-01-01,N,normal,D06975,A06975,P06975
C06976,2025-01-01,N,normal,D06976,A06976,P06976
C06977,2025-01-01,W,normal,D06977,A06977,P06977
C06978,2025-05-22,W,normal,D06978,A06978,P06978
C06979,2025-05-31,NE,normal,D06979,A06979,P06979
C06980,2025-01-01,W,frequent_legit,D06980,A06980,P06980
C06981,2025-01-01,N,frequent_legit,D06981,A06981,P06981
C06982,2025-01-01,N,normal,D06982,A06982,P06982
C06983,2025-01-01,N,normal,D06983,A06983,P06983
C06984,2025-01-01,E,normal,D06984,A06984,P06984
C06985,2025-03-14,S,normal,D06985,A06985,P06985
C06986,2025-01-01,N,normal,D06986,A06986,P06986
C06987,2025-01-01,S,normal,D06987,A06987,P06987
C06988,2025-01-01,E,normal,D06988,A06988,P06988
C06989,2025-06-17,W,normal,D06989,A06989,P06989
C06990,2025-01-01,S,normal,D06990,A06990,P06990
C06991,2025-09-02,S,normal,D06991,A06991,P06991
C06992,2025-01-01,E,frequent_legit,D06992,A06992,P06992
C06993,2025-01-01,E,normal,D06993,A06993,P06993
C06994,2025-01-01,N,normal,D06994,A06994,P06994
C06995,2025-01-01,N,normal,D06995,A06995,P06995
C06996,2025-10-16,NE,normal,D06996,A06996,P06996
C06997,2025-01-01,W,normal,D06997,A06997,P06997
C06998,2025-01-01,N,normal,D06998,A06998,P06998
C06999,2025-01-01,E,normal,D06999,A06999,P06999
C07000,2025-01-01,E,normal,D07000,A07000,P07000
C07001,2025-01-01,N,frequent_legit,D07001,A07001,P07001
C07002,2025-01-01,N,normal,D07002,A07002,P07002
C07003,2025-01-01,NE,normal,D07003,A07003,P07003
C07004,2025-11-04,S,normal,D07004,A07004,P07004
C07005,2025-12-07,N,normal,D07005,A07005,P07005
C07006,2025-01-01,W,normal,D07006,A07006,P07006
C07007,2025-01-01,S,normal,D07007,A07007,P07007
C07008,2025-01-01,E,normal,D07008,A07008,P07008
C07009,2025-01-01,S,normal,D07009,A07009,P07009
C07010,2025-01-01,N,normal,D07010,A07010,P07010
C07011,2025-01-01,N,abusive,D07011,A07011,P07011
C07012,2025-01-01,NE,normal,D07012,A07012,P07012
C07013,2025-01-01,E,normal,D07013,A07013,P07013
C07014,2025-03-07,W,normal,D07014,A07014,P07014
C07015,2025-01-01,N,frequent_legit,D07015,A07015,P07015
C07016,2025-01-01,W,normal,D07016,A07016,P07016
C07017,2025-01-01,S,normal,D07017,A07017,P07017
C07018,2025-10-24,E,normal,D07018,A07018,P07018
C07019,2025-01-01,S,normal,D07019,A07019,P07019
C07020,2025-12-07,E,abusive,D07020,A07020,P07020
C07021,2025-01-01,N,abusive,D07021,A07021,P07021
C07022,2025-01-01,N,normal,D07022,A07022,P07022
C07023,2025-01-01,W,normal,D07023,A07023,P07023
C07024,2025-01-01,N,normal,D07024,A07024,P07024
C07025,2025-01-01,N,normal,D07025,A07025,P07025
C07026,2025-01-01,W,normal,D07026,A07026,P07026
C07027,2025-08-09,N,normal,D07027,A07027,P07027
C07028,2025-01-01,E,normal,D07028,A07028,P07028
C07029,2025-05-18,W,normal,D07029,A07029,P07029
C07030,2025-01-01,W,normal,D07030,A07030,P07030
C07031,2025-12-17,N,normal,D07031,A07031,P07031
C07032,2025-01-01,E,normal,D07032,A07032,P07032
C07033,2025-01-01,S,normal,D07033,A07033,P07033
C07034,2025-01-01,S,normal,D07034,A07034,P07034
C07035,2025-11-06,W,normal,D07035,A07035,P07035
C07036,2025-01-01,NE,normal,D07036,A07036,P07036
C07037,2025-01-01,N,normal,D07037,A07037,P07037
C07038,2025-01-01,N,normal,D07038,A07038,P07038
C07039,2025-01-01,W,frequent_legit,D07039,A07039,P07039
C07040,2025-01-01,S,normal,D07040,A07040,P07040
C07041,2025-01-01,W,normal,D07041,A07041,P07041
C07042,2025-01-01,N,normal,D07042,A07042,P07042
C07043,2025-01-01,N,normal,D07043,A07043,P07043
C07044,2025-01-01,E,frequent_legit,D07044,A07044,P07044
C07045,2025-01-01,NE,frequent_legit,D07045,A07045,P07045
C07046,2025-01-01,N,normal,D07046,A07046,P07046
C07047,2025-01-01,W,normal,D07047,A07047,P07047
C07048,2025-01-01,S,normal,D07048,A07048,P07048
C07049,2025-01-01,N,normal,D07049,A07049,P07049
C07050,2025-01-01,S,abusive,D07050,A07050,P07050
C07051,2025-01-01,N,normal,D07051,A07051,P07051
C07052,2025-01-01,E,normal,D07052,A07052,P07052
C07053,2025-01-01,S,normal,D07053,A07053,P07053
C07054,2025-01-01,S,normal,D07054,A07054,P07054
C07055,2025-01-01,N,normal,D07055,A07055,P07055
C07056,2025-01-01,W,normal,D07056,A07056,P07056
C07057,2025-01-01,W,normal,D07057,A07057,P07057
C07058,2025-01-01,S,normal,D07058,A07058,P07058
C07059,2025-01-01,S,normal,D07059,A07059,P07059
C07060,2025-01-01,NE,normal,D07060,A07060,P07060
C07061,2025-01-01,N,normal,D07061,A07061,P07061
C07062,2025-01-01,W,normal,D07062,A07062,P07062
C07063,2025-01-01,E,normal,D07063,A07063,P07063
C07064,2025-01-01,W,normal,D07064,A07064,P07064
C07065,2025-01-01,S,normal,D07065,A07065,P07065
C07066,2025-01-01,S,normal,D07066,A07066,P07066
C07067,2025-01-01,S,frequent_legit,D07067,A07067,P07067
C07068,2025-01-01,N,normal,D07068,A07068,P07068
C07069,2025-01-01,N,normal,D07069,A07069,P07069
C07070,2025-01-01,NE,normal,D07070,A07070,P07070
C07071,2025-01-01,N,normal,D07071,A07071,P07071
C07072,2025-07-06,N,normal,D07072,A07072,P07072
C07073,2025-11-04,N,normal,D07073,A07073,P07073
C07074,2025-01-01,S,normal,D07074,A07074,P07074
C07075,2025-12-17,S,normal,D07075,A07075,P07075
C07076,2025-01-01,N,normal,D07076,A07076,P07076
C07077,2025-01-01,W,coordinated,DCO0016,ACO0016,PCO0016
C07078,2025-01-01,W,normal,D07078,A07078,P07078
C07079,2025-01-01,N,frequent_legit,D07079,A07079,P07079
C07080,2025-01-01,W,normal,D07080,A07080,P07080
C07081,2025-01-01,S,normal,D07081,A07081,P07081
C07082,2025-10-14,S,normal,D07082,A07082,P07082
C07083,2025-01-01,W,normal,D07083,A07083,P07083
C07084,2025-01-01,W,normal,D07084,A07084,P07084
C07085,2025-01-01,S,normal,D07085,A07085,P07085
C07086,2025-01-01,S,normal,D07086,A07086,P07086
C07087,2025-01-01,S,normal,D07087,A07087,P07087
C07088,2025-01-01,S,normal,D07088,A07088,P07088
C07089,2025-01-01,E,normal,D07089,A07089,P07089
C07090,2025-01-01,N,normal,D07090,A07090,P07090
C07091,2025-01-01,W,normal,D07091,A07091,P07091
C07092,2025-01-01,E,normal,D07092,A07092,P07092
C07093,2025-04-15,N,normal,D07093,A07093,P07093
C07094,2025-01-01,W,normal,D07094,A07094,P07094
C07095,2025-01-01,W,normal,D07095,A07095,P07095
C07096,2025-01-01,S,normal,D07096,A07096,P07096
C07097,2025-01-01,S,normal,D07097,A07097,P07097
C07098,2025-01-01,W,normal,D07098,A07098,P07098
C07099,2025-01-01,NE,normal,D07099,A07099,P07099
C07100,2025-01-01,S,normal,D07100,A07100,P07100
C07101,2025-01-01,E,normal,D07101,A07101,P07101
C07102,2025-01-01,W,normal,D07102,A07102,P07102
C07103,2025-01-01,NE,normal,D07103,A07103,P07103
C07104,2025-01-01,N,normal,D07104,A07104,P07104
C07105,2025-04-08,S,normal,D07105,A07105,P07105
C07106,2025-01-01,W,normal,D07106,A07106,P07106
C07107,2025-01-01,N,normal,D07107,A07107,P07107
C07108,2025-11-15,S,normal,D07108,A07108,P07108
C07109,2025-01-01,E,normal,D07109,A07109,P07109
C07110,2025-01-01,S,frequent_legit,D07110,A07110,P07110
C07111,2025-01-01,W,normal,D07111,A07111,P07111
C07112,2025-01-01,N,normal,D07112,A07112,P07112
C07113,2025-01-01,W,normal,D07113,A07113,P07113
C07114,2025-01-01,S,normal,D07114,A07114,P07114
C07115,2025-01-01,W,normal,D07115,A07115,P07115
C07116,2025-08-13,S,normal,D07116,A07116,P07116
C07117,2025-08-31,N,normal,D07117,A07117,P07117
C07118,2025-01-01,NE,normal,D07118,A07118,P07118
C07119,2025-01-01,W,normal,D07119,A07119,P07119
C07120,2025-01-01,S,normal,D07120,A07120,P07120
C07121,2025-01-01,N,normal,D07121,A07121,P07121
C07122,2025-01-01,E,frequent_legit,D07122,A07122,P07122
C07123,2025-01-01,NE,normal,D07123,A07123,P07123
C07124,2025-01-01,S,normal,D07124,A07124,P07124
C07125,2025-01-01,NE,coordinated,DCO0016,ACO0016,PCO0016
C07126,2025-07-25,S,normal,D07126,A07126,P07126
C07127,2025-06-25,E,normal,D07127,A07127,P07127
C07128,2025-01-01,S,normal,D07128,A07128,P07128
C07129,2025-01-01,N,normal,D07129,A07129,P07129
C07130,2025-01-01,W,normal,D07130,A07130,P07130
C07131,2025-11-15,N,normal,D07131,A07131,P07131
C07132,2025-01-01,NE,normal,D07132,A07132,P07132
C07133,2025-12-12,N,normal,D07133,A07133,P07133
C07134,2025-01-01,N,normal,D07134,A07134,P07134
C07135,2025-01-01,W,normal,D07135,A07135,P07135
C07136,2025-01-01,E,normal,D07136,A07136,P07136
C07137,2025-08-16,N,normal,D07137,A07137,P07137
C07138,2025-01-01,E,normal,D07138,A07138,P07138
C07139,2025-02-04,N,normal,D07139,A07139,P07139
C07140,2025-01-01,W,normal,D07140,A07140,P07140
C07141,2025-01-01,N,normal,D07141,A07141,P07141
C07142,2025-01-01,S,normal,D07142,A07142,P07142
C07143,2025-01-01,N,normal,D07143,A07143,P07143
C07144,2025-10-10,E,normal,D07144,A07144,P07144
C07145,2025-01-01,W,normal,D07145,A07145,P07145
C07146,2025-01-01,W,normal,D07146,A07146,P07146
C07147,2025-01-01,S,normal,D07147,A07147,P07147
C07148,2025-01-01,N,normal,D07148,A07148,P07148
C07149,2025-09-23,N,normal,D07149,A07149,P07149
C07150,2025-01-01,W,normal,D07150,A07150,P07150
C07151,2025-01-01,N,normal,D07151,A07151,P07151
C07152,2025-01-01,E,coordinated,DCO0016,ACO0016,PCO0016
C07153,2025-01-01,S,normal,D07153,A07153,P07153
C07154,2025-01-01,NE,normal,D07154,A07154,P07154
C07155,2025-06-25,S,normal,D07155,A07155,P07155
C07156,2025-05-03,S,normal,D07156,A07156,P07156
C07157,2025-01-01,W,frequent_legit,D07157,A07157,P07157
C07158,2025-06-06,NE,normal,D07158,A07158,P07158
C07159,2025-01-01,E,normal,D07159,A07159,P07159
C07160,2025-09-09,W,normal,D07160,A07160,P07160
C07161,2025-11-23,E,normal,D07161,A07161,P07161
C07162,2025-01-01,S,normal,D07162,A07162,P07162
C07163,2025-01-01,N,normal,D07163,A07163,P07163
C07164,2025-01-01,E,frequent_legit,D07164,A07164,P07164
C07165,2025-01-01,E,normal,D07165,A07165,P07165
C07166,2025-01-01,N,normal,D07166,A07166,P07166
C07167,2025-01-01,N,normal,D07167,A07167,P07167
C07168,2025-04-24,W,normal,D07168,A07168,P07168
C07169,2025-12-14,N,normal,D07169,A07169,P07169
C07170,2025-01-01,E,normal,D07170,A07170,P07170
C07171,2025-01-01,E,normal,D07171,A07171,P07171
C07172,2025-01-01,S,normal,D07172,A07172,P07172
C07173,2025-01-01,N,normal,D07173,A07173,P07173
C07174,2025-07-21,S,normal,D07174,A07174,P07174
C07175,2025-01-01,S,normal,D07175,A07175,P07175
C07176,2025-01-01,E,normal,D07176,A07176,P07176
C07177,2025-01-01,W,abusive,D07177,A07177,P07177
C07178,2025-07-17,W,frequent_legit,D07178,A07178,P07178
C07179,2025-01-01,N,normal,D07179,A07179,P07179
C07180,2025-01-01,W,normal,D07180,A07180,P07180
C07181,2025-01-01,S,normal,D07181,A07181,P07181
C07182,2025-05-30,W,normal,D07182,A07182,P07182
C07183,2025-01-01,N,normal,D07183,A07183,P07183
C07184,2025-01-01,S,normal,D07184,A07184,P07184
C07185,2025-10-24,S,normal,D07185,A07185,P07185
C07186,2025-01-01,S,normal,D07186,A07186,P07186
C07187,2025-01-01,NE,normal,D07187,A07187,P07187
C07188,2025-01-01,N,normal,D07188,A07188,P07188
C07189,2025-01-01,N,normal,D07189,A07189,P07189
C07190,2025-01-01,E,normal,D07190,A07190,P07190
C07191,2025-01-01,S,normal,D07191,A07191,P07191
C07192,2025-01-01,N,normal,D07192,A07192,P07192
C07193,2025-01-01,S,normal,D07193,A07193,P07193
C07194,2025-01-01,N,normal,D07194,A07194,P07194
C07195,2025-01-01,W,frequent_legit,D07195,A07195,P07195
C07196,2025-01-16,E,normal,D07196,A07196,P07196
C07197,2025-01-01,N,normal,D07197,A07197,P07197
C07198,2025-01-01,S,normal,D07198,A07198,P07198
C07199,2025-01-01,W,normal,D07199,A07199,P07199
C07200,2025-08-17,W,normal,D07200,A07200,P07200
C07201,2025-01-01,N,normal,D07201,A07201,P07201
C07202,2025-01-01,E,normal,D07202,A07202,P07202
C07203,2025-01-01,N,abusive,D07203,A07203,P07203
C07204,2025-01-01,N,normal,D07204,A07204,P07204
C07205,2025-01-01,W,normal,D07205,A07205,P07205
C07206,2025-01-01,W,normal,D07206,A07206,P07206
C07207,2025-01-01,N,normal,D07207,A07207,P07207
C07208,2025-01-01,W,normal,D07208,A07208,P07208
C07209,2025-01-01,W,normal,D07209,A07209,P07209
C07210,2025-01-01,W,normal,D07210,A07210,P07210
C07211,2025-04-27,W,normal,D07211,A07211,P07211
C07212,2025-02-02,S,normal,D07212,A07212,P07212
C07213,2025-01-01,NE,normal,D07213,A07213,P07213
C07214,2025-01-01,N,normal,D07214,A07214,P07214
C07215,2025-01-01,S,normal,D07215,A07215,P07215
C07216,2025-01-01,S,normal,D07216,A07216,P07216
C07217,2025-01-01,W,normal,D07217,A07217,P07217
C07218,2025-01-01,N,normal,D07218,A07218,P07218
C07219,2025-01-01,S,normal,D07219,A07219,P07219
C07220,2025-01-01,W,normal,D07220,A07220,P07220
C07221,2025-01-01,S,normal,D07221,A07221,P07221
C07222,2025-01-01,N,normal,D07222,A07222,P07222
C07223,2025-01-01,N,normal,D07223,A07223,P07223
C07224,2025-02-14,E,normal,D07224,A07224,P07224
C07225,2025-01-01,S,normal,D07225,A07225,P07225
C07226,2025-01-01,S,normal,D07226,A07226,P07226
C07227,2025-01-01,S,normal,D07227,A07227,P07227
C07228,2025-01-01,NE,normal,D07228,A07228,P07228
C07229,2025-01-01,W,abusive,D07229,A07229,P07229
C07230,2025-01-01,N,normal,D07230,A07230,P07230
C07231,2025-01-01,W,normal,D07231,A07231,P07231
C07232,2025-01-01,W,normal,D07232,A07232,P07232
C07233,2025-01-01,W,normal,D07233,A07233,P07233
C07234,2025-01-01,S,normal,D07234,A07234,P07234
C07235,2025-01-01,N,normal,D07235,A07235,P07235
C07236,2025-01-01,E,normal,D07236,A07236,P07236
C07237,2025-01-01,S,normal,D07237,A07237,P07237
C07238,2025-10-08,S,normal,D07238,A07238,P07238
C07239,2025-01-01,N,normal,D07239,A07239,P07239
C07240,2025-01-01,N,normal,D07240,A07240,P07240
C07241,2025-01-01,E,normal,D07241,A07241,P07241
C07242,2025-07-30,N,normal,D07242,A07242,P07242
C07243,2025-03-12,E,normal,D07243,A07243,P07243
C07244,2025-01-01,W,normal,D07244,A07244,P07244
C07245,2025-01-01,S,abusive,D07245,A07245,P07245
C07246,2025-01-01,N,normal,D07246,A07246,P07246
C07247,2025-01-01,N,normal,D07247,A07247,P07247
C07248,2025-01-01,S,normal,D07248,A07248,P07248
C07249,2025-01-01,W,normal,D07249,A07249,P07249
C07250,2025-01-01,E,normal,D07250,A07250,P07250
C07251,2025-01-01,W,normal,D07251,A07251,P07251
C07252,2025-01-01,NE,normal,D07252,A07252,P07252
C07253,2025-11-24,N,normal,D07253,A07253,P07253
C07254,2025-01-01,E,normal,D07254,A07254,P07254
C07255,2025-07-28,S,normal,D07255,A07255,P07255
C07256,2025-01-01,S,normal,D07256,A07256,P07256
C07257,2025-01-01,S,frequent_legit,D07257,A07257,P07257
C07258,2025-01-01,S,normal,D07258,A07258,P07258
C07259,2025-02-21,E,normal,D07259,A07259,P07259
C07260,2025-02-27,E,normal,D07260,A07260,P07260
C07261,2025-01-01,S,normal,D07261,A07261,P07261
C07262,2025-01-01,N,normal,D07262,A07262,P07262
C07263,2025-01-01,E,normal,D07263,A07263,P07263
C07264,2025-01-01,W,normal,D07264,A07264,P07264
C07265,2025-01-01,S,normal,D07265,A07265,P07265
C07266,2025-01-01,N,normal,D07266,A07266,P07266
C07267,2025-01-01,S,normal,D07267,A07267,P07267
C07268,2025-07-12,W,frequent_legit,D07268,A07268,P07268
C07269,2025-01-01,W,normal,D07269,A07269,P07269
C07270,2025-01-01,N,normal,D07270,A07270,P07270
C07271,2025-01-01,S,frequent_legit,D07271,A07271,P07271
C07272,2025-01-01,S,normal,D07272,A07272,P07272
C07273,2025-01-01,E,normal,D07273,A07273,P07273
C07274,2025-01-01,N,normal,D07274,A07274,P07274
C07275,2025-01-01,E,normal,D07275,A07275,P07275
C07276,2025-01-01,NE,normal,D07276,A07276,P07276
C07277,2025-01-01,S,normal,D07277,A07277,P07277
C07278,2025-11-09,S,normal,D07278,A07278,P07278
C07279,2025-01-01,N,normal,D07279,A07279,P07279
C07280,2025-01-01,N,normal,D07280,A07280,P07280
C07281,2025-10-19,W,normal,D07281,A07281,P07281
C07282,2025-01-01,NE,normal,D07282,A07282,P07282
C07283,2025-01-01,N,normal,D07283,A07283,P07283
C07284,2025-01-01,W,frequent_legit,D07284,A07284,P07284
C07285,2025-01-01,N,frequent_legit,D07285,A07285,P07285
C07286,2025-01-01,E,normal,D07286,A07286,P07286
C07287,2025-11-08,E,normal,D07287,A07287,P07287
C07288,2025-03-23,S,normal,D07288,A07288,P07288
C07289,2025-01-01,S,normal,D07289,A07289,P07289
C07290,2025-01-01,E,normal,D07290,A07290,P07290
C07291,2025-01-01,N,normal,D07291,A07291,P07291
C07292,2025-01-01,NE,normal,D07292,A07292,P07292
C07293,2025-01-01,N,normal,D07293,A07293,P07293
C07294,2025-01-01,N,normal,D07294,A07294,P07294
C07295,2025-01-01,NE,abusive,D07295,A07295,P07295
C07296,2025-01-01,S,normal,D07296,A07296,P07296
C07297,2025-02-09,S,normal,D07297,A07297,P07297
C07298,2025-03-28,N,frequent_legit,D07298,A07298,P07298
C07299,2025-01-01,N,normal,D07299,A07299,P07299
C07300,2025-01-01,N,normal,D07300,A07300,P07300
C07301,2025-12-03,S,normal,D07301,A07301,P07301
C07302,2025-01-01,S,normal,D07302,A07302,P07302
C07303,2025-01-01,S,normal,D07303,A07303,P07303
C07304,2025-01-01,W,normal,D07304,A07304,P07304
C07305,2025-01-01,W,normal,D07305,A07305,P07305
C07306,2025-01-01,S,normal,D07306,A07306,P07306
C07307,2025-01-01,NE,normal,D07307,A07307,P07307
C07308,2025-01-01,W,normal,D07308,A07308,P07308
C07309,2025-01-01,W,normal,D07309,A07309,P07309
C07310,2025-01-01,E,normal,D07310,A07310,P07310
C07311,2025-08-21,N,normal,D07311,A07311,P07311
C07312,2025-11-02,N,normal,D07312,A07312,P07312
C07313,2025-01-01,W,normal,D07313,A07313,P07313
C07314,2025-01-01,S,normal,D07314,A07314,P07314
C07315,2025-01-01,W,normal,D07315,A07315,P07315
C07316,2025-01-01,W,normal,D07316,A07316,P07316
C07317,2025-01-01,N,abusive,D07317,A07317,P07317
C07318,2025-01-01,S,normal,D07318,A07318,P07318
C07319,2025-01-01,NE,normal,D07319,A07319,P07319
C07320,2025-01-01,N,normal,D07320,A07320,P07320
C07321,2025-01-01,E,normal,D07321,A07321,P07321
C07322,2025-01-01,NE,normal,D07322,A07322,P07322
C07323,2025-01-01,N,frequent_legit,D07323,A07323,P07323
C07324,2025-01-01,N,normal,D07324,A07324,P07324
C07325,2025-01-01,S,normal,D07325,A07325,P07325
C07326,2025-01-01,W,frequent_legit,D07326,A07326,P07326
C07327,2025-01-01,S,normal,D07327,A07327,P07327
C07328,2025-01-01,N,normal,D07328,A07328,P07328
C07329,2025-10-17,N,normal,D07329,A07329,P07329
C07330,2025-01-01,S,normal,D07330,A07330,P07330
C07331,2025-01-01,S,normal,D07331,A07331,P07331
C07332,2025-12-03,N,normal,D07332,A07332,P07332
C07333,2025-01-01,W,normal,D07333,A07333,P07333
C07334,2025-12-13,N,normal,D07334,A07334,P07334
C07335,2025-01-01,W,frequent_legit,D07335,A07335,P07335
C07336,2025-01-01,W,normal,D07336,A07336,P07336
C07337,2025-01-01,E,normal,D07337,A07337,P07337
C07338,2025-01-01,E,normal,D07338,A07338,P07338
C07339,2025-01-01,N,frequent_legit,D07339,A07339,P07339
C07340,2025-01-01,E,normal,D07340,A07340,P07340
C07341,2025-01-01,S,normal,D07341,A07341,P07341
C07342,2025-01-01,N,normal,D07342,A07342,P07342
C07343,2025-07-10,E,normal,D07343,A07343,P07343
C07344,2025-04-08,N,normal,D07344,A07344,P07344
C07345,2025-01-01,N,normal,D07345,A07345,P07345
C07346,2025-09-06,E,normal,D07346,A07346,P07346
C07347,2025-01-01,S,normal,D07347,A07347,P07347
C07348,2025-10-23,N,normal,D07348,A07348,P07348
C07349,2025-01-01,N,normal,D07349,A07349,P07349
C07350,2025-01-01,N,normal,D07350,A07350,P07350
C07351,2025-01-01,S,normal,D07351,A07351,P07351
C07352,2025-01-01,S,frequent_legit,D07352,A07352,P07352
C07353,2025-01-01,N,normal,D07353,A07353,P07353
C07354,2025-01-01,E,normal,D07354,A07354,P07354
C07355,2025-03-04,NE,normal,D07355,A07355,P07355
C07356,2025-01-01,E,normal,D07356,A07356,P07356
C07357,2025-01-09,S,normal,D07357,A07357,P07357
C07358,2025-01-01,E,normal,D07358,A07358,P07358
C07359,2025-01-01,W,normal,D07359,A07359,P07359
C07360,2025-01-01,NE,normal,D07360,A07360,P07360
C07361,2025-01-01,N,normal,D07361,A07361,P07361
C07362,2025-01-01,N,normal,D07362,A07362,P07362
C07363,2025-11-20,N,normal,D07363,A07363,P07363
C07364,2025-01-01,W,normal,D07364,A07364,P07364
C07365,2025-01-01,N,normal,D07365,A07365,P07365
C07366,2025-01-01,W,normal,D07366,A07366,P07366
C07367,2025-01-01,N,normal,D07367,A07367,P07367
C07368,2025-01-01,E,frequent_legit,D07368,A07368,P07368
C07369,2025-01-01,N,frequent_legit,D07369,A07369,P07369
C07370,2025-01-01,S,normal,D07370,A07370,P07370
C07371,2025-01-01,S,normal,D07371,A07371,P07371
C07372,2025-01-01,W,normal,D07372,A07372,P07372
C07373,2025-01-01,S,normal,D07373,A07373,P07373
C07374,2025-08-24,S,normal,D07374,A07374,P07374
C07375,2025-01-01,W,normal,D07375,A07375,P07375
C07376,2025-01-01,W,normal,D07376,A07376,P07376
C07377,2025-01-01,W,frequent_legit,D07377,A07377,P07377
C07378,2025-01-01,W,normal,D07378,A07378,P07378
C07379,2025-01-01,S,normal,D07379,A07379,P07379
C07380,2025-01-01,W,normal,D07380,A07380,P07380
C07381,2025-01-01,S,normal,D07381,A07381,P07381
C07382,2025-01-01,W,frequent_legit,D07382,A07382,P07382
C07383,2025-01-01,W,normal,D07383,A07383,P07383
C07384,2025-01-01,N,normal,D07384,A07384,P07384
C07385,2025-01-01,N,normal,D07385,A07385,P07385
C07386,2025-01-01,W,normal,D07386,A07386,P07386
C07387,2025-04-14,E,normal,D07387,A07387,P07387
C07388,2025-01-01,E,normal,D07388,A07388,P07388
C07389,2025-01-01,NE,normal,D07389,A07389,P07389
C07390,2025-01-01,S,normal,D07390,A07390,P07390
C07391,2025-01-01,S,normal,D07391,A07391,P07391
C07392,2025-01-01,E,normal,D07392,A07392,P07392
C07393,2025-01-01,N,normal,D07393,A07393,P07393
C07394,2025-01-01,E,normal,D07394,A07394,P07394
C07395,2025-01-01,W,normal,D07395,A07395,P07395
C07396,2025-01-01,N,normal,D07396,A07396,P07396
C07397,2025-01-01,W,normal,D07397,A07397,P07397
C07398,2025-01-01,W,coordinated,DCO0017,ACO0017,PCO0017
C07399,2025-01-01,N,normal,D07399,A07399,P07399
C07400,2025-01-01,W,normal,D07400,A07400,P07400
C07401,2025-01-01,W,normal,D07401,A07401,P07401
C07402,2025-01-01,S,normal,D07402,A07402,P07402
C07403,2025-01-01,N,normal,D07403,A07403,P07403
C07404,2025-01-01,S,normal,D07404,A07404,P07404
C07405,2025-01-01,E,normal,D07405,A07405,P07405
C07406,2025-01-01,N,frequent_legit,D07406,A07406,P07406
C07407,2025-01-01,S,normal,D07407,A07407,P07407
C07408,2025-05-27,W,normal,D07408,A07408,P07408
C07409,2025-05-17,W,normal,D07409,A07409,P07409
C07410,2025-01-01,W,normal,D07410,A07410,P07410
C07411,2025-01-01,NE,normal,D07411,A07411,P07411
C07412,2025-01-01,N,normal,D07412,A07412,P07412
C07413,2025-01-01,N,normal,D07413,A07413,P07413
C07414,2025-01-01,E,normal,D07414,A07414,P07414
C07415,2025-02-26,S,normal,D07415,A07415,P07415
C07416,2025-01-01,N,normal,D07416,A07416,P07416
C07417,2025-01-01,W,normal,D07417,A07417,P07417
C07418,2025-01-01,N,normal,D07418,A07418,P07418
C07419,2025-01-01,S,normal,D07419,A07419,P07419
C07420,2025-01-01,E,normal,D07420,A07420,P07420
C07421,2025-01-01,E,normal,D07421,A07421,P07421
C07422,2025-01-01,S,normal,D07422,A07422,P07422
C07423,2025-01-01,N,normal,D07423,A07423,P07423
C07424,2025-01-01,W,normal,D07424,A07424,P07424
C07425,2025-01-01,W,normal,D07425,A07425,P07425
C07426,2025-01-01,S,coordinated,DCO0017,ACO0017,PCO0017
C07427,2025-01-01,N,normal,D07427,A07427,P07427
C07428,2025-01-01,E,normal,D07428,A07428,P07428
C07429,2025-01-01,S,frequent_legit,D07429,A07429,P07429
C07430,2025-01-01,N,normal,D07430,A07430,P07430
C07431,2025-08-16,N,normal,D07431,A07431,P07431
C07432,2025-01-01,N,normal,D07432,A07432,P07432
C07433,2025-02-15,S,normal,D07433,A07433,P07433
C07434,2025-01-01,S,normal,D07434,A07434,P07434
C07435,2025-01-01,W,normal,D07435,A07435,P07435
C07436,2025-01-01,S,normal,D07436,A07436,P07436
C07437,2025-01-01,S,normal,D07437,A07437,P07437
C07438,2025-01-01,N,normal,D07438,A07438,P07438
C07439,2025-01-01,W,frequent_legit,D07439,A07439,P07439
C07440,2025-01-01,N,normal,D07440,A07440,P07440
C07441,2025-01-01,N,normal,D07441,A07441,P07441
C07442,2025-02-25,E,normal,D07442,A07442,P07442
C07443,2025-01-01,E,normal,D07443,A07443,P07443
C07444,2025-02-28,W,normal,D07444,A07444,P07444
C07445,2025-01-01,S,normal,D07445,A07445,P07445
C07446,2025-01-01,S,normal,D07446,A07446,P07446
C07447,2025-01-01,S,normal,D07447,A07447,P07447
C07448,2025-01-01,E,normal,D07448,A07448,P07448
C07449,2025-01-01,S,normal,D07449,A07449,P07449
C07450,2025-01-01,S,normal,D07450,A07450,P07450
C07451,2025-01-01,N,normal,D07451,A07451,P07451
C07452,2025-11-09,NE,normal,D07452,A07452,P07452
C07453,2025-01-01,N,normal,D07453,A07453,P07453
C07454,2025-01-01,N,frequent_legit,D07454,A07454,P07454
C07455,2025-08-26,W,normal,D07455,A07455,P07455
C07456,2025-01-01,W,normal,D07456,A07456,P07456
C07457,2025-01-01,E,normal,D07457,A07457,P07457
C07458,2025-01-01,E,normal,D07458,A07458,P07458
C07459,2025-08-16,N,normal,D07459,A07459,P07459
C07460,2025-01-01,W,normal,D07460,A07460,P07460
C07461,2025-01-01,N,normal,D07461,A07461,P07461
C07462,2025-01-01,NE,normal,D07462,A07462,P07462
C07463,2025-01-01,N,frequent_legit,D07463,A07463,P07463
C07464,2025-04-23,E,frequent_legit,D07464,A07464,P07464
C07465,2025-01-01,S,normal,D07465,A07465,P07465
C07466,2025-08-16,N,normal,D07466,A07466,P07466
C07467,2025-01-01,S,normal,D07467,A07467,P07467
C07468,2025-01-01,W,normal,D07468,A07468,P07468
C07469,2025-01-01,N,normal,D07469,A07469,P07469
C07470,2025-01-01,NE,normal,D07470,A07470,P07470
C07471,2025-01-01,S,normal,D07471,A07471,P07471
C07472,2025-01-01,E,normal,D07472,A07472,P07472
C07473,2025-01-01,E,normal,D07473,A07473,P07473
C07474,2025-06-26,S,normal,D07474,A07474,P07474
C07475,2025-01-01,E,normal,D07475,A07475,P07475
C07476,2025-01-01,W,normal,D07476,A07476,P07476
C07477,2025-08-20,E,normal,D07477,A07477,P07477
C07478,2025-06-11,S,normal,D07478,A07478,P07478
C07479,2025-06-05,E,frequent_legit,D07479,A07479,P07479
C07480,2025-01-01,S,normal,D07480,A07480,P07480
C07481,2025-01-01,N,frequent_legit,D07481,A07481,P07481
C07482,2025-01-01,N,normal,D07482,A07482,P07482
C07483,2025-01-01,E,normal,D07483,A07483,P07483
C07484,2025-01-01,W,normal,D07484,A07484,P07484
C07485,2025-01-01,N,normal,D07485,A07485,P07485
C07486,2025-01-01,S,normal,D07486,A07486,P07486
C07487,2025-03-29,N,normal,D07487,A07487,P07487
C07488,2025-03-31,E,normal,D07488,A07488,P07488
C07489,2025-01-01,W,normal,D07489,A07489,P07489
C07490,2025-01-01,W,frequent_legit,D07490,A07490,P07490
C07491,2025-01-01,W,coordinated,DCO0017,ACO0017,PCO0017
C07492,2025-01-01,W,normal,D07492,A07492,P07492
C07493,2025-01-01,N,normal,D07493,A07493,P07493
C07494,2025-05-25,S,normal,D07494,A07494,P07494
C07495,2025-07-23,N,normal,D07495,A07495,P07495
C07496,2025-01-01,W,normal,D07496,A07496,P07496
C07497,2025-01-01,W,normal,D07497,A07497,P07497
C07498,2025-10-18,N,normal,D07498,A07498,P07498
C07499,2025-01-01,N,normal,D07499,A07499,P07499
C07500,2025-01-01,S,normal,D07500,A07500,P07500
C07501,2025-01-01,NE,normal,D07501,A07501,P07501
C07502,2025-05-21,N,normal,D07502,A07502,P07502
C07503,2025-01-12,E,normal,D07503,A07503,P07503
C07504,2025-01-01,S,normal,D07504,A07504,P07504
C07505,2025-01-01,E,normal,D07505,A07505,P07505
C07506,2025-01-01,E,frequent_legit,D07506,A07506,P07506
C07507,2025-01-01,N,normal,D07507,A07507,P07507
C07508,2025-01-01,W,normal,D07508,A07508,P07508
C07509,2025-01-01,N,normal,D07509,A07509,P07509
C07510,2025-01-01,W,normal,D07510,A07510,P07510
C07511,2025-01-01,N,normal,D07511,A07511,P07511
C07512,2025-01-01,E,normal,D07512,A07512,P07512
C07513,2025-01-01,S,normal,D07513,A07513,P07513
C07514,2025-01-01,E,normal,D07514,A07514,P07514
C07515,2025-08-30,N,normal,D07515,A07515,P07515
C07516,2025-01-01,E,normal,D07516,A07516,P07516
C07517,2025-01-01,N,normal,D07517,A07517,P07517
C07518,2025-11-28,S,normal,D07518,A07518,P07518
C07519,2025-01-01,W,normal,D07519,A07519,P07519
C07520,2025-01-01,S,normal,D07520,A07520,P07520
C07521,2025-01-01,S,normal,D07521,A07521,P07521
C07522,2025-01-01,E,normal,D07522,A07522,P07522
C07523,2025-01-01,S,normal,D07523,A07523,P07523
C07524,2025-01-01,W,normal,D07524,A07524,P07524
C07525,2025-01-01,S,normal,D07525,A07525,P07525
C07526,2025-01-01,NE,normal,D07526,A07526,P07526
C07527,2025-01-01,W,normal,D07527,A07527,P07527
C07528,2025-01-01,S,normal,D07528,A07528,P07528
C07529,2025-01-01,S,normal,D07529,A07529,P07529
C07530,2025-01-01,E,normal,D07530,A07530,P07530
C07531,2025-01-01,W,normal,D07531,A07531,P07531
C07532,2025-05-24,N,normal,D07532,A07532,P07532
C07533,2025-01-01,N,normal,D07533,A07533,P07533
C07534,2025-01-01,N,normal,D07534,A07534,P07534
C07535,2025-01-01,W,frequent_legit,D07535,A07535,P07535
C07536,2025-10-29,E,normal,D07536,A07536,P07536
C07537,2025-01-01,N,normal,D07537,A07537,P07537
C07538,2025-01-01,S,normal,D07538,A07538,P07538
C07539,2025-01-01,W,normal,D07539,A07539,P07539
C07540,2025-01-01,NE,frequent_legit,D07540,A07540,P07540
C07541,2025-01-29,N,normal,D07541,A07541,P07541
C07542,2025-01-01,S,normal,D07542,A07542,P07542
C07543,2025-01-21,S,abusive,D07543,A07543,P07543
C07544,2025-01-01,E,normal,D07544,A07544,P07544
C07545,2025-01-01,N,normal,D07545,A07545,P07545
C07546,2025-01-01,N,normal,D07546,A07546,P07546
C07547,2025-09-01,W,normal,D07547,A07547,P07547
C07548,2025-01-01,S,normal,D07548,A07548,P07548
C07549,2025-08-06,N,normal,D07549,A07549,P07549
C07550,2025-01-01,S,normal,D07550,A07550,P07550
C07551,2025-11-28,N,normal,D07551,A07551,P07551
C07552,2025-03-14,S,normal,D07552,A07552,P07552
C07553,2025-04-01,S,normal,D07553,A07553,P07553
C07554,2025-01-01,N,normal,D07554,A07554,P07554
C07555,2025-01-01,N,frequent_legit,D07555,A07555,P07555
C07556,2025-01-01,W,normal,D07556,A07556,P07556
C07557,2025-01-01,W,normal,D07557,A07557,P07557
C07558,2025-01-01,N,normal,D07558,A07558,P07558
C07559,2025-01-01,E,normal,D07559,A07559,P07559
C07560,2025-01-01,N,frequent_legit,D07560,A07560,P07560
C07561,2025-01-01,W,normal,D07561,A07561,P07561
C07562,2025-10-22,W,normal,D07562,A07562,P07562
C07563,2025-10-22,E,normal,D07563,A07563,P07563
C07564,2025-01-01,E,normal,D07564,A07564,P07564
C07565,2025-01-01,S,normal,D07565,A07565,P07565
C07566,2025-01-01,N,normal,D07566,A07566,P07566
C07567,2025-01-01,S,normal,D07567,A07567,P07567
C07568,2025-01-02,N,frequent_legit,D07568,A07568,P07568
C07569,2025-01-01,E,abusive,D07569,A07569,P07569
C07570,2025-01-01,S,normal,D07570,A07570,P07570
C07571,2025-01-01,N,frequent_legit,D07571,A07571,P07571
C07572,2025-01-01,E,normal,D07572,A07572,P07572
C07573,2025-01-01,W,normal,D07573,A07573,P07573
C07574,2025-01-01,E,normal,D07574,A07574,P07574
C07575,2025-01-01,S,abusive,D07575,A07575,P07575
C07576,2025-01-01,W,frequent_legit,D07576,A07576,P07576
C07577,2025-04-04,N,normal,D07577,A07577,P07577
C07578,2025-06-29,E,normal,D07578,A07578,P07578
C07579,2025-08-19,S,normal,D07579,A07579,P07579
C07580,2025-01-01,N,normal,D07580,A07580,P07580
C07581,2025-01-01,NE,normal,D07581,A07581,P07581
C07582,2025-03-17,S,normal,D07582,A07582,P07582
C07583,2025-12-10,S,normal,D07583,A07583,P07583
C07584,2025-01-01,N,normal,D07584,A07584,P07584
C07585,2025-01-01,NE,normal,D07585,A07585,P07585
C07586,2025-01-01,W,normal,D07586,A07586,P07586
C07587,2025-12-15,N,coordinated,DCO0017,ACO0017,PCO0017
C07588,2025-01-01,E,normal,D07588,A07588,P07588
C07589,2025-01-01,N,normal,D07589,A07589,P07589
C07590,2025-01-01,E,normal,D07590,A07590,P07590
C07591,2025-01-01,S,frequent_legit,D07591,A07591,P07591
C07592,2025-01-01,N,normal,D07592,A07592,P07592
C07593,2025-01-01,S,normal,D07593,A07593,P07593
C07594,2025-01-01,W,normal,D07594,A07594,P07594
C07595,2025-01-01,S,normal,D07595,A07595,P07595
C07596,2025-01-01,N,normal,D07596,A07596,P07596
C07597,2025-03-12,NE,normal,D07597,A07597,P07597
C07598,2025-01-01,N,normal,D07598,A07598,P07598
C07599,2025-01-01,S,normal,D07599,A07599,P07599
C07600,2025-01-01,S,coordinated,DCO0017,ACO0017,PCO0017
C07601,2025-01-01,N,abusive,D07601,A07601,P07601
C07602,2025-08-22,N,normal,D07602,A07602,P07602
C07603,2025-11-06,N,normal,D07603,A07603,P07603
C07604,2025-01-01,N,normal,D07604,A07604,P07604
C07605,2025-01-01,S,abusive,D07605,A07605,P07605
C07606,2025-01-01,W,normal,D07606,A07606,P07606
C07607,2025-01-01,N,normal,D07607,A07607,P07607
C07608,2025-01-01,E,normal,D07608,A07608,P07608
C07609,2025-01-01,S,normal,D07609,A07609,P07609
C07610,2025-01-01,N,normal,D07610,A07610,P07610
C07611,2025-01-01,S,normal,D07611,A07611,P07611
C07612,2025-01-01,N,normal,D07612,A07612,P07612
C07613,2025-01-01,E,normal,D07613,A07613,P07613
C07614,2025-01-01,S,normal,D07614,A07614,P07614
C07615,2025-01-01,E,normal,D07615,A07615,P07615
C07616,2025-01-01,W,normal,D07616,A07616,P07616
C07617,2025-07-28,N,normal,D07617,A07617,P07617
C07618,2025-01-01,W,normal,D07618,A07618,P07618
C07619,2025-01-01,N,normal,D07619,A07619,P07619
C07620,2025-09-11,N,normal,D07620,A07620,P07620
C07621,2025-04-29,N,normal,D07621,A07621,P07621
C07622,2025-01-01,W,normal,D07622,A07622,P07622
C07623,2025-01-01,E,normal,D07623,A07623,P07623
C07624,2025-01-01,NE,normal,D07624,A07624,P07624
C07625,2025-11-23,E,normal,D07625,A07625,P07625
C07626,2025-01-01,S,frequent_legit,D07626,A07626,P07626
C07627,2025-01-01,W,frequent_legit,D07627,A07627,P07627
C07628,2025-01-01,NE,normal,D07628,A07628,P07628
C07629,2025-01-01,W,normal,D07629,A07629,P07629
C07630,2025-01-01,S,normal,D07630,A07630,P07630
C07631,2025-10-25,W,normal,D07631,A07631,P07631
C07632,2025-06-09,N,normal,D07632,A07632,P07632
C07633,2025-01-01,W,normal,D07633,A07633,P07633
C07634,2025-01-01,NE,normal,D07634,A07634,P07634
C07635,2025-01-01,E,normal,D07635,A07635,P07635
C07636,2025-01-01,N,normal,D07636,A07636,P07636
C07637,2025-01-01,N,frequent_legit,D07637,A07637,P07637
C07638,2025-01-01,NE,normal,D07638,A07638,P07638
C07639,2025-01-01,W,normal,D07639,A07639,P07639
C07640,2025-01-01,W,normal,D07640,A07640,P07640
C07641,2025-01-01,NE,frequent_legit,D07641,A07641,P07641
C07642,2025-01-01,S,normal,D07642,A07642,P07642
C07643,2025-01-01,W,normal,D07643,A07643,P07643
C07644,2025-01-01,N,normal,D07644,A07644,P07644
C07645,2025-01-01,N,normal,D07645,A07645,P07645
C07646,2025-06-25,S,normal,D07646,A07646,P07646
C07647,2025-09-28,S,normal,D07647,A07647,P07647
C07648,2025-01-01,S,normal,D07648,A07648,P07648
C07649,2025-01-01,W,normal,D07649,A07649,P07649
C07650,2025-01-01,N,normal,D07650,A07650,P07650
C07651,2025-01-01,W,normal,D07651,A07651,P07651
C07652,2025-02-28,N,normal,D07652,A07652,P07652
C07653,2025-01-01,W,normal,D07653,A07653,P07653
C07654,2025-01-23,N,normal,D07654,A07654,P07654
C07655,2025-01-01,W,normal,D07655,A07655,P07655
C07656,2025-01-01,E,normal,D07656,A07656,P07656
C07657,2025-01-01,S,normal,D07657,A07657,P07657
C07658,2025-01-01,N,normal,D07658,A07658,P07658
C07659,2025-09-25,N,normal,D07659,A07659,P07659
C07660,2025-07-21,S,normal,D07660,A07660,P07660
C07661,2025-02-19,N,coordinated,DCO0018,ACO0018,PCO0018
C07662,2025-01-01,N,normal,D07662,A07662,P07662
C07663,2025-01-01,W,frequent_legit,D07663,A07663,P07663
C07664,2025-01-01,N,normal,D07664,A07664,P07664
C07665,2025-01-01,N,normal,D07665,A07665,P07665
C07666,2025-01-01,S,normal,D07666,A07666,P07666
C07667,2025-09-29,S,normal,D07667,A07667,P07667
C07668,2025-01-01,S,normal,D07668,A07668,P07668
C07669,2025-01-01,E,normal,D07669,A07669,P07669
C07670,2025-09-28,E,coordinated,DCO0018,ACO0018,PCO0018
C07671,2025-01-01,S,normal,D07671,A07671,P07671
C07672,2025-01-01,S,frequent_legit,D07672,A07672,P07672
C07673,2025-01-01,N,normal,D07673,A07673,P07673
C07674,2025-01-01,E,normal,D07674,A07674,P07674
C07675,2025-01-01,S,normal,D07675,A07675,P07675
C07676,2025-09-06,W,normal,D07676,A07676,P07676
C07677,2025-01-01,E,frequent_legit,D07677,A07677,P07677
C07678,2025-01-01,E,frequent_legit,D07678,A07678,P07678
C07679,2025-12-15,S,abusive,D07679,A07679,P07679
C07680,2025-01-01,W,coordinated,DCO0018,ACO0018,PCO0018
C07681,2025-01-01,S,normal,D07681,A07681,P07681
C07682,2025-01-01,S,normal,D07682,A07682,P07682
C07683,2025-01-01,W,normal,D07683,A07683,P07683
C07684,2025-01-01,E,normal,D07684,A07684,P07684
C07685,2025-01-01,S,normal,D07685,A07685,P07685
C07686,2025-01-01,N,normal,D07686,A07686,P07686
C07687,2025-01-01,N,normal,D07687,A07687,P07687
C07688,2025-01-01,W,normal,D07688,A07688,P07688
C07689,2025-06-06,N,normal,D07689,A07689,P07689
C07690,2025-01-01,N,normal,D07690,A07690,P07690
C07691,2025-01-01,N,normal,D07691,A07691,P07691
C07692,2025-01-01,NE,normal,D07692,A07692,P07692
C07693,2025-01-01,S,normal,D07693,A07693,P07693
C07694,2025-01-01,S,normal,D07694,A07694,P07694
C07695,2025-10-13,W,normal,D07695,A07695,P07695
C07696,2025-01-01,S,normal,D07696,A07696,P07696
C07697,2025-01-01,W,normal,D07697,A07697,P07697
C07698,2025-01-01,W,normal,D07698,A07698,P07698
C07699,2025-01-01,S,normal,D07699,A07699,P07699
C07700,2025-01-01,W,normal,D07700,A07700,P07700
C07701,2025-12-15,NE,normal,D07701,A07701,P07701
C07702,2025-01-01,N,normal,D07702,A07702,P07702
C07703,2025-01-01,N,normal,D07703,A07703,P07703
C07704,2025-01-01,W,normal,D07704,A07704,P07704
C07705,2025-01-01,S,normal,D07705,A07705,P07705
C07706,2025-01-01,S,normal,D07706,A07706,P07706
C07707,2025-01-01,N,normal,D07707,A07707,P07707
C07708,2025-01-01,W,normal,D07708,A07708,P07708
C07709,2025-11-27,W,normal,D07709,A07709,P07709
C07710,2025-01-01,NE,normal,D07710,A07710,P07710
C07711,2025-01-01,S,normal,D07711,A07711,P07711
C07712,2025-01-01,NE,normal,D07712,A07712,P07712
C07713,2025-01-01,S,normal,D07713,A07713,P07713
C07714,2025-01-01,E,normal,D07714,A07714,P07714
C07715,2025-01-01,E,normal,D07715,A07715,P07715
C07716,2025-01-01,S,normal,D07716,A07716,P07716
C07717,2025-01-01,E,normal,D07717,A07717,P07717
C07718,2025-01-01,N,normal,D07718,A07718,P07718
C07719,2025-01-01,S,normal,D07719,A07719,P07719
C07720,2025-01-01,E,normal,D07720,A07720,P07720
C07721,2025-10-29,N,normal,D07721,A07721,P07721
C07722,2025-01-01,E,normal,D07722,A07722,P07722
C07723,2025-01-01,S,normal,D07723,A07723,P07723
C07724,2025-06-29,N,normal,D07724,A07724,P07724
C07725,2025-01-01,E,normal,D07725,A07725,P07725
C07726,2025-01-01,N,normal,D07726,A07726,P07726
C07727,2025-01-01,NE,normal,D07727,A07727,P07727
C07728,2025-01-01,NE,normal,D07728,A07728,P07728
C07729,2025-01-01,S,normal,D07729,A07729,P07729
C07730,2025-01-01,S,normal,D07730,A07730,P07730
C07731,2025-01-01,N,normal,D07731,A07731,P07731
C07732,2025-01-01,W,normal,D07732,A07732,P07732
C07733,2025-01-01,N,normal,D07733,A07733,P07733
C07734,2025-01-01,W,normal,D07734,A07734,P07734
C07735,2025-08-04,NE,normal,D07735,A07735,P07735
C07736,2025-01-01,N,normal,D07736,A07736,P07736
C07737,2025-01-01,E,normal,D07737,A07737,P07737
C07738,2025-01-01,S,normal,D07738,A07738,P07738
C07739,2025-01-01,S,normal,D07739,A07739,P07739
C07740,2025-01-01,N,normal,D07740,A07740,P07740
C07741,2025-01-01,W,normal,D07741,A07741,P07741
C07742,2025-01-01,N,normal,D07742,A07742,P07742
C07743,2025-01-01,W,frequent_legit,D07743,A07743,P07743
C07744,2025-01-01,S,normal,D07744,A07744,P07744
C07745,2025-01-01,E,normal,D07745,A07745,P07745
C07746,2025-01-01,W,normal,D07746,A07746,P07746
C07747,2025-01-01,W,normal,D07747,A07747,P07747
C07748,2025-01-01,S,normal,D07748,A07748,P07748
C07749,2025-01-01,S,normal,D07749,A07749,P07749
C07750,2025-01-01,S,normal,D07750,A07750,P07750
C07751,2025-01-01,S,normal,D07751,A07751,P07751
C07752,2025-01-01,NE,frequent_legit,D07752,A07752,P07752
C07753,2025-01-01,N,normal,D07753,A07753,P07753
C07754,2025-01-01,S,normal,D07754,A07754,P07754
C07755,2025-01-01,W,frequent_legit,D07755,A07755,P07755
C07756,2025-01-01,S,normal,D07756,A07756,P07756
C07757,2025-01-01,W,normal,D07757,A07757,P07757
C07758,2025-01-12,N,normal,D07758,A07758,P07758
C07759,2025-01-01,N,normal,D07759,A07759,P07759
C07760,2025-01-01,E,normal,D07760,A07760,P07760
C07761,2025-01-01,S,frequent_legit,D07761,A07761,P07761
C07762,2025-01-01,W,normal,D07762,A07762,P07762
C07763,2025-05-24,S,normal,D07763,A07763,P07763
C07764,2025-01-01,N,normal,D07764,A07764,P07764
C07765,2025-04-25,S,normal,D07765,A07765,P07765
C07766,2025-01-01,S,normal,D07766,A07766,P07766
C07767,2025-01-01,E,normal,D07767,A07767,P07767
C07768,2025-01-01,N,abusive,D07768,A07768,P07768
C07769,2025-01-01,S,normal,D07769,A07769,P07769
C07770,2025-01-01,W,normal,D07770,A07770,P07770
C07771,2025-01-01,S,normal,D07771,A07771,P07771
C07772,2025-09-15,E,normal,D07772,A07772,P07772
C07773,2025-01-01,N,frequent_legit,D07773,A07773,P07773
C07774,2025-01-01,W,normal,D07774,A07774,P07774
C07775,2025-01-01,N,normal,D07775,A07775,P07775
C07776,2025-06-18,E,normal,D07776,A07776,P07776
C07777,2025-01-01,S,normal,D07777,A07777,P07777
C07778,2025-01-01,N,normal,D07778,A07778,P07778
C07779,2025-03-19,S,normal,D07779,A07779,P07779
C07780,2025-12-11,N,normal,D07780,A07780,P07780
C07781,2025-01-01,W,normal,D07781,A07781,P07781
C07782,2025-03-27,N,normal,D07782,A07782,P07782
C07783,2025-01-21,NE,normal,D07783,A07783,P07783
C07784,2025-01-01,S,normal,D07784,A07784,P07784
C07785,2025-01-01,N,frequent_legit,D07785,A07785,P07785
C07786,2025-01-01,S,normal,D07786,A07786,P07786
C07787,2025-01-01,N,normal,D07787,A07787,P07787
C07788,2025-01-01,W,normal,D07788,A07788,P07788
C07789,2025-01-01,N,normal,D07789,A07789,P07789
C07790,2025-01-01,W,normal,D07790,A07790,P07790
C07791,2025-01-01,N,normal,D07791,A07791,P07791
C07792,2025-04-09,S,normal,D07792,A07792,P07792
C07793,2025-01-01,N,normal,D07793,A07793,P07793
C07794,2025-01-01,E,normal,D07794,A07794,P07794
C07795,2025-01-01,S,normal,D07795,A07795,P07795
C07796,2025-01-01,W,normal,D07796,A07796,P07796
C07797,2025-01-01,S,normal,D07797,A07797,P07797
C07798,2025-01-01,N,normal,D07798,A07798,P07798
C07799,2025-05-15,W,normal,D07799,A07799,P07799
C07800,2025-01-01,E,normal,D07800,A07800,P07800
C07801,2025-08-24,W,normal,D07801,A07801,P07801
C07802,2025-01-01,S,normal,D07802,A07802,P07802
C07803,2025-01-01,W,normal,D07803,A07803,P07803
C07804,2025-05-02,N,normal,D07804,A07804,P07804
C07805,2025-01-01,NE,normal,D07805,A07805,P07805
C07806,2025-07-11,N,normal,D07806,A07806,P07806
C07807,2025-01-01,W,normal,D07807,A07807,P07807
C07808,2025-01-01,N,frequent_legit,D07808,A07808,P07808
C07809,2025-01-01,W,normal,D07809,A07809,P07809
C07810,2025-01-01,W,normal,D07810,A07810,P07810
C07811,2025-01-01,W,normal,D07811,A07811,P07811
C07812,2025-01-01,S,normal,D07812,A07812,P07812
C07813,2025-01-01,S,normal,D07813,A07813,P07813
C07814,2025-01-01,W,normal,D07814,A07814,P07814
C07815,2025-01-01,E,normal,D07815,A07815,P07815
C07816,2025-01-01,E,normal,D07816,A07816,P07816
C07817,2025-01-01,N,normal,D07817,A07817,P07817
C07818,2025-01-01,S,abusive,D07818,A07818,P07818
C07819,2025-01-01,S,normal,D07819,A07819,P07819
C07820,2025-01-01,E,normal,D07820,A07820,P07820
C07821,2025-01-01,N,normal,D07821,A07821,P07821
C07822,2025-01-01,S,normal,D07822,A07822,P07822
C07823,2025-01-01,W,normal,D07823,A07823,P07823
C07824,2025-01-01,S,abusive,D07824,A07824,P07824
C07825,2025-01-01,W,normal,D07825,A07825,P07825
C07826,2025-01-01,N,normal,D07826,A07826,P07826
C07827,2025-01-01,S,normal,D07827,A07827,P07827
C07828,2025-01-01,S,normal,D07828,A07828,P07828
C07829,2025-01-01,S,normal,D07829,A07829,P07829
C07830,2025-01-01,E,frequent_legit,D07830,A07830,P07830
C07831,2025-01-01,N,normal,D07831,A07831,P07831
C07832,2025-01-01,S,normal,D07832,A07832,P07832
C07833,2025-01-01,N,normal,D07833,A07833,P07833
C07834,2025-01-01,E,normal,D07834,A07834,P07834
C07835,2025-01-01,W,normal,D07835,A07835,P07835
C07836,2025-01-01,N,normal,D07836,A07836,P07836
C07837,2025-01-01,S,normal,D07837,A07837,P07837
C07838,2025-01-01,S,normal,D07838,A07838,P07838
C07839,2025-01-01,W,normal,D07839,A07839,P07839
C07840,2025-01-01,N,normal,D07840,A07840,P07840
C07841,2025-06-03,S,normal,D07841,A07841,P07841
C07842,2025-01-01,W,normal,D07842,A07842,P07842
C07843,2025-01-01,S,normal,D07843,A07843,P07843
C07844,2025-01-01,W,normal,D07844,A07844,P07844
C07845,2025-01-01,S,normal,D07845,A07845,P07845
C07846,2025-01-01,W,normal,D07846,A07846,P07846
C07847,2025-01-01,N,normal,D07847,A07847,P07847
C07848,2025-01-01,N,normal,D07848,A07848,P07848
C07849,2025-01-01,S,normal,D07849,A07849,P07849
C07850,2025-01-01,S,normal,D07850,A07850,P07850
C07851,2025-01-01,E,normal,D07851,A07851,P07851
C07852,2025-01-01,N,normal,D07852,A07852,P07852
C07853,2025-01-01,N,normal,D07853,A07853,P07853
C07854,2025-10-13,W,normal,D07854,A07854,P07854
C07855,2025-01-01,S,normal,D07855,A07855,P07855
C07856,2025-01-01,W,normal,D07856,A07856,P07856
C07857,2025-01-01,E,normal,D07857,A07857,P07857
C07858,2025-01-01,N,normal,D07858,A07858,P07858
C07859,2025-01-01,E,normal,D07859,A07859,P07859
C07860,2025-01-01,W,normal,D07860,A07860,P07860
C07861,2025-01-01,W,normal,D07861,A07861,P07861
C07862,2025-08-13,N,normal,D07862,A07862,P07862
C07863,2025-01-01,S,normal,D07863,A07863,P07863
C07864,2025-01-01,W,normal,D07864,A07864,P07864
C07865,2025-01-01,E,normal,D07865,A07865,P07865
C07866,2025-01-01,S,normal,D07866,A07866,P07866
C07867,2025-01-01,N,normal,D07867,A07867,P07867
C07868,2025-09-29,E,normal,D07868,A07868,P07868
C07869,2025-01-01,W,normal,D07869,A07869,P07869
C07870,2025-10-23,W,normal,D07870,A07870,P07870
C07871,2025-01-01,W,normal,D07871,A07871,P07871
C07872,2025-02-10,S,normal,D07872,A07872,P07872
C07873,2025-01-01,E,normal,D07873,A07873,P07873
C07874,2025-01-01,N,normal,D07874,A07874,P07874
C07875,2025-01-01,N,normal,D07875,A07875,P07875
C07876,2025-01-01,N,normal,D07876,A07876,P07876
C07877,2025-01-01,W,normal,D07877,A07877,P07877
C07878,2025-01-01,N,abusive,D07878,A07878,P07878
C07879,2025-01-01,S,frequent_legit,D07879,A07879,P07879
C07880,2025-01-01,S,normal,D07880,A07880,P07880
C07881,2025-01-01,S,normal,D07881,A07881,P07881
C07882,2025-01-01,S,normal,D07882,A07882,P07882
C07883,2025-01-01,N,normal,D07883,A07883,P07883
C07884,2025-01-01,S,normal,D07884,A07884,P07884
C07885,2025-11-06,S,normal,D07885,A07885,P07885
C07886,2025-01-01,W,normal,D07886,A07886,P07886
C07887,2025-01-01,E,normal,D07887,A07887,P07887
C07888,2025-11-30,W,normal,D07888,A07888,P07888
C07889,2025-01-01,S,normal,D07889,A07889,P07889
C07890,2025-01-01,N,normal,D07890,A07890,P07890
C07891,2025-06-11,S,frequent_legit,D07891,A07891,P07891
C07892,2025-01-01,NE,normal,D07892,A07892,P07892
C07893,2025-01-01,N,normal,D07893,A07893,P07893
C07894,2025-01-01,N,normal,D07894,A07894,P07894
C07895,2025-01-01,NE,normal,D07895,A07895,P07895
C07896,2025-01-01,NE,normal,D07896,A07896,P07896
C07897,2025-11-01,N,normal,D07897,A07897,P07897
C07898,2025-02-10,W,frequent_legit,D07898,A07898,P07898
C07899,2025-01-01,S,normal,D07899,A07899,P07899
C07900,2025-01-01,S,normal,D07900,A07900,P07900
C07901,2025-10-18,S,normal,D07901,A07901,P07901
C07902,2025-01-01,NE,frequent_legit,D07902,A07902,P07902
C07903,2025-05-25,N,normal,D07903,A07903,P07903
C07904,2025-01-01,W,frequent_legit,D07904,A07904,P07904
C07905,2025-01-01,N,normal,D07905,A07905,P07905
C07906,2025-02-10,E,normal,D07906,A07906,P07906
C07907,2025-01-01,E,normal,D07907,A07907,P07907
C07908,2025-01-01,W,normal,D07908,A07908,P07908
C07909,2025-01-01,W,normal,D07909,A07909,P07909
C07910,2025-01-01,W,abusive,D07910,A07910,P07910
C07911,2025-01-01,W,normal,D07911,A07911,P07911
C07912,2025-01-01,N,normal,D07912,A07912,P07912
C07913,2025-01-01,NE,normal,D07913,A07913,P07913
C07914,2025-01-01,S,frequent_legit,D07914,A07914,P07914
C07915,2025-01-01,S,abusive,D07915,A07915,P07915
C07916,2025-01-01,S,normal,D07916,A07916,P07916
C07917,2025-01-01,S,normal,D07917,A07917,P07917
C07918,2025-01-01,E,frequent_legit,D07918,A07918,P07918
C07919,2025-01-01,S,normal,D07919,A07919,P07919
C07920,2025-01-01,N,normal,D07920,A07920,P07920
C07921,2025-01-01,W,normal,D07921,A07921,P07921
C07922,2025-01-01,W,normal,D07922,A07922,P07922
C07923,2025-01-01,S,normal,D07923,A07923,P07923
C07924,2025-01-01,NE,normal,D07924,A07924,P07924
C07925,2025-01-01,S,normal,D07925,A07925,P07925
C07926,2025-04-13,S,normal,D07926,A07926,P07926
C07927,2025-01-01,W,normal,D07927,A07927,P07927
C07928,2025-01-01,E,normal,D07928,A07928,P07928
C07929,2025-01-01,W,normal,D07929,A07929,P07929
C07930,2025-01-01,S,normal,D07930,A07930,P07930
C07931,2025-01-01,S,normal,D07931,A07931,P07931
C07932,2025-01-01,N,normal,D07932,A07932,P07932
C07933,2025-01-01,NE,normal,D07933,A07933,P07933
C07934,2025-01-01,N,normal,D07934,A07934,P07934
C07935,2025-01-01,S,normal,D07935,A07935,P07935
C07936,2025-01-01,N,normal,D07936,A07936,P07936
C07937,2025-01-01,E,normal,D07937,A07937,P07937
C07938,2025-01-01,S,normal,D07938,A07938,P07938
C07939,2025-01-01,W,normal,D07939,A07939,P07939
C07940,2025-01-01,S,normal,D07940,A07940,P07940
C07941,2025-01-01,N,normal,D07941,A07941,P07941
C07942,2025-01-01,N,normal,D07942,A07942,P07942
C07943,2025-01-01,N,normal,D07943,A07943,P07943
C07944,2025-01-01,W,normal,D07944,A07944,P07944
C07945,2025-01-01,W,normal,D07945,A07945,P07945
C07946,2025-03-18,S,frequent_legit,D07946,A07946,P07946
C07947,2025-01-01,S,normal,D07947,A07947,P07947
C07948,2025-10-18,N,normal,D07948,A07948,P07948
C07949,2025-01-01,W,frequent_legit,D07949,A07949,P07949
C07950,2025-01-01,NE,normal,D07950,A07950,P07950
C07951,2025-05-29,W,normal,D07951,A07951,P07951
C07952,2025-01-01,N,normal,D07952,A07952,P07952
C07953,2025-01-01,S,normal,D07953,A07953,P07953
C07954,2025-01-01,NE,normal,D07954,A07954,P07954
C07955,2025-04-17,N,normal,D07955,A07955,P07955
C07956,2025-01-01,E,normal,D07956,A07956,P07956
C07957,2025-04-04,W,normal,D07957,A07957,P07957
C07958,2025-01-01,W,normal,D07958,A07958,P07958
C07959,2025-01-01,E,frequent_legit,D07959,A07959,P07959
C07960,2025-01-01,S,normal,D07960,A07960,P07960
C07961,2025-01-01,W,normal,D07961,A07961,P07961
C07962,2025-01-01,S,normal,D07962,A07962,P07962
C07963,2025-01-01,W,normal,D07963,A07963,P07963
C07964,2025-01-01,S,normal,D07964,A07964,P07964
C07965,2025-01-01,W,normal,D07965,A07965,P07965
C07966,2025-01-01,W,normal,D07966,A07966,P07966
C07967,2025-01-01,S,normal,D07967,A07967,P07967
C07968,2025-01-01,S,normal,D07968,A07968,P07968
C07969,2025-01-01,N,normal,D07969,A07969,P07969
C07970,2025-01-01,W,normal,D07970,A07970,P07970
C07971,2025-01-01,E,normal,D07971,A07971,P07971
C07972,2025-01-01,N,normal,D07972,A07972,P07972
C07973,2025-01-01,W,normal,D07973,A07973,P07973
C07974,2025-01-01,W,normal,D07974,A07974,P07974
C07975,2025-01-01,W,normal,D07975,A07975,P07975
C07976,2025-03-04,E,normal,D07976,A07976,P07976
C07977,2025-01-01,NE,frequent_legit,D07977,A07977,P07977
C07978,2025-01-01,W,frequent_legit,D07978,A07978,P07978
C07979,2025-01-01,N,normal,D07979,A07979,P07979
C07980,2025-01-01,NE,normal,D07980,A07980,P07980
C07981,2025-01-01,S,normal,D07981,A07981,P07981
C07982,2025-10-25,W,frequent_legit,D07982,A07982,P07982
C07983,2025-01-01,W,abusive,D07983,A07983,P07983
C07984,2025-01-01,E,normal,D07984,A07984,P07984
C07985,2025-01-01,S,normal,D07985,A07985,P07985
C07986,2025-01-01,N,frequent_legit,D07986,A07986,P07986
C07987,2025-01-01,N,frequent_legit,D07987,A07987,P07987
C07988,2025-01-01,E,normal,D07988,A07988,P07988
C07989,2025-01-01,W,normal,D07989,A07989,P07989
C07990,2025-01-01,N,normal,D07990,A07990,P07990
C07991,2025-04-03,N,frequent_legit,D07991,A07991,P07991
C07992,2025-01-01,E,normal,D07992,A07992,P07992
C07993,2025-01-01,S,normal,D07993,A07993,P07993
C07994,2025-01-01,N,normal,D07994,A07994,P07994
C07995,2025-01-01,N,normal,D07995,A07995,P07995
C07996,2025-01-01,E,normal,D07996,A07996,P07996
C07997,2025-01-01,E,normal,D07997,A07997,P07997
C07998,2025-01-01,W,normal,D07998,A07998,P07998
C07999,2025-01-01,S,frequent_legit,D07999,A07999,P07999
C08000,2025-01-20,N,normal,D08000,A08000,P08000
C08001,2025-01-01,W,normal,D08001,A08001,P08001
C08002,2025-01-01,NE,normal,D08002,A08002,P08002
C08003,2025-01-01,S,normal,D08003,A08003,P08003
C08004,2025-01-01,W,normal,D08004,A08004,P08004
C08005,2025-01-17,W,normal,D08005,A08005,P08005
C08006,2025-01-01,W,normal,D08006,A08006,P08006
C08007,2025-02-08,S,normal,D08007,A08007,P08007
C08008,2025-01-01,N,normal,D08008,A08008,P08008
C08009,2025-01-01,N,normal,D08009,A08009,P08009
C08010,2025-01-01,W,frequent_legit,D08010,A08010,P08010
C08011,2025-01-01,W,normal,D08011,A08011,P08011
C08012,2025-01-01,S,normal,D08012,A08012,P08012
C08013,2025-04-18,N,normal,D08013,A08013,P08013
C08014,2025-01-01,N,normal,D08014,A08014,P08014
C08015,2025-01-01,E,normal,D08015,A08015,P08015
C08016,2025-01-01,W,normal,D08016,A08016,P08016
C08017,2025-01-01,S,normal,D08017,A08017,P08017
C08018,2025-01-01,E,normal,D08018,A08018,P08018
C08019,2025-01-01,S,normal,D08019,A08019,P08019
C08020,2025-01-01,W,normal,D08020,A08020,P08020
C08021,2025-01-01,W,normal,D08021,A08021,P08021
C08022,2025-01-17,N,frequent_legit,D08022,A08022,P08022
C08023,2025-01-01,E,normal,D08023,A08023,P08023
C08024,2025-01-01,W,normal,D08024,A08024,P08024
C08025,2025-01-01,W,normal,D08025,A08025,P08025
C08026,2025-01-01,E,normal,D08026,A08026,P08026
C08027,2025-01-10,N,normal,D08027,A08027,P08027
C08028,2025-01-01,S,frequent_legit,D08028,A08028,P08028
C08029,2025-01-01,E,normal,D08029,A08029,P08029
C08030,2025-09-09,N,normal,D08030,A08030,P08030
C08031,2025-01-01,NE,normal,D08031,A08031,P08031
C08032,2025-01-01,N,normal,D08032,A08032,P08032
C08033,2025-01-01,W,normal,D08033,A08033,P08033
C08034,2025-01-01,S,normal,D08034,A08034,P08034
C08035,2025-01-01,N,normal,D08035,A08035,P08035
C08036,2025-01-01,S,normal,D08036,A08036,P08036
C08037,2025-01-01,E,normal,D08037,A08037,P08037
C08038,2025-05-15,W,normal,D08038,A08038,P08038
C08039,2025-01-01,S,normal,D08039,A08039,P08039
C08040,2025-01-01,N,normal,D08040,A08040,P08040
C08041,2025-01-01,W,normal,D08041,A08041,P08041
C08042,2025-01-01,E,normal,D08042,A08042,P08042
C08043,2025-01-01,N,normal,D08043,A08043,P08043
C08044,2025-01-01,W,frequent_legit,D08044,A08044,P08044
C08045,2025-01-01,N,normal,D08045,A08045,P08045
C08046,2025-01-01,N,normal,D08046,A08046,P08046
C08047,2025-01-01,S,abusive,D08047,A08047,P08047
C08048,2025-04-14,E,normal,D08048,A08048,P08048
C08049,2025-01-01,S,normal,D08049,A08049,P08049
C08050,2025-01-01,W,normal,D08050,A08050,P08050
C08051,2025-01-01,N,normal,D08051,A08051,P08051
C08052,2025-11-10,NE,frequent_legit,D08052,A08052,P08052
C08053,2025-01-01,N,normal,D08053,A08053,P08053
C08054,2025-01-01,N,frequent_legit,D08054,A08054,P08054
C08055,2025-01-01,N,normal,D08055,A08055,P08055
C08056,2025-01-01,N,normal,D08056,A08056,P08056
C08057,2025-01-01,S,normal,D08057,A08057,P08057
C08058,2025-04-06,W,normal,D08058,A08058,P08058
C08059,2025-01-01,W,normal,D08059,A08059,P08059
C08060,2025-12-12,W,normal,D08060,A08060,P08060
C08061,2025-01-01,N,normal,D08061,A08061,P08061
C08062,2025-01-01,W,normal,D08062,A08062,P08062
C08063,2025-01-01,S,normal,D08063,A08063,P08063
C08064,2025-01-01,W,frequent_legit,D08064,A08064,P08064
C08065,2025-01-01,W,normal,D08065,A08065,P08065
C08066,2025-01-01,N,normal,D08066,A08066,P08066
C08067,2025-01-01,S,normal,D08067,A08067,P08067
C08068,2025-01-01,W,normal,D08068,A08068,P08068
C08069,2025-01-01,N,abusive,D08069,A08069,P08069
C08070,2025-01-01,E,normal,D08070,A08070,P08070
C08071,2025-01-01,NE,normal,D08071,A08071,P08071
C08072,2025-02-14,S,normal,D08072,A08072,P08072
C08073,2025-10-23,S,normal,D08073,A08073,P08073
C08074,2025-09-15,S,abusive,D08074,A08074,P08074
C08075,2025-01-01,W,normal,D08075,A08075,P08075
C08076,2025-08-15,S,normal,D08076,A08076,P08076
C08077,2025-01-01,S,normal,D08077,A08077,P08077
C08078,2025-01-01,N,abusive,D08078,A08078,P08078
C08079,2025-01-01,NE,abusive,D08079,A08079,P08079
C08080,2025-01-01,W,normal,D08080,A08080,P08080
C08081,2025-01-01,E,normal,D08081,A08081,P08081
C08082,2025-01-01,NE,normal,D08082,A08082,P08082
C08083,2025-01-01,E,normal,D08083,A08083,P08083
C08084,2025-01-01,NE,normal,D08084,A08084,P08084
C08085,2025-01-01,N,normal,D08085,A08085,P08085
C08086,2025-01-01,N,frequent_legit,D08086,A08086,P08086
C08087,2025-01-17,W,normal,D08087,A08087,P08087
C08088,2025-01-01,S,normal,D08088,A08088,P08088
C08089,2025-01-01,S,normal,D08089,A08089,P08089
C08090,2025-01-01,W,normal,D08090,A08090,P08090
C08091,2025-08-29,E,normal,D08091,A08091,P08091
C08092,2025-01-01,S,normal,D08092,A08092,P08092
C08093,2025-01-01,S,coordinated,DCO0018,ACO0018,PCO0018
C08094,2025-01-05,S,normal,D08094,A08094,P08094
C08095,2025-08-17,N,normal,D08095,A08095,P08095
C08096,2025-01-01,N,normal,D08096,A08096,P08096
C08097,2025-01-01,S,normal,D08097,A08097,P08097
C08098,2025-01-01,W,normal,D08098,A08098,P08098
C08099,2025-01-01,S,frequent_legit,D08099,A08099,P08099
C08100,2025-01-01,S,normal,D08100,A08100,P08100
C08101,2025-01-01,E,normal,D08101,A08101,P08101
C08102,2025-01-01,N,normal,D08102,A08102,P08102
C08103,2025-01-01,S,normal,D08103,A08103,P08103
C08104,2025-07-21,N,normal,D08104,A08104,P08104
C08105,2025-01-01,E,normal,D08105,A08105,P08105
C08106,2025-01-01,N,normal,D08106,A08106,P08106
C08107,2025-05-18,S,normal,D08107,A08107,P08107
C08108,2025-09-29,E,normal,D08108,A08108,P08108
C08109,2025-01-01,W,normal,D08109,A08109,P08109
C08110,2025-01-01,W,normal,D08110,A08110,P08110
C08111,2025-01-01,NE,normal,D08111,A08111,P08111
C08112,2025-01-01,E,frequent_legit,D08112,A08112,P08112
C08113,2025-08-10,S,normal,D08113,A08113,P08113
C08114,2025-03-30,N,normal,D08114,A08114,P08114
C08115,2025-11-04,N,frequent_legit,D08115,A08115,P08115
C08116,2025-01-01,N,normal,D08116,A08116,P08116
C08117,2025-01-01,N,normal,D08117,A08117,P08117
C08118,2025-01-01,S,normal,D08118,A08118,P08118
C08119,2025-01-01,E,normal,D08119,A08119,P08119
C08120,2025-01-01,E,normal,D08120,A08120,P08120
C08121,2025-11-17,S,normal,D08121,A08121,P08121
C08122,2025-06-23,S,normal,D08122,A08122,P08122
C08123,2025-01-01,N,normal,D08123,A08123,P08123
C08124,2025-01-01,S,frequent_legit,D08124,A08124,P08124
C08125,2025-01-01,S,normal,D08125,A08125,P08125
C08126,2025-01-01,S,normal,D08126,A08126,P08126
C08127,2025-01-01,N,normal,D08127,A08127,P08127
C08128,2025-01-01,NE,normal,D08128,A08128,P08128
C08129,2025-01-01,S,normal,D08129,A08129,P08129
C08130,2025-01-01,E,normal,D08130,A08130,P08130
C08131,2025-01-01,N,frequent_legit,D08131,A08131,P08131
C08132,2025-10-05,N,normal,D08132,A08132,P08132
C08133,2025-01-01,S,normal,D08133,A08133,P08133
C08134,2025-01-01,NE,normal,D08134,A08134,P08134
C08135,2025-01-01,N,normal,D08135,A08135,P08135
C08136,2025-01-01,S,normal,D08136,A08136,P08136
C08137,2025-12-06,NE,normal,D08137,A08137,P08137
C08138,2025-01-01,S,normal,D08138,A08138,P08138
C08139,2025-01-01,S,normal,D08139,A08139,P08139
C08140,2025-01-01,E,normal,D08140,A08140,P08140
C08141,2025-01-01,S,normal,D08141,A08141,P08141
C08142,2025-01-01,NE,normal,D08142,A08142,P08142
C08143,2025-01-01,N,normal,D08143,A08143,P08143
C08144,2025-01-01,W,normal,D08144,A08144,P08144
C08145,2025-01-01,N,normal,D08145,A08145,P08145
C08146,2025-01-01,W,normal,D08146,A08146,P08146
C08147,2025-01-01,W,normal,D08147,A08147,P08147
C08148,2025-01-01,W,normal,D08148,A08148,P08148
C08149,2025-08-13,W,normal,D08149,A08149,P08149
C08150,2025-01-01,E,normal,D08150,A08150,P08150
C08151,2025-01-01,N,normal,D08151,A08151,P08151
C08152,2025-01-01,N,normal,D08152,A08152,P08152
C08153,2025-01-01,S,normal,D08153,A08153,P08153
C08154,2025-01-01,S,normal,D08154,A08154,P08154
C08155,2025-01-01,S,abusive,D08155,A08155,P08155
C08156,2025-01-01,W,normal,D08156,A08156,P08156
C08157,2025-01-01,W,normal,D08157,A08157,P08157
C08158,2025-01-01,NE,normal,D08158,A08158,P08158
C08159,2025-01-01,S,normal,D08159,A08159,P08159
C08160,2025-01-01,W,normal,D08160,A08160,P08160
C08161,2025-01-01,W,normal,D08161,A08161,P08161
C08162,2025-01-01,NE,normal,D08162,A08162,P08162
C08163,2025-01-01,W,normal,D08163,A08163,P08163
C08164,2025-01-01,S,normal,D08164,A08164,P08164
C08165,2025-01-01,N,normal,D08165,A08165,P08165
C08166,2025-09-11,NE,normal,D08166,A08166,P08166
C08167,2025-08-19,E,abusive,D08167,A08167,P08167
C08168,2025-01-01,W,normal,D08168,A08168,P08168
C08169,2025-01-01,W,normal,D08169,A08169,P08169
C08170,2025-01-01,W,frequent_legit,D08170,A08170,P08170
C08171,2025-01-01,W,normal,D08171,A08171,P08171
C08172,2025-01-01,W,normal,D08172,A08172,P08172
C08173,2025-01-01,W,normal,D08173,A08173,P08173
C08174,2025-10-02,S,normal,D08174,A08174,P08174
C08175,2025-01-01,N,normal,D08175,A08175,P08175
C08176,2025-01-01,N,normal,D08176,A08176,P08176
C08177,2025-01-13,S,normal,D08177,A08177,P08177
C08178,2025-01-01,W,normal,D08178,A08178,P08178
C08179,2025-04-06,W,normal,D08179,A08179,P08179
C08180,2025-01-01,S,normal,D08180,A08180,P08180
C08181,2025-01-01,S,normal,D08181,A08181,P08181
C08182,2025-01-01,S,normal,D08182,A08182,P08182
C08183,2025-01-01,W,normal,D08183,A08183,P08183
C08184,2025-01-01,E,normal,D08184,A08184,P08184
C08185,2025-01-01,N,frequent_legit,D08185,A08185,P08185
C08186,2025-01-01,S,normal,D08186,A08186,P08186
C08187,2025-01-01,S,normal,D08187,A08187,P08187
C08188,2025-01-09,S,normal,D08188,A08188,P08188
C08189,2025-01-01,W,normal,D08189,A08189,P08189
C08190,2025-01-01,W,normal,D08190,A08190,P08190
C08191,2025-01-01,N,normal,D08191,A08191,P08191
C08192,2025-01-01,N,normal,D08192,A08192,P08192
C08193,2025-01-01,S,frequent_legit,D08193,A08193,P08193
C08194,2025-01-01,S,frequent_legit,D08194,A08194,P08194
C08195,2025-01-01,S,normal,D08195,A08195,P08195
C08196,2025-01-01,N,normal,D08196,A08196,P08196
C08197,2025-01-01,N,normal,D08197,A08197,P08197
C08198,2025-04-15,W,normal,D08198,A08198,P08198
C08199,2025-01-01,N,normal,D08199,A08199,P08199
C08200,2025-01-01,W,normal,D08200,A08200,P08200
C08201,2025-01-01,S,abusive,D08201,A08201,P08201
C08202,2025-01-01,S,normal,D08202,A08202,P08202
C08203,2025-01-01,N,normal,D08203,A08203,P08203
C08204,2025-01-01,N,normal,D08204,A08204,P08204
C08205,2025-01-01,S,normal,D08205,A08205,P08205
C08206,2025-01-01,W,normal,D08206,A08206,P08206
C08207,2025-01-01,W,normal,D08207,A08207,P08207
C08208,2025-01-01,N,normal,D08208,A08208,P08208
C08209,2025-01-01,N,frequent_legit,D08209,A08209,P08209
C08210,2025-01-01,N,normal,D08210,A08210,P08210
C08211,2025-01-01,W,abusive,D08211,A08211,P08211
C08212,2025-01-01,N,normal,D08212,A08212,P08212
C08213,2025-01-01,N,normal,D08213,A08213,P08213
C08214,2025-01-01,W,normal,D08214,A08214,P08214
C08215,2025-01-01,W,normal,D08215,A08215,P08215
C08216,2025-01-01,E,normal,D08216,A08216,P08216
C08217,2025-01-01,N,normal,D08217,A08217,P08217
C08218,2025-01-01,S,normal,D08218,A08218,P08218
C08219,2025-09-13,N,normal,D08219,A08219,P08219
C08220,2025-11-28,E,normal,D08220,A08220,P08220
C08221,2025-01-01,W,normal,D08221,A08221,P08221
C08222,2025-01-01,N,normal,D08222,A08222,P08222
C08223,2025-11-19,W,frequent_legit,D08223,A08223,P08223
C08224,2025-01-01,S,normal,D08224,A08224,P08224
C08225,2025-01-01,W,normal,D08225,A08225,P08225
C08226,2025-01-01,N,normal,D08226,A08226,P08226
C08227,2025-05-22,S,normal,D08227,A08227,P08227
C08228,2025-03-19,N,frequent_legit,D08228,A08228,P08228
C08229,2025-08-02,E,normal,D08229,A08229,P08229
C08230,2025-01-01,N,normal,D08230,A08230,P08230
C08231,2025-01-01,S,normal,D08231,A08231,P08231
C08232,2025-01-01,W,frequent_legit,D08232,A08232,P08232
C08233,2025-07-11,W,normal,D08233,A08233,P08233
C08234,2025-01-01,E,normal,D08234,A08234,P08234
C08235,2025-01-01,E,normal,D08235,A08235,P08235
C08236,2025-01-01,E,frequent_legit,D08236,A08236,P08236
C08237,2025-01-01,E,normal,D08237,A08237,P08237
C08238,2025-01-01,S,normal,D08238,A08238,P08238
C08239,2025-01-01,N,normal,D08239,A08239,P08239
C08240,2025-09-17,S,normal,D08240,A08240,P08240
C08241,2025-01-25,N,frequent_legit,D08241,A08241,P08241
C08242,2025-03-18,S,coordinated,DCO0018,ACO0018,PCO0018
C08243,2025-07-20,S,normal,D08243,A08243,P08243
C08244,2025-01-01,N,frequent_legit,D08244,A08244,P08244
C08245,2025-01-01,W,normal,D08245,A08245,P08245
C08246,2025-01-01,E,normal,D08246,A08246,P08246
C08247,2025-01-01,S,normal,D08247,A08247,P08247
C08248,2025-02-20,W,normal,D08248,A08248,P08248
C08249,2025-01-01,S,normal,D08249,A08249,P08249
C08250,2025-10-09,N,normal,D08250,A08250,P08250
C08251,2025-01-01,N,normal,D08251,A08251,P08251
C08252,2025-01-01,S,normal,D08252,A08252,P08252
C08253,2025-01-01,N,normal,D08253,A08253,P08253
C08254,2025-07-31,W,normal,D08254,A08254,P08254
C08255,2025-03-13,S,normal,D08255,A08255,P08255
C08256,2025-01-01,S,normal,D08256,A08256,P08256
C08257,2025-01-01,S,normal,D08257,A08257,P08257
C08258,2025-01-01,S,normal,D08258,A08258,P08258
C08259,2025-01-01,W,normal,D08259,A08259,P08259
C08260,2025-01-01,E,normal,D08260,A08260,P08260
C08261,2025-01-01,W,normal,D08261,A08261,P08261
C08262,2025-01-01,E,normal,D08262,A08262,P08262
C08263,2025-11-12,S,frequent_legit,D08263,A08263,P08263
C08264,2025-01-01,S,normal,D08264,A08264,P08264
C08265,2025-01-01,E,frequent_legit,D08265,A08265,P08265
C08266,2025-01-01,S,frequent_legit,D08266,A08266,P08266
C08267,2025-10-05,S,normal,D08267,A08267,P08267
C08268,2025-01-01,N,normal,D08268,A08268,P08268
C08269,2025-01-01,E,normal,D08269,A08269,P08269
C08270,2025-01-01,N,normal,D08270,A08270,P08270
C08271,2025-01-01,NE,normal,D08271,A08271,P08271
C08272,2025-03-22,N,abusive,D08272,A08272,P08272
C08273,2025-08-02,S,normal,D08273,A08273,P08273
C08274,2025-01-01,N,normal,D08274,A08274,P08274
C08275,2025-01-01,S,normal,D08275,A08275,P08275
C08276,2025-01-01,S,normal,D08276,A08276,P08276
C08277,2025-01-01,E,normal,D08277,A08277,P08277
C08278,2025-01-01,N,frequent_legit,D08278,A08278,P08278
C08279,2025-01-01,N,normal,D08279,A08279,P08279
C08280,2025-01-01,N,normal,D08280,A08280,P08280
C08281,2025-01-01,S,normal,D08281,A08281,P08281
C08282,2025-01-01,NE,normal,D08282,A08282,P08282
C08283,2025-01-01,S,normal,D08283,A08283,P08283
C08284,2025-01-01,W,normal,D08284,A08284,P08284
C08285,2025-01-01,S,normal,D08285,A08285,P08285
C08286,2025-01-01,S,normal,D08286,A08286,P08286
C08287,2025-01-01,W,frequent_legit,D08287,A08287,P08287
C08288,2025-01-01,N,normal,D08288,A08288,P08288
C08289,2025-01-01,W,normal,D08289,A08289,P08289
C08290,2025-01-01,S,normal,D08290,A08290,P08290
C08291,2025-01-01,S,frequent_legit,D08291,A08291,P08291
C08292,2025-01-01,W,normal,D08292,A08292,P08292
C08293,2025-01-01,S,normal,D08293,A08293,P08293
C08294,2025-01-01,NE,normal,D08294,A08294,P08294
C08295,2025-01-01,W,normal,D08295,A08295,P08295
C08296,2025-01-01,N,normal,D08296,A08296,P08296
C08297,2025-01-01,S,normal,D08297,A08297,P08297
C08298,2025-01-01,W,normal,D08298,A08298,P08298
C08299,2025-01-01,N,normal,D08299,A08299,P08299
C08300,2025-01-01,W,normal,D08300,A08300,P08300
C08301,2025-01-01,N,normal,D08301,A08301,P08301
C08302,2025-05-26,N,normal,D08302,A08302,P08302
C08303,2025-09-10,S,normal,D08303,A08303,P08303
C08304,2025-01-01,W,normal,D08304,A08304,P08304
C08305,2025-01-01,W,normal,D08305,A08305,P08305
C08306,2025-01-01,E,normal,D08306,A08306,P08306
C08307,2025-01-01,N,normal,D08307,A08307,P08307
C08308,2025-01-01,S,normal,D08308,A08308,P08308
C08309,2025-01-01,N,abusive,D08309,A08309,P08309
C08310,2025-01-01,N,normal,D08310,A08310,P08310
C08311,2025-04-30,S,normal,D08311,A08311,P08311
C08312,2025-01-01,E,normal,D08312,A08312,P08312
C08313,2025-01-01,N,normal,D08313,A08313,P08313
C08314,2025-01-01,N,normal,D08314,A08314,P08314
C08315,2025-01-01,E,normal,D08315,A08315,P08315
C08316,2025-01-01,N,frequent_legit,D08316,A08316,P08316
C08317,2025-01-01,NE,normal,D08317,A08317,P08317
C08318,2025-01-01,S,normal,D08318,A08318,P08318
C08319,2025-01-01,N,normal,D08319,A08319,P08319
C08320,2025-01-01,W,normal,D08320,A08320,P08320
C08321,2025-01-01,E,normal,D08321,A08321,P08321
C08322,2025-06-12,W,normal,D08322,A08322,P08322
C08323,2025-01-01,S,frequent_legit,D08323,A08323,P08323
C08324,2025-01-01,S,normal,D08324,A08324,P08324
C08325,2025-08-30,E,normal,D08325,A08325,P08325
C08326,2025-01-01,S,normal,D08326,A08326,P08326
C08327,2025-01-01,S,normal,D08327,A08327,P08327
C08328,2025-11-18,N,normal,D08328,A08328,P08328
C08329,2025-01-01,S,normal,D08329,A08329,P08329
C08330,2025-01-01,N,normal,D08330,A08330,P08330
C08331,2025-03-14,W,normal,D08331,A08331,P08331
C08332,2025-01-01,S,normal,D08332,A08332,P08332
C08333,2025-01-01,NE,normal,D08333,A08333,P08333
C08334,2025-01-01,N,normal,D08334,A08334,P08334
C08335,2025-01-01,S,normal,D08335,A08335,P08335
C08336,2025-01-01,S,normal,D08336,A08336,P08336
C08337,2025-01-01,E,normal,D08337,A08337,P08337
C08338,2025-01-01,W,normal,D08338,A08338,P08338
C08339,2025-01-01,S,normal,D08339,A08339,P08339
C08340,2025-01-01,S,normal,D08340,A08340,P08340
C08341,2025-01-01,W,normal,D08341,A08341,P08341
C08342,2025-01-01,N,normal,D08342,A08342,P08342
C08343,2025-01-01,E,normal,D08343,A08343,P08343
C08344,2025-01-01,W,normal,D08344,A08344,P08344
C08345,2025-01-01,N,normal,D08345,A08345,P08345
C08346,2025-01-01,E,normal,D08346,A08346,P08346
C08347,2025-06-07,W,normal,D08347,A08347,P08347
C08348,2025-01-01,N,normal,D08348,A08348,P08348
C08349,2025-01-01,S,normal,D08349,A08349,P08349
C08350,2025-01-01,S,frequent_legit,D08350,A08350,P08350
C08351,2025-03-25,W,normal,D08351,A08351,P08351
C08352,2025-01-01,E,normal,D08352,A08352,P08352
C08353,2025-02-10,S,normal,D08353,A08353,P08353
C08354,2025-05-10,S,normal,D08354,A08354,P08354
C08355,2025-01-01,N,normal,D08355,A08355,P08355
C08356,2025-01-01,N,normal,D08356,A08356,P08356
C08357,2025-01-01,N,normal,D08357,A08357,P08357
C08358,2025-01-01,N,normal,D08358,A08358,P08358
C08359,2025-01-01,N,normal,D08359,A08359,P08359
C08360,2025-01-01,E,normal,D08360,A08360,P08360
C08361,2025-01-01,E,frequent_legit,D08361,A08361,P08361
C08362,2025-01-01,N,normal,D08362,A08362,P08362
C08363,2025-01-01,E,normal,D08363,A08363,P08363
C08364,2025-01-01,N,normal,D08364,A08364,P08364
C08365,2025-01-01,S,abusive,D08365,A08365,P08365
C08366,2025-01-01,NE,normal,D08366,A08366,P08366
C08367,2025-01-01,S,normal,D08367,A08367,P08367
C08368,2025-01-01,N,normal,D08368,A08368,P08368
C08369,2025-08-20,S,normal,D08369,A08369,P08369
C08370,2025-01-01,E,normal,D08370,A08370,P08370
C08371,2025-06-18,N,normal,D08371,A08371,P08371
C08372,2025-11-16,NE,normal,D08372,A08372,P08372
C08373,2025-01-01,S,normal,D08373,A08373,P08373
C08374,2025-01-01,N,normal,D08374,A08374,P08374
C08375,2025-01-01,S,normal,D08375,A08375,P08375
C08376,2025-01-01,E,normal,D08376,A08376,P08376
C08377,2025-01-01,S,normal,D08377,A08377,P08377
C08378,2025-01-01,W,normal,D08378,A08378,P08378
C08379,2025-04-24,W,normal,D08379,A08379,P08379
C08380,2025-01-01,N,normal,D08380,A08380,P08380
C08381,2025-01-01,N,normal,D08381,A08381,P08381
C08382,2025-10-27,S,normal,D08382,A08382,P08382
C08383,2025-01-01,E,normal,D08383,A08383,P08383
C08384,2025-01-01,E,normal,D08384,A08384,P08384
C08385,2025-01-01,N,normal,D08385,A08385,P08385
C08386,2025-02-12,NE,abusive,D08386,A08386,P08386
C08387,2025-01-01,S,normal,D08387,A08387,P08387
C08388,2025-01-01,W,normal,D08388,A08388,P08388
C08389,2025-01-01,W,normal,D08389,A08389,P08389
C08390,2025-01-01,N,normal,D08390,A08390,P08390
C08391,2025-01-01,N,normal,D08391,A08391,P08391
C08392,2025-01-01,N,normal,D08392,A08392,P08392
C08393,2025-01-01,W,normal,D08393,A08393,P08393
C08394,2025-01-01,S,normal,D08394,A08394,P08394
C08395,2025-01-01,W,normal,D08395,A08395,P08395
C08396,2025-01-01,S,normal,D08396,A08396,P08396
C08397,2025-12-02,S,normal,D08397,A08397,P08397
C08398,2025-01-01,W,abusive,D08398,A08398,P08398
C08399,2025-03-10,S,normal,D08399,A08399,P08399
C08400,2025-01-01,W,normal,D08400,A08400,P08400
C08401,2025-01-01,S,normal,D08401,A08401,P08401
C08402,2025-01-02,N,normal,D08402,A08402,P08402
C08403,2025-01-01,N,normal,D08403,A08403,P08403
C08404,2025-01-01,N,frequent_legit,D08404,A08404,P08404
C08405,2025-01-01,W,normal,D08405,A08405,P08405
C08406,2025-07-31,S,normal,D08406,A08406,P08406
C08407,2025-08-23,S,normal,D08407,A08407,P08407
C08408,2025-01-01,N,normal,D08408,A08408,P08408
C08409,2025-11-03,E,normal,D08409,A08409,P08409
C08410,2025-11-20,W,normal,D08410,A08410,P08410
C08411,2025-01-01,E,normal,D08411,A08411,P08411
C08412,2025-01-01,NE,normal,D08412,A08412,P08412
C08413,2025-01-01,N,normal,D08413,A08413,P08413
C08414,2025-06-21,N,normal,D08414,A08414,P08414
C08415,2025-01-01,S,normal,D08415,A08415,P08415
C08416,2025-01-01,N,frequent_legit,D08416,A08416,P08416
C08417,2025-01-01,E,normal,D08417,A08417,P08417
C08418,2025-01-01,W,normal,D08418,A08418,P08418
C08419,2025-01-01,N,normal,D08419,A08419,P08419
C08420,2025-01-01,W,normal,D08420,A08420,P08420
C08421,2025-01-01,N,normal,D08421,A08421,P08421
C08422,2025-01-01,E,normal,D08422,A08422,P08422
C08423,2025-01-01,S,frequent_legit,D08423,A08423,P08423
C08424,2025-01-01,E,normal,D08424,A08424,P08424
C08425,2025-01-01,N,normal,D08425,A08425,P08425
C08426,2025-03-13,W,normal,D08426,A08426,P08426
C08427,2025-01-01,W,normal,D08427,A08427,P08427
C08428,2025-01-01,S,frequent_legit,D08428,A08428,P08428
C08429,2025-01-01,S,normal,D08429,A08429,P08429
C08430,2025-01-01,E,normal,D08430,A08430,P08430
C08431,2025-10-07,E,normal,D08431,A08431,P08431
C08432,2025-01-01,S,normal,D08432,A08432,P08432
C08433,2025-01-01,E,normal,D08433,A08433,P08433
C08434,2025-01-01,W,normal,D08434,A08434,P08434
C08435,2025-01-01,E,normal,D08435,A08435,P08435
C08436,2025-01-01,N,normal,D08436,A08436,P08436
C08437,2025-12-09,W,normal,D08437,A08437,P08437
C08438,2025-01-01,N,frequent_legit,D08438,A08438,P08438
C08439,2025-01-01,N,normal,D08439,A08439,P08439
C08440,2025-01-01,NE,normal,D08440,A08440,P08440
C08441,2025-09-18,N,normal,D08441,A08441,P08441
C08442,2025-01-01,N,normal,D08442,A08442,P08442
C08443,2025-01-01,E,normal,D08443,A08443,P08443
C08444,2025-01-01,W,normal,D08444,A08444,P08444
C08445,2025-01-01,N,normal,D08445,A08445,P08445
C08446,2025-01-01,S,normal,D08446,A08446,P08446
C08447,2025-01-01,N,normal,D08447,A08447,P08447
C08448,2025-01-01,S,normal,D08448,A08448,P08448
C08449,2025-01-01,S,normal,D08449,A08449,P08449
C08450,2025-09-06,N,frequent_legit,D08450,A08450,P08450
C08451,2025-01-01,W,normal,D08451,A08451,P08451
C08452,2025-04-01,E,normal,D08452,A08452,P08452
C08453,2025-01-01,W,abusive,D08453,A08453,P08453
C08454,2025-01-01,W,normal,D08454,A08454,P08454
C08455,2025-01-01,W,normal,D08455,A08455,P08455
C08456,2025-01-01,W,frequent_legit,D08456,A08456,P08456
C08457,2025-07-15,S,normal,D08457,A08457,P08457
C08458,2025-01-01,W,normal,D08458,A08458,P08458
C08459,2025-01-01,S,normal,D08459,A08459,P08459
C08460,2025-01-01,N,frequent_legit,D08460,A08460,P08460
C08461,2025-11-03,S,normal,D08461,A08461,P08461
C08462,2025-10-04,S,normal,D08462,A08462,P08462
C08463,2025-01-01,S,normal,D08463,A08463,P08463
C08464,2025-01-01,W,normal,D08464,A08464,P08464
C08465,2025-01-01,S,normal,D08465,A08465,P08465
C08466,2025-01-01,N,normal,D08466,A08466,P08466
C08467,2025-01-01,N,normal,D08467,A08467,P08467
C08468,2025-01-01,W,normal,D08468,A08468,P08468
C08469,2025-01-01,S,normal,D08469,A08469,P08469
C08470,2025-01-01,S,normal,D08470,A08470,P08470
C08471,2025-01-01,W,normal,D08471,A08471,P08471
C08472,2025-01-01,W,normal,D08472,A08472,P08472
C08473,2025-01-01,S,normal,D08473,A08473,P08473
C08474,2025-05-05,E,normal,D08474,A08474,P08474
C08475,2025-01-01,N,normal,D08475,A08475,P08475
C08476,2025-01-01,W,normal,D08476,A08476,P08476
C08477,2025-01-01,E,normal,D08477,A08477,P08477
C08478,2025-11-18,E,normal,D08478,A08478,P08478
C08479,2025-01-01,N,normal,D08479,A08479,P08479
C08480,2025-01-01,E,normal,D08480,A08480,P08480
C08481,2025-01-01,S,normal,D08481,A08481,P08481
C08482,2025-01-01,S,normal,D08482,A08482,P08482
C08483,2025-09-10,E,normal,D08483,A08483,P08483
C08484,2025-01-01,W,normal,D08484,A08484,P08484
C08485,2025-01-01,S,normal,D08485,A08485,P08485
C08486,2025-01-01,W,frequent_legit,D08486,A08486,P08486
C08487,2025-06-07,N,normal,D08487,A08487,P08487
C08488,2025-01-01,E,normal,D08488,A08488,P08488
C08489,2025-01-01,N,normal,D08489,A08489,P08489
C08490,2025-01-01,S,normal,D08490,A08490,P08490
C08491,2025-01-01,W,frequent_legit,D08491,A08491,P08491
C08492,2025-01-02,N,normal,D08492,A08492,P08492
C08493,2025-01-01,W,normal,D08493,A08493,P08493
C08494,2025-01-01,S,normal,D08494,A08494,P08494
C08495,2025-01-01,E,normal,D08495,A08495,P08495
C08496,2025-01-01,N,normal,D08496,A08496,P08496
C08497,2025-01-01,E,frequent_legit,D08497,A08497,P08497
C08498,2025-10-18,W,normal,D08498,A08498,P08498
C08499,2025-01-01,S,normal,D08499,A08499,P08499
C08500,2025-01-01,S,normal,D08500,A08500,P08500
C08501,2025-01-01,W,normal,D08501,A08501,P08501
C08502,2025-01-01,E,normal,D08502,A08502,P08502
C08503,2025-01-01,N,normal,D08503,A08503,P08503
C08504,2025-01-01,E,normal,D08504,A08504,P08504
C08505,2025-01-01,E,normal,D08505,A08505,P08505
C08506,2025-04-21,W,normal,D08506,A08506,P08506
C08507,2025-01-01,S,normal,D08507,A08507,P08507
C08508,2025-01-01,S,frequent_legit,D08508,A08508,P08508
C08509,2025-01-01,NE,normal,D08509,A08509,P08509
C08510,2025-01-01,E,normal,D08510,A08510,P08510
C08511,2025-01-01,S,normal,D08511,A08511,P08511
C08512,2025-01-01,NE,normal,D08512,A08512,P08512
C08513,2025-01-01,N,frequent_legit,D08513,A08513,P08513
C08514,2025-02-05,S,normal,D08514,A08514,P08514
C08515,2025-01-01,W,normal,D08515,A08515,P08515
C08516,2025-01-01,E,frequent_legit,D08516,A08516,P08516
C08517,2025-01-01,NE,normal,D08517,A08517,P08517
C08518,2025-01-01,E,normal,D08518,A08518,P08518
C08519,2025-10-20,S,normal,D08519,A08519,P08519
C08520,2025-01-01,S,normal,D08520,A08520,P08520
C08521,2025-01-01,N,normal,D08521,A08521,P08521
C08522,2025-01-01,W,frequent_legit,D08522,A08522,P08522
C08523,2025-01-01,N,normal,D08523,A08523,P08523
C08524,2025-01-01,S,normal,D08524,A08524,P08524
C08525,2025-01-01,S,normal,D08525,A08525,P08525
C08526,2025-01-01,N,normal,D08526,A08526,P08526
C08527,2025-01-01,S,normal,D08527,A08527,P08527
C08528,2025-01-01,E,normal,D08528,A08528,P08528
C08529,2025-01-01,N,normal,D08529,A08529,P08529
C08530,2025-01-01,NE,normal,D08530,A08530,P08530
C08531,2025-01-01,W,normal,D08531,A08531,P08531
C08532,2025-01-01,N,normal,D08532,A08532,P08532
C08533,2025-01-01,W,frequent_legit,D08533,A08533,P08533
C08534,2025-01-01,S,normal,D08534,A08534,P08534
C08535,2025-01-01,N,normal,D08535,A08535,P08535
C08536,2025-01-01,S,normal,D08536,A08536,P08536
C08537,2025-01-01,W,frequent_legit,D08537,A08537,P08537
C08538,2025-01-01,E,normal,D08538,A08538,P08538
C08539,2025-01-01,N,normal,D08539,A08539,P08539
C08540,2025-01-01,E,normal,D08540,A08540,P08540
C08541,2025-01-01,E,normal,D08541,A08541,P08541
C08542,2025-08-31,W,normal,D08542,A08542,P08542
C08543,2025-01-01,S,abusive,D08543,A08543,P08543
C08544,2025-01-01,W,normal,D08544,A08544,P08544
C08545,2025-03-27,E,normal,D08545,A08545,P08545
C08546,2025-01-01,N,normal,D08546,A08546,P08546
C08547,2025-01-01,W,normal,D08547,A08547,P08547
C08548,2025-01-11,S,normal,D08548,A08548,P08548
C08549,2025-01-01,E,normal,D08549,A08549,P08549
C08550,2025-01-01,E,normal,D08550,A08550,P08550
C08551,2025-01-01,S,normal,D08551,A08551,P08551
C08552,2025-01-01,N,normal,D08552,A08552,P08552
C08553,2025-01-01,E,normal,D08553,A08553,P08553
C08554,2025-01-01,W,normal,D08554,A08554,P08554
C08555,2025-01-01,W,normal,D08555,A08555,P08555
C08556,2025-01-01,E,normal,D08556,A08556,P08556
C08557,2025-01-01,N,normal,D08557,A08557,P08557
C08558,2025-01-01,S,normal,D08558,A08558,P08558
C08559,2025-01-01,W,normal,D08559,A08559,P08559
C08560,2025-01-01,S,normal,D08560,A08560,P08560
C08561,2025-01-01,W,normal,D08561,A08561,P08561
C08562,2025-01-01,S,normal,D08562,A08562,P08562
C08563,2025-01-01,N,normal,D08563,A08563,P08563
C08564,2025-01-01,E,normal,D08564,A08564,P08564
C08565,2025-01-01,E,normal,D08565,A08565,P08565
C08566,2025-01-01,E,normal,D08566,A08566,P08566
C08567,2025-01-19,N,normal,D08567,A08567,P08567
C08568,2025-05-06,W,normal,D08568,A08568,P08568
C08569,2025-01-01,S,normal,D08569,A08569,P08569
C08570,2025-01-01,W,normal,D08570,A08570,P08570
C08571,2025-01-01,E,frequent_legit,D08571,A08571,P08571
C08572,2025-01-01,S,normal,D08572,A08572,P08572
C08573,2025-01-01,E,normal,D08573,A08573,P08573
C08574,2025-01-01,E,frequent_legit,D08574,A08574,P08574
C08575,2025-01-01,S,normal,D08575,A08575,P08575
C08576,2025-09-29,E,normal,D08576,A08576,P08576
C08577,2025-01-01,N,normal,D08577,A08577,P08577
C08578,2025-01-01,W,normal,D08578,A08578,P08578
C08579,2025-04-14,S,normal,D08579,A08579,P08579
C08580,2025-02-09,N,normal,D08580,A08580,P08580
C08581,2025-01-01,W,normal,D08581,A08581,P08581
C08582,2025-01-01,N,normal,D08582,A08582,P08582
C08583,2025-07-13,NE,normal,D08583,A08583,P08583
C08584,2025-01-01,S,normal,D08584,A08584,P08584
C08585,2025-01-01,S,normal,D08585,A08585,P08585
C08586,2025-01-01,N,normal,D08586,A08586,P08586
C08587,2025-01-01,N,normal,D08587,A08587,P08587
C08588,2025-01-01,N,normal,D08588,A08588,P08588
C08589,2025-01-01,N,normal,D08589,A08589,P08589
C08590,2025-01-01,S,normal,D08590,A08590,P08590
C08591,2025-01-01,S,normal,D08591,A08591,P08591
C08592,2025-05-07,S,normal,D08592,A08592,P08592
C08593,2025-01-01,N,normal,D08593,A08593,P08593
C08594,2025-01-01,N,normal,D08594,A08594,P08594
C08595,2025-01-01,N,normal,D08595,A08595,P08595
C08596,2025-01-01,N,normal,D08596,A08596,P08596
C08597,2025-01-17,S,normal,D08597,A08597,P08597
C08598,2025-05-29,N,normal,D08598,A08598,P08598
C08599,2025-01-01,S,normal,D08599,A08599,P08599
C08600,2025-01-01,W,normal,D08600,A08600,P08600
C08601,2025-01-01,N,normal,D08601,A08601,P08601
C08602,2025-04-21,N,normal,D08602,A08602,P08602
C08603,2025-07-28,E,abusive,D08603,A08603,P08603
C08604,2025-01-01,S,normal,D08604,A08604,P08604
C08605,2025-01-01,N,normal,D08605,A08605,P08605
C08606,2025-01-01,W,normal,D08606,A08606,P08606
C08607,2025-10-29,E,normal,D08607,A08607,P08607
C08608,2025-01-16,NE,normal,D08608,A08608,P08608
C08609,2025-07-10,W,normal,D08609,A08609,P08609
C08610,2025-01-01,E,normal,D08610,A08610,P08610
C08611,2025-01-01,E,normal,D08611,A08611,P08611
C08612,2025-01-01,S,normal,D08612,A08612,P08612
C08613,2025-01-01,W,normal,D08613,A08613,P08613
C08614,2025-01-01,S,normal,D08614,A08614,P08614
C08615,2025-01-01,S,normal,D08615,A08615,P08615
C08616,2025-07-17,N,normal,D08616,A08616,P08616
C08617,2025-01-01,E,normal,D08617,A08617,P08617
C08618,2025-01-01,S,normal,D08618,A08618,P08618
C08619,2025-01-01,W,normal,D08619,A08619,P08619
C08620,2025-01-01,N,frequent_legit,D08620,A08620,P08620
C08621,2025-01-01,W,normal,D08621,A08621,P08621
C08622,2025-01-01,N,normal,D08622,A08622,P08622
C08623,2025-01-01,E,normal,D08623,A08623,P08623
C08624,2025-06-25,S,normal,D08624,A08624,P08624
C08625,2025-01-01,S,normal,D08625,A08625,P08625
C08626,2025-01-01,S,normal,D08626,A08626,P08626
C08627,2025-01-01,N,frequent_legit,D08627,A08627,P08627
C08628,2025-01-01,N,normal,D08628,A08628,P08628
C08629,2025-01-01,W,normal,D08629,A08629,P08629
C08630,2025-01-01,N,normal,D08630,A08630,P08630
C08631,2025-01-01,W,normal,D08631,A08631,P08631
C08632,2025-01-01,E,normal,D08632,A08632,P08632
C08633,2025-01-01,N,normal,D08633,A08633,P08633
C08634,2025-01-01,W,normal,D08634,A08634,P08634
C08635,2025-08-25,W,normal,D08635,A08635,P08635
C08636,2025-01-01,W,normal,D08636,A08636,P08636
C08637,2025-01-01,W,normal,D08637,A08637,P08637
C08638,2025-03-26,E,normal,D08638,A08638,P08638
C08639,2025-01-01,NE,normal,D08639,A08639,P08639
C08640,2025-01-01,N,normal,D08640,A08640,P08640
C08641,2025-01-01,N,abusive,D08641,A08641,P08641
C08642,2025-01-01,E,normal,D08642,A08642,P08642
C08643,2025-01-01,S,normal,D08643,A08643,P08643
C08644,2025-01-01,E,normal,D08644,A08644,P08644
C08645,2025-01-01,S,normal,D08645,A08645,P08645
C08646,2025-01-01,S,normal,D08646,A08646,P08646
C08647,2025-03-08,W,normal,D08647,A08647,P08647
C08648,2025-01-01,N,normal,D08648,A08648,P08648
C08649,2025-01-01,N,normal,D08649,A08649,P08649
C08650,2025-01-01,E,normal,D08650,A08650,P08650
C08651,2025-01-01,W,frequent_legit,D08651,A08651,P08651
C08652,2025-01-01,W,abusive,D08652,A08652,P08652
C08653,2025-03-21,N,normal,D08653,A08653,P08653
C08654,2025-09-09,W,normal,D08654,A08654,P08654
C08655,2025-01-01,E,normal,D08655,A08655,P08655
C08656,2025-01-01,W,normal,D08656,A08656,P08656
C08657,2025-01-01,N,normal,D08657,A08657,P08657
C08658,2025-01-01,S,normal,D08658,A08658,P08658
C08659,2025-01-01,S,normal,D08659,A08659,P08659
C08660,2025-01-01,E,normal,D08660,A08660,P08660
C08661,2025-07-27,N,normal,D08661,A08661,P08661
C08662,2025-01-01,S,coordinated,DCO0019,ACO0019,PCO0019
C08663,2025-01-01,E,frequent_legit,D08663,A08663,P08663
C08664,2025-02-22,S,normal,D08664,A08664,P08664
C08665,2025-01-01,S,normal,D08665,A08665,P08665
C08666,2025-01-01,S,normal,D08666,A08666,P08666
C08667,2025-01-12,W,normal,D08667,A08667,P08667
C08668,2025-01-01,E,normal,D08668,A08668,P08668
C08669,2025-01-01,S,normal,D08669,A08669,P08669
C08670,2025-01-01,NE,normal,D08670,A08670,P08670
C08671,2025-01-01,E,normal,D08671,A08671,P08671
C08672,2025-08-26,N,abusive,D08672,A08672,P08672
C08673,2025-05-14,E,normal,D08673,A08673,P08673
C08674,2025-01-01,NE,normal,D08674,A08674,P08674
C08675,2025-01-01,N,normal,D08675,A08675,P08675
C08676,2025-01-01,E,normal,D08676,A08676,P08676
C08677,2025-01-01,N,normal,D08677,A08677,P08677
C08678,2025-01-01,W,normal,D08678,A08678,P08678
C08679,2025-01-01,E,normal,D08679,A08679,P08679
C08680,2025-01-01,W,normal,D08680,A08680,P08680
C08681,2025-01-01,E,normal,D08681,A08681,P08681
C08682,2025-01-01,N,normal,D08682,A08682,P08682
C08683,2025-09-23,S,normal,D08683,A08683,P08683
C08684,2025-01-01,W,normal,D08684,A08684,P08684
C08685,2025-01-01,N,normal,D08685,A08685,P08685
C08686,2025-09-17,N,normal,D08686,A08686,P08686
C08687,2025-01-01,E,normal,D08687,A08687,P08687
C08688,2025-01-01,S,normal,D08688,A08688,P08688
C08689,2025-03-14,N,normal,D08689,A08689,P08689
C08690,2025-01-01,N,normal,D08690,A08690,P08690
C08691,2025-01-01,S,normal,D08691,A08691,P08691
C08692,2025-01-01,E,normal,D08692,A08692,P08692
C08693,2025-01-01,S,normal,D08693,A08693,P08693
C08694,2025-01-01,S,normal,D08694,A08694,P08694
C08695,2025-01-01,W,normal,D08695,A08695,P08695
C08696,2025-01-01,N,normal,D08696,A08696,P08696
C08697,2025-03-08,E,normal,D08697,A08697,P08697
C08698,2025-01-01,S,normal,D08698,A08698,P08698
C08699,2025-01-01,S,normal,D08699,A08699,P08699
C08700,2025-01-01,S,normal,D08700,A08700,P08700
C08701,2025-01-01,E,normal,D08701,A08701,P08701
C08702,2025-09-04,NE,normal,D08702,A08702,P08702
C08703,2025-01-01,N,normal,D08703,A08703,P08703
C08704,2025-07-19,N,normal,D08704,A08704,P08704
C08705,2025-01-01,S,normal,D08705,A08705,P08705
C08706,2025-01-01,S,normal,D08706,A08706,P08706
C08707,2025-01-01,N,normal,D08707,A08707,P08707
C08708,2025-01-01,W,normal,D08708,A08708,P08708
C08709,2025-01-01,W,normal,D08709,A08709,P08709
C08710,2025-07-18,S,normal,D08710,A08710,P08710
C08711,2025-04-09,S,normal,D08711,A08711,P08711
C08712,2025-01-01,N,normal,D08712,A08712,P08712
C08713,2025-01-01,S,normal,D08713,A08713,P08713
C08714,2025-01-01,E,normal,D08714,A08714,P08714
C08715,2025-01-01,W,normal,D08715,A08715,P08715
C08716,2025-01-01,S,normal,D08716,A08716,P08716
C08717,2025-01-01,N,normal,D08717,A08717,P08717
C08718,2025-01-01,N,normal,D08718,A08718,P08718
C08719,2025-05-21,N,normal,D08719,A08719,P08719
C08720,2025-01-01,W,normal,D08720,A08720,P08720
C08721,2025-01-01,W,normal,D08721,A08721,P08721
C08722,2025-04-09,W,normal,D08722,A08722,P08722
C08723,2025-01-01,W,normal,D08723,A08723,P08723
C08724,2025-01-01,N,normal,D08724,A08724,P08724
C08725,2025-01-01,E,frequent_legit,D08725,A08725,P08725
C08726,2025-01-01,E,coordinated,DCO0019,ACO0019,PCO0019
C08727,2025-11-30,N,normal,D08727,A08727,P08727
C08728,2025-01-01,S,normal,D08728,A08728,P08728
C08729,2025-01-01,E,normal,D08729,A08729,P08729
C08730,2025-01-01,W,normal,D08730,A08730,P08730
C08731,2025-05-26,N,normal,D08731,A08731,P08731
C08732,2025-01-01,W,normal,D08732,A08732,P08732
C08733,2025-03-20,W,normal,D08733,A08733,P08733
C08734,2025-01-01,W,normal,D08734,A08734,P08734
C08735,2025-01-01,N,normal,D08735,A08735,P08735
C08736,2025-01-01,N,normal,D08736,A08736,P08736
C08737,2025-01-01,E,normal,D08737,A08737,P08737
C08738,2025-01-01,S,normal,D08738,A08738,P08738
C08739,2025-01-01,N,normal,D08739,A08739,P08739
C08740,2025-11-19,W,normal,D08740,A08740,P08740
C08741,2025-06-18,N,normal,D08741,A08741,P08741
C08742,2025-01-01,S,normal,D08742,A08742,P08742
C08743,2025-01-01,NE,normal,D08743,A08743,P08743
C08744,2025-01-01,S,normal,D08744,A08744,P08744
C08745,2025-01-01,W,normal,D08745,A08745,P08745
C08746,2025-01-01,S,normal,D08746,A08746,P08746
C08747,2025-05-08,S,normal,D08747,A08747,P08747
C08748,2025-01-01,N,normal,D08748,A08748,P08748
C08749,2025-01-01,S,normal,D08749,A08749,P08749
C08750,2025-01-01,S,normal,D08750,A08750,P08750
C08751,2025-01-04,W,normal,D08751,A08751,P08751
C08752,2025-01-01,W,normal,D08752,A08752,P08752
C08753,2025-04-30,N,normal,D08753,A08753,P08753
C08754,2025-06-10,N,normal,D08754,A08754,P08754
C08755,2025-01-01,E,normal,D08755,A08755,P08755
C08756,2025-01-01,S,normal,D08756,A08756,P08756
C08757,2025-05-05,S,normal,D08757,A08757,P08757
C08758,2025-01-01,N,normal,D08758,A08758,P08758
C08759,2025-01-01,N,normal,D08759,A08759,P08759
C08760,2025-01-01,S,normal,D08760,A08760,P08760
C08761,2025-01-01,N,normal,D08761,A08761,P08761
C08762,2025-01-01,W,normal,D08762,A08762,P08762
C08763,2025-07-27,S,normal,D08763,A08763,P08763
C08764,2025-01-01,S,normal,D08764,A08764,P08764
C08765,2025-01-01,S,normal,D08765,A08765,P08765
C08766,2025-01-01,N,normal,D08766,A08766,P08766
C08767,2025-01-01,W,abusive,D08767,A08767,P08767
C08768,2025-01-01,E,normal,D08768,A08768,P08768
C08769,2025-01-01,W,normal,D08769,A08769,P08769
C08770,2025-01-01,S,normal,D08770,A08770,P08770
C08771,2025-01-01,S,frequent_legit,D08771,A08771,P08771
C08772,2025-01-01,N,normal,D08772,A08772,P08772
C08773,2025-01-01,S,normal,D08773,A08773,P08773
C08774,2025-01-01,E,normal,D08774,A08774,P08774
C08775,2025-01-01,S,normal,D08775,A08775,P08775
C08776,2025-01-01,N,normal,D08776,A08776,P08776
C08777,2025-10-15,N,normal,D08777,A08777,P08777
C08778,2025-01-01,N,normal,D08778,A08778,P08778
C08779,2025-05-25,S,normal,D08779,A08779,P08779
C08780,2025-01-01,E,normal,D08780,A08780,P08780
C08781,2025-01-01,NE,normal,D08781,A08781,P08781
C08782,2025-01-01,N,frequent_legit,D08782,A08782,P08782
C08783,2025-06-11,N,normal,D08783,A08783,P08783
C08784,2025-03-03,S,normal,D08784,A08784,P08784
C08785,2025-10-08,N,normal,D08785,A08785,P08785
C08786,2025-01-01,E,normal,D08786,A08786,P08786
C08787,2025-01-01,N,normal,D08787,A08787,P08787
C08788,2025-01-01,NE,normal,D08788,A08788,P08788
C08789,2025-01-01,W,normal,D08789,A08789,P08789
C08790,2025-01-01,S,normal,D08790,A08790,P08790
C08791,2025-01-01,W,normal,D08791,A08791,P08791
C08792,2025-01-01,E,normal,D08792,A08792,P08792
C08793,2025-01-01,NE,normal,D08793,A08793,P08793
C08794,2025-01-01,N,normal,D08794,A08794,P08794
C08795,2025-12-04,NE,normal,D08795,A08795,P08795
C08796,2025-01-01,N,normal,D08796,A08796,P08796
C08797,2025-01-01,S,normal,D08797,A08797,P08797
C08798,2025-09-14,W,normal,D08798,A08798,P08798
C08799,2025-01-01,S,normal,D08799,A08799,P08799
C08800,2025-01-01,N,normal,D08800,A08800,P08800
C08801,2025-01-01,N,normal,D08801,A08801,P08801
C08802,2025-01-01,N,normal,D08802,A08802,P08802
C08803,2025-11-10,S,normal,D08803,A08803,P08803
C08804,2025-07-25,S,normal,D08804,A08804,P08804
C08805,2025-04-17,S,normal,D08805,A08805,P08805
C08806,2025-01-01,W,normal,D08806,A08806,P08806
C08807,2025-01-01,N,normal,D08807,A08807,P08807
C08808,2025-01-01,W,frequent_legit,D08808,A08808,P08808
C08809,2025-01-01,E,normal,D08809,A08809,P08809
C08810,2025-01-01,W,normal,D08810,A08810,P08810
C08811,2025-08-26,W,coordinated,DCO0019,ACO0019,PCO0019
C08812,2025-01-01,W,normal,D08812,A08812,P08812
C08813,2025-01-01,N,frequent_legit,D08813,A08813,P08813
C08814,2025-01-01,E,frequent_legit,D08814,A08814,P08814
C08815,2025-07-14,W,normal,D08815,A08815,P08815
C08816,2025-01-01,E,normal,D08816,A08816,P08816
C08817,2025-01-01,N,normal,D08817,A08817,P08817
C08818,2025-01-01,E,normal,D08818,A08818,P08818
C08819,2025-01-01,W,normal,D08819,A08819,P08819
C08820,2025-07-16,N,normal,D08820,A08820,P08820
C08821,2025-01-01,E,normal,D08821,A08821,P08821
C08822,2025-06-08,W,normal,D08822,A08822,P08822
C08823,2025-01-01,S,normal,D08823,A08823,P08823
C08824,2025-01-01,N,normal,D08824,A08824,P08824
C08825,2025-01-01,S,normal,D08825,A08825,P08825
C08826,2025-01-01,E,normal,D08826,A08826,P08826
C08827,2025-01-01,S,frequent_legit,D08827,A08827,P08827
C08828,2025-01-01,E,normal,D08828,A08828,P08828
C08829,2025-01-01,S,frequent_legit,D08829,A08829,P08829
C08830,2025-01-01,W,normal,D08830,A08830,P08830
C08831,2025-01-01,W,normal,D08831,A08831,P08831
C08832,2025-08-04,W,normal,D08832,A08832,P08832
C08833,2025-01-01,S,normal,D08833,A08833,P08833
C08834,2025-01-01,N,normal,D08834,A08834,P08834
C08835,2025-01-01,W,normal,D08835,A08835,P08835
C08836,2025-04-21,N,normal,D08836,A08836,P08836
C08837,2025-01-01,S,normal,D08837,A08837,P08837
C08838,2025-01-01,N,normal,D08838,A08838,P08838
C08839,2025-01-01,S,normal,D08839,A08839,P08839
C08840,2025-01-01,E,normal,D08840,A08840,P08840
C08841,2025-01-01,S,normal,D08841,A08841,P08841
C08842,2025-01-01,S,normal,D08842,A08842,P08842
C08843,2025-01-01,N,normal,D08843,A08843,P08843
C08844,2025-08-07,S,normal,D08844,A08844,P08844
C08845,2025-01-01,S,normal,D08845,A08845,P08845
C08846,2025-01-01,W,normal,D08846,A08846,P08846
C08847,2025-01-01,W,normal,D08847,A08847,P08847
C08848,2025-01-01,NE,normal,D08848,A08848,P08848
C08849,2025-01-01,N,abusive,D08849,A08849,P08849
C08850,2025-01-01,S,normal,D08850,A08850,P08850
C08851,2025-01-01,S,normal,D08851,A08851,P08851
C08852,2025-01-01,E,normal,D08852,A08852,P08852
C08853,2025-01-23,E,normal,D08853,A08853,P08853
C08854,2025-01-01,W,normal,D08854,A08854,P08854
C08855,2025-01-01,S,normal,D08855,A08855,P08855
C08856,2025-01-01,S,normal,D08856,A08856,P08856
C08857,2025-01-01,NE,frequent_legit,D08857,A08857,P08857
C08858,2025-01-01,N,normal,D08858,A08858,P08858
C08859,2025-01-01,W,normal,D08859,A08859,P08859
C08860,2025-01-01,E,normal,D08860,A08860,P08860
C08861,2025-01-01,N,normal,D08861,A08861,P08861
C08862,2025-01-01,W,normal,D08862,A08862,P08862
C08863,2025-03-30,W,normal,D08863,A08863,P08863
C08864,2025-01-01,W,normal,D08864,A08864,P08864
C08865,2025-01-01,N,normal,D08865,A08865,P08865
C08866,2025-01-01,N,normal,D08866,A08866,P08866
C08867,2025-04-14,E,normal,D08867,A08867,P08867
C08868,2025-01-01,N,normal,D08868,A08868,P08868
C08869,2025-08-17,N,normal,D08869,A08869,P08869
C08870,2025-01-01,S,normal,D08870,A08870,P08870
C08871,2025-01-01,N,normal,D08871,A08871,P08871
C08872,2025-01-01,W,normal,D08872,A08872,P08872
C08873,2025-01-01,S,normal,D08873,A08873,P08873
C08874,2025-01-01,N,normal,D08874,A08874,P08874
C08875,2025-07-11,S,normal,D08875,A08875,P08875
C08876,2025-06-02,N,normal,D08876,A08876,P08876
C08877,2025-01-01,N,normal,D08877,A08877,P08877
C08878,2025-01-01,S,normal,D08878,A08878,P08878
C08879,2025-08-07,S,normal,D08879,A08879,P08879
C08880,2025-01-01,S,normal,D08880,A08880,P08880
C08881,2025-01-01,E,frequent_legit,D08881,A08881,P08881
C08882,2025-01-01,S,normal,D08882,A08882,P08882
C08883,2025-01-01,E,normal,D08883,A08883,P08883
C08884,2025-01-01,S,normal,D08884,A08884,P08884
C08885,2025-02-27,E,normal,D08885,A08885,P08885
C08886,2025-01-16,E,normal,D08886,A08886,P08886
C08887,2025-01-01,N,normal,D08887,A08887,P08887
C08888,2025-01-01,E,normal,D08888,A08888,P08888
C08889,2025-01-01,W,normal,D08889,A08889,P08889
C08890,2025-01-01,N,normal,D08890,A08890,P08890
C08891,2025-01-01,E,normal,D08891,A08891,P08891
C08892,2025-01-01,W,normal,D08892,A08892,P08892
C08893,2025-01-01,N,normal,D08893,A08893,P08893
C08894,2025-01-01,W,normal,D08894,A08894,P08894
C08895,2025-01-01,S,normal,D08895,A08895,P08895
C08896,2025-01-01,W,normal,D08896,A08896,P08896
C08897,2025-01-01,W,normal,D08897,A08897,P08897
C08898,2025-01-01,NE,normal,D08898,A08898,P08898
C08899,2025-01-01,E,normal,D08899,A08899,P08899
C08900,2025-01-01,E,normal,D08900,A08900,P08900
C08901,2025-01-01,N,frequent_legit,D08901,A08901,P08901
C08902,2025-11-11,S,normal,D08902,A08902,P08902
C08903,2025-01-01,W,normal,D08903,A08903,P08903
C08904,2025-01-01,S,frequent_legit,D08904,A08904,P08904
C08905,2025-01-01,W,normal,D08905,A08905,P08905
C08906,2025-01-01,N,normal,D08906,A08906,P08906
C08907,2025-02-09,N,normal,D08907,A08907,P08907
C08908,2025-01-01,N,normal,D08908,A08908,P08908
C08909,2025-01-01,S,normal,D08909,A08909,P08909
C08910,2025-11-13,N,normal,D08910,A08910,P08910
C08911,2025-01-01,S,normal,D08911,A08911,P08911
C08912,2025-06-08,NE,normal,D08912,A08912,P08912
C08913,2025-01-01,W,normal,D08913,A08913,P08913
C08914,2025-01-01,W,normal,D08914,A08914,P08914
C08915,2025-01-01,N,normal,D08915,A08915,P08915
C08916,2025-01-01,S,normal,D08916,A08916,P08916
C08917,2025-01-01,E,normal,D08917,A08917,P08917
C08918,2025-01-01,N,normal,D08918,A08918,P08918
C08919,2025-01-01,S,normal,D08919,A08919,P08919
C08920,2025-02-15,W,normal,D08920,A08920,P08920
C08921,2025-01-01,N,normal,D08921,A08921,P08921
C08922,2025-01-01,W,normal,D08922,A08922,P08922
C08923,2025-09-25,N,normal,D08923,A08923,P08923
C08924,2025-03-22,N,normal,D08924,A08924,P08924
C08925,2025-01-01,N,normal,D08925,A08925,P08925
C08926,2025-01-01,W,normal,D08926,A08926,P08926
C08927,2025-10-18,E,frequent_legit,D08927,A08927,P08927
C08928,2025-08-07,W,normal,D08928,A08928,P08928
C08929,2025-07-06,S,normal,D08929,A08929,P08929
C08930,2025-01-11,W,normal,D08930,A08930,P08930
C08931,2025-01-01,E,normal,D08931,A08931,P08931
C08932,2025-01-01,E,normal,D08932,A08932,P08932
C08933,2025-09-24,W,frequent_legit,D08933,A08933,P08933
C08934,2025-01-01,W,normal,D08934,A08934,P08934
C08935,2025-01-01,E,frequent_legit,D08935,A08935,P08935
C08936,2025-07-29,N,normal,D08936,A08936,P08936
C08937,2025-01-01,W,normal,D08937,A08937,P08937
C08938,2025-01-01,N,normal,D08938,A08938,P08938
C08939,2025-01-01,NE,frequent_legit,D08939,A08939,P08939
C08940,2025-01-21,S,normal,D08940,A08940,P08940
C08941,2025-03-29,N,normal,D08941,A08941,P08941
C08942,2025-01-01,S,normal,D08942,A08942,P08942
C08943,2025-01-01,E,normal,D08943,A08943,P08943
C08944,2025-01-01,S,normal,D08944,A08944,P08944
C08945,2025-01-01,W,normal,D08945,A08945,P08945
C08946,2025-01-01,E,normal,D08946,A08946,P08946
C08947,2025-01-01,N,normal,D08947,A08947,P08947
C08948,2025-01-01,S,normal,D08948,A08948,P08948
C08949,2025-01-01,W,normal,D08949,A08949,P08949
C08950,2025-01-01,W,normal,D08950,A08950,P08950
C08951,2025-01-01,S,normal,D08951,A08951,P08951
C08952,2025-01-01,W,normal,D08952,A08952,P08952
C08953,2025-01-01,N,frequent_legit,D08953,A08953,P08953
C08954,2025-01-01,E,normal,D08954,A08954,P08954
C08955,2025-01-01,W,normal,D08955,A08955,P08955
C08956,2025-01-01,S,normal,D08956,A08956,P08956
C08957,2025-01-01,N,normal,D08957,A08957,P08957
C08958,2025-01-01,E,normal,D08958,A08958,P08958
C08959,2025-01-01,S,normal,D08959,A08959,P08959
C08960,2025-01-01,N,normal,D08960,A08960,P08960
C08961,2025-01-01,N,normal,D08961,A08961,P08961
C08962,2025-01-01,W,normal,D08962,A08962,P08962
C08963,2025-01-01,N,normal,D08963,A08963,P08963
C08964,2025-01-01,S,normal,D08964,A08964,P08964
C08965,2025-01-01,NE,normal,D08965,A08965,P08965
C08966,2025-11-26,W,normal,D08966,A08966,P08966
C08967,2025-01-01,S,normal,D08967,A08967,P08967
C08968,2025-06-20,S,frequent_legit,D08968,A08968,P08968
C08969,2025-01-01,N,normal,D08969,A08969,P08969
C08970,2025-09-13,S,normal,D08970,A08970,P08970
C08971,2025-01-01,N,normal,D08971,A08971,P08971
C08972,2025-01-01,N,normal,D08972,A08972,P08972
C08973,2025-01-01,N,normal,D08973,A08973,P08973
C08974,2025-01-01,E,normal,D08974,A08974,P08974
C08975,2025-01-01,N,normal,D08975,A08975,P08975
C08976,2025-01-01,N,normal,D08976,A08976,P08976
C08977,2025-01-01,W,frequent_legit,D08977,A08977,P08977
C08978,2025-01-01,N,normal,D08978,A08978,P08978
C08979,2025-07-21,E,normal,D08979,A08979,P08979
C08980,2025-01-01,S,normal,D08980,A08980,P08980
C08981,2025-01-01,E,normal,D08981,A08981,P08981
C08982,2025-01-01,N,normal,D08982,A08982,P08982
C08983,2025-06-29,N,normal,D08983,A08983,P08983
C08984,2025-01-01,W,normal,D08984,A08984,P08984
C08985,2025-01-01,S,normal,D08985,A08985,P08985
C08986,2025-01-01,N,normal,D08986,A08986,P08986
C08987,2025-01-01,S,abusive,D08987,A08987,P08987
C08988,2025-01-01,S,normal,D08988,A08988,P08988
C08989,2025-01-01,N,normal,D08989,A08989,P08989
C08990,2025-11-20,S,normal,D08990,A08990,P08990
C08991,2025-01-01,S,normal,D08991,A08991,P08991
C08992,2025-12-04,E,normal,D08992,A08992,P08992
C08993,2025-01-01,W,normal,D08993,A08993,P08993
C08994,2025-01-01,S,normal,D08994,A08994,P08994
C08995,2025-01-06,W,frequent_legit,D08995,A08995,P08995
C08996,2025-10-15,S,normal,D08996,A08996,P08996
C08997,2025-01-01,S,normal,D08997,A08997,P08997
C08998,2025-01-01,E,abusive,D08998,A08998,P08998
C08999,2025-01-01,E,normal,D08999,A08999,P08999
C09000,2025-01-01,N,normal,D09000,A09000,P09000
C09001,2025-01-01,NE,normal,D09001,A09001,P09001
C09002,2025-01-01,NE,normal,D09002,A09002,P09002
C09003,2025-01-01,S,normal,D09003,A09003,P09003
C09004,2025-01-01,S,normal,D09004,A09004,P09004
C09005,2025-01-01,W,normal,D09005,A09005,P09005
C09006,2025-08-22,W,normal,D09006,A09006,P09006
C09007,2025-01-01,E,normal,D09007,A09007,P09007
C09008,2025-01-01,N,normal,D09008,A09008,P09008
C09009,2025-01-01,E,normal,D09009,A09009,P09009
C09010,2025-01-01,N,normal,D09010,A09010,P09010
C09011,2025-01-01,E,normal,D09011,A09011,P09011
C09012,2025-01-01,E,normal,D09012,A09012,P09012
C09013,2025-01-01,E,normal,D09013,A09013,P09013
C09014,2025-01-01,N,abusive,D09014,A09014,P09014
C09015,2025-03-26,S,normal,D09015,A09015,P09015
C09016,2025-01-12,E,normal,D09016,A09016,P09016
C09017,2025-01-01,S,normal,D09017,A09017,P09017
C09018,2025-05-08,N,normal,D09018,A09018,P09018
C09019,2025-01-01,N,normal,D09019,A09019,P09019
C09020,2025-01-01,W,normal,D09020,A09020,P09020
C09021,2025-01-01,S,coordinated,DCO0019,ACO0019,PCO0019
C09022,2025-01-01,E,frequent_legit,D09022,A09022,P09022
C09023,2025-01-01,S,normal,D09023,A09023,P09023
C09024,2025-01-01,W,normal,D09024,A09024,P09024
C09025,2025-01-01,S,normal,D09025,A09025,P09025
C09026,2025-01-18,N,normal,D09026,A09026,P09026
C09027,2025-01-01,N,normal,D09027,A09027,P09027
C09028,2025-01-01,N,normal,D09028,A09028,P09028
C09029,2025-01-01,W,normal,D09029,A09029,P09029
C09030,2025-01-01,E,normal,D09030,A09030,P09030
C09031,2025-01-01,W,frequent_legit,D09031,A09031,P09031
C09032,2025-01-01,E,normal,D09032,A09032,P09032
C09033,2025-01-01,W,normal,D09033,A09033,P09033
C09034,2025-01-03,NE,normal,D09034,A09034,P09034
C09035,2025-01-01,E,normal,D09035,A09035,P09035
C09036,2025-01-01,N,frequent_legit,D09036,A09036,P09036
C09037,2025-01-01,N,normal,D09037,A09037,P09037
C09038,2025-01-01,E,normal,D09038,A09038,P09038
C09039,2025-01-01,W,normal,D09039,A09039,P09039
C09040,2025-03-01,E,normal,D09040,A09040,P09040
C09041,2025-05-11,S,normal,D09041,A09041,P09041
C09042,2025-01-01,E,normal,D09042,A09042,P09042
C09043,2025-01-01,S,normal,D09043,A09043,P09043
C09044,2025-07-19,S,normal,D09044,A09044,P09044
C09045,2025-01-01,W,normal,D09045,A09045,P09045
C09046,2025-01-01,E,normal,D09046,A09046,P09046
C09047,2025-01-01,S,normal,D09047,A09047,P09047
C09048,2025-01-01,S,coordinated,DCO0019,ACO0019,PCO0019
C09049,2025-01-01,E,normal,D09049,A09049,P09049
C09050,2025-01-01,S,normal,D09050,A09050,P09050
C09051,2025-01-01,N,normal,D09051,A09051,P09051
C09052,2025-01-01,E,frequent_legit,D09052,A09052,P09052
C09053,2025-01-01,E,normal,D09053,A09053,P09053
C09054,2025-01-01,N,normal,D09054,A09054,P09054
C09055,2025-01-01,S,frequent_legit,D09055,A09055,P09055
C09056,2025-12-15,E,normal,D09056,A09056,P09056
C09057,2025-01-01,S,coordinated,DCO0020,ACO0020,PCO0020
C09058,2025-01-01,S,normal,D09058,A09058,P09058
C09059,2025-01-01,S,normal,D09059,A09059,P09059
C09060,2025-01-01,S,normal,D09060,A09060,P09060
C09061,2025-01-01,W,frequent_legit,D09061,A09061,P09061
C09062,2025-07-23,S,normal,D09062,A09062,P09062
C09063,2025-01-01,NE,normal,D09063,A09063,P09063
C09064,2025-01-01,S,normal,D09064,A09064,P09064
C09065,2025-01-01,E,normal,D09065,A09065,P09065
C09066,2025-01-01,S,normal,D09066,A09066,P09066
C09067,2025-01-01,W,normal,D09067,A09067,P09067
C09068,2025-01-01,W,normal,D09068,A09068,P09068
C09069,2025-01-01,S,normal,D09069,A09069,P09069
C09070,2025-01-01,S,normal,D09070,A09070,P09070
C09071,2025-01-01,NE,normal,D09071,A09071,P09071
C09072,2025-01-01,W,normal,D09072,A09072,P09072
C09073,2025-01-01,NE,normal,D09073,A09073,P09073
C09074,2025-12-12,N,normal,D09074,A09074,P09074
C09075,2025-01-01,N,normal,D09075,A09075,P09075
C09076,2025-05-15,S,normal,D09076,A09076,P09076
C09077,2025-01-01,W,normal,D09077,A09077,P09077
C09078,2025-05-25,N,normal,D09078,A09078,P09078
C09079,2025-01-01,S,normal,D09079,A09079,P09079
C09080,2025-01-01,E,normal,D09080,A09080,P09080
C09081,2025-01-01,N,normal,D09081,A09081,P09081
C09082,2025-10-06,W,normal,D09082,A09082,P09082
C09083,2025-01-01,N,normal,D09083,A09083,P09083
C09084,2025-05-27,W,normal,D09084,A09084,P09084
C09085,2025-01-01,S,normal,D09085,A09085,P09085
C09086,2025-01-01,E,normal,D09086,A09086,P09086
C09087,2025-01-01,S,normal,D09087,A09087,P09087
C09088,2025-01-01,S,normal,D09088,A09088,P09088
C09089,2025-01-01,S,normal,D09089,A09089,P09089
C09090,2025-02-28,W,normal,D09090,A09090,P09090
C09091,2025-01-01,S,normal,D09091,A09091,P09091
C09092,2025-01-01,N,normal,D09092,A09092,P09092
C09093,2025-04-06,E,normal,D09093,A09093,P09093
C09094,2025-01-01,N,normal,D09094,A09094,P09094
C09095,2025-01-01,S,normal,D09095,A09095,P09095
C09096,2025-01-01,S,normal,D09096,A09096,P09096
C09097,2025-01-01,S,normal,D09097,A09097,P09097
C09098,2025-01-01,N,normal,D09098,A09098,P09098
C09099,2025-01-01,N,abusive,D09099,A09099,P09099
C09100,2025-01-01,N,normal,D09100,A09100,P09100
C09101,2025-09-29,S,normal,D09101,A09101,P09101
C09102,2025-01-01,E,normal,D09102,A09102,P09102
C09103,2025-08-09,E,normal,D09103,A09103,P09103
C09104,2025-01-01,N,normal,D09104,A09104,P09104
C09105,2025-01-01,N,normal,D09105,A09105,P09105
C09106,2025-01-01,E,normal,D09106,A09106,P09106
C09107,2025-03-28,S,normal,D09107,A09107,P09107
C09108,2025-01-01,W,normal,D09108,A09108,P09108
C09109,2025-01-01,N,normal,D09109,A09109,P09109
C09110,2025-01-01,N,abusive,D09110,A09110,P09110
C09111,2025-01-01,S,normal,D09111,A09111,P09111
C09112,2025-08-05,E,normal,D09112,A09112,P09112
C09113,2025-05-16,S,normal,D09113,A09113,P09113
C09114,2025-01-01,N,normal,D09114,A09114,P09114
C09115,2025-06-17,N,normal,D09115,A09115,P09115
C09116,2025-01-01,E,normal,D09116,A09116,P09116
C09117,2025-01-01,S,normal,D09117,A09117,P09117
C09118,2025-01-01,E,normal,D09118,A09118,P09118
C09119,2025-01-01,S,normal,D09119,A09119,P09119
C09120,2025-01-01,S,normal,D09120,A09120,P09120
C09121,2025-01-01,N,frequent_legit,D09121,A09121,P09121
C09122,2025-01-01,NE,normal,D09122,A09122,P09122
C09123,2025-01-01,N,normal,D09123,A09123,P09123
C09124,2025-01-01,N,normal,D09124,A09124,P09124
C09125,2025-01-01,W,frequent_legit,D09125,A09125,P09125
C09126,2025-01-01,N,normal,D09126,A09126,P09126
C09127,2025-01-01,S,normal,D09127,A09127,P09127
C09128,2025-11-11,N,normal,D09128,A09128,P09128
C09129,2025-01-01,E,normal,D09129,A09129,P09129
C09130,2025-01-01,S,normal,D09130,A09130,P09130
C09131,2025-09-25,W,normal,D09131,A09131,P09131
C09132,2025-01-01,W,normal,D09132,A09132,P09132
C09133,2025-01-01,S,normal,D09133,A09133,P09133
C09134,2025-01-01,N,normal,D09134,A09134,P09134
C09135,2025-01-01,W,normal,D09135,A09135,P09135
C09136,2025-01-01,W,normal,D09136,A09136,P09136
C09137,2025-01-01,W,normal,D09137,A09137,P09137
C09138,2025-01-01,N,normal,D09138,A09138,P09138
C09139,2025-01-01,E,normal,D09139,A09139,P09139
C09140,2025-01-01,E,normal,D09140,A09140,P09140
C09141,2025-01-01,NE,frequent_legit,D09141,A09141,P09141
C09142,2025-04-29,N,normal,D09142,A09142,P09142
C09143,2025-11-30,W,normal,D09143,A09143,P09143
C09144,2025-01-01,E,normal,D09144,A09144,P09144
C09145,2025-01-01,W,normal,D09145,A09145,P09145
C09146,2025-01-01,E,normal,D09146,A09146,P09146
C09147,2025-01-01,W,normal,D09147,A09147,P09147
C09148,2025-01-01,S,normal,D09148,A09148,P09148
C09149,2025-01-01,N,normal,D09149,A09149,P09149
C09150,2025-01-01,S,normal,D09150,A09150,P09150
C09151,2025-07-17,W,normal,D09151,A09151,P09151
C09152,2025-01-01,N,normal,D09152,A09152,P09152
C09153,2025-01-01,E,abusive,D09153,A09153,P09153
C09154,2025-01-01,NE,normal,D09154,A09154,P09154
C09155,2025-01-01,W,frequent_legit,D09155,A09155,P09155
C09156,2025-01-01,E,normal,D09156,A09156,P09156
C09157,2025-01-01,W,normal,D09157,A09157,P09157
C09158,2025-04-10,N,normal,D09158,A09158,P09158
C09159,2025-01-01,S,normal,D09159,A09159,P09159
C09160,2025-01-01,S,normal,D09160,A09160,P09160
C09161,2025-01-01,W,normal,D09161,A09161,P09161
C09162,2025-01-01,S,normal,D09162,A09162,P09162
C09163,2025-04-24,N,normal,D09163,A09163,P09163
C09164,2025-01-01,E,normal,D09164,A09164,P09164
C09165,2025-01-01,S,normal,D09165,A09165,P09165
C09166,2025-01-01,W,normal,D09166,A09166,P09166
C09167,2025-01-01,S,normal,D09167,A09167,P09167
C09168,2025-01-01,W,normal,D09168,A09168,P09168
C09169,2025-01-01,S,normal,D09169,A09169,P09169
C09170,2025-01-01,W,normal,D09170,A09170,P09170
C09171,2025-01-01,W,normal,D09171,A09171,P09171
C09172,2025-02-01,N,normal,D09172,A09172,P09172
C09173,2025-01-01,S,normal,D09173,A09173,P09173
C09174,2025-01-01,W,frequent_legit,D09174,A09174,P09174
C09175,2025-09-04,N,coordinated,DCO0020,ACO0020,PCO0020
C09176,2025-01-01,E,normal,D09176,A09176,P09176
C09177,2025-10-27,N,normal,D09177,A09177,P09177
C09178,2025-01-01,W,normal,D09178,A09178,P09178
C09179,2025-01-01,N,normal,D09179,A09179,P09179
C09180,2025-01-12,E,normal,D09180,A09180,P09180
C09181,2025-01-01,E,normal,D09181,A09181,P09181
C09182,2025-01-01,N,normal,D09182,A09182,P09182
C09183,2025-07-31,S,abusive,D09183,A09183,P09183
C09184,2025-01-01,W,normal,D09184,A09184,P09184
C09185,2025-01-01,E,abusive,D09185,A09185,P09185
C09186,2025-01-01,NE,normal,D09186,A09186,P09186
C09187,2025-01-01,W,normal,D09187,A09187,P09187
C09188,2025-01-01,E,normal,D09188,A09188,P09188
C09189,2025-01-01,E,normal,D09189,A09189,P09189
C09190,2025-01-01,W,normal,D09190,A09190,P09190
C09191,2025-01-01,S,normal,D09191,A09191,P09191
C09192,2025-01-01,S,normal,D09192,A09192,P09192
C09193,2025-01-01,W,normal,D09193,A09193,P09193
C09194,2025-01-01,NE,normal,D09194,A09194,P09194
C09195,2025-01-01,S,normal,D09195,A09195,P09195
C09196,2025-01-01,N,normal,D09196,A09196,P09196
C09197,2025-01-01,E,normal,D09197,A09197,P09197
C09198,2025-01-01,W,normal,D09198,A09198,P09198
C09199,2025-01-01,S,normal,D09199,A09199,P09199
C09200,2025-11-22,W,normal,D09200,A09200,P09200
C09201,2025-01-01,S,frequent_legit,D09201,A09201,P09201
C09202,2025-01-01,S,normal,D09202,A09202,P09202
C09203,2025-06-23,E,normal,D09203,A09203,P09203
C09204,2025-01-01,S,normal,D09204,A09204,P09204
C09205,2025-01-01,W,normal,D09205,A09205,P09205
C09206,2025-01-01,N,normal,D09206,A09206,P09206
C09207,2025-01-01,W,normal,D09207,A09207,P09207
C09208,2025-01-01,S,normal,D09208,A09208,P09208
C09209,2025-05-19,NE,normal,D09209,A09209,P09209
C09210,2025-01-01,W,frequent_legit,D09210,A09210,P09210
C09211,2025-01-01,N,normal,D09211,A09211,P09211
C09212,2025-01-01,NE,normal,D09212,A09212,P09212
C09213,2025-01-01,S,normal,D09213,A09213,P09213
C09214,2025-01-01,S,normal,D09214,A09214,P09214
C09215,2025-01-01,W,normal,D09215,A09215,P09215
C09216,2025-01-01,W,abusive,D09216,A09216,P09216
C09217,2025-01-01,E,coordinated,DCO0020,ACO0020,PCO0020
C09218,2025-01-01,NE,normal,D09218,A09218,P09218
C09219,2025-03-05,S,normal,D09219,A09219,P09219
C09220,2025-01-01,N,abusive,D09220,A09220,P09220
C09221,2025-02-17,N,normal,D09221,A09221,P09221
C09222,2025-10-07,S,normal,D09222,A09222,P09222
C09223,2025-01-01,E,normal,D09223,A09223,P09223
C09224,2025-01-01,S,normal,D09224,A09224,P09224
C09225,2025-08-20,E,normal,D09225,A09225,P09225
C09226,2025-01-01,N,coordinated,DCO0020,ACO0020,PCO0020
C09227,2025-01-01,S,normal,D09227,A09227,P09227
C09228,2025-01-01,W,normal,D09228,A09228,P09228
C09229,2025-01-01,N,normal,D09229,A09229,P09229
C09230,2025-01-01,E,normal,D09230,A09230,P09230
C09231,2025-01-01,W,normal,D09231,A09231,P09231
C09232,2025-01-01,E,normal,D09232,A09232,P09232
C09233,2025-01-01,W,frequent_legit,D09233,A09233,P09233
C09234,2025-01-01,NE,normal,D09234,A09234,P09234
C09235,2025-01-01,N,normal,D09235,A09235,P09235
C09236,2025-06-23,E,normal,D09236,A09236,P09236
C09237,2025-01-01,N,normal,D09237,A09237,P09237
C09238,2025-01-01,S,normal,D09238,A09238,P09238
C09239,2025-01-01,E,frequent_legit,D09239,A09239,P09239
C09240,2025-01-01,E,normal,D09240,A09240,P09240
C09241,2025-01-01,W,normal,D09241,A09241,P09241
C09242,2025-01-01,E,normal,D09242,A09242,P09242
C09243,2025-01-01,W,normal,D09243,A09243,P09243
C09244,2025-08-08,E,normal,D09244,A09244,P09244
C09245,2025-01-01,N,normal,D09245,A09245,P09245
C09246,2025-01-01,N,normal,D09246,A09246,P09246
C09247,2025-01-01,S,normal,D09247,A09247,P09247
C09248,2025-01-01,E,normal,D09248,A09248,P09248
C09249,2025-06-07,N,normal,D09249,A09249,P09249
C09250,2025-04-09,S,normal,D09250,A09250,P09250
C09251,2025-05-01,N,normal,D09251,A09251,P09251
C09252,2025-01-01,E,normal,D09252,A09252,P09252
C09253,2025-01-01,S,normal,D09253,A09253,P09253
C09254,2025-03-08,N,normal,D09254,A09254,P09254
C09255,2025-01-01,N,normal,D09255,A09255,P09255
C09256,2025-09-17,S,normal,D09256,A09256,P09256
C09257,2025-01-01,S,frequent_legit,D09257,A09257,P09257
C09258,2025-01-01,W,normal,D09258,A09258,P09258
C09259,2025-10-30,N,normal,D09259,A09259,P09259
C09260,2025-07-13,S,abusive,D09260,A09260,P09260
C09261,2025-01-01,E,normal,D09261,A09261,P09261
C09262,2025-01-01,E,normal,D09262,A09262,P09262
C09263,2025-01-01,S,normal,D09263,A09263,P09263
C09264,2025-01-01,N,normal,D09264,A09264,P09264
C09265,2025-01-01,W,normal,D09265,A09265,P09265
C09266,2025-01-01,NE,normal,D09266,A09266,P09266
C09267,2025-01-01,S,normal,D09267,A09267,P09267
C09268,2025-01-01,E,frequent_legit,D09268,A09268,P09268
C09269,2025-01-01,N,normal,D09269,A09269,P09269
C09270,2025-01-01,N,normal,D09270,A09270,P09270
C09271,2025-07-30,N,normal,D09271,A09271,P09271
C09272,2025-02-08,W,frequent_legit,D09272,A09272,P09272
C09273,2025-01-01,N,normal,D09273,A09273,P09273
C09274,2025-01-01,N,normal,D09274,A09274,P09274
C09275,2025-01-01,N,normal,D09275,A09275,P09275
C09276,2025-01-01,N,normal,D09276,A09276,P09276
C09277,2025-01-01,S,normal,D09277,A09277,P09277
C09278,2025-01-01,S,normal,D09278,A09278,P09278
C09279,2025-01-01,E,frequent_legit,D09279,A09279,P09279
C09280,2025-01-01,S,frequent_legit,D09280,A09280,P09280
C09281,2025-01-01,S,coordinated,DCO0020,ACO0020,PCO0020
C09282,2025-01-01,W,normal,D09282,A09282,P09282
C09283,2025-01-01,S,normal,D09283,A09283,P09283
C09284,2025-01-01,N,normal,D09284,A09284,P09284
C09285,2025-01-01,W,normal,D09285,A09285,P09285
C09286,2025-01-01,E,normal,D09286,A09286,P09286
C09287,2025-01-01,S,normal,D09287,A09287,P09287
C09288,2025-01-01,N,normal,D09288,A09288,P09288
C09289,2025-01-01,N,normal,D09289,A09289,P09289
C09290,2025-01-01,N,normal,D09290,A09290,P09290
C09291,2025-01-01,W,normal,D09291,A09291,P09291
C09292,2025-03-01,E,normal,D09292,A09292,P09292
C09293,2025-01-13,N,normal,D09293,A09293,P09293
C09294,2025-01-01,N,normal,D09294,A09294,P09294
C09295,2025-01-01,N,normal,D09295,A09295,P09295
C09296,2025-12-17,N,normal,D09296,A09296,P09296
C09297,2025-01-01,S,frequent_legit,D09297,A09297,P09297
C09298,2025-05-04,S,normal,D09298,A09298,P09298
C09299,2025-01-01,W,normal,D09299,A09299,P09299
C09300,2025-01-01,E,normal,D09300,A09300,P09300
C09301,2025-01-01,W,normal,D09301,A09301,P09301
C09302,2025-01-01,W,normal,D09302,A09302,P09302
C09303,2025-01-01,W,normal,D09303,A09303,P09303
C09304,2025-01-01,NE,normal,D09304,A09304,P09304
C09305,2025-06-16,S,normal,D09305,A09305,P09305
C09306,2025-01-01,N,normal,D09306,A09306,P09306
C09307,2025-01-01,N,frequent_legit,D09307,A09307,P09307
C09308,2025-01-01,E,normal,D09308,A09308,P09308
C09309,2025-01-01,E,normal,D09309,A09309,P09309
C09310,2025-01-01,N,normal,D09310,A09310,P09310
C09311,2025-01-01,W,normal,D09311,A09311,P09311
C09312,2025-01-01,W,normal,D09312,A09312,P09312
C09313,2025-01-01,E,normal,D09313,A09313,P09313
C09314,2025-01-01,S,normal,D09314,A09314,P09314
C09315,2025-01-01,N,frequent_legit,D09315,A09315,P09315
C09316,2025-01-01,S,normal,D09316,A09316,P09316
C09317,2025-01-01,N,normal,D09317,A09317,P09317
C09318,2025-01-01,E,normal,D09318,A09318,P09318
C09319,2025-01-03,S,normal,D09319,A09319,P09319
C09320,2025-01-01,N,normal,D09320,A09320,P09320
C09321,2025-01-01,S,normal,D09321,A09321,P09321
C09322,2025-01-01,E,normal,D09322,A09322,P09322
C09323,2025-01-01,S,normal,D09323,A09323,P09323
C09324,2025-01-01,NE,normal,D09324,A09324,P09324
C09325,2025-01-01,N,normal,D09325,A09325,P09325
C09326,2025-01-01,W,normal,D09326,A09326,P09326
C09327,2025-09-30,N,normal,D09327,A09327,P09327
C09328,2025-01-01,N,normal,D09328,A09328,P09328
C09329,2025-01-01,NE,normal,D09329,A09329,P09329
C09330,2025-01-01,W,normal,D09330,A09330,P09330
C09331,2025-09-29,E,normal,D09331,A09331,P09331
C09332,2025-01-01,W,normal,D09332,A09332,P09332
C09333,2025-01-01,S,normal,D09333,A09333,P09333
C09334,2025-01-01,W,normal,D09334,A09334,P09334
C09335,2025-01-01,N,normal,D09335,A09335,P09335
C09336,2025-01-01,W,normal,D09336,A09336,P09336
C09337,2025-01-01,W,normal,D09337,A09337,P09337
C09338,2025-02-27,W,normal,D09338,A09338,P09338
C09339,2025-04-13,W,normal,D09339,A09339,P09339
C09340,2025-01-01,E,normal,D09340,A09340,P09340
C09341,2025-01-01,S,normal,D09341,A09341,P09341
C09342,2025-01-01,S,normal,D09342,A09342,P09342
C09343,2025-01-01,W,normal,D09343,A09343,P09343
C09344,2025-01-01,E,normal,D09344,A09344,P09344
C09345,2025-01-01,S,normal,D09345,A09345,P09345
C09346,2025-01-01,W,normal,D09346,A09346,P09346
C09347,2025-01-01,N,normal,D09347,A09347,P09347
C09348,2025-01-01,W,normal,D09348,A09348,P09348
C09349,2025-01-01,W,normal,D09349,A09349,P09349
C09350,2025-01-01,N,normal,D09350,A09350,P09350
C09351,2025-03-06,N,normal,D09351,A09351,P09351
C09352,2025-01-01,E,normal,D09352,A09352,P09352
C09353,2025-08-19,N,normal,D09353,A09353,P09353
C09354,2025-02-18,NE,normal,D09354,A09354,P09354
C09355,2025-01-01,N,normal,D09355,A09355,P09355
C09356,2025-01-01,N,abusive,D09356,A09356,P09356
C09357,2025-03-03,N,normal,D09357,A09357,P09357
C09358,2025-01-01,W,normal,D09358,A09358,P09358
C09359,2025-01-01,E,normal,D09359,A09359,P09359
C09360,2025-01-01,W,normal,D09360,A09360,P09360
C09361,2025-01-01,NE,normal,D09361,A09361,P09361
C09362,2025-01-01,E,normal,D09362,A09362,P09362
C09363,2025-01-01,N,normal,D09363,A09363,P09363
C09364,2025-01-01,N,normal,D09364,A09364,P09364
C09365,2025-01-01,W,normal,D09365,A09365,P09365
C09366,2025-01-01,N,normal,D09366,A09366,P09366
C09367,2025-01-01,W,normal,D09367,A09367,P09367
C09368,2025-03-22,W,normal,D09368,A09368,P09368
C09369,2025-01-01,E,normal,D09369,A09369,P09369
C09370,2025-01-01,E,normal,D09370,A09370,P09370
C09371,2025-01-01,NE,normal,D09371,A09371,P09371
C09372,2025-06-22,W,normal,D09372,A09372,P09372
C09373,2025-01-01,E,frequent_legit,D09373,A09373,P09373
C09374,2025-01-01,S,normal,D09374,A09374,P09374
C09375,2025-01-01,S,normal,D09375,A09375,P09375
C09376,2025-01-01,S,coordinated,DCO0021,ACO0021,PCO0021
C09377,2025-01-01,NE,normal,D09377,A09377,P09377
C09378,2025-01-01,E,normal,D09378,A09378,P09378
C09379,2025-01-01,W,normal,D09379,A09379,P09379
C09380,2025-01-01,N,normal,D09380,A09380,P09380
C09381,2025-01-01,W,normal,D09381,A09381,P09381
C09382,2025-01-01,S,normal,D09382,A09382,P09382
C09383,2025-01-01,W,frequent_legit,D09383,A09383,P09383
C09384,2025-01-01,N,normal,D09384,A09384,P09384
C09385,2025-07-10,W,normal,D09385,A09385,P09385
C09386,2025-01-01,E,normal,D09386,A09386,P09386
C09387,2025-08-09,S,normal,D09387,A09387,P09387
C09388,2025-01-01,S,normal,D09388,A09388,P09388
C09389,2025-01-01,S,normal,D09389,A09389,P09389
C09390,2025-01-01,S,normal,D09390,A09390,P09390
C09391,2025-03-25,N,normal,D09391,A09391,P09391
C09392,2025-01-01,S,normal,D09392,A09392,P09392
C09393,2025-01-01,S,normal,D09393,A09393,P09393
C09394,2025-08-21,S,normal,D09394,A09394,P09394
C09395,2025-01-01,E,normal,D09395,A09395,P09395
C09396,2025-01-01,S,normal,D09396,A09396,P09396
C09397,2025-10-26,N,normal,D09397,A09397,P09397
C09398,2025-08-27,W,normal,D09398,A09398,P09398
C09399,2025-01-01,S,normal,D09399,A09399,P09399
C09400,2025-01-01,E,normal,D09400,A09400,P09400
C09401,2025-01-01,W,normal,D09401,A09401,P09401
C09402,2025-01-01,W,normal,D09402,A09402,P09402
C09403,2025-01-01,S,normal,D09403,A09403,P09403
C09404,2025-01-01,S,normal,D09404,A09404,P09404
C09405,2025-01-01,W,normal,D09405,A09405,P09405
C09406,2025-07-12,W,normal,D09406,A09406,P09406
C09407,2025-01-01,N,normal,D09407,A09407,P09407
C09408,2025-01-01,E,normal,D09408,A09408,P09408
C09409,2025-01-01,W,normal,D09409,A09409,P09409
C09410,2025-01-01,W,normal,D09410,A09410,P09410
C09411,2025-10-06,N,normal,D09411,A09411,P09411
C09412,2025-01-01,S,normal,D09412,A09412,P09412
C09413,2025-01-01,S,frequent_legit,D09413,A09413,P09413
C09414,2025-01-01,N,normal,D09414,A09414,P09414
C09415,2025-01-01,E,normal,D09415,A09415,P09415
C09416,2025-01-01,S,normal,D09416,A09416,P09416
C09417,2025-01-01,S,normal,D09417,A09417,P09417
C09418,2025-01-01,S,normal,D09418,A09418,P09418
C09419,2025-07-14,W,abusive,D09419,A09419,P09419
C09420,2025-01-01,W,normal,D09420,A09420,P09420
C09421,2025-01-01,W,normal,D09421,A09421,P09421
C09422,2025-01-01,W,normal,D09422,A09422,P09422
C09423,2025-01-01,NE,normal,D09423,A09423,P09423
C09424,2025-10-04,S,normal,D09424,A09424,P09424
C09425,2025-01-01,N,normal,D09425,A09425,P09425
C09426,2025-01-01,W,normal,D09426,A09426,P09426
C09427,2025-01-01,E,normal,D09427,A09427,P09427
C09428,2025-01-01,S,normal,D09428,A09428,P09428
C09429,2025-01-01,NE,normal,D09429,A09429,P09429
C09430,2025-01-01,S,normal,D09430,A09430,P09430
C09431,2025-01-01,W,normal,D09431,A09431,P09431
C09432,2025-01-01,E,normal,D09432,A09432,P09432
C09433,2025-01-01,N,normal,D09433,A09433,P09433
C09434,2025-01-01,W,normal,D09434,A09434,P09434
C09435,2025-01-01,W,normal,D09435,A09435,P09435
C09436,2025-01-01,E,normal,D09436,A09436,P09436
C09437,2025-01-01,E,normal,D09437,A09437,P09437
C09438,2025-01-01,N,normal,D09438,A09438,P09438
C09439,2025-01-01,N,normal,D09439,A09439,P09439
C09440,2025-01-01,N,normal,D09440,A09440,P09440
C09441,2025-01-01,N,frequent_legit,D09441,A09441,P09441
C09442,2025-01-01,S,normal,D09442,A09442,P09442
C09443,2025-03-09,S,normal,D09443,A09443,P09443
C09444,2025-03-04,N,normal,D09444,A09444,P09444
C09445,2025-01-01,S,normal,D09445,A09445,P09445
C09446,2025-11-26,N,normal,D09446,A09446,P09446
C09447,2025-01-01,N,normal,D09447,A09447,P09447
C09448,2025-01-01,NE,normal,D09448,A09448,P09448
C09449,2025-01-01,NE,normal,D09449,A09449,P09449
C09450,2025-01-01,W,frequent_legit,D09450,A09450,P09450
C09451,2025-01-01,N,normal,D09451,A09451,P09451
C09452,2025-01-01,W,normal,D09452,A09452,P09452
C09453,2025-01-09,N,normal,D09453,A09453,P09453
C09454,2025-01-01,E,normal,D09454,A09454,P09454
C09455,2025-01-01,W,normal,D09455,A09455,P09455
C09456,2025-01-01,S,normal,D09456,A09456,P09456
C09457,2025-01-01,W,normal,D09457,A09457,P09457
C09458,2025-01-01,E,normal,D09458,A09458,P09458
C09459,2025-01-01,S,abusive,D09459,A09459,P09459
C09460,2025-01-01,N,normal,D09460,A09460,P09460
C09461,2025-01-01,W,normal,D09461,A09461,P09461
C09462,2025-01-01,S,normal,D09462,A09462,P09462
C09463,2025-01-01,N,normal,D09463,A09463,P09463
C09464,2025-01-01,N,abusive,D09464,A09464,P09464
C09465,2025-06-03,NE,normal,D09465,A09465,P09465
C09466,2025-01-01,N,normal,D09466,A09466,P09466
C09467,2025-01-01,NE,normal,D09467,A09467,P09467
C09468,2025-01-01,E,normal,D09468,A09468,P09468
C09469,2025-01-01,S,normal,D09469,A09469,P09469
C09470,2025-01-01,S,normal,D09470,A09470,P09470
C09471,2025-01-01,W,normal,D09471,A09471,P09471
C09472,2025-01-01,S,normal,D09472,A09472,P09472
C09473,2025-01-01,N,normal,D09473,A09473,P09473
C09474,2025-01-01,N,normal,D09474,A09474,P09474
C09475,2025-12-02,W,abusive,D09475,A09475,P09475
C09476,2025-01-01,E,normal,D09476,A09476,P09476
C09477,2025-01-01,S,normal,D09477,A09477,P09477
C09478,2025-01-01,N,normal,D09478,A09478,P09478
C09479,2025-01-01,S,normal,D09479,A09479,P09479
C09480,2025-01-01,W,frequent_legit,D09480,A09480,P09480
C09481,2025-01-01,N,normal,D09481,A09481,P09481
C09482,2025-01-01,NE,coordinated,DCO0021,ACO0021,PCO0021
C09483,2025-06-04,W,normal,D09483,A09483,P09483
C09484,2025-01-01,S,normal,D09484,A09484,P09484
C09485,2025-01-01,W,normal,D09485,A09485,P09485
C09486,2025-01-01,E,normal,D09486,A09486,P09486
C09487,2025-01-01,E,normal,D09487,A09487,P09487
C09488,2025-12-06,N,frequent_legit,D09488,A09488,P09488
C09489,2025-01-01,W,frequent_legit,D09489,A09489,P09489
C09490,2025-08-13,S,normal,D09490,A09490,P09490
C09491,2025-01-01,W,frequent_legit,D09491,A09491,P09491
C09492,2025-01-01,S,normal,D09492,A09492,P09492
C09493,2025-10-11,S,normal,D09493,A09493,P09493
C09494,2025-01-01,NE,normal,D09494,A09494,P09494
C09495,2025-01-01,S,normal,D09495,A09495,P09495
C09496,2025-01-01,N,normal,D09496,A09496,P09496
C09497,2025-01-01,W,normal,D09497,A09497,P09497
C09498,2025-01-01,N,abusive,D09498,A09498,P09498
C09499,2025-10-08,W,normal,D09499,A09499,P09499
C09500,2025-03-26,W,normal,D09500,A09500,P09500
C09501,2025-01-01,N,normal,D09501,A09501,P09501
C09502,2025-01-01,E,normal,D09502,A09502,P09502
C09503,2025-08-02,NE,normal,D09503,A09503,P09503
C09504,2025-05-11,W,normal,D09504,A09504,P09504
C09505,2025-01-01,S,normal,D09505,A09505,P09505
C09506,2025-01-01,E,normal,D09506,A09506,P09506
C09507,2025-01-01,E,normal,D09507,A09507,P09507
C09508,2025-01-01,N,normal,D09508,A09508,P09508
C09509,2025-07-11,E,normal,D09509,A09509,P09509
C09510,2025-01-01,S,normal,D09510,A09510,P09510
C09511,2025-06-06,S,normal,D09511,A09511,P09511
C09512,2025-01-01,S,normal,D09512,A09512,P09512
C09513,2025-01-01,W,normal,D09513,A09513,P09513
C09514,2025-01-25,N,normal,D09514,A09514,P09514
C09515,2025-01-01,N,frequent_legit,D09515,A09515,P09515
C09516,2025-01-01,N,normal,D09516,A09516,P09516
C09517,2025-01-01,N,normal,D09517,A09517,P09517
C09518,2025-01-01,NE,normal,D09518,A09518,P09518
C09519,2025-01-01,S,normal,D09519,A09519,P09519
C09520,2025-05-03,N,frequent_legit,D09520,A09520,P09520
C09521,2025-08-31,NE,normal,D09521,A09521,P09521
C09522,2025-01-01,N,normal,D09522,A09522,P09522
C09523,2025-01-01,S,normal,D09523,A09523,P09523
C09524,2025-01-01,W,normal,D09524,A09524,P09524
C09525,2025-11-06,W,normal,D09525,A09525,P09525
C09526,2025-01-01,N,normal,D09526,A09526,P09526
C09527,2025-01-01,E,normal,D09527,A09527,P09527
C09528,2025-01-01,E,normal,D09528,A09528,P09528
C09529,2025-01-01,E,normal,D09529,A09529,P09529
C09530,2025-01-01,N,normal,D09530,A09530,P09530
C09531,2025-03-25,W,normal,D09531,A09531,P09531
C09532,2025-04-13,S,frequent_legit,D09532,A09532,P09532
C09533,2025-01-01,W,normal,D09533,A09533,P09533
C09534,2025-01-01,W,frequent_legit,D09534,A09534,P09534
C09535,2025-01-01,W,normal,D09535,A09535,P09535
C09536,2025-07-27,W,normal,D09536,A09536,P09536
C09537,2025-01-01,S,normal,D09537,A09537,P09537
C09538,2025-01-01,N,normal,D09538,A09538,P09538
C09539,2025-09-03,E,normal,D09539,A09539,P09539
C09540,2025-01-01,N,abusive,D09540,A09540,P09540
C09541,2025-01-01,E,frequent_legit,D09541,A09541,P09541
C09542,2025-06-05,W,normal,D09542,A09542,P09542
C09543,2025-04-05,E,normal,D09543,A09543,P09543
C09544,2025-02-25,N,normal,D09544,A09544,P09544
C09545,2025-09-11,W,normal,D09545,A09545,P09545
C09546,2025-01-01,E,normal,D09546,A09546,P09546
C09547,2025-09-27,S,normal,D09547,A09547,P09547
C09548,2025-01-01,E,normal,D09548,A09548,P09548
C09549,2025-01-01,N,normal,D09549,A09549,P09549
C09550,2025-01-01,W,frequent_legit,D09550,A09550,P09550
C09551,2025-03-19,N,normal,D09551,A09551,P09551
C09552,2025-01-01,E,normal,D09552,A09552,P09552
C09553,2025-02-01,N,normal,D09553,A09553,P09553
C09554,2025-01-08,N,normal,D09554,A09554,P09554
C09555,2025-01-01,N,normal,D09555,A09555,P09555
C09556,2025-01-01,N,normal,D09556,A09556,P09556
C09557,2025-01-01,W,normal,D09557,A09557,P09557
C09558,2025-03-13,W,normal,D09558,A09558,P09558
C09559,2025-01-01,N,normal,D09559,A09559,P09559
C09560,2025-01-01,N,normal,D09560,A09560,P09560
C09561,2025-01-01,W,normal,D09561,A09561,P09561
C09562,2025-01-01,N,normal,D09562,A09562,P09562
C09563,2025-01-01,S,normal,D09563,A09563,P09563
C09564,2025-01-01,N,normal,D09564,A09564,P09564
C09565,2025-01-01,E,normal,D09565,A09565,P09565
C09566,2025-01-01,NE,normal,D09566,A09566,P09566
C09567,2025-01-01,N,normal,D09567,A09567,P09567
C09568,2025-01-01,NE,normal,D09568,A09568,P09568
C09569,2025-01-01,W,normal,D09569,A09569,P09569
C09570,2025-01-01,NE,normal,D09570,A09570,P09570
C09571,2025-01-01,W,normal,D09571,A09571,P09571
C09572,2025-11-23,W,normal,D09572,A09572,P09572
C09573,2025-01-01,E,normal,D09573,A09573,P09573
C09574,2025-02-09,W,normal,D09574,A09574,P09574
C09575,2025-04-05,N,normal,D09575,A09575,P09575
C09576,2025-09-13,W,normal,D09576,A09576,P09576
C09577,2025-01-01,E,normal,D09577,A09577,P09577
C09578,2025-01-01,N,normal,D09578,A09578,P09578
C09579,2025-01-01,S,normal,D09579,A09579,P09579
C09580,2025-01-01,N,normal,D09580,A09580,P09580
C09581,2025-01-01,S,normal,D09581,A09581,P09581
C09582,2025-01-01,N,normal,D09582,A09582,P09582
C09583,2025-01-01,N,normal,D09583,A09583,P09583
C09584,2025-01-01,S,normal,D09584,A09584,P09584
C09585,2025-01-01,E,normal,D09585,A09585,P09585
C09586,2025-01-01,N,normal,D09586,A09586,P09586
C09587,2025-01-01,N,normal,D09587,A09587,P09587
C09588,2025-02-12,S,normal,D09588,A09588,P09588
C09589,2025-01-01,S,normal,D09589,A09589,P09589
C09590,2025-01-01,N,normal,D09590,A09590,P09590
C09591,2025-01-01,NE,normal,D09591,A09591,P09591
C09592,2025-01-01,S,frequent_legit,D09592,A09592,P09592
C09593,2025-01-01,S,normal,D09593,A09593,P09593
C09594,2025-01-01,S,normal,D09594,A09594,P09594
C09595,2025-01-01,W,normal,D09595,A09595,P09595
C09596,2025-06-01,S,normal,D09596,A09596,P09596
C09597,2025-01-01,N,normal,D09597,A09597,P09597
C09598,2025-01-01,E,normal,D09598,A09598,P09598
C09599,2025-07-18,S,normal,D09599,A09599,P09599
C09600,2025-01-01,S,normal,D09600,A09600,P09600
C09601,2025-01-01,NE,normal,D09601,A09601,P09601
C09602,2025-01-01,NE,normal,D09602,A09602,P09602
C09603,2025-01-01,E,normal,D09603,A09603,P09603
C09604,2025-01-01,N,normal,D09604,A09604,P09604
C09605,2025-01-01,E,frequent_legit,D09605,A09605,P09605
C09606,2025-01-01,NE,normal,D09606,A09606,P09606
C09607,2025-01-01,W,normal,D09607,A09607,P09607
C09608,2025-02-14,N,abusive,D09608,A09608,P09608
C09609,2025-12-12,N,normal,D09609,A09609,P09609
C09610,2025-01-01,N,frequent_legit,D09610,A09610,P09610
C09611,2025-01-01,W,normal,D09611,A09611,P09611
C09612,2025-10-17,S,normal,D09612,A09612,P09612
C09613,2025-01-01,S,normal,D09613,A09613,P09613
C09614,2025-01-01,S,normal,D09614,A09614,P09614
C09615,2025-01-01,N,normal,D09615,A09615,P09615
C09616,2025-01-01,W,normal,D09616,A09616,P09616
C09617,2025-01-01,S,normal,D09617,A09617,P09617
C09618,2025-01-01,N,normal,D09618,A09618,P09618
C09619,2025-05-10,E,normal,D09619,A09619,P09619
C09620,2025-01-01,E,normal,D09620,A09620,P09620
C09621,2025-01-01,E,normal,D09621,A09621,P09621
C09622,2025-01-01,W,frequent_legit,D09622,A09622,P09622
C09623,2025-01-01,N,normal,D09623,A09623,P09623
C09624,2025-01-16,N,normal,D09624,A09624,P09624
C09625,2025-01-01,N,normal,D09625,A09625,P09625
C09626,2025-01-01,E,normal,D09626,A09626,P09626
C09627,2025-01-01,W,normal,D09627,A09627,P09627
C09628,2025-09-25,S,frequent_legit,D09628,A09628,P09628
C09629,2025-01-01,W,normal,D09629,A09629,P09629
C09630,2025-01-01,W,normal,D09630,A09630,P09630
C09631,2025-11-29,NE,frequent_legit,D09631,A09631,P09631
C09632,2025-01-01,S,normal,D09632,A09632,P09632
C09633,2025-01-01,N,normal,D09633,A09633,P09633
C09634,2025-01-01,W,normal,D09634,A09634,P09634
C09635,2025-01-01,W,normal,D09635,A09635,P09635
C09636,2025-01-01,E,normal,D09636,A09636,P09636
C09637,2025-01-01,W,normal,D09637,A09637,P09637
C09638,2025-01-01,S,normal,D09638,A09638,P09638
C09639,2025-01-01,E,normal,D09639,A09639,P09639
C09640,2025-06-01,N,normal,D09640,A09640,P09640
C09641,2025-01-01,S,normal,D09641,A09641,P09641
C09642,2025-01-01,N,normal,D09642,A09642,P09642
C09643,2025-01-01,N,normal,D09643,A09643,P09643
C09644,2025-01-20,N,normal,D09644,A09644,P09644
C09645,2025-01-01,E,normal,D09645,A09645,P09645
C09646,2025-01-01,W,normal,D09646,A09646,P09646
C09647,2025-04-30,S,normal,D09647,A09647,P09647
C09648,2025-01-01,S,normal,D09648,A09648,P09648
C09649,2025-01-01,N,normal,D09649,A09649,P09649
C09650,2025-01-01,S,normal,D09650,A09650,P09650
C09651,2025-01-01,S,normal,D09651,A09651,P09651
C09652,2025-01-01,E,normal,D09652,A09652,P09652
C09653,2025-01-11,W,normal,D09653,A09653,P09653
C09654,2025-06-12,S,normal,D09654,A09654,P09654
C09655,2025-01-01,E,normal,D09655,A09655,P09655
C09656,2025-01-01,E,normal,D09656,A09656,P09656
C09657,2025-03-16,N,normal,D09657,A09657,P09657
C09658,2025-10-15,S,frequent_legit,D09658,A09658,P09658
C09659,2025-01-01,N,normal,D09659,A09659,P09659
C09660,2025-01-01,S,normal,D09660,A09660,P09660
C09661,2025-01-01,W,normal,D09661,A09661,P09661
C09662,2025-01-01,S,normal,D09662,A09662,P09662
C09663,2025-04-07,S,normal,D09663,A09663,P09663
C09664,2025-01-01,N,normal,D09664,A09664,P09664
C09665,2025-01-01,S,normal,D09665,A09665,P09665
C09666,2025-02-06,W,frequent_legit,D09666,A09666,P09666
C09667,2025-01-01,S,coordinated,DCO0021,ACO0021,PCO0021
C09668,2025-01-01,W,frequent_legit,D09668,A09668,P09668
C09669,2025-07-02,N,normal,D09669,A09669,P09669
C09670,2025-01-01,N,normal,D09670,A09670,P09670
C09671,2025-01-01,S,frequent_legit,D09671,A09671,P09671
C09672,2025-01-01,W,frequent_legit,D09672,A09672,P09672
C09673,2025-12-04,N,normal,D09673,A09673,P09673
C09674,2025-01-01,W,normal,D09674,A09674,P09674
C09675,2025-01-01,N,normal,D09675,A09675,P09675
C09676,2025-01-01,E,normal,D09676,A09676,P09676
C09677,2025-01-01,E,normal,D09677,A09677,P09677
C09678,2025-01-01,E,normal,D09678,A09678,P09678
C09679,2025-01-01,S,normal,D09679,A09679,P09679
C09680,2025-01-01,N,normal,D09680,A09680,P09680
C09681,2025-01-01,W,normal,D09681,A09681,P09681
C09682,2025-01-01,E,frequent_legit,D09682,A09682,P09682
C09683,2025-01-01,N,normal,D09683,A09683,P09683
C09684,2025-02-12,S,normal,D09684,A09684,P09684
C09685,2025-01-01,N,normal,D09685,A09685,P09685
C09686,2025-01-01,S,normal,D09686,A09686,P09686
C09687,2025-01-01,S,normal,D09687,A09687,P09687
C09688,2025-01-01,N,normal,D09688,A09688,P09688
C09689,2025-01-01,S,normal,D09689,A09689,P09689
C09690,2025-01-01,E,normal,D09690,A09690,P09690
C09691,2025-01-01,W,normal,D09691,A09691,P09691
C09692,2025-07-18,E,normal,D09692,A09692,P09692
C09693,2025-01-01,S,normal,D09693,A09693,P09693
C09694,2025-04-20,W,normal,D09694,A09694,P09694
C09695,2025-08-16,N,normal,D09695,A09695,P09695
C09696,2025-01-01,E,normal,D09696,A09696,P09696
C09697,2025-01-01,N,normal,D09697,A09697,P09697
C09698,2025-01-01,N,normal,D09698,A09698,P09698
C09699,2025-01-20,E,normal,D09699,A09699,P09699
C09700,2025-01-23,N,normal,D09700,A09700,P09700
C09701,2025-01-01,E,normal,D09701,A09701,P09701
C09702,2025-01-01,E,abusive,D09702,A09702,P09702
C09703,2025-01-01,N,normal,D09703,A09703,P09703
C09704,2025-01-01,S,normal,D09704,A09704,P09704
C09705,2025-06-14,E,normal,D09705,A09705,P09705
C09706,2025-01-01,E,normal,D09706,A09706,P09706
C09707,2025-01-01,W,frequent_legit,D09707,A09707,P09707
C09708,2025-01-01,S,normal,D09708,A09708,P09708
C09709,2025-01-01,W,normal,D09709,A09709,P09709
C09710,2025-01-01,S,normal,D09710,A09710,P09710
C09711,2025-01-01,N,normal,D09711,A09711,P09711
C09712,2025-03-28,E,normal,D09712,A09712,P09712
C09713,2025-01-01,N,normal,D09713,A09713,P09713
C09714,2025-01-01,N,normal,D09714,A09714,P09714
C09715,2025-01-01,N,normal,D09715,A09715,P09715
C09716,2025-01-06,W,normal,D09716,A09716,P09716
C09717,2025-01-01,W,normal,D09717,A09717,P09717
C09718,2025-01-01,NE,normal,D09718,A09718,P09718
C09719,2025-01-01,S,normal,D09719,A09719,P09719
C09720,2025-01-01,S,normal,D09720,A09720,P09720
C09721,2025-01-01,W,abusive,D09721,A09721,P09721
C09722,2025-01-01,S,normal,D09722,A09722,P09722
C09723,2025-01-01,S,normal,D09723,A09723,P09723
C09724,2025-10-27,N,normal,D09724,A09724,P09724
C09725,2025-01-01,E,normal,D09725,A09725,P09725
C09726,2025-01-01,E,normal,D09726,A09726,P09726
C09727,2025-01-01,S,normal,D09727,A09727,P09727
C09728,2025-01-01,N,normal,D09728,A09728,P09728
C09729,2025-01-01,W,frequent_legit,D09729,A09729,P09729
C09730,2025-01-01,E,normal,D09730,A09730,P09730
C09731,2025-01-01,N,normal,D09731,A09731,P09731
C09732,2025-01-01,S,coordinated,DCO0021,ACO0021,PCO0021
C09733,2025-01-01,NE,normal,D09733,A09733,P09733
C09734,2025-11-05,E,normal,D09734,A09734,P09734
C09735,2025-03-15,E,normal,D09735,A09735,P09735
C09736,2025-01-01,E,normal,D09736,A09736,P09736
C09737,2025-01-01,NE,normal,D09737,A09737,P09737
C09738,2025-01-01,S,normal,D09738,A09738,P09738
C09739,2025-01-01,S,normal,D09739,A09739,P09739
C09740,2025-01-01,S,normal,D09740,A09740,P09740
C09741,2025-01-01,W,normal,D09741,A09741,P09741
C09742,2025-01-01,N,normal,D09742,A09742,P09742
C09743,2025-01-01,N,normal,D09743,A09743,P09743
C09744,2025-01-01,N,normal,D09744,A09744,P09744
C09745,2025-01-01,E,normal,D09745,A09745,P09745
C09746,2025-01-01,E,normal,D09746,A09746,P09746
C09747,2025-01-01,S,normal,D09747,A09747,P09747
C09748,2025-01-01,N,normal,D09748,A09748,P09748
C09749,2025-01-01,W,normal,D09749,A09749,P09749
C09750,2025-01-01,N,frequent_legit,D09750,A09750,P09750
C09751,2025-01-01,W,normal,D09751,A09751,P09751
C09752,2025-01-01,N,normal,D09752,A09752,P09752
C09753,2025-07-15,W,normal,D09753,A09753,P09753
C09754,2025-01-01,S,normal,D09754,A09754,P09754
C09755,2025-01-01,E,normal,D09755,A09755,P09755
C09756,2025-01-01,N,normal,D09756,A09756,P09756
C09757,2025-01-01,N,normal,D09757,A09757,P09757
C09758,2025-01-01,E,normal,D09758,A09758,P09758
C09759,2025-01-01,S,normal,D09759,A09759,P09759
C09760,2025-01-01,W,normal,D09760,A09760,P09760
C09761,2025-01-01,E,normal,D09761,A09761,P09761
C09762,2025-05-03,E,normal,D09762,A09762,P09762
C09763,2025-01-01,W,normal,D09763,A09763,P09763
C09764,2025-01-01,S,normal,D09764,A09764,P09764
C09765,2025-01-01,W,normal,D09765,A09765,P09765
C09766,2025-01-01,S,normal,D09766,A09766,P09766
C09767,2025-01-01,S,normal,D09767,A09767,P09767
C09768,2025-01-01,W,normal,D09768,A09768,P09768
C09769,2025-01-01,N,normal,D09769,A09769,P09769
C09770,2025-01-01,N,normal,D09770,A09770,P09770
C09771,2025-02-15,N,normal,D09771,A09771,P09771
C09772,2025-01-01,S,normal,D09772,A09772,P09772
C09773,2025-01-01,E,normal,D09773,A09773,P09773
C09774,2025-01-01,N,normal,D09774,A09774,P09774
C09775,2025-01-01,N,normal,D09775,A09775,P09775
C09776,2025-01-01,S,normal,D09776,A09776,P09776
C09777,2025-01-01,S,normal,D09777,A09777,P09777
C09778,2025-01-01,N,normal,D09778,A09778,P09778
C09779,2025-10-01,N,normal,D09779,A09779,P09779
C09780,2025-01-01,W,normal,D09780,A09780,P09780
C09781,2025-02-02,E,normal,D09781,A09781,P09781
C09782,2025-12-17,S,normal,D09782,A09782,P09782
C09783,2025-01-01,N,normal,D09783,A09783,P09783
C09784,2025-03-20,N,normal,D09784,A09784,P09784
C09785,2025-01-01,S,normal,D09785,A09785,P09785
C09786,2025-08-05,S,normal,D09786,A09786,P09786
C09787,2025-01-01,W,normal,D09787,A09787,P09787
C09788,2025-01-01,W,normal,D09788,A09788,P09788
C09789,2025-01-01,S,frequent_legit,D09789,A09789,P09789
C09790,2025-01-01,N,normal,D09790,A09790,P09790
C09791,2025-01-01,E,normal,D09791,A09791,P09791
C09792,2025-01-01,W,normal,D09792,A09792,P09792
C09793,2025-10-31,N,normal,D09793,A09793,P09793
C09794,2025-01-01,W,normal,D09794,A09794,P09794
C09795,2025-01-01,N,normal,D09795,A09795,P09795
C09796,2025-01-01,E,normal,D09796,A09796,P09796
C09797,2025-01-01,N,normal,D09797,A09797,P09797
C09798,2025-02-17,E,normal,D09798,A09798,P09798
C09799,2025-01-01,N,normal,D09799,A09799,P09799
C09800,2025-01-01,S,normal,D09800,A09800,P09800
C09801,2025-01-01,E,normal,D09801,A09801,P09801
C09802,2025-01-01,E,normal,D09802,A09802,P09802
C09803,2025-07-24,E,normal,D09803,A09803,P09803
C09804,2025-01-01,N,normal,D09804,A09804,P09804
C09805,2025-08-27,E,normal,D09805,A09805,P09805
C09806,2025-01-01,N,normal,D09806,A09806,P09806
C09807,2025-01-01,E,normal,D09807,A09807,P09807
C09808,2025-09-15,N,normal,D09808,A09808,P09808
C09809,2025-03-21,S,normal,D09809,A09809,P09809
C09810,2025-01-01,S,normal,D09810,A09810,P09810
C09811,2025-01-01,NE,normal,D09811,A09811,P09811
C09812,2025-07-26,E,normal,D09812,A09812,P09812
C09813,2025-01-01,N,normal,D09813,A09813,P09813
C09814,2025-01-01,E,frequent_legit,D09814,A09814,P09814
C09815,2025-01-01,N,normal,D09815,A09815,P09815
C09816,2025-01-01,S,normal,D09816,A09816,P09816
C09817,2025-01-01,S,normal,D09817,A09817,P09817
C09818,2025-01-01,W,normal,D09818,A09818,P09818
C09819,2025-09-19,NE,normal,D09819,A09819,P09819
C09820,2025-01-01,W,normal,D09820,A09820,P09820
C09821,2025-01-01,N,frequent_legit,D09821,A09821,P09821
C09822,2025-01-01,N,normal,D09822,A09822,P09822
C09823,2025-01-01,W,normal,D09823,A09823,P09823
C09824,2025-01-01,S,normal,D09824,A09824,P09824
C09825,2025-01-01,E,normal,D09825,A09825,P09825
C09826,2025-01-07,NE,frequent_legit,D09826,A09826,P09826
C09827,2025-01-01,N,normal,D09827,A09827,P09827
C09828,2025-01-24,S,normal,D09828,A09828,P09828
C09829,2025-01-01,W,normal,D09829,A09829,P09829
C09830,2025-01-01,E,normal,D09830,A09830,P09830
C09831,2025-01-01,W,normal,D09831,A09831,P09831
C09832,2025-01-01,E,normal,D09832,A09832,P09832
C09833,2025-01-01,S,normal,D09833,A09833,P09833
C09834,2025-01-01,W,normal,D09834,A09834,P09834
C09835,2025-07-11,W,normal,D09835,A09835,P09835
C09836,2025-01-01,W,normal,D09836,A09836,P09836
C09837,2025-01-01,S,normal,D09837,A09837,P09837
C09838,2025-11-17,S,normal,D09838,A09838,P09838
C09839,2025-07-10,S,frequent_legit,D09839,A09839,P09839
C09840,2025-01-13,N,normal,D09840,A09840,P09840
C09841,2025-12-05,NE,normal,D09841,A09841,P09841
C09842,2025-01-01,NE,normal,D09842,A09842,P09842
C09843,2025-09-17,S,normal,D09843,A09843,P09843
C09844,2025-01-01,NE,normal,D09844,A09844,P09844
C09845,2025-01-01,S,normal,D09845,A09845,P09845
C09846,2025-01-01,W,normal,D09846,A09846,P09846
C09847,2025-07-20,E,normal,D09847,A09847,P09847
C09848,2025-07-28,E,normal,D09848,A09848,P09848
C09849,2025-01-01,E,normal,D09849,A09849,P09849
C09850,2025-01-01,E,normal,D09850,A09850,P09850
C09851,2025-01-01,W,normal,D09851,A09851,P09851
C09852,2025-01-12,S,normal,D09852,A09852,P09852
C09853,2025-12-02,W,normal,D09853,A09853,P09853
C09854,2025-01-01,N,normal,D09854,A09854,P09854
C09855,2025-01-01,N,normal,D09855,A09855,P09855
C09856,2025-06-02,E,normal,D09856,A09856,P09856
C09857,2025-11-29,W,normal,D09857,A09857,P09857
C09858,2025-01-01,W,normal,D09858,A09858,P09858
C09859,2025-06-06,N,normal,D09859,A09859,P09859
C09860,2025-01-01,N,normal,D09860,A09860,P09860
C09861,2025-01-01,S,normal,D09861,A09861,P09861
C09862,2025-11-19,W,normal,D09862,A09862,P09862
C09863,2025-01-01,NE,frequent_legit,D09863,A09863,P09863
C09864,2025-01-01,W,normal,D09864,A09864,P09864
C09865,2025-10-30,S,normal,D09865,A09865,P09865
C09866,2025-01-01,W,normal,D09866,A09866,P09866
C09867,2025-01-01,N,normal,D09867,A09867,P09867
C09868,2025-01-01,W,normal,D09868,A09868,P09868
C09869,2025-01-01,E,frequent_legit,D09869,A09869,P09869
C09870,2025-01-01,S,normal,D09870,A09870,P09870
C09871,2025-01-01,E,normal,D09871,A09871,P09871
C09872,2025-01-01,W,normal,D09872,A09872,P09872
C09873,2025-01-01,N,normal,D09873,A09873,P09873
C09874,2025-01-01,N,normal,D09874,A09874,P09874
C09875,2025-01-01,W,normal,D09875,A09875,P09875
C09876,2025-10-22,NE,normal,D09876,A09876,P09876
C09877,2025-01-01,E,normal,D09877,A09877,P09877
C09878,2025-01-01,N,normal,D09878,A09878,P09878
C09879,2025-01-01,E,normal,D09879,A09879,P09879
C09880,2025-01-01,N,normal,D09880,A09880,P09880
C09881,2025-01-01,S,normal,D09881,A09881,P09881
C09882,2025-04-08,N,normal,D09882,A09882,P09882
C09883,2025-01-01,S,normal,D09883,A09883,P09883
C09884,2025-01-01,S,normal,D09884,A09884,P09884
C09885,2025-01-01,N,normal,D09885,A09885,P09885
C09886,2025-01-01,S,normal,D09886,A09886,P09886
C09887,2025-12-10,E,normal,D09887,A09887,P09887
C09888,2025-01-01,S,normal,D09888,A09888,P09888
C09889,2025-01-01,N,frequent_legit,D09889,A09889,P09889
C09890,2025-01-01,S,normal,D09890,A09890,P09890
C09891,2025-07-23,W,normal,D09891,A09891,P09891
C09892,2025-01-01,W,normal,D09892,A09892,P09892
C09893,2025-08-27,S,normal,D09893,A09893,P09893
C09894,2025-01-01,E,normal,D09894,A09894,P09894
C09895,2025-01-01,W,normal,D09895,A09895,P09895
C09896,2025-01-01,E,normal,D09896,A09896,P09896
C09897,2025-01-01,S,normal,D09897,A09897,P09897
C09898,2025-01-01,N,normal,D09898,A09898,P09898
C09899,2025-06-12,S,frequent_legit,D09899,A09899,P09899
C09900,2025-01-01,S,normal,D09900,A09900,P09900
C09901,2025-01-01,S,normal,D09901,A09901,P09901
C09902,2025-01-01,NE,normal,D09902,A09902,P09902
C09903,2025-01-01,N,normal,D09903,A09903,P09903
C09904,2025-01-01,S,normal,D09904,A09904,P09904
C09905,2025-01-01,NE,normal,D09905,A09905,P09905
C09906,2025-01-01,E,normal,D09906,A09906,P09906
C09907,2025-01-01,N,normal,D09907,A09907,P09907
C09908,2025-07-27,NE,normal,D09908,A09908,P09908
C09909,2025-01-01,S,normal,D09909,A09909,P09909
C09910,2025-01-01,N,normal,D09910,A09910,P09910
C09911,2025-01-01,S,normal,D09911,A09911,P09911
C09912,2025-01-01,N,normal,D09912,A09912,P09912
C09913,2025-03-05,W,normal,D09913,A09913,P09913
C09914,2025-01-01,N,normal,D09914,A09914,P09914
C09915,2025-01-01,W,normal,D09915,A09915,P09915
C09916,2025-01-01,N,normal,D09916,A09916,P09916
C09917,2025-01-01,W,normal,D09917,A09917,P09917
C09918,2025-01-01,N,normal,D09918,A09918,P09918
C09919,2025-10-31,W,normal,D09919,A09919,P09919
C09920,2025-01-01,N,normal,D09920,A09920,P09920
C09921,2025-01-15,W,normal,D09921,A09921,P09921
C09922,2025-01-01,W,normal,D09922,A09922,P09922
C09923,2025-01-01,E,normal,D09923,A09923,P09923
C09924,2025-01-01,N,normal,D09924,A09924,P09924
C09925,2025-01-01,E,abusive,D09925,A09925,P09925
C09926,2025-01-01,E,normal,D09926,A09926,P09926
C09927,2025-01-01,S,normal,D09927,A09927,P09927
C09928,2025-01-01,E,normal,D09928,A09928,P09928
C09929,2025-01-01,NE,normal,D09929,A09929,P09929
C09930,2025-01-01,NE,normal,D09930,A09930,P09930
C09931,2025-01-01,S,normal,D09931,A09931,P09931
C09932,2025-01-01,N,normal,D09932,A09932,P09932
C09933,2025-10-23,N,normal,D09933,A09933,P09933
C09934,2025-01-01,W,normal,D09934,A09934,P09934
C09935,2025-01-01,NE,normal,D09935,A09935,P09935
C09936,2025-01-01,S,normal,D09936,A09936,P09936
C09937,2025-01-01,N,normal,D09937,A09937,P09937
C09938,2025-01-01,S,normal,D09938,A09938,P09938
C09939,2025-01-01,S,normal,D09939,A09939,P09939
C09940,2025-01-01,NE,frequent_legit,D09940,A09940,P09940
C09941,2025-01-01,E,normal,D09941,A09941,P09941
C09942,2025-05-09,N,normal,D09942,A09942,P09942
C09943,2025-01-01,S,normal,D09943,A09943,P09943
C09944,2025-01-01,N,normal,D09944,A09944,P09944
C09945,2025-01-01,E,normal,D09945,A09945,P09945
C09946,2025-01-01,E,normal,D09946,A09946,P09946
C09947,2025-01-01,N,normal,D09947,A09947,P09947
C09948,2025-01-01,S,normal,D09948,A09948,P09948
C09949,2025-01-01,W,normal,D09949,A09949,P09949
C09950,2025-01-01,W,normal,D09950,A09950,P09950
C09951,2025-01-01,E,coordinated,DCO0021,ACO0021,PCO0021
C09952,2025-01-01,S,normal,D09952,A09952,P09952
C09953,2025-01-01,NE,normal,D09953,A09953,P09953
C09954,2025-01-01,W,normal,D09954,A09954,P09954
C09955,2025-04-15,NE,normal,D09955,A09955,P09955
C09956,2025-01-01,N,normal,D09956,A09956,P09956
C09957,2025-01-01,N,normal,D09957,A09957,P09957
C09958,2025-02-01,N,normal,D09958,A09958,P09958
C09959,2025-01-01,W,normal,D09959,A09959,P09959
C09960,2025-01-01,E,normal,D09960,A09960,P09960
C09961,2025-01-01,N,normal,D09961,A09961,P09961
C09962,2025-01-01,NE,normal,D09962,A09962,P09962
C09963,2025-01-01,NE,abusive,D09963,A09963,P09963
C09964,2025-01-01,N,normal,D09964,A09964,P09964
C09965,2025-01-01,E,normal,D09965,A09965,P09965
C09966,2025-01-01,E,normal,D09966,A09966,P09966
C09967,2025-01-01,N,normal,D09967,A09967,P09967
C09968,2025-01-01,E,normal,D09968,A09968,P09968
C09969,2025-01-01,N,normal,D09969,A09969,P09969
C09970,2025-11-04,W,normal,D09970,A09970,P09970
C09971,2025-01-01,W,normal,D09971,A09971,P09971
C09972,2025-01-01,W,abusive,D09972,A09972,P09972
C09973,2025-01-01,W,normal,D09973,A09973,P09973
C09974,2025-01-01,N,normal,D09974,A09974,P09974
C09975,2025-01-01,S,normal,D09975,A09975,P09975
C09976,2025-01-01,E,normal,D09976,A09976,P09976
C09977,2025-04-18,S,normal,D09977,A09977,P09977
C09978,2025-01-01,E,normal,D09978,A09978,P09978
C09979,2025-09-30,S,normal,D09979,A09979,P09979
C09980,2025-01-01,N,normal,D09980,A09980,P09980
C09981,2025-01-01,S,normal,D09981,A09981,P09981
C09982,2025-01-01,E,abusive,D09982,A09982,P09982
C09983,2025-01-01,S,normal,D09983,A09983,P09983
C09984,2025-01-01,E,normal,D09984,A09984,P09984
C09985,2025-01-01,S,frequent_legit,D09985,A09985,P09985
C09986,2025-01-01,W,normal,D09986,A09986,P09986
C09987,2025-11-16,E,normal,D09987,A09987,P09987
C09988,2025-01-01,E,normal,D09988,A09988,P09988
C09989,2025-02-23,S,normal,D09989,A09989,P09989
C09990,2025-01-01,S,normal,D09990,A09990,P09990
C09991,2025-11-30,N,normal,D09991,A09991,P09991
C09992,2025-01-01,E,normal,D09992,A09992,P09992
C09993,2025-01-01,N,normal,D09993,A09993,P09993
C09994,2025-01-01,W,normal,D09994,A09994,P09994
C09995,2025-01-01,W,normal,D09995,A09995,P09995
C09996,2025-01-01,S,normal,D09996,A09996,P09996
C09997,2025-03-06,W,normal,D09997,A09997,P09997
C09998,2025-01-01,E,normal,D09998,A09998,P09998
C09999,2025-01-01,N,normal,D09999,A09999,P09999
