return_id,order_id,customer_id,return_requested_at,return_reason,return_value
R000000,O000003,C00371,2025-01-08 22:06:31.148428158,changed_mind,1893.52
R000001,O000004,C08536,2025-01-06 18:05:59.031811046,changed_mind,1258.59
R000002,O000012,C02924,2025-01-04 12:53:06.141621678,not_as_described,15846.21
R000003,O000015,C09934,2025-01-04 16:21:02.681585154,wrong_item,1331.07
R000004,O000026,C05704,2025-01-03 21:40:00.537138919,not_as_described,1194.11
R000005,O000043,C02197,2025-01-07 05:41:15.826805710,size_fit,2316.08
R000006,O000049,C07605,2025-01-06 11:21:04.288518284,wrong_item,889.66
R000007,O000061,C07721,2025-01-04 07:42:22.683507649,damaged,979.25
R000008,O000062,C07075,2025-01-04 09:18:11.742423973,size_fit,2691.67
R000009,O000081,C01874,2025-01-08 19:50:45.581720031,changed_mind,1062.71
R000010,O000095,C05441,2025-01-09 13:35:36.653584754,not_as_described,1721.95
R000011,O000114,C08229,2025-01-07 06:49:32.183195124,not_as_described,2767.56
R000012,O000132,C08160,2025-01-07 09:15:06.378937984,not_as_described,1092.93
R000013,O000165,C01549,2025-01-04 04:57:29.288634685,not_as_described,7572.35
R000014,O000174,C02920,2025-01-06 22:01:25.284443732,wrong_item,23214.85
R000015,O000201,C05030,2025-01-08 20:20:21.712483802,not_as_described,4712.33
R000016,O000205,C07900,2025-01-08 23:43:31.968074812,damaged,7240.01
R000017,O000220,C03923,2025-01-11 01:44:18.412013842,size_fit,2984.22
R000018,O000222,C08267,2025-01-04 09:30:56.556595612,size_fit,5812.1
R000019,O000241,C01687,2025-01-07 21:02:09.645696481,size_fit,1097.48
R000020,O000245,C09102,2025-01-05 20:01:54.983007408,not_as_described,2604.65
R000021,O000253,C07638,2025-01-07 16:27:41.034745900,damaged,273.05
R000022,O000255,C01920,2025-01-11 14:36:07.814761657,size_fit,1756.62
R000023,O000257,C09255,2025-01-11 17:29:07.823889830,changed_mind,718.61
R000024,O000260,C03662,2025-01-08 10:12:46.326550129,not_as_described,2576.43
R000025,O000277,C01130,2025-01-06 16:21:59.532154066,size_fit,575.1
R000026,O000297,C02168,2025-01-09 05:40:57.806018454,not_as_described,1046.65
R000027,O000300,C01521,2025-01-10 03:44:11.437085749,damaged,3500.25
R000028,O000310,C01334,2025-01-08 09:10:35.045824800,size_fit,424.2
R000029,O000318,C01075,2025-01-06 13:34:35.503673930,size_fit,3702.38
R000030,O000320,C03476,2025-01-09 23:50:58.088512197,size_fit,4618.22
R000031,O000321,C02887,2025-01-08 13:09:41.409251776,changed_mind,2770.84
R000032,O000351,C04370,2025-01-04 09:56:36.525310036,size_fit,3941.71
R000033,O000372,C09482,2025-01-11 00:55:16.973952254,not_as_described,528.39
R000034,O000388,C02737,2025-01-09 09:21:15.415325233,changed_mind,191.19
R000035,O000401,C09839,2025-01-07 18:39:54.962782477,not_as_described,996.21
R000036,O000416,C05585,2025-01-05 15:07:03.650679926,changed_mind,1312.68
R000037,O000426,C02985,2025-01-09 11:30:31.536440715,damaged,607.85
R000038,O000441,C01828,2025-01-10 08:36:54.058612626,not_as_described,1332.47
R000039,O000469,C05481,2025-01-06 13:19:29.119986883,changed_mind,4481.1
R000040,O000472,C01985,2025-01-06 12:18:45.236561302,size_fit,3559.48
R000041,O000476,C00853,2025-01-06 01:18:56.597990522,size_fit,2303.28
R000042,O000480,C03294,2025-01-07 20:30:28.273610257,not_as_described,9618.55
R000043,O000493,C08689,2025-01-08 12:28:47.542662418,wrong_item,3257.83
R000044,O000501,C04904,2025-01-06 11:04:54.049856937,size_fit,18168.07
R000045,O000510,C08536,2025-01-05 18:43:03.507089570,size_fit,4816.33
R000046,O000523,C09226,2025-01-06 06:52:56.513814776,damaged,682.15
R000047,O000530,C06719,2025-01-05 23:55:05.402932039,size_fit,1788.14
R000048,O000541,C05662,2025-01-06 21:43:05.440502247,size_fit,1344.46
R000049,O000563,C01843,2025-01-07 16:03:37.712002525,not_as_described,1380.03
R000050,O000567,C05057,2025-01-10 10:13:06.942823647,damaged,2094.85
R000051,O000577,C07220,2025-01-12 04:53:12.948385297,wrong_item,1275.32
R000052,O000581,C09046,2025-01-08 04:33:09.949328902,not_as_described,2320.55
R000053,O000585,C03547,2025-01-08 09:44:54.458491628,size_fit,4576.93
R000054,O000595,C09279,2025-01-07 20:35:24.405982764,damaged,1965.64
R000055,O000601,C03779,2025-01-09 20:47:21.432407877,wrong_item,7162.28
R000056,O000624,C03375,2025-01-13 03:26:12.372625989,size_fit,10601.08
R000057,O000629,C09450,2025-01-05 18:57:49.522317098,size_fit,3898.62
R000058,O000634,C04092,2025-01-10 05:05:25.659591342,size_fit,465.91
R000059,O000651,C02102,2025-01-08 03:05:35.584276484,damaged,3102.07
R000060,O000664,C06762,2025-01-08 22:35:10.699807891,wrong_item,3780.92
R000061,O000683,C02168,2025-01-07 21:51:09.557859927,size_fit,230.55
R000062,O000685,C05032,2025-01-06 15:49:09.175516698,changed_mind,3299.67
R000063,O000698,C00143,2025-01-13 21:31:49.299520616,damaged,168.62
R000064,O000735,C02079,2025-01-07 13:16:53.679362775,damaged,1119.89
R000065,O000743,C09847,2025-01-09 10:14:08.786945961,damaged,362.47
R000066,O000753,C00580,2025-01-11 18:16:41.759064249,size_fit,4385.37
R000067,O000762,C07270,2025-01-06 19:05:52.143583502,damaged,2325.63
R000068,O000776,C07317,2025-01-09 17:33:33.861299432,not_as_described,1442.32
R000069,O000789,C09600,2025-01-10 02:32:43.237734518,not_as_described,2938.54
R000070,O000807,C06997,2025-01-08 03:04:20.843849272,damaged,5512.82
R000071,O000819,C01240,2025-01-10 05:05:03.863395683,not_as_described,1285.11
R000072,O000825,C00468,2025-01-10 04:30:57.843620038,not_as_described,3251.69
R000073,O000826,C06727,2025-01-07 22:00:48.762779342,changed_mind,1544.6
R000074,O000836,C07983,2025-01-08 12:53:28.620470169,damaged,2882.17
R000075,O000838,C07331,2025-01-09 10:25:45.657936930,damaged,3619.92
R000076,O000891,C05206,2025-01-15 17:16:02.747309890,damaged,1667.2
R000077,O000896,C01618,2025-01-09 16:15:45.692815114,wrong_item,7008.16
R000078,O000914,C09220,2025-01-09 06:24:02.210569488,not_as_described,1934.58
R000079,O000916,C09982,2025-01-07 06:10:51.002728575,size_fit,22291.41
R000080,O000918,C00872,2025-01-08 21:11:13.803667173,not_as_described,5827.64
R000081,O000919,C03602,2025-01-10 02:05:28.402093035,size_fit,15249.31
R000082,O000920,C02760,2025-01-08 13:20:30.395694696,damaged,2780.88
R000083,O000933,C08060,2025-01-08 12:12:10.402435814,not_as_described,3358.9
R000084,O000967,C03304,2025-01-10 02:54:25.841999818,damaged,14708.62
R000085,O000988,C09526,2025-01-12 01:24:36.613557180,wrong_item,6265.1
R000086,O001009,C08354,2025-01-08 17:33:53.239737650,changed_mind,1149.75
R000087,O001012,C05574,2025-01-08 10:47:27.392346322,changed_mind,3267.32
R000088,O001017,C00627,2025-01-11 07:27:41.388399356,size_fit,390.47
R000089,O001018,C07127,2025-01-10 12:40:51.322497682,not_as_described,1307.06
R000090,O001033,C05103,2025-01-08 04:11:51.041644630,size_fit,2742.59
R000091,O001035,C03841,2025-01-13 16:07:16.453383258,size_fit,1574.51
R000092,O001044,C00776,2025-01-08 00:19:28.257658136,changed_mind,5051.05
R000093,O001060,C06468,2025-01-10 20:18:54.693026186,size_fit,593.92
R000094,O001061,C02225,2025-01-11 09:44:05.458648099,changed_mind,1154.7
R000095,O001072,C04233,2025-01-12 05:32:37.044520162,size_fit,7068.13
R000096,O001104,C00173,2025-01-09 23:48:15.520651221,not_as_described,889.17
R000097,O001120,C05444,2025-01-13 02:56:41.213871200,wrong_item,4736.94
R000098,O001128,C09158,2025-01-12 19:06:50.421090661,wrong_item,10858.57
R000099,O001129,C06372,2025-01-13 11:13:40.983649593,not_as_described,3638.97
R000100,O001130,C06853,2025-01-13 22:33:21.583526864,not_as_described,7593.23
R000101,O001136,C01081,2025-01-15 14:19:03.168688288,wrong_item,1068.63
R000102,O001157,C00142,2025-01-13 15:24:15.514391602,changed_mind,1475.16
R000103,O001160,C05342,2025-01-14 08:35:57.511383432,damaged,1538.72
R000104,O001169,C07435,2025-01-09 12:32:24.513586375,size_fit,331.89
R000105,O001171,C09867,2025-01-13 18:03:37.456521177,changed_mind,2031.16
R000106,O001173,C02207,2025-01-10 19:04:16.843106751,wrong_item,2555.54
R000107,O001176,C08326,2025-01-09 10:00:04.366464811,wrong_item,7483.63
R000108,O001179,C09504,2025-01-22 08:17:36.753816876,size_fit,6733.34
R000109,O001187,C05668,2025-01-12 06:50:26.123478766,wrong_item,2475.87
R000110,O001202,C05525,2025-01-16 15:11:13.086071091,changed_mind,3819.94
R000111,O001205,C06485,2025-01-11 23:20:02.614747858,size_fit,13096.93
R000112,O001223,C01390,2025-01-14 16:53:22.557328850,wrong_item,1696.59
R000113,O001228,C02726,2025-01-14 00:23:33.634672666,not_as_described,2846.47
R000114,O001234,C01448,2025-01-10 15:37:05.361361590,not_as_described,3991.26
R000115,O001294,C05969,2025-01-11 00:26:24.546996780,size_fit,951.4
R000116,O001302,C09869,2025-01-22 03:44:37.236218082,size_fit,5365.66
R000117,O001311,C08226,2025-01-17 10:03:30.524627217,size_fit,1145.78
R000118,O001322,C08652,2025-01-13 02:05:38.596610461,size_fit,8483.48
R000119,O001333,C03010,2025-01-14 15:37:39.168222798,size_fit,2951.81
R000120,O001338,C09463,2025-01-11 13:00:30.258441233,wrong_item,488.73
R000121,O001344,C02017,2025-01-21 04:49:46.994516180,not_as_described,2299.98
R000122,O001352,C04784,2025-01-11 02:22:44.801311573,wrong_item,4888.76
R000123,O001363,C02419,2025-01-11 05:55:09.565139834,not_as_described,544.47
R000124,O001380,C00642,2025-01-14 05:41:11.164663586,size_fit,1233.85
R000125,O001386,C08098,2025-01-22 09:25:56.012220004,wrong_item,4867.84
R000126,O001390,C09078,2025-01-15 22:18:34.231058359,wrong_item,9490.29
R000127,O001395,C08145,2025-01-13 10:06:30.412421200,not_as_described,1205.43
R000128,O001404,C09137,2025-01-11 17:20:40.108590319,changed_mind,3856.82
R000129,O001412,C04543,2025-01-18 00:27:29.445471097,changed_mind,3388.28
R000130,O001414,C02820,2025-01-09 11:31:34.245846544,wrong_item,9536.07
R000131,O001419,C08987,2025-01-12 12:56:14.541470696,wrong_item,25042.48
R000132,O001426,C05398,2025-01-12 09:10:26.746343601,size_fit,27169.83
R000133,O001428,C04264,2025-01-17 21:55:34.554565380,not_as_described,730.46
R000134,O001433,C07434,2025-01-14 09:00:17.580488842,not_as_described,4745.17
R000135,O001441,C06817,2025-01-13 21:23:21.307801596,not_as_described,1713.31
R000136,O001448,C02027,2025-01-12 18:30:46.863332614,size_fit,511.15
R000137,O001451,C03379,2025-01-23 11:17:30.807570886,wrong_item,1233.01
R000138,O001452,C02180,2025-01-15 05:21:07.710236629,wrong_item,8850.73
R000139,O001456,C07794,2025-01-11 14:03:55.638974574,size_fit,6347.49
R000140,O001463,C01701,2025-01-13 06:25:19.627029422,not_as_described,1667.29
R000141,O001467,C00974,2025-01-12 23:11:53.045365254,not_as_described,2066.28
R000142,O001473,C04185,2025-01-16 00:17:42.719578468,size_fit,2549.9
R000143,O001475,C03027,2025-01-14 18:14:21.829980523,size_fit,11506.59
R000144,O001478,C06915,2025-01-10 02:00:38.485750719,changed_mind,2052.45
R000145,O001481,C05412,2025-01-11 02:04:03.770317045,size_fit,7159.31
R000146,O001497,C05981,2025-01-16 12:28:57.027249692,not_as_described,1769.8
R000147,O001500,C06328,2025-01-14 00:49:12.226530219,size_fit,11525.73
R000148,O001508,C01993,2025-01-14 22:40:46.620479470,changed_mind,6186.24
R000149,O001522,C09182,2025-01-24 21:29:30.773649408,wrong_item,1064.38
R000150,O001524,C09330,2025-01-16 06:02:45.859421968,size_fit,2466.95
R000151,O001556,C00177,2025-01-11 14:48:31.741554981,not_as_described,711.83
R000152,O001563,C05428,2025-01-11 07:54:55.315390154,changed_mind,2381.56
R000153,O001564,C07822,2025-01-15 19:00:16.979765432,not_as_described,870.1
R000154,O001565,C00779,2025-01-19 10:10:03.438057007,not_as_described,1838.49
R000155,O001566,C03810,2025-01-12 20:11:33.267538705,size_fit,760.91
R000156,O001575,C08522,2025-01-12 13:49:33.405245572,wrong_item,2729.2
R000157,O001598,C09297,2025-01-27 18:39:39.454641302,changed_mind,1005.15
R000158,O001601,C03260,2025-01-14 05:19:28.090787188,changed_mind,2220.81
R000159,O001610,C07711,2025-01-17 02:06:46.099290463,size_fit,4619.25
R000160,O001612,C02844,2025-01-15 14:33:01.372015767,damaged,1174.91
R000161,O001631,C07452,2025-01-15 07:58:11.737361982,size_fit,6917.31
R000162,O001635,C00347,2025-01-12 18:45:15.573676802,wrong_item,3055.32
R000163,O001642,C07637,2025-01-27 00:00:00.000000000,size_fit,4602.91
R000164,O001652,C06453,2025-01-12 12:49:02.716605314,not_as_described,2425.0
R000165,O001703,C08086,2025-01-15 21:03:44.765540006,size_fit,6873.46
R000166,O001706,C05498,2025-01-16 04:01:04.409385294,not_as_described,12141.05
R000167,O001708,C01994,2025-01-15 06:35:33.326535976,not_as_described,2554.79
R000168,O001716,C03827,2025-01-18 19:06:32.339992039,size_fit,1568.28
R000169,O001729,C05530,2025-01-15 20:07:31.992023823,changed_mind,1209.9
R000170,O001739,C01082,2025-01-19 09:07:42.438609472,size_fit,3304.11
R000171,O001755,C00264,2025-01-16 03:00:23.752851480,wrong_item,1668.75
R000172,O001759,C08512,2025-01-26 00:00:00.000000000,size_fit,1597.28
R000173,O001761,C02373,2025-01-19 03:12:38.525903121,changed_mind,1904.53
R000174,O001780,C00870,2025-01-16 13:00:56.951328826,changed_mind,1042.88
R000175,O001787,C03041,2025-01-17 08:56:55.480830957,not_as_described,28805.39
R000176,O001792,C08272,2025-01-13 09:23:37.462495804,size_fit,12106.47
R000177,O001821,C02717,2025-01-13 23:58:17.691164562,size_fit,3208.94
R000178,O001827,C08512,2025-01-12 07:10:14.366002674,not_as_described,1287.15
R000179,O001851,C02619,2025-01-14 17:51:43.434446097,changed_mind,5394.48
R000180,O001870,C08468,2025-01-17 10:34:53.651321878,not_as_described,3193.34
R000181,O001871,C04845,2025-01-15 00:53:10.135250307,size_fit,15269.85
R000182,O001878,C09887,2025-01-15 16:31:41.435922727,damaged,2233.89
R000183,O001894,C03430,2025-01-17 21:05:56.098060339,not_as_described,1641.45
R000184,O001899,C05363,2025-01-22 22:59:05.355467426,size_fit,487.15
R000185,O001906,C07298,2025-01-15 18:38:27.103722399,size_fit,445.11
R000186,O001907,C03138,2025-01-17 21:54:36.585059590,size_fit,1246.89
R000187,O001925,C07002,2025-01-16 03:31:48.463875336,not_as_described,1245.22
R000188,O001934,C02879,2025-01-15 21:55:55.399790125,damaged,3864.56
R000189,O001936,C05591,2025-01-17 02:13:45.701632473,damaged,2246.75
R000190,O001942,C04267,2025-01-30 00:00:00.000000000,wrong_item,1424.27
R000191,O001951,C04668,2025-01-16 00:50:40.262337142,wrong_item,12246.9
R000192,O001959,C02050,2025-01-13 07:01:52.677144400,wrong_item,1004.9
R000193,O001966,C04508,2025-01-16 14:29:02.846577062,not_as_described,8921.29
R000194,O001974,C08211,2025-01-14 20:23:17.372949104,size_fit,326.19
R000195,O001989,C09671,2025-01-15 14:09:19.162343840,size_fit,4025.79
R000196,O001993,C02551,2025-01-21 09:39:36.576054648,not_as_described,9914.91
R000197,O001994,C08103,2025-01-14 16:13:56.013233556,damaged,3828.74
R000198,O001995,C02649,2025-01-12 22:48:56.856493864,wrong_item,1045.76
R000199,O002008,C06254,2025-01-29 00:00:00.000000000,size_fit,542.7
R000200,O002009,C06733,2025-01-30 00:00:00.000000000,size_fit,3517.85
R000201,O002011,C00502,2025-01-15 09:10:16.286727320,changed_mind,1592.64
R000202,O002031,C03760,2025-01-13 14:26:01.516194009,not_as_described,664.95
R000203,O002050,C05536,2025-01-25 18:54:57.098744211,wrong_item,2724.78
R000204,O002063,C09846,2025-01-13 17:45:16.204060634,wrong_item,2894.92
R000205,O002080,C07497,2025-01-15 09:08:31.332308395,wrong_item,1603.15
R000206,O002091,C08909,2025-01-13 18:20:51.251563309,size_fit,858.37
R000207,O002095,C08598,2025-01-18 18:44:34.585797210,size_fit,899.33
R000208,O002128,C08445,2025-01-17 19:44:01.509252450,wrong_item,5220.77
R000209,O002140,C05209,2025-01-15 10:40:48.540033897,size_fit,176.01
R000210,O002170,C09130,2025-01-18 22:54:57.372733666,not_as_described,729.27
R000211,O002181,C05060,2025-01-18 00:18:38.546227785,size_fit,4160.34
R000212,O002185,C02646,2025-01-19 22:46:14.408244922,not_as_described,2471.98
R000213,O002187,C06487,2025-01-22 10:40:44.658216789,damaged,182.26
R000214,O002200,C00878,2025-01-19 19:05:14.371547384,size_fit,6361.48
R000215,O002206,C09676,2025-01-17 16:21:32.730974182,damaged,9430.23
R000216,O002209,C00522,2025-01-20 05:00:29.455717399,size_fit,1603.9
R000217,O002220,C04583,2025-01-13 15:28:12.224330562,changed_mind,1765.17
R000218,O002248,C04790,2025-01-15 21:03:06.921972255,wrong_item,1157.34
R000219,O002255,C04276,2025-01-19 07:35:10.255808169,wrong_item,4647.57
R000220,O002261,C04643,2025-01-16 17:37:17.847953792,size_fit,600.26
R000221,O002273,C03685,2025-01-18 01:44:02.054164282,not_as_described,1421.42
R000222,O002282,C09990,2025-01-16 04:02:34.201159764,damaged,19499.71
R000223,O002295,C05022,2025-01-17 01:39:32.489699281,damaged,1901.06
R000224,O002342,C08458,2025-01-18 23:02:25.526610862,size_fit,2940.73
R000225,O002373,C02442,2025-01-15 11:13:48.929794442,size_fit,2960.08
R000226,O002392,C06446,2025-01-14 19:28:05.626095582,damaged,13230.91
R000227,O002401,C00504,2025-01-16 11:08:22.978875429,size_fit,17428.08
R000228,O002415,C09383,2025-01-19 10:03:07.160834163,not_as_described,5993.65
R000229,O002416,C08078,2025-01-17 00:26:30.424928672,not_as_described,4156.42
R000230,O002432,C07098,2025-01-16 09:58:30.087243681,not_as_described,528.33
R000231,O002433,C06320,2025-01-15 10:25:29.686352566,size_fit,367.99
R000232,O002453,C00339,2025-01-25 20:46:34.262343591,wrong_item,2023.78
R000233,O002458,C07591,2025-01-20 19:29:04.878177597,damaged,2538.73
R000234,O002473,C03164,2025-01-16 21:19:06.462062043,wrong_item,722.2
R000235,O002484,C03661,2025-01-20 10:39:37.226189707,not_as_described,2266.26
R000236,O002504,C06918,2025-01-22 00:27:33.072945328,size_fit,1723.26
R000237,O002512,C06499,2025-01-15 10:13:34.445868952,size_fit,7760.88
R000238,O002514,C02418,2025-01-18 12:18:23.628464179,changed_mind,929.74
R000239,O002521,C09563,2025-01-17 02:57:58.007631186,damaged,5895.46
R000240,O002551,C05239,2025-01-19 22:04:15.546653320,changed_mind,1141.01
R000241,O002565,C05883,2025-01-21 09:54:23.883648483,wrong_item,781.65
R000242,O002568,C05571,2025-01-18 14:33:37.616873986,not_as_described,5618.79
R000243,O002575,C02748,2025-01-22 13:38:43.655477960,not_as_described,4786.23
R000244,O002593,C09972,2025-01-21 05:08:11.472684738,not_as_described,3234.91
R000245,O002613,C05101,2025-01-19 23:21:02.043942426,changed_mind,1883.87
R000246,O002617,C06477,2025-01-19 05:25:11.944242847,size_fit,3842.94
R000247,O002623,C09589,2025-01-18 19:34:17.674471786,damaged,1266.77
R000248,O002635,C06129,2025-01-18 20:19:36.262892967,size_fit,530.64
R000249,O002640,C07203,2025-01-15 18:36:42.386468558,size_fit,589.99
R000250,O002669,C06746,2025-01-17 14:30:58.757697270,wrong_item,2661.49
R000251,O002674,C02002,2025-01-16 12:24:49.085746920,size_fit,911.76
R000252,O002683,C06411,2025-01-20 01:09:48.515831456,changed_mind,18318.36
R000253,O002685,C09073,2025-01-20 22:03:57.726324990,size_fit,1291.12
R000254,O002687,C05154,2025-02-04 00:00:00.000000000,size_fit,6550.42
R000255,O002693,C06170,2025-01-20 15:19:53.834419459,size_fit,1553.34
R000256,O002706,C05702,2025-01-21 18:39:02.656435510,not_as_described,221.69
R000257,O002718,C07288,2025-01-16 18:18:46.982239185,changed_mind,1500.22
R000258,O002724,C07429,2025-01-19 11:00:36.747084103,damaged,1589.04
R000259,O002735,C07800,2025-01-22 16:18:08.439885514,size_fit,9800.82
R000260,O002749,C02821,2025-01-20 05:49:40.946801476,size_fit,976.96
R000261,O002756,C07569,2025-01-19 02:07:43.249238587,wrong_item,1612.4
R000262,O002760,C05516,2025-01-25 06:14:06.466554218,wrong_item,5654.31
R000263,O002765,C04310,2025-01-19 16:27:42.533041107,not_as_described,1894.36
R000264,O002767,C08925,2025-01-24 01:51:47.958727942,changed_mind,2477.83
R000265,O002771,C06412,2025-01-24 08:31:19.643241655,not_as_described,263.81
R000266,O002786,C05134,2025-01-17 06:50:04.947714250,not_as_described,333.38
R000267,O002809,C03021,2025-01-24 00:41:55.878310230,size_fit,595.78
R000268,O002814,C06978,2025-01-24 10:46:01.787722633,wrong_item,998.61
R000269,O002816,C01153,2025-01-24 19:13:32.989655092,size_fit,951.34
R000270,O002819,C03160,2025-01-16 04:57:14.872621503,damaged,3011.41
R000271,O002823,C04579,2025-01-23 15:45:41.819701053,size_fit,1281.52
R000272,O002832,C07770,2025-02-02 00:00:00.000000000,not_as_described,6998.29
R000273,O002836,C04189,2025-01-19 16:04:27.472133334,size_fit,2127.26
R000274,O002847,C04468,2025-01-20 09:57:39.441534717,size_fit,378.85
R000275,O002856,C06199,2025-01-19 18:31:12.547825082,wrong_item,2100.38
R000276,O002860,C08735,2025-01-21 10:23:11.214778588,not_as_described,1745.83
R000277,O002862,C09501,2025-01-31 00:00:00.000000000,not_as_described,3566.19
R000278,O002887,C00937,2025-01-24 22:07:24.070352667,size_fit,1447.55
R000279,O002891,C03881,2025-01-22 07:11:01.812751720,size_fit,613.95
R000280,O002894,C03083,2025-01-17 05:00:18.918978872,not_as_described,393.02
R000281,O002896,C06095,2025-01-21 23:29:59.690712570,not_as_described,2036.94
R000282,O002904,C03170,2025-01-19 18:40:04.825044523,not_as_described,1053.04
R000283,O002907,C04165,2025-01-26 16:29:39.958696759,not_as_described,653.6
R000284,O002909,C04168,2025-01-21 00:59:41.688859369,changed_mind,13956.75
R000285,O002962,C06138,2025-01-21 17:15:34.809055099,size_fit,2781.75
R000286,O002964,C06030,2025-01-20 07:53:45.563814891,size_fit,3554.78
R000287,O002967,C08706,2025-02-02 00:00:00.000000000,size_fit,6478.02
R000288,O002972,C05358,2025-01-17 09:19:01.373782386,not_as_described,37085.9
R000289,O002978,C00872,2025-01-17 22:51:50.028165694,wrong_item,1560.27
R000290,O002979,C03129,2025-01-21 02:28:50.071040896,wrong_item,1007.83
R000291,O002983,C05445,2025-01-19 10:44:05.312589738,changed_mind,5025.23
R000292,O002989,C05739,2025-01-23 01:46:36.613917681,size_fit,2135.49
R000293,O003012,C01052,2025-01-23 19:17:22.038337759,not_as_described,11468.74
R000294,O003033,C05127,2025-01-19 05:11:50.823989167,size_fit,6872.8
R000295,O003043,C00687,2025-01-20 00:11:15.284710899,damaged,946.08
R000296,O003051,C09174,2025-01-18 12:01:45.109816932,damaged,1817.35
R000297,O003065,C09150,2025-01-21 20:56:57.434331292,size_fit,476.07
R000298,O003076,C08687,2025-01-23 12:37:29.354020406,size_fit,2636.94
R000299,O003093,C03620,2025-01-20 21:37:48.208437472,wrong_item,1706.96
R000300,O003095,C08981,2025-01-25 17:26:03.590075608,changed_mind,4176.27
R000301,O003103,C02939,2025-01-21 13:45:55.601394724,not_as_described,673.88
R000302,O003114,C03578,2025-01-20 13:27:22.442446296,size_fit,1422.57
R000303,O003115,C09239,2025-01-20 20:16:25.452465247,size_fit,3396.3
R000304,O003131,C02221,2025-01-18 12:18:30.503769350,not_as_described,1934.54
R000305,O003144,C04723,2025-01-26 06:13:24.110082433,size_fit,2586.78
R000306,O003158,C05984,2025-01-19 20:10:26.351555602,changed_mind,17889.57
R000307,O003160,C04740,2025-01-20 16:44:55.833688287,wrong_item,1510.17
R000308,O003174,C03738,2025-01-24 17:46:15.181516826,not_as_described,2542.34
R000309,O003177,C06504,2025-01-23 15:29:50.408263158,size_fit,2177.9
R000310,O003181,C03436,2025-01-19 07:23:26.392422156,not_as_described,3554.33
R000311,O003194,C09870,2025-01-18 02:21:36.866756224,damaged,4051.91
R000312,O003217,C02079,2025-01-24 08:41:30.165508341,wrong_item,4021.83
R000313,O003225,C00593,2025-01-24 16:09:41.470357968,wrong_item,13714.21
R000314,O003238,C00916,2025-02-01 17:05:23.004483612,size_fit,1571.18
R000315,O003240,C07712,2025-01-19 14:34:35.558951221,not_as_described,1877.81
R000316,O003243,C00124,2025-01-27 20:13:29.112325215,damaged,3313.04
R000317,O003263,C08637,2025-01-25 17:41:15.925872696,damaged,896.32
R000318,O003264,C01344,2025-01-24 14:19:22.561173271,size_fit,1021.47
R000319,O003268,C08543,2025-01-23 17:24:16.484400244,changed_mind,1883.64
R000320,O003273,C00097,2025-02-01 12:12:32.918914908,wrong_item,3118.22
R000321,O003278,C00610,2025-01-21 02:05:28.982341082,changed_mind,620.79
R000322,O003281,C02690,2025-01-22 18:38:11.799295033,changed_mind,3765.39
R000323,O003285,C02339,2025-01-21 22:08:19.820367848,damaged,7376.71
R000324,O003290,C08724,2025-01-20 03:21:19.615172922,size_fit,2406.62
R000325,O003297,C03543,2025-01-24 11:31:42.527687955,changed_mind,1387.73
R000326,O003304,C01486,2025-01-20 09:58:39.182310166,damaged,1101.84
R000327,O003316,C07808,2025-01-22 05:32:48.941831619,size_fit,514.55
R000328,O003317,C00024,2025-01-22 14:34:24.167954153,size_fit,2943.53
R000329,O003319,C01861,2025-01-22 21:04:33.237465340,wrong_item,3837.58
R000330,O003320,C02947,2025-01-24 23:41:27.089263626,not_as_described,3486.58
R000331,O003336,C07634,2025-01-22 01:49:46.340906782,wrong_item,1195.28
R000332,O003349,C00267,2025-01-23 21:33:27.669345213,not_as_described,668.37
R000333,O003350,C04049,2025-01-24 09:21:32.677256707,not_as_described,3126.04
R000334,O003354,C06287,2025-01-21 11:32:46.459296909,changed_mind,2250.42
R000335,O003355,C04463,2025-01-21 09:50:26.879367768,changed_mind,655.63
R000336,O003372,C01336,2025-01-21 23:56:44.409361891,size_fit,3034.59
R000337,O003373,C08265,2025-01-22 13:34:42.709415034,wrong_item,4454.08
R000338,O003380,C03160,2025-01-22 16:11:24.931312411,size_fit,2725.81
R000339,O003381,C09457,2025-01-22 03:30:17.354828044,damaged,593.11
R000340,O003383,C08552,2025-01-31 13:00:59.968139583,wrong_item,3522.13
R000341,O003385,C03977,2025-01-19 15:22:39.007337232,wrong_item,1791.07
R000342,O003397,C00103,2025-01-22 14:47:56.103236984,wrong_item,1618.27
R000343,O003398,C05910,2025-01-22 20:34:28.769656479,not_as_described,12147.54
R000344,O003399,C07887,2025-01-25 09:03:22.279367228,wrong_item,889.04
R000345,O003453,C03201,2025-01-21 20:02:20.000063378,not_as_described,3350.72
R000346,O003461,C08811,2025-01-21 20:32:30.829304508,wrong_item,2730.72
R000347,O003469,C01057,2025-01-25 08:52:03.048297931,size_fit,1415.65
R000348,O003478,C08738,2025-01-21 23:10:27.107407192,size_fit,1065.22
R000349,O003499,C06296,2025-01-26 19:46:03.014600286,changed_mind,349.02
R000350,O003504,C09681,2025-01-24 08:23:00.574468904,damaged,426.76
R000351,O003513,C05759,2025-01-22 22:52:46.968774394,not_as_described,2290.81
R000352,O003514,C05309,2025-01-22 22:51:39.745792857,wrong_item,1635.32
R000353,O003531,C09991,2025-01-22 16:08:12.735234880,size_fit,1440.88
R000354,O003540,C05487,2025-01-26 02:19:48.454765982,size_fit,1282.22
R000355,O003560,C02737,2025-01-21 16:52:13.557334818,changed_mind,673.53
R000356,O003565,C09004,2025-01-24 06:22:04.699352258,not_as_described,4404.48
R000357,O003571,C08334,2025-01-24 21:29:49.645945042,changed_mind,9453.86
R000358,O003572,C08491,2025-01-27 00:51:25.708258854,not_as_described,7565.58
R000359,O003574,C02068,2025-01-26 12:01:36.809147463,wrong_item,525.17
R000360,O003577,C07368,2025-01-22 21:13:05.507887422,wrong_item,503.86
R000361,O003593,C03063,2025-01-25 15:39:36.549989330,wrong_item,17601.32
R000362,O003598,C08185,2025-01-21 08:00:30.454003796,wrong_item,8707.11
R000363,O003606,C07270,2025-01-24 15:32:27.180155068,wrong_item,2825.49
R000364,O003607,C02750,2025-01-23 11:15:59.555664277,wrong_item,590.2
R000365,O003616,C00381,2025-01-27 21:28:58.149098410,size_fit,3948.28
R000366,O003634,C08841,2025-01-24 07:55:03.820298613,not_as_described,721.47
R000367,O003673,C08537,2025-01-24 03:08:23.201143976,size_fit,371.08
R000368,O003676,C09484,2025-01-25 05:40:15.942030052,not_as_described,2987.68
R000369,O003689,C03242,2025-01-23 17:46:37.044783843,wrong_item,1672.8
R000370,O003701,C04363,2025-01-24 01:33:06.070005154,not_as_described,1350.42
R000371,O003734,C04704,2025-01-23 21:56:52.626908662,changed_mind,1021.25
R000372,O003736,C06514,2025-01-27 06:26:15.094707550,size_fit,2767.42
R000373,O003764,C05783,2025-01-26 16:03:25.144146068,wrong_item,673.43
R000374,O003768,C03208,2025-01-30 22:20:43.870505247,size_fit,2083.79
R000375,O003792,C07647,2025-01-25 07:29:26.202652303,not_as_described,1973.56
R000376,O003807,C05615,2025-01-31 12:30:27.251401989,size_fit,1672.88
R000377,O003834,C01995,2025-01-25 16:38:38.686411694,not_as_described,270.62
R000378,O003837,C07916,2025-01-24 14:05:55.619461356,size_fit,1584.44
R000379,O003840,C03151,2025-02-02 22:30:27.323990175,size_fit,1877.22
R000380,O003860,C04088,2025-01-25 17:22:33.179061075,size_fit,2272.35
R000381,O003861,C06108,2025-01-25 11:34:39.730621882,not_as_described,1644.82
R000382,O003869,C09879,2025-01-25 11:52:33.938627314,size_fit,1631.71
R000383,O003878,C04014,2025-01-26 16:24:48.982695166,not_as_described,1409.8
R000384,O003889,C00694,2025-02-02 02:03:18.119669882,wrong_item,3706.95
R000385,O003891,C00915,2025-01-23 11:16:46.350463623,wrong_item,2973.38
R000386,O003893,C02076,2025-01-23 09:03:27.268738372,changed_mind,602.53
R000387,O003903,C01063,2025-01-25 18:55:19.338091248,damaged,3329.3
R000388,O003923,C09356,2025-01-27 03:11:23.380616630,not_as_described,1693.68
R000389,O003929,C01766,2025-01-24 03:20:02.972821538,wrong_item,782.81
R000390,O003932,C07454,2025-01-26 11:36:22.811429692,not_as_described,7486.6
R000391,O003941,C02043,2025-01-24 09:53:08.079951505,size_fit,1522.71
R000392,O003943,C05799,2025-01-23 14:25:35.721049342,wrong_item,2302.13
R000393,O003945,C05363,2025-01-24 02:59:01.496434261,not_as_described,1354.6
R000394,O003952,C05995,2025-01-31 16:40:50.089014735,changed_mind,1100.05
R000395,O003958,C07631,2025-01-25 20:38:56.130041914,size_fit,5079.4
R000396,O003959,C08221,2025-01-24 00:27:38.088109195,size_fit,608.16
R000397,O003978,C08963,2025-01-26 20:54:43.154484498,not_as_described,1520.43
R000398,O003979,C02358,2025-01-26 17:50:55.043162181,size_fit,1294.09
R000399,O003988,C09808,2025-01-27 05:50:48.564032683,damaged,430.98
R000400,O004006,C04257,2025-01-26 03:10:19.645911843,changed_mind,325.19
R000401,O004007,C08537,2025-01-24 03:04:41.397224682,size_fit,9663.16
R000402,O004022,C08907,2025-01-28 01:53:29.472651452,damaged,821.84
R000403,O004066,C02179,2025-01-24 17:42:34.209177184,size_fit,5812.75
R000404,O004078,C05413,2025-01-27 10:57:47.097712918,size_fit,2249.57
R000405,O004085,C02204,2025-01-24 23:24:45.936404964,size_fit,6171.7
R000406,O004099,C04873,2025-01-24 11:30:18.993279398,size_fit,2905.37
R000407,O004104,C06793,2025-01-25 05:07:53.605310959,damaged,1928.43
R000408,O004110,C01626,2025-01-26 04:19:30.175663645,changed_mind,4402.43
R000409,O004124,C09924,2025-01-28 01:45:00.676332536,size_fit,8914.34
R000410,O004128,C06802,2025-02-04 03:38:56.067588373,wrong_item,4271.79
R000411,O004158,C09940,2025-02-01 22:38:32.672724266,wrong_item,528.93
R000412,O004164,C00523,2025-01-26 16:33:08.225850456,not_as_described,975.65
R000413,O004169,C02508,2025-01-23 16:15:58.676004961,damaged,1749.44
R000414,O004193,C03376,2025-02-01 18:31:46.260809068,changed_mind,1390.08
R000415,O004223,C06199,2025-01-24 06:31:46.130356988,not_as_described,4437.7
R000416,O004237,C00034,2025-01-29 00:51:22.063425170,not_as_described,6686.89
R000417,O004249,C08289,2025-01-31 03:46:57.768510007,changed_mind,1682.16
R000418,O004261,C08509,2025-01-27 16:00:16.466503820,size_fit,1582.94
R000419,O004276,C09925,2025-01-25 20:44:48.846024434,not_as_described,1479.13
R000420,O004277,C08927,2025-01-29 11:40:28.724823426,size_fit,641.54
R000421,O004282,C03881,2025-01-30 18:40:13.757438769,changed_mind,1210.98
R000422,O004299,C07761,2025-01-28 11:04:08.855797479,damaged,998.01
R000423,O004301,C05471,2025-01-30 16:01:08.290564222,not_as_described,1283.49
R000424,O004314,C09387,2025-01-29 07:12:06.312351758,not_as_described,2518.57
R000425,O004323,C07778,2025-02-06 13:39:01.210301470,wrong_item,8707.64
R000426,O004328,C00911,2025-01-25 19:05:08.149685546,not_as_described,1459.11
R000427,O004332,C05591,2025-02-02 06:32:27.672791733,size_fit,1884.15
R000428,O004334,C03973,2025-01-28 09:07:34.709031559,not_as_described,1607.34
R000429,O004338,C05992,2025-01-27 10:24:00.662679349,changed_mind,511.2
R000430,O004347,C02423,2025-01-25 11:14:09.072005406,not_as_described,344.66
R000431,O004355,C06974,2025-01-28 19:06:36.366644073,not_as_described,10049.1
R000432,O004358,C02584,2025-02-02 02:07:17.721970348,changed_mind,5862.83
R000433,O004363,C09061,2025-01-31 06:57:59.007983245,changed_mind,635.56
R000434,O004372,C07021,2025-01-25 05:48:21.873151659,size_fit,2287.14
R000435,O004378,C08490,2025-01-30 02:01:36.118468502,damaged,2348.11
R000436,O004384,C01855,2025-01-29 07:59:20.130436158,not_as_described,4637.25
R000437,O004398,C05910,2025-01-30 04:59:50.165989792,not_as_described,2121.44
R000438,O004409,C07335,2025-01-31 17:16:32.696562763,size_fit,589.03
R000439,O004412,C07737,2025-01-25 18:37:42.157236669,changed_mind,8045.67
R000440,O004417,C07599,2025-01-29 17:14:43.036857146,wrong_item,509.5
R000441,O004421,C01007,2025-01-26 21:07:22.121087077,size_fit,553.9
R000442,O004426,C01618,2025-01-27 00:17:52.863130716,wrong_item,9208.97
R000443,O004429,C00526,2025-02-04 10:03:51.523312345,not_as_described,2967.76
R000444,O004460,C09677,2025-01-29 23:35:06.255182619,wrong_item,8979.19
R000445,O004465,C04165,2025-01-31 19:13:10.490713028,wrong_item,736.43
R000446,O004475,C00630,2025-02-01 05:47:16.347346159,size_fit,663.8
R000447,O004482,C05373,2025-01-30 14:01:39.603422071,size_fit,652.83
R000448,O004484,C07819,2025-01-26 23:07:13.437478693,size_fit,1512.85
R000449,O004489,C08185,2025-01-28 23:57:19.940290858,not_as_described,2906.0
R000450,O004493,C06019,2025-01-29 16:50:55.529084515,size_fit,4254.81
R000451,O004506,C06466,2025-01-29 05:51:11.207462752,changed_mind,304.51
R000452,O004507,C07543,2025-01-30 05:44:05.366456145,damaged,3962.49
R000453,O004519,C07473,2025-01-30 02:29:36.518126902,damaged,785.93
R000454,O004525,C09801,2025-01-29 15:29:38.260880462,size_fit,1151.9
R000455,O004552,C06417,2025-02-01 19:00:50.988364646,damaged,1899.5
R000456,O004555,C03201,2025-01-31 13:01:59.081828401,changed_mind,4354.98
R000457,O004556,C01615,2025-01-28 12:17:28.766041501,changed_mind,662.97
R000458,O004562,C08548,2025-01-30 20:40:58.048528472,changed_mind,1348.16
R000459,O004563,C04512,2025-02-01 09:01:43.517855204,damaged,501.59
R000460,O004567,C03649,2025-02-01 22:42:55.204992194,not_as_described,1154.84
R000461,O004586,C01453,2025-01-29 19:02:25.982095135,wrong_item,1956.89
R000462,O004607,C01397,2025-01-27 17:00:14.687365554,not_as_described,5483.13
R000463,O004627,C08902,2025-01-31 08:55:03.128089227,not_as_described,1037.34
R000464,O004644,C05943,2025-01-28 10:31:21.754828599,changed_mind,1984.39
R000465,O004664,C06327,2025-01-31 19:40:08.467748731,size_fit,1334.45
R000466,O004682,C00686,2025-01-31 11:55:04.761726542,changed_mind,1768.35
R000467,O004689,C02389,2025-02-01 10:47:00.654960588,damaged,17828.82
R000468,O004696,C03392,2025-01-27 22:51:02.693237655,size_fit,960.9
R000469,O004704,C00181,2025-01-31 16:17:33.786924216,wrong_item,4758.66
R000470,O004739,C01439,2025-01-28 14:15:55.341294289,wrong_item,3148.21
R000471,O004751,C00844,2025-01-31 23:13:19.373340540,not_as_described,897.07
R000472,O004761,C01002,2025-01-29 09:39:54.101847693,size_fit,1689.52
R000473,O004769,C09514,2025-01-30 06:56:10.059468860,size_fit,3280.05
R000474,O004774,C09770,2025-02-02 13:52:30.281666541,not_as_described,4645.21
R000475,O004775,C01270,2025-01-31 11:10:09.182048426,damaged,121.29
R000476,O004778,C03851,2025-01-27 20:02:40.761843936,not_as_described,2280.24
R000477,O004788,C07395,2025-01-31 12:04:45.163814419,wrong_item,3826.87
R000478,O004803,C01212,2025-01-29 22:28:56.885447953,damaged,1973.16
R000479,O004811,C07860,2025-01-29 15:06:33.148260270,wrong_item,995.75
R000480,O004812,C07584,2025-01-28 05:57:54.009576381,not_as_described,1479.02
R000481,O004826,C02252,2025-01-27 22:09:07.879974948,wrong_item,658.21
R000482,O004832,C02483,2025-01-27 09:05:41.555955098,changed_mind,3368.51
R000483,O004848,C04043,2025-01-31 08:44:39.596846964,changed_mind,303.55
R000484,O004856,C06308,2025-02-01 19:47:40.058032419,not_as_described,8406.27
R000485,O004860,C04968,2025-01-30 03:05:28.745511576,not_as_described,5308.53
R000486,O004867,C02276,2025-01-29 10:28:45.806531912,changed_mind,998.54
R000487,O004875,C05261,2025-01-28 20:25:13.893709018,size_fit,20637.09
R000488,O004884,C06487,2025-01-30 01:20:13.946973464,wrong_item,1298.98
R000489,O004897,C01264,2025-01-30 15:57:33.766253416,not_as_described,4946.03
R000490,O004898,C08822,2025-02-03 14:52:39.838677826,damaged,9722.75
R000491,O004900,C03699,2025-01-31 12:26:37.858886055,size_fit,6516.32
R000492,O004910,C03679,2025-01-30 16:35:39.296570560,not_as_described,3567.79
R000493,O004963,C06255,2025-02-03 18:58:50.939689368,wrong_item,794.03
R000494,O004971,C01676,2025-01-30 23:13:21.404400312,not_as_described,5186.16
R000495,O004993,C08335,2025-02-02 20:22:53.744481296,not_as_described,2535.13
R000496,O005001,C09220,2025-02-01 19:14:24.436694745,not_as_described,26739.05
R000497,O005021,C07186,2025-01-28 20:11:38.890980470,size_fit,2648.47
R000498,O005035,C06098,2025-02-01 14:48:13.365222746,size_fit,2330.97
R000499,O005039,C07011,2025-02-03 01:46:40.339160025,not_as_described,2884.96
R000500,O005044,C00592,2025-01-28 08:47:26.588083981,not_as_described,1295.6
R000501,O005046,C02427,2025-02-01 17:08:55.149213688,size_fit,16719.26
R000502,O005054,C08437,2025-02-01 14:04:06.874706287,not_as_described,1024.99
R000503,O005055,C04363,2025-01-30 06:45:37.615613886,size_fit,4093.09
R000504,O005061,C06804,2025-02-01 23:45:37.349741793,wrong_item,5611.97
R000505,O005065,C02981,2025-02-03 16:01:46.009765783,wrong_item,552.89
R000506,O005083,C01626,2025-02-02 15:32:07.908917222,not_as_described,2117.97
R000507,O005086,C08300,2025-02-02 00:05:43.344183822,size_fit,1827.88
R000508,O005091,C01004,2025-02-02 00:56:28.320651985,damaged,14625.85
R000509,O005107,C08314,2025-01-31 08:08:07.396431388,size_fit,1419.38
R000510,O005113,C02149,2025-01-31 23:26:36.953440605,changed_mind,2993.87
R000511,O005115,C03929,2025-02-01 18:18:39.929398902,damaged,497.24
R000512,O005127,C06657,2025-02-02 09:41:18.273293102,damaged,3478.2
R000513,O005129,C02990,2025-02-01 07:54:36.819488250,not_as_described,2051.59
R000514,O005131,C07472,2025-01-30 06:35:00.233788984,size_fit,3107.51
R000515,O005151,C03619,2025-01-30 05:55:20.481527517,size_fit,14033.2
R000516,O005155,C07661,2025-01-31 15:06:04.145128696,wrong_item,1435.59
R000517,O005157,C05748,2025-02-01 04:25:13.499291676,not_as_described,3081.35
R000518,O005174,C01872,2025-02-01 14:23:17.812735666,not_as_described,4931.17
R000519,O005187,C05531,2025-02-01 03:44:55.069317898,size_fit,1296.85
R000520,O005231,C05819,2025-01-30 15:02:15.986439999,size_fit,624.61
R000521,O005232,C08877,2025-01-30 19:27:38.004030536,changed_mind,1783.1
R000522,O005249,C06232,2025-02-04 05:55:13.651301960,not_as_described,2464.05
R000523,O005254,C06579,2025-02-01 15:50:31.081056993,not_as_described,3449.45
R000524,O005270,C07915,2025-02-01 08:27:40.254329847,damaged,2827.91
R000525,O005291,C03981,2025-02-01 07:19:12.701526333,changed_mind,1618.29
R000526,O005292,C01246,2025-02-03 14:57:46.181598840,changed_mind,2236.21
R000527,O005323,C00465,2025-02-02 21:12:18.680636890,not_as_described,1864.63
R000528,O005326,C05932,2025-02-01 16:53:30.528804469,damaged,1299.1
R000529,O005329,C07077,2025-02-02 12:02:19.904138728,damaged,11397.76
R000530,O005332,C02094,2025-02-04 21:11:13.379104528,not_as_described,9417.09
R000531,O005352,C06927,2025-01-31 00:28:38.713144771,not_as_described,1366.6
R000532,O005355,C02460,2025-02-09 20:01:32.161237525,not_as_described,3855.11
R000533,O005365,C04852,2025-02-04 00:43:52.353777633,not_as_described,1147.49
R000534,O005367,C09898,2025-02-16 01:18:41.310467438,wrong_item,2912.79
R000535,O005389,C06701,2025-02-04 14:36:01.537071422,not_as_described,24067.36
R000536,O005400,C09511,2025-02-18 00:00:00.000000000,damaged,812.37
R000537,O005403,C08855,2025-01-30 14:17:36.957784117,size_fit,2371.75
R000538,O005410,C03910,2025-02-02 03:28:59.876924476,not_as_described,887.18
R000539,O005417,C07680,2025-01-30 19:54:33.108848931,changed_mind,6921.2
R000540,O005419,C06387,2025-02-01 14:38:36.002393912,size_fit,728.62
R000541,O005426,C03804,2025-02-01 21:07:38.879282089,not_as_described,3483.99
R000542,O005432,C09850,2025-02-01 09:01:07.632723558,size_fit,753.52
R000543,O005433,C06231,2025-01-31 04:04:08.485085370,damaged,704.75
R000544,O005443,C00287,2025-02-03 13:39:14.897103206,not_as_described,6642.56
R000545,O005449,C04581,2025-02-03 16:41:32.605111730,size_fit,545.66
R000546,O005492,C08983,2025-02-04 21:45:05.083052065,damaged,7608.91
R000547,O005493,C05210,2025-01-31 08:11:48.815817500,wrong_item,8768.59
R000548,O005499,C04988,2025-02-03 02:42:03.928843324,size_fit,10211.08
R000549,O005504,C01131,2025-01-31 09:37:45.871543556,changed_mind,788.0
R000550,O005509,C00712,2025-02-04 02:41:14.953540765,size_fit,507.83
R000551,O005521,C02254,2025-02-03 16:16:38.744262994,changed_mind,7357.32
R000552,O005534,C09014,2025-02-02 20:40:17.011933788,size_fit,4789.4
R000553,O005541,C02864,2025-02-05 09:56:04.724575159,wrong_item,720.4
R000554,O005543,C01510,2025-02-06 14:49:29.872858468,size_fit,1015.0
R000555,O005545,C00921,2025-02-02 07:10:33.324452400,size_fit,438.3
R000556,O005551,C08863,2025-02-05 06:02:08.340828410,not_as_described,12294.87
R000557,O005557,C00270,2025-01-31 13:34:55.849664118,size_fit,1046.69
R000558,O005577,C00297,2025-02-04 23:21:20.426791719,size_fit,5201.29
R000559,O005614,C04339,2025-02-03 06:29:22.126328091,size_fit,1245.86
R000560,O005623,C07997,2025-02-08 15:55:47.774174480,not_as_described,1233.28
R000561,O005624,C09241,2025-02-09 06:00:14.029226866,wrong_item,1632.22
R000562,O005629,C06477,2025-02-10 07:06:04.358697685,size_fit,412.21
R000563,O005645,C03292,2025-02-02 03:58:40.625308704,not_as_described,1168.29
R000564,O005647,C03766,2025-02-09 06:12:55.215786762,not_as_described,1035.91
R000565,O005649,C09807,2025-02-06 03:52:52.386989962,wrong_item,1127.13
R000566,O005651,C07989,2025-01-31 20:35:38.072349232,not_as_described,759.92
R000567,O005652,C07568,2025-02-05 20:05:38.895777038,not_as_described,14539.37
R000568,O005674,C01016,2025-02-04 07:50:07.429495844,changed_mind,1265.63
R000569,O005684,C09602,2025-02-04 13:23:28.080113596,changed_mind,7739.35
R000570,O005695,C07443,2025-02-01 20:59:44.487018726,size_fit,4984.94
R000571,O005715,C00205,2025-02-08 06:14:27.915932367,wrong_item,1903.0
R000572,O005719,C07368,2025-02-04 05:48:26.646019095,wrong_item,751.78
R000573,O005726,C05547,2025-02-03 13:03:51.918043053,size_fit,6419.78
R000574,O005731,C02887,2025-02-09 07:41:12.014532963,not_as_described,6531.76
R000575,O005747,C02690,2025-02-02 03:08:20.932843549,not_as_described,543.57
R000576,O005757,C02409,2025-02-05 14:52:43.156533331,not_as_described,315.36
R000577,O005762,C00854,2025-02-06 02:53:11.620074559,changed_mind,829.12
R000578,O005766,C02004,2025-02-04 18:04:28.460929951,changed_mind,879.92
R000579,O005777,C03624,2025-02-09 07:05:28.526611912,size_fit,3414.83
R000580,O005787,C04018,2025-02-06 11:16:45.838675930,size_fit,5352.89
R000581,O005797,C04231,2025-02-05 03:41:35.187085662,size_fit,1165.67
R000582,O005802,C09020,2025-02-04 18:40:54.275247166,wrong_item,1433.15
R000583,O005806,C09347,2025-02-07 10:17:39.849875401,not_as_described,2365.0
R000584,O005811,C05424,2025-02-06 18:02:07.137857140,size_fit,358.21
R000585,O005813,C03193,2025-02-06 22:28:52.137615417,not_as_described,20464.09
R000586,O005814,C09549,2025-02-06 04:37:54.608724249,not_as_described,2116.11
R000587,O005838,C06293,2025-02-05 18:57:56.628764416,wrong_item,937.95
R000588,O005871,C07153,2025-02-08 14:17:42.955522533,size_fit,3601.43
R000589,O005873,C05143,2025-02-03 09:23:02.037987553,size_fit,844.23
R000590,O005880,C08124,2025-02-11 09:57:13.782057300,size_fit,933.45
R000591,O005896,C00711,2025-02-06 15:25:28.655107478,size_fit,3082.79
R000592,O005897,C03153,2025-02-02 10:47:40.438250131,not_as_described,1826.43
R000593,O005906,C02285,2025-02-05 04:11:23.274015367,damaged,1186.36
R000594,O005907,C00461,2025-02-02 22:22:21.257591948,damaged,6252.2
R000595,O005933,C08009,2025-02-02 19:16:00.688820548,size_fit,3488.43
R000596,O005958,C05212,2025-02-05 05:18:05.314226612,changed_mind,3893.66
R000597,O005962,C09783,2025-02-06 09:26:14.048011172,not_as_described,16034.8
R000598,O005979,C07375,2025-02-19 00:00:00.000000000,not_as_described,3121.92
R000599,O006002,C03917,2025-02-06 20:09:51.171893683,not_as_described,881.71
R000600,O006005,C00468,2025-02-05 17:40:00.451166584,changed_mind,4064.06
R000601,O006006,C01113,2025-02-02 11:29:35.579053698,size_fit,5578.88
R000602,O006016,C02060,2025-02-07 13:34:30.822252844,size_fit,2801.28
R000603,O006027,C01124,2025-02-06 12:52:43.004565710,changed_mind,626.63
R000604,O006028,C09068,2025-02-06 01:08:14.710504736,changed_mind,1584.91
R000605,O006038,C05321,2025-02-02 18:44:55.271764590,not_as_described,1153.57
R000606,O006041,C09666,2025-02-11 11:07:36.927802218,size_fit,6359.69
R000607,O006053,C09277,2025-02-06 08:00:51.359824274,not_as_described,1404.48
R000608,O006055,C05207,2025-02-03 12:43:22.343200514,damaged,1543.35
R000609,O006056,C09562,2025-02-07 23:13:25.748061286,wrong_item,1329.55
R000610,O006071,C08476,2025-02-08 04:52:34.405758559,wrong_item,425.37
R000611,O006088,C08063,2025-02-09 10:25:18.294101284,changed_mind,2106.88
R000612,O006106,C00782,2025-02-02 14:33:12.938740941,not_as_described,1007.72
R000613,O006123,C01022,2025-02-10 08:07:31.006708172,wrong_item,11497.12
R000614,O006134,C01043,2025-02-09 04:43:47.495050867,not_as_described,1881.82
R000615,O006135,C06468,2025-02-08 07:42:22.929855519,not_as_described,2380.83
R000616,O006144,C02972,2025-02-08 14:31:45.281416339,not_as_described,11003.89
R000617,O006161,C03403,2025-02-12 06:55:02.961076328,wrong_item,3066.98
R000618,O006178,C06758,2025-02-07 15:49:11.890763860,wrong_item,3205.03
R000619,O006194,C02210,2025-02-05 02:26:08.109334626,changed_mind,6076.84
R000620,O006195,C05479,2025-02-05 14:46:15.444323529,damaged,1431.22
R000621,O006199,C02298,2025-02-09 16:18:56.391311934,not_as_described,509.3
R000622,O006216,C05214,2025-02-12 12:33:21.473838360,wrong_item,1710.26
R000623,O006219,C08589,2025-02-07 18:13:07.787641393,damaged,1608.46
R000624,O006228,C09095,2025-02-04 23:26:41.398798704,wrong_item,12866.74
R000625,O006240,C09233,2025-02-05 14:38:13.385298620,size_fit,33957.06
R000626,O006247,C05585,2025-02-04 17:22:30.485245044,wrong_item,7538.43
R000627,O006257,C04156,2025-02-07 14:00:12.221715585,not_as_described,823.51
R000628,O006286,C07182,2025-02-06 11:14:30.578120307,not_as_described,22969.19
R000629,O006288,C00161,2025-02-09 04:50:38.381145943,changed_mind,1386.83
R000630,O006289,C07042,2025-02-08 03:08:39.683953485,size_fit,734.52
R000631,O006290,C05459,2025-02-09 00:53:38.734781931,not_as_described,615.7
R000632,O006299,C02437,2025-02-08 18:31:47.596702386,not_as_described,2023.37
R000633,O006316,C04942,2025-02-07 08:22:04.553772463,size_fit,2932.03
R000634,O006319,C08220,2025-02-10 09:44:36.768600528,wrong_item,675.23
R000635,O006332,C01992,2025-02-07 22:49:08.498157146,changed_mind,1126.44
R000636,O006339,C07549,2025-02-10 04:25:56.206488133,changed_mind,1879.23
R000637,O006341,C09217,2025-02-05 19:21:20.650866166,size_fit,2645.76
R000638,O006375,C05177,2025-02-07 08:57:20.283655068,wrong_item,1978.65
R000639,O006376,C07479,2025-02-05 14:08:12.324109048,changed_mind,4134.64
R000640,O006381,C01933,2025-02-07 01:31:22.127479348,not_as_described,2854.1
R000641,O006388,C06573,2025-02-08 03:27:32.639521777,changed_mind,4091.09
R000642,O006389,C03105,2025-02-05 17:37:46.134135289,not_as_described,3332.67
R000643,O006397,C07793,2025-02-08 03:58:02.138048518,size_fit,2049.29
R000644,O006408,C07410,2025-02-07 17:01:34.088367230,damaged,5333.11
R000645,O006418,C07900,2025-02-08 01:26:43.684640116,size_fit,4072.8
R000646,O006420,C03735,2025-02-06 10:16:47.703397346,not_as_described,13057.25
R000647,O006426,C02940,2025-02-06 06:30:26.791228994,size_fit,860.83
R000648,O006438,C07782,2025-02-13 22:48:16.310212934,size_fit,10763.24
R000649,O006439,C09762,2025-02-13 00:44:16.964413346,not_as_described,1141.56
R000650,O006440,C07194,2025-02-05 04:05:59.780897152,size_fit,878.15
R000651,O006444,C03145,2025-02-04 16:08:52.050164866,damaged,2629.37
R000652,O006455,C02362,2025-02-11 04:53:30.401390918,changed_mind,1355.97
R000653,O006488,C00141,2025-02-09 21:38:03.839809221,changed_mind,6241.33
R000654,O006494,C03202,2025-02-06 16:31:42.889379829,changed_mind,1804.21
R000655,O006512,C09255,2025-02-06 19:52:17.173618924,changed_mind,5760.87
R000656,O006515,C06202,2025-02-06 06:09:33.896095862,not_as_described,1756.4
R000657,O006534,C01248,2025-02-08 20:47:00.519378507,not_as_described,13580.96
R000658,O006545,C08276,2025-02-09 14:23:43.119068967,changed_mind,6573.35
R000659,O006553,C06733,2025-02-06 16:06:18.048337668,changed_mind,3028.13
R000660,O006562,C04677,2025-02-08 18:59:07.359669373,not_as_described,9684.68
R000661,O006565,C09707,2025-02-11 19:46:03.192407803,not_as_described,2623.85
R000662,O006573,C01438,2025-02-11 15:13:19.655224183,size_fit,13650.07
R000663,O006574,C08933,2025-02-10 12:42:07.422261735,wrong_item,2897.42
R000664,O006590,C01926,2025-02-09 19:36:58.810763534,size_fit,537.62
R000665,O006591,C05224,2025-02-15 20:47:12.806499069,not_as_described,1874.41
R000666,O006610,C03056,2025-02-09 07:13:12.284664394,changed_mind,3926.11
R000667,O006617,C08524,2025-02-09 02:00:38.023017231,size_fit,1587.52
R000668,O006618,C01892,2025-02-10 23:20:49.333885508,wrong_item,4105.9
R000669,O006633,C02749,2025-02-10 22:34:58.936260615,changed_mind,23943.13
R000670,O006642,C07635,2025-02-08 01:32:51.455010260,size_fit,10044.65
R000671,O006649,C08378,2025-02-09 21:04:54.992705880,damaged,9408.22
R000672,O006652,C00424,2025-02-10 04:21:04.665767119,wrong_item,470.97
R000673,O006654,C05857,2025-02-07 11:23:46.335037048,not_as_described,462.28
R000674,O006661,C09441,2025-02-12 00:23:57.202266148,wrong_item,2211.71
R000675,O006664,C00349,2025-02-15 09:52:04.816009538,not_as_described,2549.93
R000676,O006669,C07433,2025-02-11 14:12:22.647650842,changed_mind,1992.89
R000677,O006679,C00604,2025-02-11 03:14:46.909350794,not_as_described,471.94
R000678,O006702,C05328,2025-02-14 15:15:49.325433584,not_as_described,543.91
R000679,O006708,C08548,2025-02-14 04:38:32.226769784,not_as_described,775.73
R000680,O006716,C01130,2025-02-09 12:10:29.448784610,damaged,1659.24
R000681,O006718,C02132,2025-02-08 17:11:01.283162748,damaged,4925.68
R000682,O006723,C01014,2025-02-09 01:18:39.762183643,changed_mind,2164.65
R000683,O006737,C07937,2025-02-12 02:15:42.509624666,size_fit,3995.96
R000684,O006742,C03610,2025-02-11 04:05:39.382475280,not_as_described,2318.08
R000685,O006755,C01425,2025-02-06 23:06:48.998821698,not_as_described,4960.23
R000686,O006768,C02542,2025-02-09 07:19:32.175201367,size_fit,519.38
R000687,O006795,C03890,2025-02-09 12:17:47.848312237,wrong_item,527.82
R000688,O006821,C02578,2025-02-07 15:31:23.673013014,not_as_described,3140.53
R000689,O006831,C05625,2025-02-08 04:16:52.596381784,not_as_described,1375.33
R000690,O006852,C01884,2025-02-11 21:58:55.285659037,size_fit,5018.86
R000691,O006877,C06000,2025-02-09 21:29:17.994968167,damaged,1322.63
R000692,O006881,C03021,2025-02-11 19:43:13.255440704,not_as_described,1162.03
R000693,O006887,C04389,2025-02-11 09:21:50.582531548,wrong_item,43494.17
R000694,O006896,C05698,2025-02-08 06:11:48.843801758,wrong_item,280.67
R000695,O006900,C06256,2025-02-09 00:13:35.459888469,wrong_item,1143.85
R000696,O006927,C01878,2025-02-08 06:19:45.787853478,damaged,2772.85
R000697,O006928,C02592,2025-02-14 02:43:51.898696374,damaged,9880.92
R000698,O006933,C04043,2025-02-11 07:17:03.692406469,size_fit,275.99
R000699,O006944,C07298,2025-02-09 13:01:43.443139602,not_as_described,2781.62
R000700,O006948,C02779,2025-02-16 05:49:38.287393986,changed_mind,5108.22
R000701,O006970,C01411,2025-02-07 18:13:11.195695416,damaged,1332.56
R000702,O006975,C07687,2025-02-12 03:32:14.417470219,wrong_item,1724.82
R000703,O007006,C02490,2025-02-08 08:33:47.765225397,size_fit,310.93
R000704,O007009,C05791,2025-02-09 18:44:33.892170914,not_as_described,2926.87
R000705,O007016,C02748,2025-02-08 17:27:00.550583085,size_fit,3570.2
R000706,O007037,C02655,2025-02-12 02:08:36.738664306,changed_mind,5584.64
R000707,O007038,C04644,2025-02-14 12:54:03.053341321,not_as_described,1086.95
R000708,O007040,C05765,2025-02-08 15:09:38.945482574,not_as_described,1060.03
R000709,O007056,C01450,2025-02-11 17:42:40.310906482,not_as_described,3908.17
R000710,O007076,C01145,2025-02-13 22:23:35.018144962,not_as_described,1359.56
R000711,O007078,C02411,2025-02-12 10:18:38.603856549,changed_mind,3461.39
R000712,O007080,C05338,2025-02-10 10:51:29.544002967,not_as_described,5674.47
R000713,O007082,C01430,2025-02-09 17:30:43.148589465,not_as_described,1603.19
R000714,O007089,C00747,2025-02-11 14:30:48.431810498,not_as_described,1445.32
R000715,O007090,C02720,2025-02-09 04:37:49.457744479,not_as_described,3655.81
R000716,O007093,C07685,2025-02-11 10:06:28.618716949,size_fit,3840.34
R000717,O007094,C08260,2025-02-11 21:47:53.180653650,not_as_described,2267.11
R000718,O007114,C09321,2025-02-13 12:38:33.746086104,size_fit,1476.84
R000719,O007116,C01807,2025-02-12 08:49:31.223774856,damaged,2145.06
R000720,O007139,C00743,2025-02-09 14:34:45.778520380,size_fit,6954.18
R000721,O007150,C07991,2025-02-11 14:27:26.946751629,not_as_described,1316.11
R000722,O007156,C08046,2025-02-12 20:10:45.737589874,not_as_described,2188.91
R000723,O007167,C01521,2025-02-13 14:13:11.841893374,changed_mind,589.8
R000724,O007172,C04514,2025-02-11 13:03:34.491484267,changed_mind,2017.71
R000725,O007174,C05370,2025-02-10 17:49:18.901452010,changed_mind,990.93
R000726,O007179,C04067,2025-02-09 08:04:02.484623636,not_as_described,825.41
R000727,O007182,C07393,2025-02-08 21:35:34.207888621,not_as_described,2466.09
R000728,O007205,C03088,2025-02-14 15:04:48.027825559,changed_mind,390.76
R000729,O007208,C03817,2025-02-16 07:58:15.789808473,size_fit,3206.74
R000730,O007216,C07755,2025-02-22 06:25:17.573410866,size_fit,836.41
R000731,O007222,C01344,2025-02-09 16:30:15.007805568,size_fit,17245.11
R000732,O007230,C08078,2025-02-10 05:42:28.180886630,changed_mind,1434.62
R000733,O007234,C08798,2025-02-11 20:23:20.241974734,wrong_item,1829.07
R000734,O007239,C06525,2025-02-13 04:51:02.497980106,wrong_item,1230.05
R000735,O007242,C07021,2025-02-14 22:14:16.459295413,damaged,3428.61
R000736,O007245,C09220,2025-02-13 09:58:09.192373248,not_as_described,4308.13
R000737,O007272,C03273,2025-02-11 09:30:30.069021805,damaged,950.86
R000738,O007275,C09763,2025-02-14 21:59:44.806017386,changed_mind,4296.77
R000739,O007281,C01411,2025-02-10 21:06:47.589844194,not_as_described,486.47
R000740,O007290,C01355,2025-02-17 21:26:16.146855927,size_fit,521.75
R000741,O007319,C09898,2025-02-10 16:41:30.119073021,size_fit,827.15
R000742,O007328,C03978,2025-02-12 21:09:26.608122259,not_as_described,1319.98
R000743,O007334,C01618,2025-02-13 22:12:54.282331083,size_fit,13102.49
R000744,O007338,C06258,2025-02-13 17:00:32.951649452,not_as_described,906.44
R000745,O007346,C08904,2025-02-17 01:15:41.612710006,size_fit,4723.51
R000746,O007347,C05206,2025-02-10 06:32:04.001313451,size_fit,2210.88
R000747,O007349,C00951,2025-02-11 13:31:26.927253332,not_as_described,1622.28
R000748,O007365,C03036,2025-02-10 13:34:50.830535928,not_as_described,1107.36
R000749,O007367,C05926,2025-02-14 02:00:06.485932015,size_fit,1089.29
R000750,O007371,C07637,2025-02-12 18:41:31.815870482,size_fit,1636.64
R000751,O007388,C04455,2025-02-13 07:30:05.253811520,damaged,3121.64
R000752,O007406,C09724,2025-02-13 06:16:04.709848259,not_as_described,3461.48
R000753,O007435,C05398,2025-02-12 19:17:00.106179550,changed_mind,2897.09
R000754,O007442,C00223,2025-02-15 12:23:18.205316710,size_fit,2065.78
R000755,O007450,C09533,2025-02-14 16:09:02.674078063,size_fit,1055.96
R000756,O007468,C03435,2025-02-22 13:02:34.159275744,damaged,15748.04
R000757,O007472,C01084,2025-02-14 12:18:42.186249061,size_fit,1633.05
R000758,O007478,C06484,2025-02-14 08:22:27.646391366,not_as_described,4078.02
R000759,O007493,C01166,2025-02-11 17:23:31.756139106,changed_mind,2543.46
R000760,O007497,C07390,2025-02-12 01:57:28.481241146,damaged,1672.64
R000761,O007499,C07125,2025-02-11 03:32:29.889586755,not_as_described,2450.45
R000762,O007500,C07462,2025-02-12 13:28:51.812051800,not_as_described,8993.15
R000763,O007506,C07278,2025-02-12 08:22:17.937200802,damaged,6869.74
R000764,O007544,C03802,2025-02-12 22:16:27.218843133,not_as_described,1816.71
R000765,O007558,C09656,2025-02-12 07:54:58.746792924,wrong_item,547.75
R000766,O007559,C03442,2025-02-16 06:33:58.616922308,changed_mind,684.79
R000767,O007580,C05545,2025-02-10 20:32:30.650289288,wrong_item,2324.97
R000768,O007581,C09572,2025-02-14 03:51:06.511491475,damaged,9736.14
R000769,O007582,C00103,2025-02-12 09:10:54.644815538,wrong_item,6539.63
R000770,O007596,C09465,2025-02-11 14:48:53.386882470,wrong_item,3037.62
R000771,O007604,C09373,2025-02-18 15:08:48.229485129,changed_mind,987.82
R000772,O007614,C02389,2025-02-21 01:54:43.490752264,not_as_described,371.14
R000773,O007621,C09584,2025-02-13 09:56:49.943348437,damaged,3835.38
R000774,O007628,C09672,2025-02-15 20:27:55.487996161,changed_mind,273.61
R000775,O007655,C01498,2025-02-13 08:42:05.252297076,wrong_item,907.98
R000776,O007656,C05318,2025-02-15 14:10:47.303000342,wrong_item,1020.73
R000777,O007659,C04184,2025-02-16 16:43:40.236429054,not_as_described,1524.37
R000778,O007661,C02263,2025-02-15 15:39:13.029099663,wrong_item,1273.57
R000779,O007689,C01524,2025-02-13 21:47:52.354569800,changed_mind,4089.95
R000780,O007714,C06887,2025-02-13 03:43:27.469658035,changed_mind,346.73
R000781,O007718,C05520,2025-02-15 09:18:34.436513512,size_fit,3327.92
R000782,O007727,C08078,2025-02-17 05:56:53.741612518,wrong_item,541.79
R000783,O007767,C07344,2025-02-21 22:09:02.210858726,size_fit,823.12
R000784,O007770,C02577,2025-02-16 04:41:27.268171342,size_fit,311.07
R000785,O007771,C08146,2025-02-15 21:23:53.371609872,damaged,1458.12
R000786,O007785,C04081,2025-02-16 13:41:32.481935739,not_as_described,5176.62
R000787,O007792,C07320,2025-02-15 02:14:06.758828235,not_as_described,1031.2
R000788,O007797,C04547,2025-02-14 02:36:49.920746320,size_fit,19662.39
R000789,O007802,C01700,2025-02-16 07:37:25.914302256,wrong_item,438.96
R000790,O007811,C09636,2025-02-22 13:29:26.898299462,wrong_item,481.46
R000791,O007821,C09094,2025-02-14 10:23:12.142129286,wrong_item,753.08
R000792,O007824,C03432,2025-02-15 07:20:37.169833437,size_fit,15205.53
R000793,O007825,C06729,2025-02-16 04:03:03.353796190,wrong_item,17128.28
R000794,O007847,C04007,2025-02-18 14:51:17.784993999,not_as_described,4518.3
R000795,O007867,C08118,2025-03-01 00:00:00.000000000,size_fit,1937.79
R000796,O007879,C02872,2025-02-17 20:21:01.459136260,not_as_described,523.4
R000797,O007891,C07641,2025-02-16 17:43:54.017704156,not_as_described,9043.57
R000798,O007922,C06055,2025-02-15 06:47:37.068129423,not_as_described,643.45
R000799,O007945,C06243,2025-02-15 03:02:33.328230946,not_as_described,3258.0
R000800,O007950,C03073,2025-02-21 07:32:32.475945825,damaged,1941.1
R000801,O007960,C09282,2025-02-14 14:24:41.188343875,wrong_item,1526.5
R000802,O007978,C02001,2025-02-17 04:45:02.435872186,size_fit,589.05
R000803,O007982,C04254,2025-02-21 01:27:00.140428530,size_fit,447.44
R000804,O007983,C06701,2025-02-17 03:31:20.894064927,changed_mind,1722.1
R000805,O007984,C01457,2025-02-14 23:40:12.057748654,not_as_described,1788.88
R000806,O007989,C05651,2025-02-13 00:37:03.412395796,damaged,2665.2
R000807,O007994,C06291,2025-02-14 06:21:20.256618610,not_as_described,2269.25
R000808,O008011,C03379,2025-02-27 02:51:46.178465036,not_as_described,18850.82
R000809,O008013,C02415,2025-02-16 21:09:17.499897766,damaged,3413.86
R000810,O008028,C07194,2025-02-16 09:20:14.225935718,wrong_item,4876.64
R000811,O008031,C04144,2025-02-18 12:59:01.571153161,not_as_described,2541.17
R000812,O008037,C01393,2025-02-18 00:46:00.085369814,damaged,5004.87
R000813,O008041,C06161,2025-02-14 17:36:21.720161095,wrong_item,1907.42
R000814,O008043,C06043,2025-02-14 01:52:38.731508310,size_fit,1201.53
R000815,O008068,C03836,2025-02-22 12:38:59.954766288,damaged,1038.62
R000816,O008072,C03796,2025-02-17 10:00:31.098749626,size_fit,731.93
R000817,O008076,C07380,2025-02-17 10:13:16.183742646,size_fit,4241.91
R000818,O008105,C07169,2025-02-17 23:05:56.058958575,size_fit,15976.6
R000819,O008111,C08760,2025-02-17 12:39:58.792152121,not_as_described,4354.34
R000820,O008126,C01568,2025-02-14 11:17:57.139485766,size_fit,595.16
R000821,O008133,C03911,2025-02-23 13:35:25.351463641,changed_mind,6039.6
R000822,O008151,C00974,2025-02-19 21:10:23.156222890,damaged,1188.65
R000823,O008154,C05851,2025-02-20 00:08:28.937379861,damaged,3257.11
R000824,O008167,C08994,2025-02-17 22:13:27.427518526,changed_mind,880.44
R000825,O008170,C03045,2025-02-17 05:33:47.292382425,damaged,6049.39
R000826,O008175,C02301,2025-02-13 15:14:35.533951296,size_fit,1866.31
R000827,O008195,C09105,2025-02-15 17:04:44.099221666,not_as_described,2165.25
R000828,O008196,C02358,2025-02-18 10:00:20.214108975,size_fit,13106.53
R000829,O008197,C01673,2025-02-16 13:30:45.089676446,size_fit,5849.67
R000830,O008206,C01000,2025-02-15 22:13:31.352595146,size_fit,462.05
R000831,O008214,C03552,2025-03-01 21:08:11.545724954,size_fit,209.41
R000832,O008220,C03282,2025-02-15 08:11:09.972849188,changed_mind,886.06
R000833,O008234,C01437,2025-02-16 14:57:25.746831126,size_fit,1977.25
R000834,O008246,C08192,2025-02-16 09:49:37.205805511,damaged,981.68
R000835,O008261,C07785,2025-02-18 04:37:43.309942665,damaged,832.2
R000836,O008269,C02192,2025-02-16 07:24:06.281122759,not_as_described,385.27
R000837,O008279,C03825,2025-02-16 05:41:56.282611682,not_as_described,634.59
R000838,O008292,C02677,2025-02-18 02:40:58.313840786,not_as_described,4000.5
R000839,O008298,C03512,2025-02-15 09:35:02.329199343,not_as_described,2182.82
R000840,O008321,C08252,2025-02-17 01:14:35.028626384,wrong_item,1413.47
R000841,O008331,C02249,2025-02-18 06:52:39.577587805,not_as_described,1213.09
R000842,O008334,C00567,2025-02-18 19:21:06.747188176,wrong_item,1356.38
R000843,O008338,C05643,2025-02-28 08:14:37.984812079,not_as_described,2267.95
R000844,O008345,C03437,2025-02-16 18:41:46.697297830,size_fit,7546.86
R000845,O008348,C08170,2025-02-15 02:39:02.066774234,size_fit,230.99
R000846,O008354,C08423,2025-02-20 20:19:07.363620332,size_fit,323.73
R000847,O008356,C04977,2025-02-17 04:26:05.718538089,wrong_item,421.18
R000848,O008368,C04942,2025-02-17 19:58:20.525812712,not_as_described,28420.43
R000849,O008370,C02796,2025-02-15 19:46:16.552864581,wrong_item,8317.9
R000850,O008377,C05302,2025-02-14 16:46:28.184500646,damaged,10942.0
R000851,O008379,C07217,2025-02-19 05:45:47.977444083,size_fit,489.2
R000852,O008388,C05128,2025-02-19 22:11:17.208567499,not_as_described,7246.65
R000853,O008390,C04036,2025-02-16 21:29:43.993642117,wrong_item,4486.4
R000854,O008406,C00365,2025-02-21 01:40:29.568392569,not_as_described,459.41
R000855,O008409,C07033,2025-02-20 20:53:06.701562906,not_as_described,2469.93
R000856,O008411,C09202,2025-02-18 04:55:06.638067908,size_fit,2738.47
R000857,O008413,C06578,2025-02-18 03:03:08.653229215,damaged,3514.46
R000858,O008424,C04889,2025-02-17 18:17:15.502612372,changed_mind,6117.19
R000859,O008437,C00648,2025-02-19 10:03:22.282725196,size_fit,1888.69
R000860,O008447,C07674,2025-02-21 01:39:33.001584357,changed_mind,1137.31
R000861,O008452,C08065,2025-02-17 22:06:26.472717907,not_as_described,177.65
R000862,O008456,C09220,2025-02-19 22:43:08.765497441,size_fit,767.22
R000863,O008474,C02763,2025-02-19 03:24:17.263027292,size_fit,7567.86
R000864,O008489,C01193,2025-02-17 22:19:59.275790922,size_fit,3723.09
R000865,O008517,C05549,2025-02-23 23:58:08.727133357,changed_mind,6919.33
R000866,O008518,C05136,2025-02-19 11:54:57.811319193,damaged,665.51
R000867,O008530,C05105,2025-02-17 19:04:19.831108656,size_fit,1490.97
R000868,O008536,C02052,2025-02-16 14:10:37.386208876,size_fit,6695.85
R000869,O008553,C00964,2025-02-18 13:56:09.544433604,not_as_described,2123.16
R000870,O008557,C03874,2025-02-16 05:47:37.907247350,damaged,6362.19
R000871,O008558,C01511,2025-02-17 23:34:34.121793100,not_as_described,10877.5
R000872,O008569,C01831,2025-02-28 23:53:12.411394357,changed_mind,3831.42
R000873,O008578,C07229,2025-02-17 08:10:50.205718066,wrong_item,7137.26
R000874,O008589,C01759,2025-02-27 23:17:07.911529566,wrong_item,1858.07
R000875,O008599,C04181,2025-02-23 10:26:39.562660608,not_as_described,1243.91
R000876,O008604,C06292,2025-02-17 21:25:03.427471239,size_fit,9335.12
R000877,O008629,C03639,2025-02-20 03:00:17.847227480,damaged,1387.98
R000878,O008633,C03317,2025-02-19 03:39:10.086659179,damaged,1450.27
R000879,O008638,C04830,2025-02-21 11:17:48.854260665,changed_mind,2797.99
R000880,O008655,C06980,2025-02-16 19:19:30.672577750,not_as_described,1603.03
R000881,O008658,C09578,2025-02-22 05:09:44.095016246,wrong_item,1013.11
R000882,O008659,C02931,2025-02-22 17:04:49.139445874,size_fit,8215.01
R000883,O008680,C05181,2025-02-22 20:25:19.515143931,size_fit,1913.46
R000884,O008689,C07956,2025-02-18 08:08:00.186469886,size_fit,449.3
R000885,O008694,C06175,2025-02-16 09:43:52.161393630,size_fit,11348.28
R000886,O008705,C02921,2025-02-19 05:24:28.400161190,not_as_described,766.78
R000887,O008710,C01100,2025-02-23 14:39:57.138308319,not_as_described,1930.4
R000888,O008717,C01849,2025-02-18 16:50:51.875491509,changed_mind,16143.44
R000889,O008732,C07438,2025-02-25 11:06:01.220438466,size_fit,1091.8
R000890,O008741,C03589,2025-02-18 12:07:36.429063074,not_as_described,1607.52
R000891,O008742,C08272,2025-02-17 17:57:42.509627704,size_fit,10272.19
R000892,O008746,C01227,2025-02-19 06:19:29.019535219,wrong_item,12635.15
R000893,O008758,C04120,2025-02-16 12:57:21.671062624,size_fit,8833.19
R000894,O008768,C06070,2025-02-16 07:02:17.076372622,not_as_described,9495.34
R000895,O008772,C03517,2025-02-22 21:38:14.191174060,size_fit,1466.63
R000896,O008778,C02146,2025-02-21 00:46:27.663017502,size_fit,670.32
R000897,O008796,C06750,2025-02-21 18:29:22.753363358,not_as_described,7348.26
R000898,O008798,C09047,2025-02-21 09:47:03.420885526,not_as_described,979.37
R000899,O008814,C05053,2025-02-23 21:59:48.169873964,damaged,4102.37
R000900,O008818,C00101,2025-02-22 15:43:05.125216746,not_as_described,4106.71
R000901,O008833,C02060,2025-02-19 11:38:06.814808034,not_as_described,6051.92
R000902,O008873,C02254,2025-02-21 04:31:06.279571884,changed_mind,946.36
R000903,O008885,C08734,2025-02-22 04:34:00.377511510,damaged,1871.7
R000904,O008888,C02638,2025-02-18 10:21:49.318003472,size_fit,468.83
R000905,O008891,C02130,2025-02-21 16:42:53.875720681,changed_mind,4639.7
R000906,O008894,C05828,2025-02-19 17:31:52.139097876,size_fit,1156.5
R000907,O008912,C01477,2025-02-21 11:29:01.655266671,size_fit,4654.88
R000908,O008936,C08620,2025-02-23 01:44:22.473152710,size_fit,778.53
R000909,O008943,C09858,2025-02-23 16:58:47.936226975,damaged,2228.05
R000910,O008952,C08353,2025-02-23 09:14:05.260088558,not_as_described,1849.63
R000911,O008970,C06608,2025-02-20 21:04:13.899462740,changed_mind,5192.43
R000912,O008975,C05760,2025-02-18 23:03:35.479287504,changed_mind,1935.04
R000913,O008976,C06187,2025-02-21 17:38:14.965937833,changed_mind,3622.7
R000914,O009002,C06755,2025-02-21 17:49:26.488631712,size_fit,432.6
R000915,O009017,C03394,2025-02-24 00:20:29.763670837,damaged,1244.13
R000916,O009027,C00540,2025-02-19 03:50:45.607464276,not_as_described,1856.13
R000917,O009029,C04544,2025-02-20 05:58:13.252352617,changed_mind,177.69
R000918,O009043,C05993,2025-02-18 18:09:29.674304276,changed_mind,10418.03
R000919,O009044,C06159,2025-02-26 05:19:21.969534111,damaged,2254.73
R000920,O009056,C08291,2025-02-19 16:46:37.918582935,damaged,1801.5
R000921,O009057,C07875,2025-02-22 06:26:52.575329040,damaged,912.24
R000922,O009068,C02145,2025-02-21 14:40:35.008167406,damaged,2433.5
R000923,O009073,C07811,2025-02-25 07:00:55.034545784,size_fit,1726.69
R000924,O009077,C07716,2025-02-27 08:38:14.657031110,wrong_item,2454.77
R000925,O009106,C02567,2025-02-21 09:40:58.274165532,size_fit,786.28
R000926,O009119,C04392,2025-02-20 05:07:00.909532916,changed_mind,1781.34
R000927,O009122,C00966,2025-02-21 09:55:41.018996175,size_fit,4643.59
R000928,O009143,C09330,2025-02-21 20:52:29.988719155,changed_mind,2139.51
R000929,O009155,C00394,2025-02-21 10:37:35.202523652,changed_mind,4727.07
R000930,O009160,C03881,2025-02-21 22:44:31.578138794,size_fit,6885.83
R000931,O009172,C02228,2025-02-20 14:22:26.440002793,changed_mind,1112.36
R000932,O009177,C00272,2025-02-26 10:30:08.621945798,changed_mind,2259.65
R000933,O009207,C00521,2025-03-01 05:21:15.289257171,damaged,3579.14
R000934,O009208,C09517,2025-02-21 17:26:10.166217129,wrong_item,9733.9
R000935,O009222,C09346,2025-02-20 23:45:42.540070338,not_as_described,1705.67
R000936,O009223,C03972,2025-02-22 04:39:49.714489897,not_as_described,6325.07
R000937,O009238,C07451,2025-02-22 02:58:22.766272867,not_as_described,1225.68
R000938,O009239,C04085,2025-02-27 03:20:33.768247516,size_fit,1675.91
R000939,O009241,C01900,2025-02-23 19:29:27.114299764,wrong_item,654.33
R000940,O009246,C04463,2025-02-25 22:40:15.059425652,size_fit,1074.48
R000941,O009253,C07326,2025-02-24 02:20:39.650836034,size_fit,735.07
R000942,O009260,C03748,2025-02-21 10:43:33.333023154,changed_mind,1071.93
R000943,O009268,C03180,2025-02-21 23:33:48.958415118,damaged,1966.79
R000944,O009295,C09434,2025-03-07 00:00:00.000000000,changed_mind,6294.75
R000945,O009305,C01674,2025-02-21 18:01:25.958985978,changed_mind,1490.88
R000946,O009309,C06833,2025-02-19 14:30:14.713288704,damaged,7996.36
R000947,O009315,C01228,2025-02-19 23:47:45.877079673,wrong_item,603.46
R000948,O009319,C00186,2025-02-19 20:29:56.734689836,changed_mind,250.17
R000949,O009322,C04709,2025-02-20 04:09:38.713256690,damaged,1691.31
R000950,O009329,C04138,2025-02-26 10:01:47.067189870,not_as_described,1092.36
R000951,O009330,C04381,2025-02-23 18:24:12.843774511,not_as_described,1108.67
R000952,O009332,C08609,2025-02-25 07:16:18.204983803,size_fit,19866.92
R000953,O009335,C06936,2025-02-19 10:24:08.862869019,damaged,154.71
R000954,O009347,C04411,2025-02-24 11:48:27.889152624,not_as_described,1091.89
R000955,O009355,C05781,2025-02-28 00:00:00.000000000,wrong_item,8807.01
R000956,O009356,C09156,2025-02-23 03:32:49.126864477,changed_mind,10508.16
R000957,O009362,C08476,2025-02-24 02:58:30.125805423,size_fit,1208.9
R000958,O009375,C03176,2025-02-25 04:53:20.011569590,wrong_item,4443.66
R000959,O009378,C03528,2025-02-24 06:22:17.653488146,not_as_described,17264.1
R000960,O009385,C07916,2025-02-25 01:06:25.898694861,not_as_described,2637.4
R000961,O009391,C05449,2025-02-21 00:58:41.159927337,not_as_described,9440.27
R000962,O009392,C02750,2025-02-22 01:59:43.293644854,wrong_item,572.66
R000963,O009397,C04968,2025-02-24 09:03:05.078178640,size_fit,1897.0
R000964,O009425,C07822,2025-02-22 14:31:23.108217942,not_as_described,7380.63
R000965,O009437,C00352,2025-02-23 09:14:33.048662409,size_fit,2989.08
R000966,O009444,C08939,2025-02-24 02:55:20.866667523,damaged,408.29
R000967,O009453,C03024,2025-02-21 19:03:40.034288800,damaged,1673.83
R000968,O009456,C00901,2025-02-23 12:59:54.396823603,not_as_described,1819.34
R000969,O009484,C07633,2025-02-25 04:45:01.294783614,damaged,995.59
R000970,O009504,C01983,2025-02-21 09:21:12.633367104,not_as_described,1592.79
R000971,O009513,C02295,2025-02-27 14:55:40.842203354,changed_mind,5397.27
R000972,O009516,C00398,2025-03-06 12:40:27.458676037,wrong_item,7084.93
R000973,O009535,C09852,2025-03-03 15:18:13.375910214,size_fit,2340.59
R000974,O009538,C08365,2025-02-22 03:35:08.500319786,wrong_item,680.54
R000975,O009546,C04440,2025-02-23 12:56:50.988083604,size_fit,6869.58
R000976,O009553,C05168,2025-02-25 22:14:36.396351250,wrong_item,541.22
R000977,O009555,C06466,2025-02-26 10:32:09.180800044,changed_mind,4928.91
R000978,O009564,C05455,2025-02-24 12:36:41.908541616,not_as_described,488.75
R000979,O009565,C06299,2025-02-21 16:14:45.656341173,changed_mind,6343.31
R000980,O009572,C01093,2025-02-24 09:14:06.463914288,size_fit,2244.55
R000981,O009575,C08606,2025-02-24 22:48:00.211788363,size_fit,924.42
R000982,O009588,C04482,2025-02-27 23:58:39.436703770,damaged,3111.61
R000983,O009607,C07493,2025-02-26 08:57:53.086477827,wrong_item,269.73
R000984,O009609,C03875,2025-02-25 23:43:55.239020648,damaged,858.49
R000985,O009630,C04620,2025-02-22 15:03:11.272599572,not_as_described,700.42
R000986,O009635,C01996,2025-02-23 04:41:13.984573232,size_fit,944.33
R000987,O009638,C00883,2025-02-27 10:42:04.765924792,damaged,329.97
R000988,O009655,C04275,2025-02-21 11:28:57.404121837,size_fit,1650.89
R000989,O009657,C01469,2025-02-23 19:17:43.173766298,wrong_item,7295.5
R000990,O009660,C03601,2025-02-23 20:09:23.418060696,size_fit,15052.13
R000991,O009663,C06264,2025-02-25 09:44:20.815616554,damaged,7740.61
R000992,O009670,C06941,2025-02-23 12:03:21.369430270,wrong_item,1645.6
R000993,O009672,C09293,2025-02-27 11:50:44.435134147,size_fit,993.96
R000994,O009682,C02552,2025-02-25 17:06:09.338771761,changed_mind,868.24
R000995,O009687,C08629,2025-02-28 07:23:46.582302973,not_as_described,252.1
R000996,O009695,C03260,2025-02-26 05:38:26.813977306,size_fit,3144.84
R000997,O009698,C05478,2025-02-25 05:12:41.934163680,not_as_described,1388.74
R000998,O009701,C09464,2025-02-22 22:48:45.728197740,damaged,1086.45
R000999,O009708,C09643,2025-02-27 19:07:29.131280889,wrong_item,1646.36
R001000,O009727,C01117,2025-02-26 01:08:50.980817810,damaged,418.12
R001001,O009730,C00722,2025-02-28 12:46:31.549825624,size_fit,14028.54
R001002,O009731,C09294,2025-02-25 13:12:27.039284654,damaged,900.49
R001003,O009737,C09021,2025-02-21 08:14:04.492660012,size_fit,238.66
R001004,O009740,C02007,2025-03-04 00:26:36.773333797,size_fit,22857.03
R001005,O009743,C05046,2025-03-03 18:29:55.107014064,wrong_item,4548.43
R001006,O009756,C07637,2025-02-26 13:18:09.853262244,size_fit,4405.86
R001007,O009780,C08938,2025-02-25 01:02:28.420666209,size_fit,8492.16
R001008,O009797,C03199,2025-02-28 02:00:13.483993298,changed_mind,1031.43
R001009,O009832,C01759,2025-02-24 04:04:10.460014075,not_as_described,2908.4
R001010,O009843,C02101,2025-02-23 08:54:24.188885096,wrong_item,3931.98
R001011,O009844,C07116,2025-03-01 11:25:51.150901767,size_fit,3076.25
R001012,O009867,C00571,2025-02-26 23:24:28.464866060,changed_mind,1075.68
R001013,O009874,C06416,2025-02-26 06:00:08.703412545,not_as_described,5610.75
R001014,O009877,C08058,2025-02-26 15:06:31.413528237,wrong_item,1305.82
R001015,O009892,C07755,2025-02-25 17:50:10.479017569,size_fit,2458.92
R001016,O009901,C01054,2025-02-27 09:54:19.184084323,size_fit,837.66
R001017,O009907,C03657,2025-02-25 11:52:11.295923055,size_fit,767.04
R001018,O009915,C04715,2025-03-04 02:55:55.780265535,size_fit,1071.14
R001019,O009920,C03970,2025-03-01 16:53:49.396545661,not_as_described,691.05
R001020,O009921,C07021,2025-02-24 20:41:15.368437309,not_as_described,1298.87
R001021,O009927,C06246,2025-03-04 00:42:28.663261369,changed_mind,2157.47
R001022,O009937,C05021,2025-03-03 01:53:21.541365762,size_fit,490.46
R001023,O009952,C09008,2025-02-23 19:16:25.588758291,wrong_item,10459.6
R001024,O009970,C02572,2025-03-05 08:01:01.748950658,not_as_described,2922.3
R001025,O009973,C07441,2025-03-06 10:40:23.866921873,not_as_described,2497.61
R001026,O009977,C03432,2025-02-24 12:14:30.345410274,wrong_item,9694.26
R001027,O009979,C01576,2025-03-02 01:49:22.233002178,damaged,322.81
R001028,O009987,C05761,2025-03-03 09:01:46.001827282,size_fit,2451.14
R001029,O009989,C08238,2025-02-28 01:20:43.591433143,not_as_described,1414.68
R001030,O010010,C09231,2025-02-26 22:35:00.225103614,wrong_item,326.41
R001031,O010017,C01556,2025-03-03 19:38:39.148100955,damaged,1319.65
R001032,O010047,C03514,2025-02-28 16:54:40.399139210,damaged,1336.22
R001033,O010065,C08662,2025-02-26 20:17:13.667238585,changed_mind,1826.0
R001034,O010092,C04066,2025-02-25 18:43:28.197131869,size_fit,2506.85
R001035,O010093,C09129,2025-03-04 11:20:54.965034898,size_fit,1277.22
R001036,O010099,C08132,2025-03-01 00:18:35.285297436,changed_mind,1166.7
R001037,O010105,C08788,2025-03-06 12:18:23.475091924,wrong_item,1327.15
R001038,O010106,C03228,2025-02-27 15:07:37.753496684,damaged,3137.01
R001039,O010109,C00213,2025-02-27 11:01:46.901964086,size_fit,612.47
R001040,O010110,C01678,2025-02-27 05:40:21.721130709,size_fit,1996.09
R001041,O010125,C08973,2025-02-27 22:28:13.719864727,damaged,1014.73
R001042,O010127,C03855,2025-02-28 04:26:19.477114965,not_as_described,2540.01
R001043,O010151,C01971,2025-02-26 16:34:02.250668913,damaged,6167.2
R001044,O010160,C02091,2025-02-26 03:40:42.022700259,size_fit,1608.8
R001045,O010172,C08793,2025-02-26 01:49:18.138635889,damaged,711.66
R001046,O010175,C00320,2025-03-05 11:05:16.944092487,not_as_described,2508.2
R001047,O010201,C07470,2025-02-25 16:45:51.151156369,size_fit,508.77
R001048,O010208,C06291,2025-02-25 04:39:36.210738452,not_as_described,1871.0
R001049,O010210,C04903,2025-03-01 07:32:27.216073917,wrong_item,4112.04
R001050,O010214,C03695,2025-02-25 15:23:07.191431437,size_fit,908.9
R001051,O010230,C06486,2025-02-28 06:16:04.169649432,size_fit,414.97
R001052,O010236,C08193,2025-02-27 15:16:31.477648670,size_fit,966.5
R001053,O010268,C09666,2025-02-28 21:07:29.236821067,size_fit,1170.79
R001054,O010275,C04092,2025-02-27 22:05:35.986014614,size_fit,1167.45
R001055,O010277,C08223,2025-03-01 21:03:45.762785330,damaged,1139.46
R001056,O010281,C04084,2025-02-26 06:23:00.644301960,size_fit,3702.96
R001057,O010284,C04953,2025-02-27 11:10:45.847050189,not_as_described,1837.8
R001058,O010285,C06992,2025-03-02 17:30:30.420765770,size_fit,6128.68
R001059,O010306,C07085,2025-03-02 21:34:06.784980193,size_fit,2601.35
R001060,O010308,C04364,2025-03-04 20:35:08.537121787,changed_mind,755.27
R001061,O010309,C03990,2025-03-01 01:24:31.717194541,size_fit,8845.07
R001062,O010319,C01666,2025-03-14 00:00:00.000000000,size_fit,7188.44
R001063,O010346,C08042,2025-03-01 02:58:41.903399888,not_as_described,579.81
R001064,O010356,C09592,2025-03-02 00:26:08.132739262,not_as_described,2038.53
R001065,O010362,C01290,2025-02-27 09:45:06.189395842,not_as_described,3413.15
R001066,O010378,C07499,2025-03-01 20:50:31.009954466,wrong_item,1140.46
R001067,O010385,C05817,2025-03-01 15:59:02.111251416,damaged,1601.19
R001068,O010396,C05107,2025-02-27 13:41:08.621674267,wrong_item,364.91
R001069,O010402,C03511,2025-03-03 19:19:35.832106513,size_fit,2804.52
R001070,O010405,C01089,2025-02-27 14:27:34.573625773,not_as_described,5151.04
R001071,O010407,C00527,2025-03-04 20:24:28.052221474,wrong_item,12728.67
R001072,O010434,C08400,2025-02-27 22:25:09.521514879,size_fit,1879.17
R001073,O010437,C09356,2025-02-27 02:42:01.934274096,not_as_described,686.15
R001074,O010462,C00188,2025-03-02 11:49:00.710610934,wrong_item,7412.99
R001075,O010465,C06381,2025-02-28 10:01:35.285203855,not_as_described,11491.06
R001076,O010475,C09161,2025-02-28 22:54:05.043352374,not_as_described,567.31
R001077,O010477,C03116,2025-02-27 16:33:20.814091829,not_as_described,3279.34
R001078,O010483,C02223,2025-03-02 23:29:30.833317932,wrong_item,2125.27
R001079,O010487,C05541,2025-02-28 14:38:29.162357667,size_fit,4272.66
R001080,O010533,C09806,2025-03-02 21:18:19.126277978,changed_mind,1444.83
R001081,O010535,C04545,2025-02-27 04:56:12.369740272,damaged,4588.79
R001082,O010537,C02501,2025-02-27 01:59:53.418961431,damaged,4765.82
R001083,O010550,C02394,2025-02-27 19:14:28.993610299,changed_mind,1171.79
R001084,O010551,C08625,2025-03-01 23:57:07.620134263,size_fit,2924.37
R001085,O010564,C00808,2025-02-27 02:23:04.738802316,size_fit,2698.01
R001086,O010601,C05765,2025-03-01 18:28:40.753514866,damaged,636.41
R001087,O010604,C06990,2025-03-02 22:17:30.049964844,wrong_item,1867.57
R001088,O010607,C08061,2025-02-26 23:15:46.762660742,not_as_described,966.35
R001089,O010620,C01291,2025-03-04 17:47:12.436765317,size_fit,1924.26
R001090,O010647,C09490,2025-02-27 09:21:56.505440217,damaged,4571.58
R001091,O010649,C07398,2025-03-03 09:24:25.865476995,damaged,11094.72
R001092,O010650,C05514,2025-03-03 00:12:51.627796581,wrong_item,4441.79
R001093,O010658,C02980,2025-02-27 16:51:04.334567720,size_fit,12141.72
R001094,O010660,C03475,2025-03-04 08:44:45.638932869,wrong_item,1233.0
R001095,O010665,C09164,2025-03-02 06:36:09.706010716,not_as_described,10029.96
R001096,O010666,C09152,2025-03-05 17:17:50.140844718,not_as_described,2138.39
R001097,O010667,C05360,2025-02-28 13:18:16.474888252,wrong_item,1427.67
R001098,O010682,C07716,2025-03-06 20:58:44.719832222,damaged,5960.11
R001099,O010692,C03704,2025-03-03 04:50:32.225664508,wrong_item,1107.89
R001100,O010693,C01213,2025-03-09 07:05:02.253035533,size_fit,2565.72
R001101,O010705,C03276,2025-02-28 15:55:26.557661406,size_fit,1161.35
R001102,O010750,C05718,2025-03-04 14:02:41.947568462,not_as_described,1025.93
R001103,O010760,C02063,2025-03-12 12:28:36.243316484,changed_mind,2599.56
R001104,O010798,C08115,2025-02-28 19:22:01.835051070,size_fit,998.39
R001105,O010818,C01873,2025-03-03 06:13:20.892833497,changed_mind,2257.02
R001106,O010821,C03257,2025-03-03 06:22:33.556042585,wrong_item,1327.12
R001107,O010826,C07288,2025-03-03 01:04:05.465791660,size_fit,2783.79
R001108,O010831,C02999,2025-02-27 14:20:09.802156120,not_as_described,292.11
R001109,O010843,C04264,2025-03-02 20:01:27.321994650,wrong_item,556.25
R001110,O010850,C01373,2025-03-06 06:54:45.162143550,not_as_described,388.87
R001111,O010851,C00797,2025-03-07 08:11:34.445487566,damaged,149.24
R001112,O010886,C08881,2025-03-02 10:47:51.198341276,changed_mind,1659.44
R001113,O010903,C08557,2025-03-03 20:12:32.176547355,changed_mind,1335.39
R001114,O010904,C05461,2025-03-05 07:32:24.083772975,size_fit,1848.89
R001115,O010926,C02319,2025-03-05 02:04:40.905381064,changed_mind,4667.53
R001116,O010931,C08064,2025-03-11 06:32:05.353662418,wrong_item,8974.72
R001117,O010938,C05353,2025-03-07 15:49:38.946142570,size_fit,1525.98
R001118,O010945,C01866,2025-03-03 07:19:53.632978428,size_fit,11591.45
R001119,O010951,C01337,2025-02-28 07:36:01.419074136,damaged,2488.0
R001120,O010964,C02983,2025-03-09 11:10:29.915015725,size_fit,1608.2
R001121,O010966,C03938,2025-03-01 07:59:52.043108175,size_fit,3259.78
R001122,O010976,C06406,2025-03-05 23:39:02.082723418,not_as_described,1750.64
R001123,O010989,C07802,2025-03-03 01:30:37.259327447,not_as_described,1159.23
R001124,O010993,C07020,2025-03-03 07:23:20.046392934,not_as_described,1959.78
R001125,O011014,C07673,2025-03-03 20:27:50.271457917,not_as_described,1543.15
R001126,O011015,C05084,2025-03-02 16:06:32.877272754,changed_mind,2521.22
R001127,O011017,C00243,2025-03-02 19:06:24.633551188,size_fit,28347.37
R001128,O011019,C05988,2025-03-04 18:41:09.759141682,not_as_described,1358.52
R001129,O011035,C02036,2025-02-28 19:17:25.226154211,size_fit,2908.86
R001130,O011036,C01124,2025-03-05 08:35:54.044250763,changed_mind,4992.07
R001131,O011052,C05733,2025-03-05 22:14:59.501383836,size_fit,3995.44
R001132,O011060,C04684,2025-03-05 07:57:44.566800606,changed_mind,2683.46
R001133,O011073,C01100,2025-03-06 04:36:31.329149036,wrong_item,1156.31
R001134,O011075,C05306,2025-03-02 15:57:45.649625940,not_as_described,1487.91
R001135,O011085,C05749,2025-03-14 22:16:29.408064272,not_as_described,1076.79
R001136,O011102,C09297,2025-03-05 11:11:31.902506469,changed_mind,1017.74
R001137,O011118,C02569,2025-03-02 23:22:29.907899421,not_as_described,5587.86
R001138,O011151,C01972,2025-03-03 10:03:19.719774046,wrong_item,939.7
R001139,O011157,C06809,2025-03-05 08:51:33.008529783,wrong_item,1722.72
R001140,O011163,C08970,2025-03-05 00:38:10.633230524,size_fit,4144.68
R001141,O011167,C08287,2025-03-05 02:38:34.879627806,not_as_described,11069.06
R001142,O011172,C09061,2025-03-05 18:25:14.625924819,damaged,1760.67
R001143,O011181,C09383,2025-03-04 09:20:10.789460048,wrong_item,2372.07
R001144,O011198,C00602,2025-03-04 10:02:45.205137700,not_as_described,622.31
R001145,O011199,C01022,2025-03-05 12:11:13.439594706,changed_mind,1363.07
R001146,O011203,C06735,2025-03-04 22:26:59.141010400,changed_mind,3118.99
R001147,O011216,C09704,2025-03-07 18:13:58.628161264,wrong_item,639.39
R001148,O011233,C07333,2025-03-08 16:20:05.606303622,changed_mind,3744.33
R001149,O011247,C08461,2025-03-10 11:02:28.487130597,size_fit,495.31
R001150,O011251,C00135,2025-03-05 07:36:57.745464854,size_fit,6377.98
R001151,O011255,C07001,2025-03-07 10:26:47.906660205,size_fit,19320.25
R001152,O011271,C09296,2025-03-03 08:08:07.898009387,changed_mind,5168.82
R001153,O011277,C06020,2025-03-04 08:18:59.096663053,not_as_described,1245.37
R001154,O011282,C00234,2025-03-03 18:46:09.326264257,size_fit,10456.68
R001155,O011286,C05106,2025-03-05 15:26:42.968308369,damaged,5700.72
R001156,O011314,C05980,2025-03-08 16:24:48.806199032,not_as_described,1686.57
R001157,O011332,C03758,2025-03-21 00:00:00.000000000,size_fit,895.97
R001158,O011334,C03241,2025-03-03 07:10:54.179823482,not_as_described,356.66
R001159,O011339,C09429,2025-03-04 20:10:00.577978111,not_as_described,1067.31
R001160,O011349,C04964,2025-03-06 07:48:17.440252048,wrong_item,11978.16
R001161,O011356,C06308,2025-03-13 05:09:06.616314349,wrong_item,1393.46
R001162,O011395,C01506,2025-03-07 10:21:30.621825057,damaged,1104.74
R001163,O011397,C00131,2025-03-06 11:28:37.278057781,size_fit,4465.53
R001164,O011402,C09967,2025-03-07 01:40:21.932505595,not_as_described,4230.27
R001165,O011417,C01914,2025-03-09 04:10:36.830675110,changed_mind,1185.35
R001166,O011419,C01515,2025-03-03 20:14:20.879435709,changed_mind,444.71
R001167,O011421,C05758,2025-03-08 15:45:39.951030538,not_as_described,26341.67
R001168,O011422,C06955,2025-03-06 22:07:25.465444269,size_fit,2559.64
R001169,O011423,C00064,2025-03-08 23:16:54.957054190,damaged,1648.78
R001170,O011453,C04845,2025-03-16 00:52:22.890448560,wrong_item,5254.48
R001171,O011463,C04470,2025-03-09 02:29:19.939505920,wrong_item,2434.91
R001172,O011466,C00639,2025-03-09 06:44:10.816202842,wrong_item,1370.04
R001173,O011475,C01669,2025-03-05 21:41:32.405366220,wrong_item,588.01
R001174,O011479,C05268,2025-03-10 17:50:50.845538443,not_as_described,492.37
R001175,O011489,C02842,2025-03-13 15:25:40.604955319,not_as_described,4454.43
R001176,O011494,C03524,2025-03-05 05:05:03.443391585,not_as_described,1452.33
R001177,O011496,C03788,2025-03-05 22:00:37.181341386,size_fit,3697.37
R001178,O011501,C01084,2025-03-07 11:15:29.497392504,size_fit,6652.57
R001179,O011513,C02913,2025-03-07 05:04:53.196054232,size_fit,3806.52
R001180,O011518,C08129,2025-03-06 21:50:37.876277781,damaged,1391.98
R001181,O011535,C00527,2025-03-04 05:43:03.739710838,changed_mind,14144.4
R001182,O011552,C04296,2025-03-07 09:24:42.388271913,not_as_described,8491.16
R001183,O011565,C09498,2025-03-03 04:38:23.437074750,not_as_described,1058.4
R001184,O011575,C06899,2025-03-08 09:31:42.354540022,size_fit,403.82
R001185,O011579,C05796,2025-03-07 03:06:15.609710574,damaged,1424.07
R001186,O011583,C02848,2025-03-18 09:42:16.763117166,damaged,2167.68
R001187,O011589,C05828,2025-03-09 15:59:50.784099986,size_fit,3367.29
R001188,O011591,C09860,2025-03-11 22:43:47.698086759,changed_mind,928.56
R001189,O011609,C09303,2025-03-06 12:27:38.961211240,wrong_item,1952.38
R001190,O011617,C03093,2025-03-13 16:03:29.599187979,size_fit,3329.9
R001191,O011624,C07576,2025-03-07 23:14:57.895128301,size_fit,1335.63
R001192,O011627,C03988,2025-03-08 05:46:01.482547342,not_as_described,12307.56
R001193,O011629,C07458,2025-03-12 01:32:44.812982968,damaged,1625.84
R001194,O011634,C02765,2025-03-16 21:29:11.873979985,not_as_described,3741.29
R001195,O011654,C03439,2025-03-15 17:16:36.192625590,wrong_item,8584.52
R001196,O011657,C01831,2025-03-12 15:22:50.869096712,wrong_item,2853.34
R001197,O011664,C02908,2025-03-12 04:23:48.528228667,size_fit,5981.55
R001198,O011670,C02502,2025-03-09 12:07:04.676551802,changed_mind,2783.52
R001199,O011682,C09350,2025-03-05 11:30:40.409328913,not_as_described,1744.66
R001200,O011686,C00809,2025-03-04 15:16:59.290435563,damaged,2550.88
R001201,O011692,C03133,2025-03-15 00:25:37.521781464,not_as_described,2332.64
R001202,O011694,C03907,2025-03-06 18:50:52.591586611,not_as_described,1556.67
R001203,O011725,C01675,2025-03-08 15:03:42.374836818,changed_mind,7424.23
R001204,O011729,C03795,2025-03-09 00:09:58.980380065,damaged,3271.76
R001205,O011735,C04129,2025-03-09 01:19:10.651670212,wrong_item,9514.22
R001206,O011737,C03173,2025-03-06 08:29:30.737357883,changed_mind,307.42
R001207,O011746,C05546,2025-03-06 18:04:28.966004518,size_fit,9588.11
R001208,O011748,C02791,2025-03-06 05:54:43.156518562,changed_mind,2279.54
R001209,O011777,C06724,2025-03-06 07:48:58.634993937,changed_mind,3169.71
R001210,O011794,C09121,2025-03-14 15:59:26.148175540,size_fit,3142.66
R001211,O011807,C03466,2025-03-08 05:24:07.191060087,not_as_described,7026.1
R001212,O011819,C04285,2025-03-07 01:58:39.129073237,not_as_described,1140.88
R001213,O011820,C02270,2025-03-13 07:16:27.992952703,changed_mind,917.8
R001214,O011838,C08152,2025-03-13 14:27:25.311374316,changed_mind,3572.71
R001215,O011839,C04903,2025-03-13 07:59:44.375976578,changed_mind,2036.58
R001216,O011841,C07304,2025-03-11 18:38:00.317599512,damaged,4904.19
R001217,O011849,C04226,2025-03-11 13:12:29.680546485,size_fit,1215.2
R001218,O011852,C08678,2025-03-08 02:36:04.695095001,damaged,2403.18
R001219,O011859,C07569,2025-03-08 00:46:27.654473211,damaged,668.57
R001220,O011862,C07007,2025-03-09 20:59:33.179189128,not_as_described,15332.71
R001221,O011871,C05371,2025-03-08 07:21:30.773464966,size_fit,3990.21
R001222,O011885,C05186,2025-03-14 21:10:07.433923180,wrong_item,628.24
R001223,O011886,C07015,2025-03-12 16:44:14.615725545,changed_mind,1934.15
R001224,O011888,C08303,2025-03-10 22:58:37.576039130,changed_mind,9293.79
R001225,O011901,C03905,2025-03-10 17:32:35.291412441,not_as_described,1227.8
R001226,O011908,C06234,2025-03-09 01:00:31.585643654,wrong_item,2305.39
R001227,O011921,C01430,2025-03-16 01:24:28.200071577,size_fit,2203.06
R001228,O011941,C08961,2025-03-13 15:10:06.919542058,damaged,9429.82
R001229,O011952,C01971,2025-03-09 11:08:13.843073158,wrong_item,1373.44
R001230,O011962,C04492,2025-03-06 19:34:17.840448552,size_fit,471.34
R001231,O011976,C06767,2025-03-10 06:15:09.671525956,changed_mind,1631.26
R001232,O011977,C01887,2025-03-17 05:44:48.127231219,not_as_described,770.45
R001233,O011985,C03392,2025-03-07 15:27:22.173523160,not_as_described,2465.87
R001234,O011997,C03075,2025-03-08 04:40:23.420911756,size_fit,9200.72
R001235,O012002,C01899,2025-03-10 01:12:51.642406666,wrong_item,261.81
R001236,O012005,C03661,2025-03-23 00:00:00.000000000,size_fit,6794.14
R001237,O012029,C05290,2025-03-23 00:00:00.000000000,wrong_item,961.41
R001238,O012038,C02220,2025-03-09 00:58:02.634301981,not_as_described,3813.32
R001239,O012049,C02843,2025-03-09 14:47:37.011268683,not_as_described,2095.31
R001240,O012070,C08188,2025-03-08 00:43:00.543478861,wrong_item,1878.63
R001241,O012078,C05365,2025-03-10 22:19:07.053236842,size_fit,645.5
R001242,O012092,C02292,2025-03-12 01:31:06.663068630,not_as_described,1057.66
R001243,O012098,C00109,2025-03-11 07:24:54.362870002,wrong_item,1273.84
R001244,O012109,C09567,2025-03-07 03:33:55.386887432,not_as_described,2877.2
R001245,O012136,C04221,2025-03-10 11:52:44.171593863,not_as_described,1697.55
R001246,O012139,C02403,2025-03-06 16:53:46.171656391,size_fit,3436.94
R001247,O012154,C05963,2025-03-07 21:07:28.146120812,size_fit,771.61
R001248,O012168,C05345,2025-03-08 19:02:59.554528396,not_as_described,2783.69
R001249,O012205,C04533,2025-03-10 07:31:18.116158861,not_as_described,2406.37
R001250,O012207,C00109,2025-03-15 15:05:06.031699742,changed_mind,1636.89
R001251,O012238,C02623,2025-03-12 07:18:57.044644470,wrong_item,7999.69
R001252,O012245,C05728,2025-03-13 09:31:31.057392644,not_as_described,1414.81
R001253,O012248,C07505,2025-03-14 16:05:48.243075694,damaged,12877.49
R001254,O012257,C07406,2025-03-17 13:58:34.870149508,damaged,2096.59
R001255,O012269,C07057,2025-03-11 14:57:11.628136242,wrong_item,65410.23
R001256,O012272,C07736,2025-03-10 21:21:11.415775712,changed_mind,570.11
R001257,O012282,C06802,2025-03-19 02:31:05.256418692,not_as_described,12096.37
R001258,O012287,C01654,2025-03-09 12:01:24.341202998,damaged,2464.56
R001259,O012298,C06531,2025-03-11 08:30:13.943187270,wrong_item,3416.1
R001260,O012307,C05826,2025-03-12 09:19:59.847654846,damaged,2977.76
R001261,O012311,C02505,2025-03-07 15:46:07.438575280,changed_mind,507.13
R001262,O012312,C04184,2025-03-08 21:35:38.679085078,not_as_described,4024.98
R001263,O012315,C08654,2025-03-08 05:10:41.494824829,size_fit,3020.78
R001264,O012316,C03305,2025-03-08 13:01:32.971697270,wrong_item,488.54
R001265,O012325,C08115,2025-03-09 09:23:42.390546500,size_fit,10658.98
R001266,O012326,C00916,2025-03-08 22:22:26.562034423,not_as_described,4962.47
R001267,O012344,C01322,2025-03-16 05:01:50.488687437,damaged,1780.4
R001268,O012345,C04479,2025-03-09 14:18:16.410182133,changed_mind,1610.91
R001269,O012356,C06349,2025-03-11 14:51:33.678963662,size_fit,3578.65
R001270,O012369,C08737,2025-03-13 03:54:12.358633071,not_as_described,7782.62
R001271,O012378,C01578,2025-03-08 05:57:12.426193443,not_as_described,2893.95
R001272,O012388,C04889,2025-03-11 22:25:52.808398377,wrong_item,3754.69
R001273,O012404,C09160,2025-03-09 03:49:32.548900472,wrong_item,5422.57
R001274,O012408,C01289,2025-03-13 01:37:04.498371588,not_as_described,1236.98
R001275,O012414,C04979,2025-03-11 23:44:46.016150042,size_fit,2209.0
R001276,O012427,C02294,2025-03-10 17:54:19.078421673,damaged,238.14
R001277,O012429,C06484,2025-03-10 14:56:46.440735489,not_as_described,21173.47
R001278,O012441,C04286,2025-03-20 13:39:59.830700976,not_as_described,1343.25
R001279,O012443,C09041,2025-03-09 14:52:46.236475077,wrong_item,2104.32
R001280,O012453,C08813,2025-03-14 21:01:44.124941150,size_fit,9516.43
R001281,O012471,C05957,2025-03-11 18:07:31.959982581,size_fit,4972.79
R001282,O012473,C07102,2025-03-17 14:45:08.552550790,wrong_item,8325.18
R001283,O012484,C01776,2025-03-14 08:40:45.295697640,size_fit,2900.27
R001284,O012485,C07228,2025-03-10 20:24:18.746160328,size_fit,1647.95
R001285,O012495,C07481,2025-03-11 01:11:49.739268159,size_fit,10570.84
R001286,O012496,C05648,2025-03-09 06:27:56.836900724,not_as_described,5969.9
R001287,O012497,C05468,2025-03-12 12:36:34.349422896,damaged,908.82
R001288,O012532,C07492,2025-03-16 11:35:44.514965500,damaged,604.9
R001289,O012539,C02902,2025-03-16 05:55:06.923848080,size_fit,8546.04
R001290,O012544,C00074,2025-03-09 05:35:24.866761739,damaged,3094.47
R001291,O012552,C08785,2025-03-11 06:13:06.170265638,size_fit,1351.76
R001292,O012555,C04025,2025-03-13 23:20:37.824837028,changed_mind,1672.94
R001293,O012556,C03040,2025-03-12 23:20:39.465211588,damaged,1616.56
R001294,O012565,C06099,2025-03-14 06:55:40.903914745,damaged,10300.04
R001295,O012576,C02056,2025-03-10 15:08:57.187491327,wrong_item,2622.6
R001296,O012592,C05900,2025-03-10 12:24:00.712821016,changed_mind,6166.14
R001297,O012600,C07078,2025-03-15 20:16:02.045054863,damaged,1307.33
R001298,O012605,C09472,2025-03-12 10:06:57.230788305,damaged,2694.67
R001299,O012610,C01138,2025-03-11 18:49:01.963405783,size_fit,1727.01
R001300,O012615,C08643,2025-03-15 22:06:20.251134338,not_as_described,2291.55
R001301,O012625,C05621,2025-03-10 12:41:58.489676282,damaged,239.32
R001302,O012642,C03193,2025-03-15 06:54:54.819953719,size_fit,5960.65
R001303,O012646,C04592,2025-03-14 21:11:46.833673711,wrong_item,712.35
R001304,O012654,C03604,2025-03-14 06:28:10.009267723,size_fit,2123.83
R001305,O012656,C03170,2025-03-09 06:03:35.132110318,not_as_described,1114.65
R001306,O012657,C06792,2025-03-15 03:07:52.158952311,damaged,1388.82
R001307,O012664,C02507,2025-03-15 14:26:37.455985197,not_as_described,3790.34
R001308,O012670,C09877,2025-03-13 11:18:48.635742002,changed_mind,781.04
R001309,O012687,C02411,2025-03-12 07:48:29.824484259,changed_mind,2455.48
R001310,O012702,C00105,2025-03-15 22:18:48.166617042,not_as_described,1117.69
R001311,O012708,C09989,2025-03-09 12:29:39.395237467,changed_mind,1462.96
R001312,O012710,C01372,2025-03-12 15:59:55.259628360,not_as_described,1427.42
R001313,O012715,C06948,2025-03-13 06:35:23.209837512,size_fit,1966.62
R001314,O012719,C09715,2025-03-25 00:00:00.000000000,not_as_described,1667.45
R001315,O012732,C08142,2025-03-10 03:48:46.280024658,size_fit,24978.62
R001316,O012747,C04953,2025-03-11 10:12:37.230111525,wrong_item,738.24
R001317,O012753,C06542,2025-03-11 07:44:10.631324565,size_fit,6503.1
R001318,O012755,C02238,2025-03-13 07:56:42.667862236,wrong_item,1041.92
R001319,O012760,C07705,2025-03-11 15:59:51.932955789,wrong_item,1743.25
R001320,O012775,C00409,2025-03-10 09:07:25.026983040,size_fit,5745.58
R001321,O012778,C02428,2025-03-14 13:24:03.629431652,not_as_described,3166.86
R001322,O012780,C07550,2025-03-11 13:31:22.159423470,damaged,7370.79
R001323,O012781,C03758,2025-03-13 23:14:51.366990768,size_fit,460.65
R001324,O012798,C04541,2025-03-14 21:02:59.820668664,size_fit,1927.18
R001325,O012806,C08368,2025-03-13 06:52:38.863575721,changed_mind,14437.41
R001326,O012811,C04326,2025-03-16 16:55:53.886702835,not_as_described,1118.37
R001327,O012813,C00581,2025-03-13 08:39:35.716744422,damaged,2268.06
R001328,O012816,C00523,2025-03-14 09:45:53.387437791,size_fit,964.43
R001329,O012825,C06688,2025-03-13 05:04:22.906179721,size_fit,5303.56
R001330,O012831,C05217,2025-03-13 10:09:33.338281078,not_as_described,1068.19
R001331,O012837,C02862,2025-03-22 01:33:40.033319680,size_fit,820.69
R001332,O012841,C09614,2025-03-14 21:28:30.215311989,size_fit,8173.95
R001333,O012842,C08603,2025-03-10 18:06:21.636549691,not_as_described,3206.4
R001334,O012848,C08864,2025-03-12 09:35:02.693040669,wrong_item,1698.77
R001335,O012870,C05996,2025-03-27 00:00:00.000000000,wrong_item,3637.74
R001336,O012872,C07445,2025-03-15 06:08:56.934122845,wrong_item,1374.98
R001337,O012879,C07284,2025-03-10 12:54:19.935512200,changed_mind,542.62
R001338,O012889,C08457,2025-03-11 01:44:05.725807796,wrong_item,2756.87
R001339,O012893,C01299,2025-03-13 14:17:03.511348177,not_as_described,1950.04
R001340,O012914,C09464,2025-03-14 16:06:44.677314878,size_fit,1303.02
R001341,O012916,C04069,2025-03-13 11:20:23.650880632,size_fit,1680.58
R001342,O012924,C00221,2025-03-15 00:00:38.553752109,changed_mind,14143.47
R001343,O012956,C01081,2025-03-11 21:50:21.033892662,size_fit,682.06
R001344,O012957,C03064,2025-03-12 14:51:53.436452198,not_as_described,393.92
R001345,O012962,C01311,2025-03-13 15:44:46.342510962,wrong_item,4941.35
R001346,O012965,C09376,2025-03-14 18:59:57.338886591,damaged,2366.49
R001347,O012976,C01781,2025-03-20 11:48:07.707857259,damaged,17826.95
R001348,O012992,C08437,2025-03-11 22:33:47.555812026,not_as_described,1004.09
R001349,O012993,C02275,2025-03-15 17:33:40.892161158,not_as_described,924.93
R001350,O013000,C09349,2025-03-14 16:17:20.202507985,wrong_item,10910.84
R001351,O013017,C02233,2025-03-17 08:44:06.448455459,changed_mind,1530.67
R001352,O013047,C00699,2025-03-15 10:04:40.514914664,wrong_item,1714.57
R001353,O013055,C08578,2025-03-19 05:30:07.905009952,size_fit,1355.0
R001354,O013067,C04029,2025-03-19 04:40:32.102975370,changed_mind,2664.9
R001355,O013091,C05412,2025-03-13 17:07:09.199531707,not_as_described,650.29
R001356,O013094,C00079,2025-03-14 05:20:36.590687088,damaged,1865.78
R001357,O013095,C02962,2025-03-11 20:26:54.860788932,changed_mind,1101.95
R001358,O013097,C00462,2025-03-16 12:17:51.381630520,not_as_described,481.2
R001359,O013111,C04879,2025-03-18 03:29:20.569967692,size_fit,1626.07
R001360,O013116,C01335,2025-03-19 23:38:30.519315974,wrong_item,2407.99
R001361,O013124,C05378,2025-03-20 06:47:10.674748680,wrong_item,2467.37
R001362,O013126,C04784,2025-03-13 13:21:14.766851995,not_as_described,4417.43
R001363,O013134,C08708,2025-03-14 04:07:13.289673550,changed_mind,1884.1
R001364,O013142,C02824,2025-03-12 06:22:27.858114494,damaged,4294.52
R001365,O013144,C08190,2025-03-16 00:36:51.066656647,damaged,2958.44
R001366,O013148,C06430,2025-03-14 23:46:43.487469184,not_as_described,815.08
R001367,O013149,C02933,2025-03-14 14:33:03.110094180,size_fit,1092.71
R001368,O013164,C07877,2025-03-16 15:48:30.026641201,wrong_item,404.62
R001369,O013165,C01710,2025-03-13 06:18:13.421879294,not_as_described,1947.28
R001370,O013176,C06630,2025-03-15 15:11:14.590533742,wrong_item,1956.8
R001371,O013185,C02513,2025-03-21 07:21:28.685111194,damaged,833.8
R001372,O013190,C00915,2025-03-19 21:44:33.584153017,size_fit,8312.55
R001373,O013196,C05530,2025-03-15 03:18:13.218627301,size_fit,1278.32
R001374,O013200,C00173,2025-03-13 22:30:54.376282292,wrong_item,1341.61
R001375,O013204,C09542,2025-03-17 09:49:47.600042134,not_as_described,717.24
R001376,O013205,C09070,2025-03-12 13:42:07.905323822,changed_mind,11514.36
R001377,O013220,C02516,2025-03-13 13:52:05.879445240,damaged,4035.83
R001378,O013222,C04185,2025-03-17 14:48:07.988424890,size_fit,7491.93
R001379,O013225,C00773,2025-03-19 03:30:19.519222147,not_as_described,2223.74
R001380,O013235,C05846,2025-03-13 08:35:30.441130274,size_fit,3938.95
R001381,O013243,C06019,2025-03-14 06:47:43.563376741,not_as_described,7046.63
R001382,O013245,C09770,2025-03-25 16:15:36.167841147,wrong_item,929.55
R001383,O013251,C09365,2025-03-16 12:43:00.753414283,size_fit,4783.98
R001384,O013259,C04562,2025-03-16 15:21:46.787220576,wrong_item,1884.4
R001385,O013264,C09299,2025-03-14 13:12:40.197491686,size_fit,5872.12
R001386,O013269,C06021,2025-03-21 19:30:13.226626861,not_as_described,418.28
R001387,O013274,C03116,2025-03-13 21:31:00.052168461,damaged,1059.69
R001388,O013282,C03112,2025-03-16 04:27:33.305141728,size_fit,31476.16
R001389,O013285,C01463,2025-03-16 07:14:31.866223149,changed_mind,3821.15
R001390,O013293,C09721,2025-03-16 07:07:56.828936110,wrong_item,11872.71
R001391,O013305,C02457,2025-03-13 13:19:14.491059564,changed_mind,1927.04
R001392,O013318,C03244,2025-03-15 00:22:39.381744241,size_fit,972.84
R001393,O013332,C07147,2025-03-17 03:44:34.293713377,not_as_described,628.29
R001394,O013380,C07245,2025-03-15 14:34:27.097202704,not_as_described,4742.34
R001395,O013388,C06542,2025-03-15 09:45:12.088290132,damaged,965.39
R001396,O013392,C09547,2025-03-13 12:38:00.557198491,changed_mind,9605.32
R001397,O013409,C06665,2025-03-17 05:24:31.002406070,size_fit,1649.31
R001398,O013419,C02649,2025-03-17 13:21:27.478200542,damaged,1080.79
R001399,O013426,C04242,2025-03-15 10:57:31.243396791,wrong_item,889.5
R001400,O013436,C07214,2025-03-22 05:34:01.111364680,damaged,188.51
R001401,O013440,C02251,2025-03-15 01:21:20.579771671,changed_mind,30827.06
R001402,O013447,C02132,2025-03-15 21:44:32.204211450,not_as_described,1273.31
R001403,O013448,C02953,2025-03-17 01:49:18.467738086,size_fit,2399.33
R001404,O013451,C09755,2025-03-25 01:50:13.041586921,wrong_item,2929.42
R001405,O013456,C09706,2025-03-15 19:16:54.713579883,not_as_described,4059.43
R001406,O013462,C04068,2025-03-18 12:42:28.066609346,size_fit,3157.11
R001407,O013474,C08259,2025-03-17 05:21:31.792220686,size_fit,1985.45
R001408,O013506,C05777,2025-03-15 05:15:56.095127269,changed_mind,3428.49
R001409,O013507,C05045,2025-03-17 18:23:33.292967326,changed_mind,1441.17
R001410,O013513,C00271,2025-03-17 03:39:58.404047644,damaged,16497.9
R001411,O013515,C07077,2025-03-14 10:30:22.441452973,damaged,2422.23
R001412,O013531,C02104,2025-03-19 05:10:51.705658927,size_fit,5768.14
R001413,O013538,C04743,2025-03-17 20:06:50.630581274,not_as_described,5086.15
R001414,O013540,C03411,2025-03-15 00:54:41.778987951,changed_mind,1298.81
R001415,O013545,C05197,2025-03-15 02:27:32.519231686,not_as_described,1336.94
R001416,O013547,C00585,2025-03-16 09:38:51.501042682,size_fit,641.8
R001417,O013565,C07198,2025-03-13 23:14:38.433506319,damaged,4745.69
R001418,O013575,C04876,2025-03-18 11:19:40.714470094,size_fit,2479.52
R001419,O013597,C03281,2025-03-19 02:23:50.186382360,not_as_described,1748.88
R001420,O013605,C03864,2025-03-17 02:22:51.179877796,size_fit,819.8
R001421,O013625,C00609,2025-03-23 12:00:55.703514898,wrong_item,1549.62
R001422,O013634,C03556,2025-03-21 06:06:36.012434054,size_fit,40636.94
R001423,O013644,C01757,2025-03-17 22:52:58.147750009,size_fit,4711.06
R001424,O013676,C09041,2025-03-19 12:12:02.571869952,size_fit,2497.01
R001425,O013680,C04067,2025-03-18 10:59:07.330157592,not_as_described,10924.17
R001426,O013687,C08082,2025-03-21 10:36:12.165286129,size_fit,236.06
R001427,O013691,C09916,2025-03-20 05:04:07.192947932,not_as_described,2167.22
R001428,O013707,C07904,2025-03-24 17:55:44.804991885,size_fit,334.46
R001429,O013727,C07570,2025-03-19 18:16:25.543483024,wrong_item,1053.42
R001430,O013732,C08726,2025-03-15 15:18:11.287364252,not_as_described,26487.58
R001431,O013753,C05845,2025-03-28 07:46:14.170990731,not_as_described,13454.18
R001432,O013754,C00163,2025-03-16 07:23:17.794145493,changed_mind,7343.48
R001433,O013766,C08841,2025-03-15 11:32:09.271165351,not_as_described,4317.56
R001434,O013776,C06451,2025-03-28 11:56:27.853324666,size_fit,2028.41
R001435,O013781,C02164,2025-03-18 16:33:26.292797931,wrong_item,13115.35
R001436,O013784,C02092,2025-03-17 03:59:20.904406454,size_fit,13112.29
R001437,O013788,C08528,2025-03-21 18:53:49.207232583,not_as_described,1715.82
R001438,O013790,C02801,2025-03-21 18:07:44.690520007,changed_mind,1089.72
R001439,O013807,C08427,2025-03-20 05:34:55.503639631,size_fit,1650.38
R001440,O013813,C04874,2025-03-22 05:36:59.005525068,size_fit,7192.59
R001441,O013836,C09647,2025-03-19 21:31:34.424346435,not_as_described,7334.51
R001442,O013850,C01755,2025-03-15 20:59:20.538530739,changed_mind,1392.64
R001443,O013853,C09373,2025-03-20 05:01:16.736397333,not_as_described,2638.72
R001444,O013854,C08411,2025-03-16 10:02:03.017026273,size_fit,2984.1
R001445,O013866,C00806,2025-03-17 17:04:34.065743559,size_fit,954.16
R001446,O013869,C07178,2025-03-22 22:35:58.458230548,wrong_item,1191.78
R001447,O013870,C06853,2025-03-20 22:43:50.178074520,not_as_described,2739.76
R001448,O013883,C07515,2025-03-21 15:28:54.780926682,not_as_described,1425.36
R001449,O013891,C04640,2025-03-19 00:38:38.872086957,size_fit,2155.64
R001450,O013896,C05170,2025-03-18 08:35:51.344751821,damaged,1011.03
R001451,O013899,C08973,2025-03-16 11:05:48.060429914,not_as_described,4177.22
R001452,O013904,C09135,2025-03-15 20:23:40.192043175,damaged,1787.86
R001453,O013913,C09464,2025-03-18 14:13:10.440846325,damaged,2940.86
R001454,O013922,C09648,2025-03-17 11:20:56.752981378,not_as_described,9949.09
R001455,O013929,C01315,2025-03-20 15:43:57.471419251,changed_mind,8484.54
R001456,O013930,C03703,2025-03-17 17:19:28.300392534,changed_mind,2435.05
R001457,O013936,C05890,2025-03-22 09:42:54.323691282,wrong_item,1576.91
R001458,O013943,C03670,2025-03-16 13:07:06.084988075,not_as_described,3196.6
R001459,O013952,C02323,2025-03-20 17:58:22.905811736,size_fit,4444.6
R001460,O013969,C00358,2025-03-17 22:46:38.324600277,wrong_item,6549.49
R001461,O013981,C08989,2025-03-19 09:24:31.548471080,damaged,1989.91
R001462,O013993,C08244,2025-03-28 19:09:50.100293952,not_as_described,1913.44
R001463,O013996,C05499,2025-03-31 01:49:56.135890743,size_fit,1985.09
R001464,O014008,C07956,2025-03-21 14:49:56.064972748,damaged,734.28
R001465,O014068,C07885,2025-03-21 23:17:16.552450341,damaged,857.28
R001466,O014097,C09183,2025-03-16 04:14:16.907628534,size_fit,746.45
R001467,O014100,C03871,2025-03-22 00:38:22.141612428,size_fit,13631.8
R001468,O014104,C02195,2025-03-21 07:27:29.527026739,not_as_described,438.17
R001469,O014111,C09412,2025-03-21 10:49:21.168667164,wrong_item,1649.41
R001470,O014113,C02505,2025-03-16 16:54:47.858323492,wrong_item,2641.54
R001471,O014115,C07311,2025-03-26 11:37:44.317892964,wrong_item,308.65
R001472,O014126,C09540,2025-03-18 19:26:47.585441252,wrong_item,157.74
R001473,O014128,C08128,2025-03-20 15:40:26.917281163,wrong_item,991.12
R001474,O014137,C03659,2025-03-20 16:54:06.812098027,size_fit,1977.72
R001475,O014152,C00517,2025-03-21 15:43:57.817101363,size_fit,3286.35
R001476,O014153,C00090,2025-03-23 15:39:51.384893864,not_as_described,987.32
R001477,O014167,C04701,2025-03-20 19:50:50.024109858,not_as_described,10565.72
R001478,O014198,C04733,2025-03-23 21:39:14.432283468,not_as_described,3630.09
R001479,O014199,C00966,2025-03-20 10:32:23.909935945,wrong_item,14451.39
R001480,O014203,C08996,2025-03-19 19:41:05.670287631,changed_mind,898.07
R001481,O014212,C08642,2025-03-20 07:01:07.018199907,damaged,21964.1
R001482,O014219,C08665,2025-03-18 18:23:42.285034960,size_fit,6227.85
R001483,O014226,C08674,2025-03-19 23:48:19.555877390,changed_mind,1245.78
R001484,O014228,C06842,2025-03-21 03:17:38.561455521,size_fit,8208.21
R001485,O014238,C06934,2025-03-24 04:35:54.737683573,size_fit,1104.44
R001486,O014244,C00719,2025-03-19 15:06:39.479475459,size_fit,1729.84
R001487,O014247,C04836,2025-03-22 00:59:10.480858497,wrong_item,666.88
R001488,O014259,C08209,2025-03-22 02:17:07.908476046,changed_mind,18225.99
R001489,O014265,C05540,2025-03-19 19:12:45.339481180,damaged,697.0
R001490,O014273,C09277,2025-03-30 10:36:20.727720547,wrong_item,2185.54
R001491,O014277,C09912,2025-03-20 02:15:45.810481201,changed_mind,558.3
R001492,O014279,C01022,2025-03-18 23:29:01.265150612,size_fit,13594.6
R001493,O014286,C01970,2025-03-20 21:04:23.170196557,not_as_described,1241.92
R001494,O014297,C00994,2025-03-28 21:40:41.610472438,wrong_item,3507.0
R001495,O014303,C09065,2025-03-25 16:05:37.890704540,not_as_described,2679.17
R001496,O014308,C07024,2025-03-20 23:07:07.617560260,size_fit,8413.65
R001497,O014312,C01741,2025-03-20 04:30:30.264661278,not_as_described,5265.96
R001498,O014319,C03937,2025-03-22 21:15:02.972424042,damaged,26357.95
R001499,O014356,C08392,2025-03-24 14:27:48.125519211,wrong_item,1016.83
R001500,O014363,C02895,2025-03-20 03:41:13.537067168,size_fit,2548.73
R001501,O014382,C09370,2025-03-28 03:57:35.676951796,not_as_described,815.39
R001502,O014392,C06541,2025-03-24 06:47:44.545828473,not_as_described,1930.3
R001503,O014397,C06018,2025-03-21 22:23:45.374005374,not_as_described,1345.12
R001504,O014427,C01654,2025-03-20 04:04:30.590877633,size_fit,815.54
R001505,O014434,C01113,2025-03-25 18:49:59.726401759,size_fit,9465.63
R001506,O014459,C04437,2025-03-26 06:46:04.037536063,size_fit,2569.42
R001507,O014460,C00677,2025-03-21 06:16:00.882382393,changed_mind,656.61
R001508,O014466,C02774,2025-03-22 09:38:26.218217623,damaged,9648.28
R001509,O014490,C05389,2025-03-30 21:33:12.602108721,size_fit,1154.5
R001510,O014501,C03413,2025-03-20 02:02:50.422004156,size_fit,5493.49
R001511,O014502,C00388,2025-03-24 04:33:15.616824026,damaged,9019.15
R001512,O014532,C09157,2025-04-01 11:29:05.887281242,not_as_described,1725.93
R001513,O014540,C06357,2025-03-24 15:23:26.620097582,not_as_described,1157.68
R001514,O014542,C08299,2025-03-24 19:19:11.425074931,changed_mind,3197.69
R001515,O014543,C02107,2025-03-23 14:26:12.841555272,wrong_item,10339.62
R001516,O014545,C04661,2025-03-23 11:35:54.160833389,not_as_described,973.34
R001517,O014563,C04646,2025-03-21 16:32:33.142649913,not_as_described,1737.59
R001518,O014578,C05781,2025-03-19 14:52:18.866772512,not_as_described,408.38
R001519,O014579,C09570,2025-03-29 21:57:00.870713326,wrong_item,523.12
R001520,O014600,C00511,2025-04-03 01:50:30.667040106,damaged,1920.85
R001521,O014602,C07291,2025-03-22 22:40:53.696513751,size_fit,2319.55
R001522,O014616,C03158,2025-03-20 08:08:15.409479620,damaged,2937.9
R001523,O014629,C09026,2025-03-22 17:38:15.031558935,wrong_item,2381.76
R001524,O014630,C05954,2025-03-23 10:03:55.107871938,changed_mind,4757.84
R001525,O014634,C05962,2025-03-23 09:29:13.373012241,not_as_described,850.1
R001526,O014636,C03844,2025-03-22 17:13:01.028672288,size_fit,1719.7
R001527,O014642,C01581,2025-03-30 02:23:39.439696981,size_fit,1251.61
R001528,O014652,C04774,2025-03-21 00:49:59.539878372,not_as_described,889.41
R001529,O014662,C07219,2025-03-22 11:06:15.718772289,size_fit,7755.76
R001530,O014674,C09464,2025-03-23 08:17:47.069862583,wrong_item,1658.69
R001531,O014676,C07283,2025-03-27 19:45:38.261651576,wrong_item,1921.42
R001532,O014681,C07563,2025-03-26 07:39:08.193951806,not_as_described,4324.18
R001533,O014745,C05160,2025-03-23 21:21:04.899501514,damaged,1593.17
R001534,O014749,C07335,2025-03-22 20:16:54.764967903,damaged,715.18
R001535,O014754,C09538,2025-03-22 03:51:16.118358210,changed_mind,317.59
R001536,O014759,C08520,2025-03-25 03:12:49.699482026,wrong_item,1260.31
R001537,O014779,C03950,2025-03-24 23:34:33.584369952,size_fit,435.0
R001538,O014782,C04067,2025-03-31 15:35:21.281294428,size_fit,1173.31
R001539,O014798,C01280,2025-03-24 23:03:35.076145280,size_fit,16443.85
R001540,O014813,C01280,2025-03-23 07:47:40.794415386,not_as_described,1534.15
R001541,O014833,C03631,2025-03-25 04:16:17.956533874,changed_mind,3930.55
R001542,O014843,C05900,2025-03-24 07:11:08.115791326,changed_mind,1447.14
R001543,O014849,C08575,2025-03-26 23:05:26.160221929,changed_mind,2340.69
R001544,O014860,C08491,2025-03-23 03:56:45.127888908,not_as_described,1946.12
R001545,O014881,C05574,2025-03-27 18:11:39.993225442,not_as_described,900.5
R001546,O014893,C07173,2025-03-28 20:23:41.095965606,damaged,7608.08
R001547,O014896,C06051,2025-03-24 09:19:13.627882390,damaged,16260.68
R001548,O014901,C00756,2025-03-24 17:55:57.304748506,not_as_described,628.59
R001549,O014902,C03072,2025-03-26 21:15:11.100237271,size_fit,3821.29
R001550,O014904,C09926,2025-03-25 04:30:52.144600914,size_fit,1152.86
R001551,O014906,C06324,2025-03-29 15:37:26.193996339,damaged,1911.21
R001552,O014908,C07788,2025-03-27 06:36:08.829061891,not_as_described,1431.3
R001553,O014912,C01508,2025-03-25 06:19:13.653057626,wrong_item,783.66
R001554,O014916,C07584,2025-03-22 06:39:16.579223870,wrong_item,1126.49
R001555,O014922,C08047,2025-03-22 13:05:47.841614833,damaged,6369.47
R001556,O014924,C06963,2025-03-24 11:57:42.199252131,not_as_described,1586.98
R001557,O014925,C07406,2025-03-23 11:32:06.019640253,damaged,1389.07
R001558,O014932,C01033,2025-03-22 03:14:19.424547373,not_as_described,1055.72
R001559,O014936,C06445,2025-03-25 17:10:20.800722993,not_as_described,6246.31
R001560,O014937,C00101,2025-03-23 14:09:39.894306462,not_as_described,328.12
R001561,O014947,C02451,2025-04-02 04:03:27.947594563,size_fit,286.45
R001562,O014966,C09979,2025-03-23 21:55:39.376889695,not_as_described,3512.07
R001563,O014967,C03236,2025-03-24 13:22:28.758447534,not_as_described,467.61
R001564,O014990,C00971,2025-03-21 16:07:08.011309224,damaged,723.19
R001565,O014995,C09880,2025-03-29 17:47:36.731179215,size_fit,1205.36
R001566,O014997,C02244,2025-03-22 10:00:18.301627368,wrong_item,2199.26
R001567,O015008,C06625,2025-03-21 16:34:24.435164190,size_fit,1263.26
R001568,O015018,C04118,2025-03-22 02:31:34.852715040,size_fit,3309.67
R001569,O015034,C03102,2025-03-23 05:01:20.812868590,changed_mind,1631.64
R001570,O015088,C00502,2025-03-23 14:18:35.759051157,not_as_described,1323.97
R001571,O015096,C03874,2025-03-24 03:25:26.342729439,damaged,19211.91
R001572,O015107,C09153,2025-03-22 09:37:29.035294694,not_as_described,1245.74
R001573,O015117,C04679,2025-03-27 13:16:38.063191710,damaged,1312.49
R001574,O015120,C03395,2025-03-29 17:18:23.252348631,size_fit,15744.54
R001575,O015127,C09419,2025-03-23 09:31:44.782774957,not_as_described,35360.25
R001576,O015135,C01360,2025-03-24 22:10:42.167956044,changed_mind,416.17
R001577,O015143,C05922,2025-03-26 15:44:57.036671754,damaged,944.15
R001578,O015144,C00508,2025-03-28 00:41:54.649753274,wrong_item,8752.47
R001579,O015159,C08905,2025-03-29 07:09:48.159896601,changed_mind,5776.02
R001580,O015160,C00831,2025-03-25 05:44:14.589072974,size_fit,3553.25
R001581,O015169,C00173,2025-03-23 06:03:56.241334771,damaged,1224.71
R001582,O015185,C00752,2025-03-23 15:32:05.889051682,not_as_described,2111.69
R001583,O015186,C02043,2025-03-26 00:46:26.554560146,size_fit,1044.24
R001584,O015191,C05987,2025-03-26 16:55:41.519124062,not_as_described,1556.69
R001585,O015206,C00339,2025-03-25 10:28:51.056809050,wrong_item,9851.37
R001586,O015224,C00542,2025-03-22 19:36:14.151487273,size_fit,1259.84
R001587,O015227,C03655,2025-03-30 16:09:24.838004545,wrong_item,1713.65
R001588,O015244,C05690,2025-03-27 15:26:26.562457928,not_as_described,597.33
R001589,O015249,C05593,2025-03-27 19:42:55.132400671,wrong_item,2821.83
R001590,O015258,C06287,2025-03-24 19:04:58.467144622,not_as_described,9350.38
R001591,O015259,C03770,2025-03-26 10:51:36.151418174,wrong_item,9160.38
R001592,O015265,C05355,2025-03-28 18:01:37.612905776,not_as_described,3647.09
R001593,O015272,C04270,2025-03-28 02:59:22.257593728,not_as_described,812.55
R001594,O015282,C09418,2025-03-25 06:01:47.873032262,not_as_described,1330.49
R001595,O015286,C07918,2025-03-27 19:14:49.959639304,wrong_item,1603.39
R001596,O015295,C00744,2025-03-27 15:09:49.578666566,damaged,2949.61
R001597,O015317,C07563,2025-03-28 06:13:52.781020273,changed_mind,4121.35
R001598,O015338,C04463,2025-03-28 18:42:41.119955334,size_fit,2127.96
R001599,O015354,C02051,2025-03-26 11:35:42.373290872,damaged,20544.81
R001600,O015355,C01855,2025-03-26 14:14:37.564518332,wrong_item,141.68
R001601,O015373,C09193,2025-03-24 06:59:42.174899224,damaged,3554.24
R001602,O015381,C02655,2025-04-02 07:28:02.190668858,size_fit,1643.67
R001603,O015384,C08239,2025-03-24 12:35:19.317728216,size_fit,1990.78
R001604,O015386,C07540,2025-03-24 16:31:07.137589659,size_fit,15950.35
R001605,O015393,C05521,2025-03-25 09:40:28.848142837,changed_mind,1677.41
R001606,O015397,C04175,2025-03-26 07:44:39.254808516,wrong_item,823.77
R001607,O015403,C00394,2025-04-09 00:00:00.000000000,wrong_item,926.16
R001608,O015419,C09354,2025-03-26 16:26:17.745781509,damaged,1375.47
R001609,O015425,C05454,2025-03-27 05:49:41.507516438,not_as_described,2021.35
R001610,O015427,C06475,2025-03-31 02:34:53.410887609,size_fit,1326.67
R001611,O015429,C06932,2025-03-27 19:38:21.170722347,size_fit,15758.12
R001612,O015430,C06610,2025-03-30 13:02:32.392843630,size_fit,1820.04
R001613,O015432,C02149,2025-03-25 10:40:19.812120258,wrong_item,3328.34
R001614,O015434,C09539,2025-03-26 16:06:18.157607622,wrong_item,3055.27
R001615,O015437,C04545,2025-03-25 02:04:17.722095686,wrong_item,7915.22
R001616,O015447,C06388,2025-03-27 08:58:26.885256949,changed_mind,820.77
R001617,O015449,C00913,2025-03-26 12:21:01.179573825,not_as_described,2721.15
R001618,O015472,C05960,2025-03-28 06:36:40.655071494,damaged,375.95
R001619,O015500,C03525,2025-03-27 08:18:26.015240592,not_as_described,2832.22
R001620,O015503,C01730,2025-03-30 06:07:28.619192319,damaged,1243.88
R001621,O015507,C09869,2025-03-29 10:59:14.091680565,size_fit,9181.98
R001622,O015520,C09125,2025-03-30 21:36:28.616435755,not_as_described,1534.59
R001623,O015524,C04177,2025-03-27 18:49:07.462730463,not_as_described,6440.35
R001624,O015534,C04978,2025-03-24 17:30:04.576243744,not_as_described,3230.14
R001625,O015538,C08776,2025-03-26 05:48:15.922127242,wrong_item,2407.64
R001626,O015541,C08244,2025-03-28 09:09:26.360720665,size_fit,1428.79
R001627,O015544,C07818,2025-03-28 05:38:58.233505257,not_as_described,1702.57
R001628,O015557,C07907,2025-03-26 16:15:18.174821659,wrong_item,1333.67
R001629,O015563,C09317,2025-04-02 23:14:08.120213055,size_fit,6636.11
R001630,O015578,C09992,2025-04-01 08:06:05.307802714,not_as_described,6030.99
R001631,O015586,C08485,2025-03-28 05:30:41.646135293,size_fit,994.2
R001632,O015590,C00437,2025-03-31 04:11:29.179792521,wrong_item,1653.0
R001633,O015593,C05944,2025-03-26 08:42:06.417667890,not_as_described,7702.58
R001634,O015601,C06357,2025-03-28 12:01:18.067096693,damaged,32098.17
R001635,O015614,C04152,2025-03-29 01:01:02.934633684,size_fit,4507.55
R001636,O015621,C00983,2025-03-28 01:37:06.699197096,size_fit,960.4
R001637,O015624,C09630,2025-03-28 13:49:39.930162297,changed_mind,1311.55
R001638,O015629,C05207,2025-03-29 18:25:38.858690344,not_as_described,1322.83
R001639,O015643,C02130,2025-03-29 18:15:56.550684416,size_fit,1307.4
R001640,O015647,C00496,2025-03-28 08:56:15.243216856,wrong_item,7528.19
R001641,O015652,C05368,2025-03-25 13:24:28.988762918,size_fit,13139.82
R001642,O015664,C07374,2025-03-30 15:20:46.927843947,wrong_item,1518.6
R001643,O015674,C04866,2025-03-31 11:54:47.108742411,wrong_item,3216.02
R001644,O015697,C08060,2025-03-29 19:40:23.092151977,not_as_described,2846.87
R001645,O015729,C02563,2025-04-04 17:09:30.318148321,not_as_described,8149.57
R001646,O015738,C08835,2025-04-02 20:40:00.124937054,damaged,1463.47
R001647,O015747,C02336,2025-03-30 17:30:16.927069849,changed_mind,4413.74
R001648,O015770,C04418,2025-03-26 18:23:24.662718160,size_fit,510.82
R001649,O015772,C08265,2025-03-29 09:03:38.633430895,damaged,2111.83
R001650,O015790,C08462,2025-03-31 01:34:45.796662768,not_as_described,4991.92
R001651,O015812,C07538,2025-03-28 11:06:04.681746327,changed_mind,1874.49
R001652,O015829,C01949,2025-03-26 23:41:44.396679642,changed_mind,3702.33
R001653,O015857,C09233,2025-03-27 21:04:53.556468787,damaged,2515.1
R001654,O015869,C03956,2025-03-29 16:00:03.744439074,not_as_described,285.91
R001655,O015873,C04819,2025-04-01 12:55:00.914735704,size_fit,2159.41
R001656,O015879,C03349,2025-03-29 02:15:38.162948403,size_fit,8260.02
R001657,O015886,C04376,2025-03-29 10:35:03.882464142,size_fit,1188.41
R001658,O015889,C01561,2025-04-05 04:54:33.964456827,changed_mind,386.39
R001659,O015893,C03864,2025-03-29 06:05:21.143654948,size_fit,6985.34
R001660,O015926,C02597,2025-03-29 14:25:23.692196305,not_as_described,1865.63
R001661,O015928,C02715,2025-04-05 17:57:46.685872008,size_fit,1269.59
R001662,O015931,C05771,2025-03-27 23:58:09.054329278,size_fit,1500.03
R001663,O015937,C07141,2025-03-27 19:41:11.928424668,size_fit,2198.47
R001664,O015944,C06247,2025-03-31 04:28:16.006566082,size_fit,2771.33
R001665,O015946,C00661,2025-03-30 13:31:07.104816894,damaged,1066.15
R001666,O015948,C02120,2025-04-05 05:01:47.901711266,damaged,3577.12
R001667,O015951,C01477,2025-03-26 17:45:46.558130263,damaged,2256.71
R001668,O015961,C00360,2025-03-29 12:21:36.143244777,not_as_described,1014.35
R001669,O015963,C08540,2025-03-28 11:23:07.903394127,wrong_item,6432.91
R001670,O015967,C02037,2025-03-26 23:43:54.747894676,size_fit,623.31
R001671,O015987,C01711,2025-04-01 03:28:49.587748215,not_as_described,2033.33
R001672,O015990,C05212,2025-03-30 14:13:31.927543140,not_as_described,1239.39
R001673,O016030,C05223,2025-04-01 14:03:08.801702323,wrong_item,896.83
R001674,O016041,C04425,2025-03-27 20:45:12.411251344,size_fit,2184.53
R001675,O016053,C07991,2025-03-28 06:59:33.652586364,size_fit,863.36
R001676,O016064,C05108,2025-03-31 09:24:36.281338808,changed_mind,1333.35
R001677,O016094,C08491,2025-04-03 07:21:31.173021378,not_as_described,566.62
R001678,O016101,C08456,2025-03-29 08:54:05.303118855,not_as_described,382.99
R001679,O016102,C00258,2025-04-05 01:13:35.718549751,changed_mind,1626.55
R001680,O016103,C08491,2025-04-03 16:36:15.479757439,wrong_item,1296.95
R001681,O016110,C02711,2025-03-31 04:10:50.584949086,size_fit,1130.15
R001682,O016129,C05324,2025-03-29 23:55:24.027964575,damaged,22023.09
R001683,O016140,C08556,2025-03-30 05:42:04.991742144,damaged,2156.0
R001684,O016170,C04113,2025-03-31 02:19:38.945409520,damaged,1070.19
R001685,O016182,C06729,2025-04-03 11:29:53.043948704,size_fit,2549.66
R001686,O016183,C05277,2025-03-29 08:14:19.592819750,not_as_described,721.05
R001687,O016197,C08710,2025-03-29 13:51:10.829462832,size_fit,3496.45
R001688,O016198,C07313,2025-04-07 18:48:58.365227775,size_fit,4142.32
R001689,O016199,C09590,2025-03-29 10:07:39.080623821,damaged,2313.08
R001690,O016201,C08407,2025-04-05 18:23:34.612389243,not_as_described,1358.99
R001691,O016206,C02506,2025-03-31 08:44:13.986875335,damaged,1877.64
R001692,O016209,C01201,2025-04-06 20:17:49.132543009,not_as_described,5349.45
R001693,O016210,C07472,2025-03-30 09:18:46.303585581,wrong_item,5216.11
R001694,O016218,C03760,2025-04-02 14:51:29.366588790,damaged,2612.93
R001695,O016232,C02846,2025-03-28 10:23:03.614313008,not_as_described,2251.71
R001696,O016243,C05254,2025-03-28 13:57:07.744022766,size_fit,1060.29
R001697,O016256,C07560,2025-03-29 15:27:46.524948976,size_fit,1482.77
R001698,O016258,C05875,2025-04-03 00:57:23.772625182,changed_mind,4852.72
R001699,O016259,C01371,2025-04-01 10:56:12.138753534,size_fit,5003.29
R001700,O016272,C00915,2025-04-05 15:32:11.984485560,not_as_described,1849.62
R001701,O016274,C04718,2025-04-07 11:43:09.633755892,size_fit,5035.11
R001702,O016283,C03905,2025-03-31 05:56:43.596535426,size_fit,5214.0
R001703,O016293,C03226,2025-04-01 10:37:08.842262710,wrong_item,403.57
R001704,O016312,C06798,2025-04-01 02:05:42.106183612,damaged,3034.88
R001705,O016321,C03052,2025-03-31 18:39:20.782813860,wrong_item,5480.29
R001706,O016331,C02963,2025-04-03 01:26:29.772669541,changed_mind,1485.89
R001707,O016339,C06084,2025-03-31 03:19:29.218233464,changed_mind,840.59
R001708,O016363,C02397,2025-03-30 00:00:29.622705807,changed_mind,798.45
R001709,O016368,C08182,2025-04-03 02:14:48.760519603,size_fit,5488.11
R001710,O016375,C06293,2025-03-31 23:36:25.707297067,size_fit,539.87
R001711,O016376,C06568,2025-03-31 06:00:21.756348936,not_as_described,1385.99
R001712,O016391,C06649,2025-03-29 19:06:54.854135395,changed_mind,5230.8
R001713,O016393,C04063,2025-04-06 04:28:22.252166104,damaged,1608.67
R001714,O016396,C04894,2025-04-07 13:02:33.110954095,changed_mind,1719.94
R001715,O016430,C04153,2025-04-03 22:06:39.730135582,size_fit,1717.26
R001716,O016435,C04878,2025-04-01 01:38:35.299594809,damaged,1048.71
R001717,O016438,C08342,2025-03-30 10:59:39.623099956,not_as_described,1597.33
R001718,O016459,C03417,2025-04-06 13:05:16.117207123,not_as_described,1895.63
R001719,O016470,C02395,2025-04-04 19:52:35.789687475,size_fit,6887.73
R001720,O016476,C06046,2025-04-01 07:48:31.858819646,changed_mind,15405.61
R001721,O016477,C01597,2025-04-04 20:14:42.535438382,not_as_described,14677.28
R001722,O016479,C06346,2025-03-31 02:55:56.323851909,size_fit,13367.81
R001723,O016487,C02075,2025-04-02 02:50:08.629927720,changed_mind,1558.36
R001724,O016491,C03926,2025-03-29 15:34:54.303389129,not_as_described,4765.28
R001725,O016497,C09087,2025-04-08 16:44:40.469453548,size_fit,10546.85
R001726,O016502,C06304,2025-03-31 16:43:39.114441055,not_as_described,508.34
R001727,O016508,C05161,2025-04-01 23:49:59.829869766,not_as_described,574.29
R001728,O016509,C03595,2025-04-02 03:25:42.113486794,wrong_item,17414.77
R001729,O016516,C03574,2025-04-05 04:31:48.288510134,wrong_item,21581.74
R001730,O016537,C09431,2025-03-30 17:44:46.157098257,size_fit,8471.33
R001731,O016539,C02083,2025-03-30 21:26:38.617087084,wrong_item,898.93
R001732,O016544,C00953,2025-04-03 08:54:30.742554510,wrong_item,1705.36
R001733,O016555,C07089,2025-04-02 18:22:34.936353825,size_fit,983.29
R001734,O016558,C04603,2025-03-30 21:11:31.609557934,changed_mind,2172.75
R001735,O016565,C05387,2025-03-30 08:38:19.174123010,changed_mind,1392.98
R001736,O016573,C05515,2025-03-30 11:40:51.553180437,not_as_described,831.43
R001737,O016581,C04976,2025-04-02 08:21:36.889198430,changed_mind,3466.94
R001738,O016587,C00966,2025-04-03 20:29:07.669807936,damaged,2246.66
R001739,O016588,C06362,2025-03-30 14:42:24.886191031,wrong_item,1153.82
R001740,O016614,C00297,2025-04-01 10:53:23.586629917,not_as_described,2442.55
R001741,O016620,C08937,2025-04-05 16:09:04.731084648,not_as_described,1623.63
R001742,O016629,C05485,2025-04-02 00:19:01.816326966,not_as_described,2152.46
R001743,O016653,C09046,2025-04-03 01:31:25.928849139,not_as_described,1588.53
R001744,O016675,C05247,2025-03-30 14:30:49.314544999,changed_mind,3354.39
R001745,O016677,C00096,2025-03-31 04:09:02.762339583,size_fit,713.91
R001746,O016702,C09175,2025-04-04 10:35:25.092723991,not_as_described,2516.58
R001747,O016708,C09488,2025-04-06 15:13:10.547846180,changed_mind,1045.93
R001748,O016711,C01134,2025-04-01 12:02:24.754690924,not_as_described,1844.77
R001749,O016725,C09255,2025-03-31 15:18:07.591548931,not_as_described,6442.74
R001750,O016727,C04896,2025-04-01 06:58:34.103153179,size_fit,1046.84
R001751,O016729,C02814,2025-04-03 23:59:14.996490932,size_fit,6572.13
R001752,O016762,C03569,2025-04-01 23:18:29.750068443,changed_mind,1590.1
R001753,O016768,C09870,2025-04-01 23:36:17.575267474,damaged,770.06
R001754,O016781,C02426,2025-04-03 03:35:00.775397900,damaged,3337.86
R001755,O016786,C02988,2025-03-31 20:32:26.915367256,wrong_item,1176.87
R001756,O016794,C04117,2025-04-04 02:21:47.235257211,not_as_described,1400.96
R001757,O016805,C01373,2025-04-06 08:58:04.120460191,changed_mind,1127.85
R001758,O016806,C08306,2025-04-06 03:33:48.489070510,damaged,21645.39
R001759,O016808,C05728,2025-04-10 20:25:28.636860594,wrong_item,1664.8
R001760,O016810,C06036,2025-03-31 16:38:11.428652504,size_fit,6076.9
R001761,O016817,C09052,2025-04-01 06:08:29.194613484,changed_mind,284.7
R001762,O016819,C06674,2025-04-04 12:50:43.416135643,wrong_item,3279.36
R001763,O016847,C06712,2025-04-05 19:25:25.512845134,not_as_described,6499.76
R001764,O016854,C03675,2025-04-01 05:45:34.792648700,changed_mind,764.74
R001765,O016877,C07553,2025-04-05 12:21:27.497150794,not_as_described,1862.66
R001766,O016891,C06702,2025-04-05 02:20:17.339407051,changed_mind,2299.4
R001767,O016894,C05433,2025-04-03 08:50:17.184732212,size_fit,3750.13
R001768,O016900,C08398,2025-04-01 11:51:10.632021242,damaged,877.36
R001769,O016902,C09930,2025-04-13 13:38:51.308408976,damaged,1630.06
R001770,O016918,C04806,2025-04-01 20:08:30.320953195,not_as_described,1891.62
R001771,O016929,C04050,2025-04-11 17:02:09.489482195,wrong_item,519.86
R001772,O016933,C09033,2025-04-06 07:38:27.555916416,not_as_described,2667.69
R001773,O016957,C07590,2025-04-04 15:03:57.172304124,changed_mind,1076.25
R001774,O016969,C03036,2025-04-04 04:45:38.245646476,not_as_described,2156.06
R001775,O016990,C02717,2025-04-04 16:09:23.952362479,not_as_described,3086.45
R001776,O016998,C00990,2025-04-03 10:46:41.099731456,size_fit,1281.72
R001777,O017001,C06181,2025-04-03 02:59:19.854726871,not_as_described,2366.94
R001778,O017010,C08350,2025-04-03 05:43:21.299570796,wrong_item,1364.08
R001779,O017026,C07723,2025-04-07 20:03:46.770013753,not_as_described,2210.27
R001780,O017030,C06906,2025-04-05 09:36:26.450154410,not_as_described,5105.0
R001781,O017036,C00570,2025-04-03 09:45:29.124652647,not_as_described,481.74
R001782,O017045,C07150,2025-04-02 12:58:32.812501177,size_fit,6694.33
R001783,O017050,C00917,2025-04-04 07:44:16.388328886,wrong_item,9912.32
R001784,O017052,C05213,2025-04-03 07:42:30.688682655,not_as_described,3911.65
R001785,O017060,C02809,2025-04-05 04:47:38.112989665,changed_mind,2397.8
R001786,O017085,C01734,2025-04-07 15:39:08.003669479,wrong_item,2219.49
R001787,O017087,C06527,2025-04-04 09:11:55.643527068,wrong_item,2715.27
R001788,O017090,C04527,2025-04-04 15:10:38.090334115,not_as_described,812.51
R001789,O017094,C03075,2025-04-03 17:06:20.889345045,not_as_described,1588.93
R001790,O017107,C09153,2025-04-03 08:13:48.132215292,wrong_item,680.16
R001791,O017114,C04627,2025-04-06 04:21:08.941156995,size_fit,915.09
R001792,O017116,C02934,2025-04-05 00:46:49.378833152,wrong_item,12909.47
R001793,O017117,C06449,2025-04-02 13:59:51.151538529,size_fit,631.62
R001794,O017145,C07785,2025-04-05 15:30:24.250302248,size_fit,500.45
R001795,O017149,C00853,2025-04-05 22:45:37.212802686,size_fit,1747.46
R001796,O017153,C00268,2025-04-10 16:44:22.808763700,wrong_item,1842.8
R001797,O017159,C04086,2025-04-14 17:32:16.538255113,not_as_described,2314.78
R001798,O017173,C07366,2025-04-08 02:35:22.417587970,damaged,1591.89
R001799,O017176,C02495,2025-04-04 23:54:06.347354014,wrong_item,566.6
R001800,O017195,C04001,2025-04-06 07:53:14.478912744,changed_mind,7586.93
R001801,O017199,C04806,2025-04-08 06:29:06.578633108,changed_mind,1545.82
R001802,O017205,C04218,2025-04-04 18:03:00.238494891,damaged,10783.76
R001803,O017211,C04443,2025-04-08 01:49:01.185545629,size_fit,1593.01
R001804,O017217,C03804,2025-04-06 01:30:18.000070333,not_as_described,2274.42
R001805,O017223,C02980,2025-04-06 10:39:44.036166326,size_fit,2817.85
R001806,O017226,C07495,2025-04-10 06:40:55.501720334,wrong_item,15558.19
R001807,O017227,C09031,2025-04-03 06:37:14.073189992,changed_mind,2640.14
R001808,O017232,C03182,2025-04-08 01:56:52.976409846,not_as_described,627.33
R001809,O017233,C00699,2025-04-09 01:04:22.563805260,changed_mind,2901.24
R001810,O017237,C01611,2025-04-02 07:27:30.011958946,changed_mind,327.35
R001811,O017238,C08719,2025-04-10 12:40:06.643902190,not_as_described,2679.03
R001812,O017249,C01919,2025-04-11 20:11:17.002926679,wrong_item,1011.36
R001813,O017253,C07512,2025-04-09 21:57:08.662477863,size_fit,659.02
R001814,O017256,C06832,2025-04-03 08:56:25.008316540,not_as_described,614.71
R001815,O017260,C09171,2025-04-03 03:15:08.012378973,wrong_item,332.68
R001816,O017261,C09541,2025-04-09 16:22:32.325815776,wrong_item,19119.23
R001817,O017269,C01308,2025-04-05 14:07:40.618722741,not_as_described,1381.52
R001818,O017275,C06396,2025-04-06 20:16:57.869638701,not_as_described,10905.76
R001819,O017278,C04469,2025-04-05 21:32:34.313426948,size_fit,2908.18
R001820,O017284,C01253,2025-04-08 04:17:58.227880624,not_as_described,1211.06
R001821,O017288,C08047,2025-04-05 04:38:39.286283218,wrong_item,5957.63
R001822,O017295,C00997,2025-04-04 09:52:03.015761242,wrong_item,14868.29
R001823,O017305,C00715,2025-04-10 05:59:19.376152501,not_as_described,4467.01
R001824,O017311,C01061,2025-04-10 14:04:58.005740899,not_as_described,1793.52
R001825,O017323,C04813,2025-04-05 23:17:27.345786583,not_as_described,1698.27
R001826,O017331,C05973,2025-04-03 19:39:10.509385809,changed_mind,1361.5
R001827,O017335,C09354,2025-04-04 19:54:33.059364242,size_fit,715.52
R001828,O017344,C00475,2025-04-04 11:57:35.059834386,size_fit,2014.66
R001829,O017355,C03073,2025-04-06 08:35:10.339967385,changed_mind,11438.74
R001830,O017370,C07104,2025-04-12 13:24:54.241895192,wrong_item,2285.3
R001831,O017384,C02473,2025-04-04 19:16:42.385099123,damaged,718.52
R001832,O017385,C02435,2025-04-04 11:35:36.838609612,not_as_described,751.77
R001833,O017395,C01220,2025-04-09 17:38:45.892784515,not_as_described,23638.84
R001834,O017400,C00170,2025-04-06 04:09:59.061761067,not_as_described,6161.44
R001835,O017401,C00854,2025-04-07 16:33:09.650810991,wrong_item,2817.32
R001836,O017402,C09338,2025-04-08 13:30:08.792665174,damaged,875.23
R001837,O017403,C07289,2025-04-08 09:35:15.926867854,not_as_described,2594.06
R001838,O017406,C03900,2025-04-08 13:47:41.728174000,size_fit,5790.71
R001839,O017416,C04173,2025-04-08 02:22:52.289208048,damaged,2385.72
R001840,O017417,C02317,2025-04-09 00:14:40.540530357,damaged,632.3
R001841,O017429,C07479,2025-04-04 10:30:37.836293562,size_fit,6565.24
R001842,O017443,C07506,2025-04-06 20:19:35.068696582,changed_mind,4567.95
R001843,O017450,C04876,2025-04-05 21:11:12.544222984,size_fit,714.01
R001844,O017461,C02642,2025-04-08 17:55:11.277785712,size_fit,1192.43
R001845,O017468,C02144,2025-04-05 07:43:46.791690765,wrong_item,4199.97
R001846,O017483,C05561,2025-04-08 00:26:29.334588295,wrong_item,20220.82
R001847,O017497,C01343,2025-04-07 22:46:57.977758074,not_as_described,1792.79
R001848,O017499,C00613,2025-04-04 21:17:49.762321414,wrong_item,1831.02
R001849,O017515,C08850,2025-04-05 10:02:36.777326866,not_as_described,848.18
R001850,O017532,C07423,2025-04-08 08:40:58.717319844,not_as_described,9232.64
R001851,O017542,C06841,2025-04-07 05:46:53.496989169,changed_mind,957.42
R001852,O017557,C01982,2025-04-06 09:58:05.286014547,changed_mind,543.23
R001853,O017572,C07318,2025-04-09 22:57:42.818290999,not_as_described,1660.32
R001854,O017573,C02132,2025-04-08 18:54:04.958380008,damaged,4943.12
R001855,O017578,C03047,2025-04-08 01:53:38.019837408,damaged,1628.16
R001856,O017579,C07409,2025-04-09 22:12:31.799981761,changed_mind,4949.75
R001857,O017580,C05123,2025-04-07 02:13:00.316313731,not_as_described,129.73
R001858,O017586,C04572,2025-04-10 12:45:46.545050368,not_as_described,3663.42
R001859,O017603,C03871,2025-04-07 13:59:23.194844646,wrong_item,1924.83
R001860,O017606,C07898,2025-04-11 23:54:00.047673046,size_fit,4093.08
R001861,O017616,C06891,2025-04-07 04:41:51.189093506,size_fit,2869.95
R001862,O017628,C09841,2025-04-05 13:54:13.276916193,damaged,1124.88
R001863,O017635,C05403,2025-04-06 11:45:40.120639437,damaged,1295.86
R001864,O017637,C05341,2025-04-07 02:29:09.501786960,not_as_described,552.03
R001865,O017645,C09915,2025-04-06 13:50:30.194282572,wrong_item,890.53
R001866,O017654,C05747,2025-04-09 10:12:33.532461219,not_as_described,688.28
R001867,O017661,C03231,2025-04-06 12:22:37.712022920,wrong_item,2721.15
R001868,O017668,C06127,2025-04-08 01:14:07.934175528,damaged,1126.13
R001869,O017669,C04219,2025-04-08 12:05:24.965076660,damaged,4648.17
R001870,O017674,C01591,2025-04-09 05:49:25.443956571,not_as_described,6282.55
R001871,O017675,C02880,2025-04-08 06:07:17.024296357,not_as_described,801.56
R001872,O017685,C04258,2025-04-17 01:10:28.359937030,damaged,3732.7
R001873,O017707,C01708,2025-04-06 19:45:48.622010680,changed_mind,8936.81
R001874,O017726,C07006,2025-04-06 15:59:52.473167379,not_as_described,3464.74
R001875,O017730,C08790,2025-04-08 16:37:09.869147094,changed_mind,2166.05
R001876,O017748,C08331,2025-04-09 21:08:42.664065561,size_fit,16155.71
R001877,O017756,C05181,2025-04-05 21:49:53.869582351,size_fit,10291.47
R001878,O017764,C03025,2025-04-14 01:44:26.491751124,damaged,7975.08
R001879,O017780,C09033,2025-04-11 09:34:01.308752778,size_fit,1257.4
R001880,O017789,C06507,2025-04-10 03:27:13.760941770,size_fit,649.48
R001881,O017798,C07099,2025-04-18 02:53:13.598146489,damaged,630.58
R001882,O017802,C05422,2025-04-07 15:01:15.511960084,size_fit,4795.9
R001883,O017808,C06610,2025-04-11 03:38:59.584575534,size_fit,1844.25
R001884,O017811,C09578,2025-04-11 22:20:03.354859028,not_as_described,563.04
R001885,O017812,C00602,2025-04-09 14:59:57.690345955,wrong_item,1590.61
R001886,O017819,C01013,2025-04-12 02:28:28.619090659,not_as_described,3308.65
R001887,O017833,C09566,2025-04-15 06:46:29.640635328,wrong_item,1030.59
R001888,O017843,C02597,2025-04-10 06:55:52.602738502,not_as_described,1974.66
R001889,O017844,C02498,2025-04-06 20:20:14.003753308,size_fit,863.59
R001890,O017857,C01319,2025-04-11 02:24:28.846391619,size_fit,5013.39
R001891,O017866,C06818,2025-04-08 05:53:22.762363581,not_as_described,327.96
R001892,O017883,C07785,2025-04-12 23:09:04.997791602,not_as_described,999.94
R001893,O017900,C04192,2025-04-08 21:31:28.732653595,size_fit,2158.27
R001894,O017910,C00211,2025-04-10 16:09:08.374791045,damaged,1342.98
R001895,O017915,C09771,2025-04-13 20:44:37.300861813,changed_mind,999.27
R001896,O017918,C04896,2025-04-08 02:19:37.147012179,not_as_described,528.6
R001897,O017919,C01866,2025-04-11 19:23:48.083922142,size_fit,384.44
R001898,O017925,C08192,2025-04-06 03:19:47.918243366,not_as_described,836.43
R001899,O017931,C02789,2025-04-08 16:07:51.098710231,not_as_described,13741.76
R001900,O017937,C00492,2025-04-09 23:19:48.290321100,changed_mind,1369.66
R001901,O017940,C04505,2025-04-07 08:34:33.345204412,not_as_described,4660.44
R001902,O017966,C07583,2025-04-09 10:24:15.730115526,not_as_described,1156.3
R001903,O017975,C05102,2025-04-12 08:28:09.465592170,damaged,2444.62
R001904,O017979,C02141,2025-04-09 17:12:34.236809708,not_as_described,503.33
R001905,O017987,C01834,2025-04-07 19:51:56.972599279,changed_mind,2868.32
R001906,O017998,C06523,2025-04-11 09:04:06.885694466,size_fit,6856.85
R001907,O018006,C00418,2025-04-08 01:16:33.733289802,not_as_described,1893.46
R001908,O018007,C03908,2025-04-07 06:46:52.150030514,size_fit,1277.19
R001909,O018010,C04403,2025-04-10 00:47:59.290917057,size_fit,2306.63
R001910,O018021,C06130,2025-04-06 07:53:35.920151858,wrong_item,3479.09
R001911,O018022,C07391,2025-04-09 06:25:55.510112517,not_as_described,7594.08
R001912,O018045,C04852,2025-04-10 11:28:05.094388840,wrong_item,5142.39
R001913,O018046,C03049,2025-04-23 00:00:00.000000000,not_as_described,2279.48
R001914,O018056,C06200,2025-04-13 00:09:07.286152640,size_fit,2959.47
R001915,O018061,C01446,2025-04-13 10:10:55.268352318,damaged,2840.2
R001916,O018063,C09260,2025-04-06 15:58:34.030908156,damaged,3020.05
R001917,O018071,C01084,2025-04-06 07:02:13.941703680,changed_mind,7420.09
R001918,O018082,C08699,2025-04-14 07:15:23.861732893,not_as_described,12772.06
R001919,O018087,C00109,2025-04-11 06:53:49.491109410,not_as_described,1120.93
R001920,O018103,C01378,2025-04-08 02:51:56.402770676,changed_mind,2353.07
R001921,O018120,C00206,2025-04-11 17:36:11.904674633,damaged,1922.34
R001922,O018131,C02938,2025-04-10 17:25:37.283598537,damaged,2415.8
R001923,O018139,C01504,2025-04-11 02:42:52.314296367,wrong_item,3347.44
R001924,O018154,C07619,2025-04-10 08:22:06.595302997,not_as_described,6473.49
R001925,O018160,C06929,2025-04-08 07:04:10.322028246,wrong_item,12893.51
R001926,O018163,C05179,2025-04-13 07:38:32.960680753,changed_mind,2504.33
R001927,O018166,C05208,2025-04-11 07:39:44.021829358,not_as_described,666.12
R001928,O018176,C02504,2025-04-08 10:24:47.577410517,size_fit,10190.13
R001929,O018189,C04761,2025-04-17 12:12:20.513166901,size_fit,1394.54
R001930,O018194,C07367,2025-04-11 15:42:09.834114639,damaged,6904.65
R001931,O018202,C09160,2025-04-07 18:11:00.372660036,size_fit,258.71
R001932,O018209,C04431,2025-04-08 02:35:09.392905312,changed_mind,761.42
R001933,O018214,C05635,2025-04-09 05:29:35.480600534,size_fit,1364.49
R001934,O018230,C09781,2025-04-08 14:52:47.978521467,wrong_item,2344.95
R001935,O018233,C05147,2025-04-11 04:18:05.842074866,wrong_item,7607.37
R001936,O018245,C07157,2025-04-07 21:43:49.745423539,size_fit,290.65
R001937,O018246,C02953,2025-04-13 10:27:26.506963436,not_as_described,10722.4
R001938,O018248,C07540,2025-04-12 18:52:08.883239206,not_as_described,1140.86
R001939,O018254,C07710,2025-04-08 08:40:02.353639591,wrong_item,1120.47
R001940,O018268,C08686,2025-04-08 13:11:22.426801861,damaged,975.19
R001941,O018279,C04537,2025-04-17 19:48:21.979912838,not_as_described,1690.72
R001942,O018290,C04762,2025-04-09 11:15:52.744699641,changed_mind,13167.07
R001943,O018296,C00963,2025-04-08 06:54:40.973557777,not_as_described,1805.3
R001944,O018311,C08935,2025-04-11 03:15:12.857606387,changed_mind,2172.52
R001945,O018321,C04288,2025-04-10 00:11:10.504071117,not_as_described,424.26
R001946,O018323,C05688,2025-04-09 00:42:34.849050465,size_fit,2117.98
R001947,O018329,C08607,2025-04-12 20:34:52.441646235,size_fit,778.79
R001948,O018331,C09780,2025-04-10 09:52:46.885075881,changed_mind,4784.52
R001949,O018352,C03879,2025-04-13 00:24:01.605223627,wrong_item,14736.55
R001950,O018376,C07190,2025-04-09 12:25:43.496256662,not_as_described,4704.0
R001951,O018391,C05939,2025-04-08 19:02:47.980296456,damaged,10193.45
R001952,O018396,C06870,2025-04-10 01:41:55.183546330,damaged,1409.12
R001953,O018406,C08827,2025-04-19 19:31:16.767997917,wrong_item,1690.88
R001954,O018408,C05734,2025-04-12 05:26:11.376070659,changed_mind,1783.13
R001955,O018410,C04434,2025-04-11 08:41:21.543541591,size_fit,2388.77
R001956,O018412,C02272,2025-04-16 13:50:31.050768055,changed_mind,2638.85
R001957,O018417,C09667,2025-04-10 16:22:43.058372919,not_as_described,1631.39
R001958,O018436,C02940,2025-04-11 03:01:41.058922029,damaged,19842.55
R001959,O018437,C04029,2025-04-10 18:34:42.533346579,damaged,13794.38
R001960,O018438,C03142,2025-04-09 07:27:19.284466906,changed_mind,2022.85
R001961,O018448,C08875,2025-04-10 21:42:08.945689068,damaged,5031.59
R001962,O018467,C02181,2025-04-11 22:26:43.503095994,size_fit,1023.04
R001963,O018482,C08053,2025-04-08 11:28:50.148830492,changed_mind,5182.35
R001964,O018485,C02903,2025-04-09 09:59:12.637960566,wrong_item,813.65
R001965,O018490,C08811,2025-04-08 10:18:04.878969141,changed_mind,11070.81
R001966,O018495,C05090,2025-04-08 12:04:42.401493015,size_fit,1062.43
R001967,O018505,C01722,2025-04-14 05:41:42.856681736,wrong_item,447.28
R001968,O018506,C01277,2025-04-08 21:47:03.059011431,not_as_described,9318.42
R001969,O018511,C00207,2025-04-15 08:11:18.969739335,wrong_item,328.51
R001970,O018530,C06605,2025-04-13 06:54:09.618478624,wrong_item,3849.17
R001971,O018538,C00295,2025-04-15 00:48:42.528979893,size_fit,602.74
R001972,O018579,C05133,2025-04-17 09:30:22.721954720,not_as_described,1729.8
R001973,O018585,C09579,2025-04-25 01:07:24.720586741,damaged,33709.66
R001974,O018590,C04889,2025-04-09 21:55:50.891171404,wrong_item,5343.59
R001975,O018597,C09493,2025-04-13 05:06:24.169928889,size_fit,735.32
R001976,O018600,C03607,2025-04-13 11:43:05.151291510,changed_mind,2418.59
R001977,O018603,C08217,2025-04-11 01:21:14.377947087,damaged,2126.34
R001978,O018616,C02776,2025-04-13 20:45:47.315455095,not_as_described,5160.48
R001979,O018622,C09419,2025-04-11 04:07:38.362321196,changed_mind,1384.53
R001980,O018623,C00653,2025-04-12 17:37:22.210351831,size_fit,3268.17
R001981,O018648,C03533,2025-04-13 01:43:36.561338727,changed_mind,577.62
R001982,O018649,C09464,2025-04-13 20:12:00.001297515,not_as_described,2729.94
R001983,O018663,C00656,2025-04-13 22:55:39.023824371,size_fit,1728.85
R001984,O018683,C00048,2025-04-13 02:19:11.557120566,size_fit,2034.92
R001985,O018705,C07831,2025-04-14 10:04:24.461050241,changed_mind,1217.47
R001986,O018709,C09120,2025-04-12 04:58:24.671389119,wrong_item,466.28
R001987,O018713,C05792,2025-04-12 09:09:09.787790505,not_as_described,2104.9
R001988,O018720,C04308,2025-04-11 05:05:19.114229000,wrong_item,235.42
R001989,O018730,C09050,2025-04-14 15:01:56.500682926,size_fit,711.41
R001990,O018738,C01650,2025-04-13 04:50:56.931557182,not_as_described,940.4
R001991,O018740,C06577,2025-04-13 14:30:27.733623137,changed_mind,2154.78
R001992,O018741,C03903,2025-04-19 00:16:49.206395499,damaged,1578.89
R001993,O018751,C01912,2025-04-14 06:09:07.390691009,size_fit,740.09
R001994,O018759,C09033,2025-04-14 22:43:58.785279441,damaged,443.01
R001995,O018768,C00821,2025-04-13 22:10:29.250609420,changed_mind,1165.09
R001996,O018770,C09234,2025-04-19 19:02:06.291805326,wrong_item,18322.38
R001997,O018789,C08904,2025-04-12 13:54:32.207611579,wrong_item,13492.54
R001998,O018792,C02705,2025-04-11 17:29:51.340769714,not_as_described,4351.61
R001999,O018797,C09010,2025-04-12 07:30:30.146711108,damaged,1135.65
R002000,O018804,C00360,2025-04-12 22:06:09.637627406,not_as_described,19387.59
R002001,O018807,C05977,2025-04-19 03:15:24.099137485,wrong_item,1424.2
R002002,O018831,C03847,2025-04-22 10:00:04.299841108,changed_mind,772.72
R002003,O018834,C04866,2025-04-14 02:03:39.765668328,damaged,833.05
R002004,O018838,C01985,2025-04-13 17:35:56.367991607,wrong_item,10491.93
R002005,O018852,C09883,2025-04-16 22:50:22.584518185,size_fit,1936.35
R002006,O018855,C07309,2025-04-10 10:30:22.097666415,not_as_described,1216.62
R002007,O018859,C00962,2025-04-10 14:40:32.358238122,changed_mind,825.62
R002008,O018868,C07884,2025-04-15 07:45:40.909976647,not_as_described,632.58
R002009,O018873,C04235,2025-04-12 21:11:39.791729011,wrong_item,11996.63
R002010,O018886,C01406,2025-04-12 18:58:15.386496441,not_as_described,1392.72
R002011,O018890,C04572,2025-04-15 21:36:30.361583026,not_as_described,2588.29
R002012,O018897,C06865,2025-04-14 12:02:42.017111779,wrong_item,15633.35
R002013,O018899,C03038,2025-04-16 12:33:07.854738199,damaged,363.61
R002014,O018906,C01873,2025-04-10 04:58:14.005415582,damaged,2448.27
R002015,O018926,C03592,2025-04-15 08:26:41.231787727,size_fit,3866.57
R002016,O018943,C08641,2025-04-11 18:07:47.534868123,changed_mind,28455.93
R002017,O018946,C03064,2025-04-10 08:29:59.391509211,size_fit,2852.61
R002018,O018979,C02969,2025-04-12 22:18:57.369006331,not_as_described,3508.01
R002019,O018983,C01618,2025-04-11 21:26:19.526309966,not_as_described,11788.16
R002020,O018989,C01538,2025-04-15 17:14:12.624189842,changed_mind,2275.67
R002021,O018991,C04992,2025-04-13 00:25:23.625782032,damaged,558.9
R002022,O019009,C02899,2025-04-14 19:31:38.287470982,changed_mind,16726.17
R002023,O019022,C01987,2025-04-13 03:39:44.956622188,not_as_described,1863.78
R002024,O019024,C06700,2025-04-16 03:44:39.477612980,wrong_item,612.88
R002025,O019030,C04569,2025-04-26 11:42:22.150427864,not_as_described,3550.0
R002026,O019053,C06735,2025-04-12 11:51:19.812330442,changed_mind,11185.42
R002027,O019059,C00102,2025-04-17 08:43:20.123286481,changed_mind,1100.8
R002028,O019061,C03084,2025-04-12 10:11:03.309244454,size_fit,3865.13
R002029,O019068,C05065,2025-04-14 14:25:23.551327704,not_as_described,5676.87
R002030,O019071,C07728,2025-04-20 04:07:02.975332972,damaged,489.34
R002031,O019079,C04080,2025-04-15 07:58:26.845403548,damaged,1921.37
R002032,O019088,C07593,2025-04-13 19:51:43.032616585,not_as_described,7649.91
R002033,O019091,C09698,2025-04-15 16:23:39.404506646,not_as_described,416.2
R002034,O019093,C07582,2025-04-11 19:06:44.450710282,changed_mind,833.56
R002035,O019097,C04153,2025-04-15 19:26:41.276019120,size_fit,706.02
R002036,O019114,C03782,2025-04-16 01:39:13.153654569,not_as_described,235.66
R002037,O019117,C08533,2025-04-13 12:06:23.712192021,damaged,545.97
R002038,O019124,C02334,2025-04-13 11:52:09.019029658,changed_mind,2494.63
R002039,O019126,C00211,2025-04-12 19:45:57.715729102,wrong_item,5080.45
R002040,O019137,C00901,2025-04-25 03:26:51.349677658,not_as_described,880.67
R002041,O019157,C03142,2025-04-12 05:30:49.541242543,not_as_described,2540.97
R002042,O019183,C02674,2025-04-14 15:05:45.183496754,size_fit,8932.28
R002043,O019189,C02983,2025-04-16 08:57:56.036755915,wrong_item,7262.28
R002044,O019216,C03419,2025-04-13 20:35:45.714336637,damaged,838.93
R002045,O019237,C05893,2025-04-15 19:16:51.874303800,size_fit,4267.78
R002046,O019244,C00165,2025-04-17 00:30:51.810468253,changed_mind,4553.86
R002047,O019245,C05246,2025-04-17 12:36:29.451637763,not_as_described,2809.79
R002048,O019257,C02810,2025-04-15 04:29:37.994629153,size_fit,1467.18
R002049,O019283,C07119,2025-04-14 18:19:25.427585658,size_fit,2005.19
R002050,O019290,C07541,2025-04-14 12:08:42.237223342,size_fit,872.7
R002051,O019296,C02793,2025-04-15 09:32:55.084709396,size_fit,2159.2
R002052,O019298,C03262,2025-04-22 08:27:43.380272221,changed_mind,2420.56
R002053,O019303,C06329,2025-04-21 05:01:49.152676864,size_fit,861.64
R002054,O019316,C03454,2025-04-15 22:23:51.107823211,not_as_described,13842.34
R002055,O019319,C00875,2025-04-18 06:03:03.922398673,damaged,1328.93
R002056,O019323,C06347,2025-04-20 21:27:25.687520863,not_as_described,1852.76
R002057,O019344,C06985,2025-04-14 12:07:36.485239944,wrong_item,924.8
R002058,O019361,C09347,2025-04-17 07:53:52.838332234,size_fit,3249.07
R002059,O019374,C01520,2025-04-16 01:19:13.687512718,size_fit,1117.92
R002060,O019376,C01097,2025-04-14 11:01:41.700304783,not_as_described,872.11
R002061,O019386,C05225,2025-04-17 17:37:22.965274239,size_fit,2104.18
R002062,O019412,C00643,2025-04-24 03:56:15.026233322,size_fit,5228.29
R002063,O019413,C09638,2025-04-18 13:38:20.096467677,changed_mind,849.05
R002064,O019424,C04001,2025-04-17 07:22:46.206307387,not_as_described,2333.85
R002065,O019428,C04787,2025-04-18 12:20:29.963638467,not_as_described,1955.85
R002066,O019445,C02563,2025-04-17 03:19:13.866290475,size_fit,922.4
R002067,O019463,C01628,2025-04-13 23:48:48.369691641,size_fit,919.2
R002068,O019481,C06070,2025-04-16 18:22:45.015364470,damaged,7234.56
R002069,O019482,C00672,2025-04-17 10:22:24.263339073,size_fit,2553.05
R002070,O019484,C03004,2025-04-30 10:52:32.422510416,wrong_item,857.0
R002071,O019500,C03231,2025-04-17 05:18:38.663848789,not_as_described,3697.75
R002072,O019507,C08549,2025-04-18 03:37:41.297157354,size_fit,2064.58
R002073,O019529,C04097,2025-04-19 02:32:28.179760621,not_as_described,2392.09
R002074,O019536,C01736,2025-04-20 07:54:40.118486119,not_as_described,636.83
R002075,O019543,C02472,2025-04-18 15:22:58.088100115,not_as_described,2132.46
R002076,O019557,C00661,2025-04-17 21:13:02.393583283,not_as_described,889.94
R002077,O019559,C01954,2025-04-17 17:24:15.241448952,wrong_item,2233.59
R002078,O019568,C02009,2025-04-15 13:04:20.593020241,size_fit,887.72
R002079,O019605,C03990,2025-04-16 07:06:32.092474615,size_fit,3647.2
R002080,O019610,C08086,2025-04-17 00:03:42.885240703,changed_mind,475.3
R002081,O019612,C09094,2025-04-19 12:18:43.056138560,size_fit,2774.87
R002082,O019630,C00920,2025-04-18 11:21:54.438091239,wrong_item,6265.3
R002083,O019645,C06036,2025-04-15 07:46:07.037603857,size_fit,5367.71
R002084,O019672,C04468,2025-04-18 02:28:57.522221061,not_as_described,1894.77
R002085,O019674,C02928,2025-04-14 20:12:54.489521671,wrong_item,5406.61
R002086,O019683,C05493,2025-04-18 06:29:32.817120108,size_fit,804.12
R002087,O019693,C09503,2025-04-22 09:39:58.968073886,damaged,2235.8
R002088,O019717,C01570,2025-04-17 21:41:11.531460739,changed_mind,4456.73
R002089,O019725,C04991,2025-04-18 00:20:00.387804674,size_fit,2132.95
R002090,O019730,C09282,2025-04-16 16:30:42.119163482,not_as_described,12929.56
R002091,O019754,C09664,2025-04-17 20:31:39.540636015,not_as_described,3040.97
R002092,O019758,C06074,2025-04-19 01:33:17.730495590,not_as_described,580.19
R002093,O019760,C04270,2025-04-19 11:59:49.913526332,wrong_item,1811.47
R002094,O019774,C07545,2025-04-20 03:19:48.304711675,wrong_item,1307.63
R002095,O019777,C01788,2025-04-18 15:00:11.163187033,changed_mind,3842.44
R002096,O019798,C00762,2025-04-17 20:11:23.664794492,size_fit,519.74
R002097,O019805,C08456,2025-04-19 12:37:01.078765860,size_fit,3991.65
R002098,O019806,C09705,2025-04-19 01:39:47.349057304,changed_mind,1106.82
R002099,O019815,C06009,2025-04-17 00:53:12.086013627,size_fit,1207.75
R002100,O019837,C05982,2025-04-28 22:13:11.750788023,size_fit,14305.95
R002101,O019842,C03250,2025-04-16 20:12:36.205567228,damaged,7866.66
R002102,O019843,C04207,2025-04-16 14:47:55.461918706,size_fit,5233.48
R002103,O019844,C05094,2025-04-15 15:00:40.824637311,damaged,610.95
R002104,O019853,C06049,2025-04-16 17:58:42.251188616,size_fit,7646.42
R002105,O019856,C06695,2025-04-19 23:30:00.582015330,damaged,20827.53
R002106,O019876,C02658,2025-04-21 01:35:50.525861197,wrong_item,2641.62
R002107,O019884,C08562,2025-04-22 08:51:33.033055392,changed_mind,565.62
R002108,O019886,C09144,2025-04-19 17:17:19.659110848,size_fit,9930.63
R002109,O019892,C03707,2025-04-17 23:32:09.156392070,changed_mind,605.52
R002110,O019914,C02679,2025-04-18 15:52:39.597471346,changed_mind,5053.54
R002111,O019918,C09970,2025-04-19 15:00:43.623982846,damaged,1950.49
R002112,O019925,C02775,2025-04-16 16:07:34.477566495,size_fit,4341.46
R002113,O019934,C07012,2025-04-17 12:01:20.021651382,not_as_described,4975.28
R002114,O019939,C01034,2025-04-20 10:46:11.173935277,wrong_item,13269.24
R002115,O019972,C04722,2025-04-20 13:08:19.232849835,changed_mind,1086.53
R002116,O019978,C06840,2025-04-20 16:50:50.445607981,damaged,1749.03
R002117,O019982,C08764,2025-04-19 18:54:46.610385098,wrong_item,1677.96
R002118,O019990,C09200,2025-04-26 12:12:54.608121486,not_as_described,661.96
R002119,O019991,C03220,2025-04-16 15:27:21.274750173,size_fit,1300.6
R002120,O020002,C08423,2025-04-22 03:50:24.689670540,wrong_item,17864.14
R002121,O020004,C01582,2025-04-19 14:15:20.291526468,changed_mind,851.53
R002122,O020005,C09780,2025-04-19 10:41:47.346036594,changed_mind,730.29
R002123,O020006,C06220,2025-04-23 18:22:22.510097871,changed_mind,2468.97
R002124,O020013,C08265,2025-04-17 12:27:45.325798747,size_fit,1370.2
R002125,O020020,C06821,2025-04-17 07:12:37.919649816,not_as_described,1444.59
R002126,O020033,C04763,2025-04-24 04:37:33.107627175,damaged,20184.35
R002127,O020036,C07001,2025-04-16 02:26:19.431357208,not_as_described,1557.51
R002128,O020039,C03741,2025-04-20 23:56:45.507175526,wrong_item,623.04
R002129,O020049,C02035,2025-04-20 19:43:32.040699657,damaged,2477.16
R002130,O020059,C03143,2025-04-22 22:23:42.193456224,wrong_item,4666.17
R002131,O020080,C08580,2025-05-04 00:00:00.000000000,wrong_item,1432.51
R002132,O020081,C02597,2025-04-20 09:54:58.340205032,size_fit,4836.51
R002133,O020095,C08042,2025-04-20 04:43:52.541240145,size_fit,1940.73
R002134,O020109,C07092,2025-04-28 13:54:33.102368701,size_fit,1613.82
R002135,O020111,C02373,2025-04-20 06:24:32.429218604,damaged,9748.09
R002136,O020128,C01679,2025-04-19 15:59:44.455046668,not_as_described,6496.84
R002137,O020129,C03257,2025-04-21 21:23:56.854661168,size_fit,735.93
R002138,O020132,C02138,2025-04-22 11:59:46.243221162,changed_mind,4290.33
R002139,O020137,C05715,2025-04-20 05:32:04.875335196,size_fit,10046.03
R002140,O020142,C09744,2025-04-23 12:24:16.735352828,size_fit,1553.37
R002141,O020143,C01547,2025-04-19 01:43:54.394282232,not_as_described,1192.67
R002142,O020158,C02148,2025-04-18 10:14:34.453557693,changed_mind,2855.64
R002143,O020163,C04707,2025-04-22 15:50:33.091060884,not_as_described,2843.12
R002144,O020173,C07530,2025-04-18 16:02:23.439015279,size_fit,7252.78
R002145,O020189,C06951,2025-04-24 04:27:58.906764280,size_fit,1024.99
R002146,O020211,C04468,2025-04-20 15:29:31.538131044,wrong_item,457.73
R002147,O020215,C02460,2025-04-22 05:49:18.186317432,changed_mind,4164.41
R002148,O020218,C06119,2025-04-21 09:46:30.110767755,not_as_described,2492.18
R002149,O020220,C01148,2025-04-24 08:25:05.591771036,not_as_described,2090.28
R002150,O020233,C01755,2025-04-23 06:27:09.984101439,damaged,622.33
R002151,O020246,C00592,2025-04-25 19:53:10.663191520,size_fit,818.81
R002152,O020247,C05621,2025-04-21 15:18:54.708701508,size_fit,706.36
R002153,O020248,C07601,2025-04-18 11:20:19.068872074,changed_mind,19753.81
R002154,O020255,C02289,2025-04-28 19:57:16.769955636,size_fit,1271.81
R002155,O020278,C00371,2025-04-23 10:26:21.517858456,wrong_item,5500.17
R002156,O020280,C04855,2025-04-21 01:43:26.536880866,damaged,1320.06
R002157,O020281,C07265,2025-04-20 10:34:18.421630258,size_fit,556.19
R002158,O020284,C04546,2025-04-23 00:18:32.587076872,changed_mind,7283.78
R002159,O020310,C01435,2025-04-18 10:45:51.908407671,wrong_item,23087.95
R002160,O020335,C07985,2025-04-20 19:09:53.214291234,changed_mind,3429.98
R002161,O020338,C02726,2025-05-06 00:00:00.000000000,wrong_item,2858.51
R002162,O020346,C01185,2025-04-22 16:15:15.886949572,size_fit,593.24
R002163,O020359,C05927,2025-04-22 02:25:46.283725689,size_fit,512.47
R002164,O020363,C04072,2025-04-25 07:25:24.912195744,wrong_item,1086.19
R002165,O020371,C03951,2025-04-22 17:02:34.345057981,wrong_item,1194.53
R002166,O020373,C06092,2025-04-21 10:25:02.882252060,size_fit,668.84
R002167,O020376,C02277,2025-04-19 04:21:58.076126802,not_as_described,2039.25
R002168,O020389,C02524,2025-04-22 11:54:40.702185144,size_fit,773.62
R002169,O020416,C03514,2025-04-18 12:19:33.675121822,not_as_described,6819.51
R002170,O020427,C00069,2025-04-25 01:12:53.567821357,not_as_described,1318.79
R002171,O020458,C02880,2025-04-21 17:05:42.161058787,size_fit,1310.02
R002172,O020478,C04518,2025-04-24 23:49:45.797156122,not_as_described,2008.67
R002173,O020488,C04912,2025-04-19 16:15:51.427313470,not_as_described,622.11
R002174,O020522,C01524,2025-04-23 15:28:15.963555885,changed_mind,3301.62
R002175,O020527,C05522,2025-04-20 12:09:05.828807350,changed_mind,1315.57
R002176,O020528,C08641,2025-04-22 18:12:47.914460121,not_as_described,4226.45
R002177,O020533,C00279,2025-04-27 05:38:49.837836055,changed_mind,1470.86
R002178,O020536,C06652,2025-04-29 23:51:09.670595810,size_fit,2315.61
R002179,O020559,C03038,2025-04-25 13:58:46.581915709,not_as_described,2301.83
R002180,O020565,C04171,2025-04-22 07:28:32.729921900,not_as_described,502.19
R002181,O020568,C06772,2025-04-23 11:39:30.241464112,not_as_described,6325.26
R002182,O020573,C03194,2025-04-26 20:26:05.948714389,changed_mind,1851.06
R002183,O020577,C02667,2025-04-25 19:23:09.425007416,damaged,2100.31
R002184,O020580,C01344,2025-04-19 20:46:38.275492418,not_as_described,2615.87
R002185,O020594,C04010,2025-04-20 11:28:52.881556054,wrong_item,4640.89
R002186,O020595,C07329,2025-04-22 14:48:56.125061902,not_as_described,4379.27
R002187,O020600,C06263,2025-04-20 15:17:06.836365647,changed_mind,1013.03
R002188,O020618,C00397,2025-04-22 10:44:06.859452786,not_as_described,740.54
R002189,O020627,C06423,2025-04-24 00:13:54.277488055,changed_mind,905.67
R002190,O020635,C05294,2025-04-26 03:23:48.048586890,not_as_described,1831.19
R002191,O020648,C00954,2025-04-19 21:06:53.946064515,wrong_item,723.23
R002192,O020652,C00009,2025-05-05 00:00:00.000000000,size_fit,1655.76
R002193,O020657,C06282,2025-04-23 21:23:41.380413097,wrong_item,406.98
R002194,O020673,C03214,2025-04-25 19:08:36.182651269,damaged,3020.54
R002195,O020682,C01718,2025-04-27 01:40:25.783330904,changed_mind,4371.56
R002196,O020685,C06103,2025-04-25 09:10:36.245763105,damaged,5172.99
R002197,O020692,C02452,2025-04-24 05:27:33.833114715,not_as_described,955.45
R002198,O020707,C01676,2025-04-22 22:00:58.243471880,size_fit,13966.9
R002199,O020710,C05114,2025-04-25 10:15:01.660916051,wrong_item,439.97
R002200,O020714,C02188,2025-04-28 18:29:27.896430642,damaged,671.0
R002201,O020729,C08966,2025-04-22 02:00:37.106875976,changed_mind,2262.06
R002202,O020745,C07124,2025-04-26 18:05:06.574962069,size_fit,2590.81
R002203,O020749,C03951,2025-05-01 01:33:17.418858332,changed_mind,9010.42
R002204,O020752,C08585,2025-04-25 10:49:01.088765374,damaged,2309.79
R002205,O020754,C02409,2025-04-24 21:11:40.780299062,size_fit,1605.36
R002206,O020759,C05279,2025-04-28 12:43:27.698237216,size_fit,3207.62
R002207,O020765,C09696,2025-04-25 14:59:30.453616212,not_as_described,11131.58
R002208,O020770,C06595,2025-04-21 21:50:53.500558527,damaged,5429.97
R002209,O020781,C07208,2025-04-25 23:14:57.956891859,not_as_described,989.74
R002210,O020782,C08897,2025-04-30 22:15:50.440046558,size_fit,921.88
R002211,O020800,C05438,2025-04-25 00:29:24.698257904,size_fit,14504.55
R002212,O020811,C07088,2025-04-23 16:37:54.958794153,damaged,2301.89
R002213,O020819,C01988,2025-04-22 17:30:27.978644109,not_as_described,1151.05
R002214,O020835,C08075,2025-04-24 23:38:46.137466917,not_as_described,583.99
R002215,O020841,C05936,2025-04-22 20:31:25.237250115,not_as_described,1418.59
R002216,O020844,C04025,2025-04-28 21:17:14.454320550,not_as_described,3976.94
R002217,O020855,C08631,2025-04-29 22:22:35.008011249,size_fit,2945.32
R002218,O020877,C09829,2025-04-25 17:38:32.252655735,damaged,293.12
R002219,O020884,C00761,2025-04-24 10:08:30.437588227,not_as_described,980.91
R002220,O020889,C09373,2025-04-25 04:50:00.098706624,size_fit,3550.23
R002221,O020904,C01146,2025-05-05 00:29:59.378822145,wrong_item,4018.68
R002222,O020913,C07121,2025-04-25 04:13:11.673036073,not_as_described,23786.74
R002223,O020917,C05441,2025-04-23 11:11:41.474649343,not_as_described,1291.59
R002224,O020926,C05865,2025-04-26 04:57:50.415461762,not_as_described,1791.16
R002225,O020941,C07246,2025-04-21 22:17:39.757866003,size_fit,6689.69
R002226,O020956,C05428,2025-04-25 09:55:52.932002581,changed_mind,1738.39
R002227,O020961,C04536,2025-04-23 05:26:29.023478023,not_as_described,4176.9
R002228,O020964,C05206,2025-04-25 17:12:16.077359912,wrong_item,1147.42
R002229,O020973,C06398,2025-04-27 20:59:42.509758282,changed_mind,1393.61
R002230,O020986,C03636,2025-04-24 17:38:15.927734410,damaged,1556.77
R002231,O020987,C04208,2025-04-22 00:11:11.825461759,not_as_described,5542.1
R002232,O020997,C04574,2025-04-24 07:08:15.765156844,not_as_described,11357.39
R002233,O020998,C08054,2025-04-24 15:16:32.789453869,wrong_item,816.91
R002234,O021012,C07943,2025-04-24 00:34:03.873435887,size_fit,5947.96
R002235,O021016,C05010,2025-04-27 09:33:01.878306958,size_fit,5750.41
R002236,O021019,C03881,2025-04-28 03:37:44.339998400,not_as_described,1562.73
R002237,O021028,C00264,2025-04-26 07:02:05.558126056,not_as_described,604.18
R002238,O021029,C07818,2025-04-24 22:35:12.945157933,wrong_item,627.97
R002239,O021030,C04826,2025-04-25 10:06:59.150348820,wrong_item,1290.03
R002240,O021048,C05620,2025-04-24 18:57:27.823463539,size_fit,14905.74
R002241,O021073,C04415,2025-04-26 05:40:18.522871489,size_fit,2672.79
R002242,O021078,C09491,2025-05-01 05:01:05.935262811,changed_mind,10015.83
R002243,O021105,C05715,2025-04-27 12:48:41.469239754,size_fit,1295.04
R002244,O021111,C01754,2025-04-25 00:24:21.970734508,not_as_described,464.94
R002245,O021113,C01223,2025-04-27 04:26:57.173312634,size_fit,4468.03
R002246,O021142,C07021,2025-04-26 21:51:04.789626382,not_as_described,3788.44
R002247,O021147,C02123,2025-04-26 04:31:08.374656727,not_as_described,873.09
R002248,O021153,C09864,2025-04-24 17:45:49.534885936,size_fit,1954.31
R002249,O021155,C06825,2025-04-25 21:18:12.281075139,not_as_described,5810.0
R002250,O021162,C02111,2025-05-01 19:22:49.482671574,damaged,2840.86
R002251,O021163,C05824,2025-04-24 14:17:55.842036413,not_as_described,1296.19
R002252,O021173,C09713,2025-04-25 02:13:04.441089496,not_as_described,18494.78
R002253,O021174,C05105,2025-04-29 09:32:37.938919804,size_fit,1616.2
R002254,O021179,C07664,2025-04-26 11:13:41.724395212,size_fit,1501.92
R002255,O021206,C06036,2025-04-27 00:03:31.617330292,not_as_described,3976.92
R002256,O021214,C04025,2025-04-22 20:48:22.423749796,damaged,5168.77
R002257,O021216,C00751,2025-04-29 03:40:10.894908475,size_fit,9070.85
R002258,O021232,C05420,2025-04-28 01:56:10.139922272,changed_mind,3813.68
R002259,O021250,C02390,2025-04-30 04:07:25.230380455,not_as_described,1777.37
R002260,O021259,C08165,2025-04-26 07:51:06.417055065,wrong_item,3789.48
R002261,O021262,C02259,2025-04-24 01:07:36.128139016,not_as_described,4608.09
R002262,O021278,C00716,2025-04-29 23:29:54.189949873,not_as_described,1416.62
R002263,O021281,C04302,2025-04-26 08:32:20.248177178,not_as_described,4346.48
R002264,O021284,C08753,2025-04-29 23:32:39.552615812,not_as_described,9011.18
R002265,O021290,C00446,2025-04-26 09:15:15.932022451,wrong_item,1103.77
R002266,O021299,C09669,2025-04-29 06:51:17.833718836,size_fit,631.05
R002267,O021304,C08124,2025-04-27 02:37:46.735347183,not_as_described,946.8
R002268,O021340,C01645,2025-04-28 05:16:15.093166220,not_as_described,1456.53
R002269,O021369,C04943,2025-04-27 14:31:24.539174590,not_as_described,769.36
R002270,O021397,C09653,2025-04-29 15:19:52.415361840,damaged,1633.63
R002271,O021411,C08491,2025-04-29 06:57:52.267679719,not_as_described,683.48
R002272,O021421,C08611,2025-04-25 09:18:42.769474308,size_fit,1508.24
R002273,O021436,C01926,2025-05-02 04:58:39.306081367,damaged,4285.16
R002274,O021448,C01486,2025-04-24 17:35:04.061893426,changed_mind,15950.15
R002275,O021455,C05875,2025-04-28 12:32:34.246276601,size_fit,9656.25
R002276,O021468,C00319,2025-04-29 10:31:21.470492982,not_as_described,2135.45
R002277,O021480,C02790,2025-05-02 20:34:47.240786355,not_as_described,2278.43
R002278,O021481,C01385,2025-04-28 14:50:48.561822394,damaged,814.98
R002279,O021494,C03688,2025-05-04 23:35:16.754304051,not_as_described,5013.01
R002280,O021515,C09714,2025-04-26 14:15:29.822803984,not_as_described,828.31
R002281,O021537,C08782,2025-04-26 19:22:30.942659920,not_as_described,5113.82
R002282,O021542,C08534,2025-04-25 16:04:05.960208244,wrong_item,3289.17
R002283,O021548,C06219,2025-04-25 01:16:37.527153978,changed_mind,3343.9
R002284,O021551,C06823,2025-04-29 16:18:42.697826820,damaged,2943.85
R002285,O021563,C05173,2025-04-29 11:47:54.061050955,size_fit,353.35
R002286,O021570,C00065,2025-04-29 02:51:15.154692289,not_as_described,2427.97
R002287,O021573,C06747,2025-04-25 11:25:28.846893604,wrong_item,5444.28
R002288,O021577,C05387,2025-04-27 09:33:42.308299609,not_as_described,10491.18
R002289,O021584,C05855,2025-04-30 00:33:35.596411164,size_fit,31487.06
R002290,O021594,C00390,2025-04-30 06:48:17.441625049,damaged,6627.35
R002291,O021600,C07902,2025-04-28 11:37:08.719723250,changed_mind,1252.9
R002292,O021602,C06368,2025-04-27 08:46:52.569475546,not_as_described,4042.5
R002293,O021606,C06460,2025-05-01 20:18:34.861984938,not_as_described,1262.55
R002294,O021634,C08849,2025-04-26 11:22:55.826158224,size_fit,1484.2
R002295,O021637,C05389,2025-04-25 14:46:58.115256229,not_as_described,1553.67
R002296,O021641,C04988,2025-05-02 06:33:47.158217359,damaged,7253.86
R002297,O021643,C04488,2025-04-28 04:22:14.055039044,not_as_described,1639.8
R002298,O021657,C05492,2025-05-02 02:29:31.085894068,changed_mind,778.0
R002299,O021658,C05246,2025-04-26 12:07:28.016541793,wrong_item,2786.7
R002300,O021665,C07061,2025-05-02 23:52:56.977013103,size_fit,3420.69
R002301,O021667,C07668,2025-04-27 13:44:28.348860116,size_fit,2360.71
R002302,O021673,C06399,2025-05-02 14:10:13.787893722,not_as_described,831.58
R002303,O021679,C01022,2025-04-25 22:37:38.667500886,not_as_described,2987.7
R002304,O021684,C09455,2025-05-04 07:14:05.196186736,damaged,2358.35
R002305,O021692,C06773,2025-04-25 06:14:06.380242116,wrong_item,2405.09
R002306,O021695,C02375,2025-04-28 11:23:32.638494116,not_as_described,1544.39
R002307,O021727,C01274,2025-05-02 20:27:01.546496182,not_as_described,13426.91
R002308,O021729,C01988,2025-04-28 09:56:52.349806672,wrong_item,10217.83
R002309,O021735,C07655,2025-05-04 05:16:14.846587410,not_as_described,1341.76
R002310,O021752,C01815,2025-04-30 07:35:16.140637932,not_as_described,4364.46
R002311,O021764,C07481,2025-05-02 17:14:11.063010588,not_as_described,2801.23
R002312,O021791,C03469,2025-04-30 13:41:20.088345692,changed_mind,1754.14
R002313,O021795,C07556,2025-04-28 13:12:29.506631562,not_as_described,2730.97
R002314,O021821,C09161,2025-05-04 08:01:00.324461222,not_as_described,3760.7
R002315,O021823,C05931,2025-04-28 08:41:06.282538454,wrong_item,690.42
R002316,O021825,C02524,2025-04-28 00:41:42.102064680,size_fit,3862.83
R002317,O021826,C01558,2025-05-01 15:00:49.914040820,damaged,1858.18
R002318,O021829,C07353,2025-04-29 18:51:00.994252064,wrong_item,1972.1
R002319,O021836,C01740,2025-04-26 19:24:20.143644422,size_fit,6545.08
R002320,O021857,C08942,2025-04-30 16:18:06.736022366,not_as_described,762.69
R002321,O021859,C08027,2025-04-28 04:35:33.970216023,damaged,1370.26
R002322,O021872,C03181,2025-05-04 13:54:21.086488839,damaged,5016.67
R002323,O021879,C07601,2025-04-28 05:32:05.969338123,not_as_described,1878.12
R002324,O021900,C04420,2025-05-01 03:34:10.788693160,changed_mind,1108.82
R002325,O021906,C05856,2025-04-27 05:08:17.988895039,not_as_described,2101.65
R002326,O021908,C01670,2025-04-27 21:48:52.751247746,damaged,1792.6
R002327,O021925,C09732,2025-04-30 10:16:30.559603468,damaged,9445.04
R002328,O021938,C08963,2025-04-28 23:04:34.237826018,damaged,1486.48
R002329,O021950,C03956,2025-04-30 03:56:57.386243738,changed_mind,2455.32
R002330,O021963,C03894,2025-04-28 21:15:29.729076480,not_as_described,3152.99
R002331,O021966,C05656,2025-05-05 23:10:26.875309551,wrong_item,18631.67
R002332,O021969,C08471,2025-05-01 19:17:20.280328274,changed_mind,6826.94
R002333,O021977,C03300,2025-05-01 18:12:14.366663204,not_as_described,3926.31
R002334,O021978,C03970,2025-05-02 10:53:19.767220440,size_fit,4323.51
R002335,O021989,C05857,2025-05-01 07:19:12.846729496,size_fit,19631.68
R002336,O022006,C00341,2025-04-28 14:13:16.621387474,not_as_described,1399.11
R002337,O022008,C03198,2025-04-30 22:55:13.179037839,size_fit,479.42
R002338,O022019,C04311,2025-04-28 09:42:08.808685023,not_as_described,8088.65
R002339,O022023,C05820,2025-04-28 20:26:26.519093700,not_as_described,1488.4
R002340,O022031,C09930,2025-05-03 09:36:39.762654058,wrong_item,2933.34
R002341,O022076,C04943,2025-04-28 16:33:00.331593526,not_as_described,668.22
R002342,O022078,C00616,2025-05-06 16:35:39.640184494,size_fit,3148.57
R002343,O022095,C02753,2025-04-29 19:29:03.846174136,damaged,1568.73
R002344,O022103,C08535,2025-05-06 06:13:23.362423244,wrong_item,573.42
R002345,O022106,C02868,2025-04-29 04:31:51.360131639,damaged,3512.84
R002346,O022107,C05074,2025-05-01 20:22:30.154833645,changed_mind,4160.32
R002347,O022113,C07604,2025-05-05 12:36:09.772563099,damaged,882.37
R002348,O022114,C03785,2025-05-13 00:08:05.947496599,wrong_item,1491.56
R002349,O022129,C08580,2025-04-30 12:30:39.358938686,damaged,1287.55
R002350,O022130,C04314,2025-04-28 11:48:28.412515627,not_as_described,688.64
R002351,O022146,C00103,2025-04-29 13:22:12.891674038,damaged,2318.68
R002352,O022147,C09310,2025-05-01 21:31:18.957809258,damaged,25365.73
R002353,O022153,C00917,2025-04-30 16:44:25.728351259,size_fit,963.89
R002354,O022181,C00219,2025-05-01 09:01:04.630006228,not_as_described,2429.52
R002355,O022186,C04184,2025-05-03 16:04:45.934726332,not_as_described,5276.08
R002356,O022201,C07381,2025-05-03 01:08:07.515014758,changed_mind,1745.05
R002357,O022225,C02538,2025-05-02 00:51:52.451785458,wrong_item,979.8
R002358,O022227,C08208,2025-05-03 18:54:36.343513324,changed_mind,2573.17
R002359,O022236,C03921,2025-04-29 08:33:11.393988544,size_fit,1591.33
R002360,O022239,C08543,2025-04-29 03:41:00.627324986,damaged,1501.2
R002361,O022240,C08079,2025-04-30 07:47:42.349266996,not_as_described,4058.16
R002362,O022243,C08533,2025-05-02 03:50:47.568240250,size_fit,876.43
R002363,O022245,C09182,2025-05-10 02:41:45.590338561,changed_mind,2243.68
R002364,O022251,C03534,2025-04-30 21:21:10.236363292,not_as_described,657.24
R002365,O022254,C00264,2025-05-02 12:22:40.496758788,size_fit,2293.58
R002366,O022260,C04731,2025-05-03 02:32:05.907578913,damaged,699.28
R002367,O022264,C09905,2025-05-08 06:40:59.755275159,changed_mind,897.14
R002368,O022266,C02887,2025-05-02 14:50:34.465556522,not_as_described,2094.88
R002369,O022267,C02298,2025-05-04 02:26:16.073754421,changed_mind,2726.47
R002370,O022271,C02596,2025-05-01 22:50:52.612319011,changed_mind,2408.92
R002371,O022284,C08048,2025-05-08 17:38:05.105216396,changed_mind,8762.19
R002372,O022294,C07684,2025-05-05 10:50:29.314923860,size_fit,1854.67
R002373,O022297,C05563,2025-05-01 03:30:08.644580564,damaged,1480.54
R002374,O022299,C08606,2025-04-30 06:50:39.501074486,wrong_item,7420.01
R002375,O022300,C06288,2025-05-01 13:53:23.027319808,size_fit,1700.45
R002376,O022310,C01832,2025-05-10 13:04:23.313106999,size_fit,1446.46
R002377,O022324,C06156,2025-05-02 18:25:27.608753154,size_fit,699.69
R002378,O022367,C09664,2025-05-01 18:57:52.217691426,damaged,1017.92
R002379,O022378,C02151,2025-05-04 02:48:37.748283998,not_as_described,2637.33
R002380,O022399,C03164,2025-05-03 03:45:01.834002270,size_fit,413.42
R002381,O022402,C04189,2025-05-02 16:48:37.782112838,size_fit,1901.26
R002382,O022406,C05980,2025-05-01 06:26:15.020679109,size_fit,677.69
R002383,O022416,C08170,2025-05-03 10:41:12.749315164,not_as_described,589.52
R002384,O022421,C05041,2025-05-03 18:57:15.812221629,wrong_item,2486.44
R002385,O022429,C03941,2025-05-01 04:02:33.363872048,changed_mind,9963.29
R002386,O022434,C01484,2025-05-03 07:47:08.155508056,not_as_described,906.19
R002387,O022446,C07077,2025-05-04 19:31:20.925144091,changed_mind,1237.0
R002388,O022450,C02085,2025-05-08 01:36:14.102633980,not_as_described,9065.69
R002389,O022461,C03894,2025-05-05 16:10:52.150929726,damaged,2647.5
R002390,O022470,C01927,2025-05-04 19:14:33.996971396,wrong_item,2753.84
R002391,O022477,C06037,2025-05-04 01:36:59.615373769,damaged,3900.21
R002392,O022479,C02386,2025-05-04 02:24:20.946719962,size_fit,4679.12
R002393,O022486,C08449,2025-05-03 02:00:14.604088784,changed_mind,44870.35
R002394,O022490,C06931,2025-05-03 22:38:41.234350664,wrong_item,1659.8
R002395,O022504,C00419,2025-04-29 21:58:22.000686830,changed_mind,868.57
R002396,O022508,C03937,2025-05-02 04:24:23.487531476,not_as_described,3352.57
R002397,O022513,C07160,2025-05-01 02:57:05.457918078,damaged,6663.47
R002398,O022522,C08817,2025-05-18 00:00:00.000000000,wrong_item,478.97
R002399,O022535,C01302,2025-05-04 21:41:56.156484987,damaged,1009.2
R002400,O022543,C07566,2025-05-08 07:39:56.294961472,changed_mind,1871.39
R002401,O022556,C09615,2025-05-05 10:37:52.218289966,wrong_item,852.69
R002402,O022563,C09048,2025-05-03 02:35:14.506793804,size_fit,1490.93
R002403,O022565,C01244,2025-05-05 21:11:47.441541325,size_fit,11148.59
R002404,O022583,C09910,2025-05-03 09:17:50.889287958,not_as_described,3479.15
R002405,O022585,C02841,2025-05-04 14:54:14.136005718,damaged,1626.79
R002406,O022602,C04822,2025-05-05 07:57:03.287185182,size_fit,11571.04
R002407,O022603,C05287,2025-05-03 09:48:46.514391742,damaged,303.51
R002408,O022608,C06560,2025-05-03 19:23:06.896262159,size_fit,780.23
R002409,O022615,C05454,2025-05-04 12:21:47.193446707,damaged,2121.5
R002410,O022619,C01766,2025-05-04 13:54:30.628568786,not_as_described,3248.52
R002411,O022659,C07422,2025-04-30 08:36:48.302229873,not_as_described,1579.94
R002412,O022668,C06735,2025-05-01 08:12:33.291304812,changed_mind,892.0
R002413,O022670,C03133,2025-05-02 12:05:10.229992202,damaged,3881.77
R002414,O022684,C06666,2025-05-03 16:31:03.082123876,not_as_described,33959.72
R002415,O022701,C06709,2025-05-07 04:33:32.479728940,not_as_described,1130.01
R002416,O022704,C02805,2025-05-02 16:51:04.914698684,wrong_item,3003.55
R002417,O022705,C00612,2025-05-01 07:02:33.909534506,size_fit,1255.1
R002418,O022706,C06775,2025-05-03 22:22:48.411626894,not_as_described,1251.25
R002419,O022714,C07195,2025-05-03 23:13:40.990432076,size_fit,5007.91
R002420,O022724,C03197,2025-04-30 04:57:48.548945898,wrong_item,8659.97
R002421,O022759,C03092,2025-05-06 17:08:44.131594174,wrong_item,15058.76
R002422,O022787,C07878,2025-05-02 11:21:00.440104107,size_fit,844.53
R002423,O022800,C07065,2025-05-05 16:02:42.404363203,size_fit,1559.37
R002424,O022804,C07584,2025-05-03 05:43:05.855613150,not_as_described,3561.21
R002425,O022807,C02561,2025-05-05 19:48:16.618157366,damaged,1981.27
R002426,O022810,C07094,2025-05-05 04:57:24.921296445,size_fit,1552.63
R002427,O022857,C08423,2025-05-02 23:07:00.950404591,wrong_item,3298.66
R002428,O022863,C07921,2025-05-05 11:27:18.948218814,changed_mind,1595.14
R002429,O022870,C03824,2025-05-07 06:40:41.975935046,damaged,12194.33
R002430,O022874,C08155,2025-05-01 05:19:50.294764707,wrong_item,16453.82
R002431,O022876,C01111,2025-05-04 14:45:44.285725987,changed_mind,357.54
R002432,O022900,C06606,2025-05-06 03:02:57.134914656,size_fit,2844.62
R002433,O022901,C01948,2025-05-02 00:44:11.470126074,not_as_described,1001.76
R002434,O022917,C00454,2025-05-05 16:37:32.273096473,size_fit,18526.27
R002435,O022944,C01344,2025-05-04 12:31:35.997416101,wrong_item,905.1
R002436,O022981,C03461,2025-05-06 05:33:31.710944887,not_as_described,808.03
R002437,O022990,C08811,2025-05-07 03:02:04.777807045,size_fit,2974.2
R002438,O023002,C07575,2025-05-06 07:36:44.477512844,wrong_item,1493.68
R002439,O023008,C03429,2025-05-07 03:16:11.818067026,not_as_described,1398.42
R002440,O023042,C09549,2025-05-07 23:18:58.440144481,wrong_item,5335.28
R002441,O023051,C09675,2025-05-21 00:00:00.000000000,not_as_described,845.73
R002442,O023072,C04391,2025-05-17 00:00:00.000000000,wrong_item,1629.41
R002443,O023074,C02917,2025-05-07 09:19:30.053111455,size_fit,3619.83
R002444,O023076,C03556,2025-05-05 03:28:33.225420928,size_fit,831.58
R002445,O023083,C03005,2025-05-03 22:21:51.736641544,size_fit,1784.55
R002446,O023093,C01006,2025-05-03 15:29:32.454658435,size_fit,3926.36
R002447,O023098,C06991,2025-05-11 03:15:15.517614801,not_as_described,1341.58
R002448,O023129,C07746,2025-05-08 14:20:10.976526488,not_as_described,4445.91
R002449,O023210,C05107,2025-05-04 16:48:55.118647648,damaged,3255.67
R002450,O023220,C06113,2025-05-09 12:15:37.526196531,changed_mind,563.7
R002451,O023223,C08729,2025-05-05 18:00:38.832908799,size_fit,8287.5
R002452,O023249,C09312,2025-05-07 08:21:06.314925423,not_as_described,1182.02
R002453,O023268,C01039,2025-05-07 22:21:32.430681104,size_fit,1759.18
R002454,O023269,C05655,2025-05-04 04:48:11.791984312,changed_mind,25494.43
R002455,O023285,C09830,2025-05-04 03:42:21.318078610,wrong_item,5600.92
R002456,O023294,C05761,2025-05-04 20:03:01.558097236,not_as_described,5035.0
R002457,O023298,C04471,2025-05-05 02:10:23.531067670,size_fit,2248.64
R002458,O023302,C09093,2025-05-08 06:34:17.038176758,not_as_described,3934.25
R002459,O023309,C08868,2025-05-06 19:47:51.315598834,not_as_described,1235.78
R002460,O023312,C02022,2025-05-07 09:20:38.823848408,size_fit,2392.42
R002461,O023322,C06314,2025-05-11 17:23:36.003278796,size_fit,922.04
R002462,O023327,C04829,2025-05-09 14:02:53.344038987,changed_mind,825.19
R002463,O023336,C08606,2025-05-08 18:25:27.922801555,size_fit,2176.18
R002464,O023341,C08330,2025-05-06 03:53:36.064028983,not_as_described,2477.43
R002465,O023347,C03398,2025-05-09 08:32:00.983475794,not_as_described,2803.72
R002466,O023369,C01443,2025-05-08 12:54:53.609532879,changed_mind,9609.89
R002467,O023376,C00263,2025-05-09 11:43:09.470811741,size_fit,2067.47
R002468,O023394,C00973,2025-05-07 17:28:09.206080107,size_fit,3512.76
R002469,O023399,C07647,2025-05-06 17:53:43.535846907,not_as_described,766.32
R002470,O023401,C09020,2025-05-21 00:00:00.000000000,not_as_described,6242.09
R002471,O023421,C02991,2025-05-04 07:30:54.118358402,not_as_described,1413.9
R002472,O023448,C03272,2025-05-10 21:07:12.103916696,damaged,701.59
R002473,O023475,C03414,2025-05-14 07:46:18.014261469,not_as_described,2664.35
R002474,O023496,C00446,2025-05-07 08:58:10.051075102,size_fit,10060.49
R002475,O023508,C06005,2025-05-04 06:27:02.471207310,damaged,3190.35
R002476,O023512,C07255,2025-05-08 08:34:45.669358163,size_fit,569.12
R002477,O023532,C01607,2025-05-06 06:26:13.866499442,size_fit,202.33
R002478,O023533,C01301,2025-05-15 03:45:19.876206430,not_as_described,5077.03
R002479,O023566,C06642,2025-05-13 06:24:32.112125204,size_fit,4140.89
R002480,O023567,C03539,2025-05-06 09:21:51.453778734,wrong_item,628.6
R002481,O023571,C03499,2025-05-07 01:04:49.018800554,not_as_described,8556.22
R002482,O023578,C01111,2025-05-09 08:45:33.312223983,not_as_described,423.32
R002483,O023597,C09125,2025-05-13 09:56:00.891341152,size_fit,2405.64
R002484,O023600,C09114,2025-05-11 23:57:39.585615670,changed_mind,2727.08
R002485,O023601,C04385,2025-05-12 08:47:58.001682537,wrong_item,436.9
R002486,O023618,C02959,2025-05-09 09:21:25.685404822,not_as_described,4321.3
R002487,O023623,C01663,2025-05-07 18:59:56.874037437,wrong_item,1956.27
R002488,O023646,C07915,2025-05-06 04:35:00.457865030,damaged,501.27
R002489,O023654,C05472,2025-05-08 16:46:44.105238984,not_as_described,10289.28
R002490,O023656,C02935,2025-05-12 05:59:31.500988612,damaged,3305.62
R002491,O023657,C05535,2025-05-10 00:41:27.500931859,damaged,4633.62
R002492,O023665,C07479,2025-05-08 16:09:51.400937610,damaged,7551.5
R002493,O023693,C09575,2025-05-11 10:06:28.274964793,damaged,6192.16
R002494,O023696,C01949,2025-05-10 20:06:54.101258179,not_as_described,595.56
R002495,O023709,C09977,2025-05-08 18:56:04.635536305,wrong_item,475.46
R002496,O023713,C02901,2025-05-10 06:19:00.513536142,changed_mind,4961.11
R002497,O023722,C05523,2025-05-07 04:47:31.157759601,size_fit,708.62
R002498,O023723,C06438,2025-05-13 19:52:44.947943940,changed_mind,456.3
R002499,O023724,C04752,2025-05-13 20:45:15.741858708,not_as_described,3269.51
R002500,O023755,C06286,2025-05-11 19:32:07.117025816,not_as_described,675.98
R002501,O023769,C09523,2025-05-09 08:41:46.461660090,damaged,5926.97
R002502,O023771,C04668,2025-05-07 03:27:12.719023959,size_fit,1914.36
R002503,O023778,C00935,2025-05-11 13:22:27.576263395,changed_mind,4536.07
R002504,O023786,C00928,2025-05-12 20:15:52.319953627,wrong_item,7387.74
R002505,O023799,C04225,2025-05-10 16:58:09.702506643,wrong_item,9441.42
R002506,O023811,C01749,2025-05-08 17:36:04.563413154,size_fit,940.16
R002507,O023833,C09323,2025-05-11 18:34:41.671038576,not_as_described,2754.72
R002508,O023835,C07591,2025-05-09 15:52:19.694295505,size_fit,4453.08
R002509,O023869,C08671,2025-05-09 11:10:22.744146172,not_as_described,1703.96
R002510,O023881,C02567,2025-05-14 17:01:01.352849365,damaged,2545.16
R002511,O023906,C06773,2025-05-08 22:27:21.815045316,changed_mind,12310.09
R002512,O023913,C07231,2025-05-09 11:24:39.993003075,not_as_described,2311.33
R002513,O023916,C00175,2025-05-09 18:39:54.625727203,not_as_described,455.29
R002514,O023917,C04568,2025-05-09 17:04:03.354443450,size_fit,1463.87
R002515,O023931,C05053,2025-05-11 01:51:20.322261525,wrong_item,920.99
R002516,O023937,C02133,2025-05-09 00:37:02.129625692,size_fit,6961.39
R002517,O023947,C04795,2025-05-09 16:45:51.837916442,not_as_described,7920.89
R002518,O023952,C06630,2025-05-12 13:21:07.825778463,size_fit,1093.28
R002519,O023972,C07339,2025-05-16 15:11:30.211670018,changed_mind,4009.25
R002520,O023973,C03004,2025-05-09 09:53:14.200380686,not_as_described,971.51
R002521,O023975,C02654,2025-05-08 04:41:33.155206094,damaged,1916.61
R002522,O023988,C07901,2025-05-12 16:49:21.834518908,not_as_described,7108.97
R002523,O023990,C05143,2025-05-11 18:39:09.246127280,not_as_described,722.26
R002524,O024014,C09676,2025-05-09 02:13:28.144984137,wrong_item,1572.89
R002525,O024029,C08967,2025-05-07 19:52:13.783492675,wrong_item,1524.56
R002526,O024037,C01057,2025-05-11 15:15:22.597854818,size_fit,7916.05
R002527,O024058,C07672,2025-05-12 13:46:10.070070830,not_as_described,7887.85
R002528,O024063,C01888,2025-05-08 14:43:02.085727101,size_fit,1030.92
R002529,O024080,C01262,2025-05-12 14:19:02.418728818,size_fit,793.46
R002530,O024083,C09491,2025-05-11 21:09:21.751328512,size_fit,1538.63
R002531,O024091,C00961,2025-05-11 02:18:51.415232076,not_as_described,964.62
R002532,O024095,C03512,2025-05-12 03:08:20.002549650,changed_mind,30258.4
R002533,O024107,C09705,2025-05-12 17:04:18.037603304,wrong_item,2737.76
R002534,O024125,C05314,2025-05-13 05:26:31.998547892,damaged,2354.59
R002535,O024131,C04852,2025-05-09 22:18:30.476289366,size_fit,4391.02
R002536,O024135,C08834,2025-05-12 13:22:41.046842067,size_fit,23980.58
R002537,O024147,C02569,2025-05-09 03:23:08.121430114,size_fit,1260.53
R002538,O024150,C01065,2025-05-11 13:14:19.644946526,changed_mind,1149.62
R002539,O024163,C09359,2025-05-13 21:00:50.917856446,size_fit,4418.24
R002540,O024167,C07949,2025-05-09 11:06:59.208745752,wrong_item,1667.43
R002541,O024179,C03332,2025-05-08 08:54:53.495727159,not_as_described,1574.07
R002542,O024200,C07849,2025-05-12 00:50:29.081485860,changed_mind,4477.32
R002543,O024201,C03011,2025-05-10 14:54:46.493634052,size_fit,1456.73
R002544,O024211,C01222,2025-05-13 04:28:59.373818803,damaged,3426.39
R002545,O024217,C08511,2025-05-12 12:03:42.319417744,not_as_described,9076.94
R002546,O024222,C09725,2025-05-13 08:44:10.492837116,not_as_described,2635.74
R002547,O024288,C07603,2025-05-15 15:39:21.047869209,size_fit,2892.59
R002548,O024301,C01995,2025-05-12 15:26:50.360630755,damaged,809.59
R002549,O024329,C08108,2025-05-12 05:31:13.401310612,size_fit,1951.79
R002550,O024337,C00740,2025-05-15 13:25:27.624192358,damaged,3782.62
R002551,O024351,C09825,2025-05-12 10:42:31.658693713,size_fit,1517.36
R002552,O024360,C06329,2025-05-13 18:18:26.893989363,not_as_described,398.59
R002553,O024361,C07189,2025-05-12 22:18:49.393665583,size_fit,2627.96
R002554,O024362,C06960,2025-05-12 23:55:04.497099099,size_fit,1717.07
R002555,O024373,C05040,2025-05-09 14:35:00.938429185,size_fit,1099.82
R002556,O024378,C07802,2025-05-14 00:26:07.633066786,not_as_described,926.43
R002557,O024380,C07680,2025-05-10 13:15:58.678829323,size_fit,11255.77
R002558,O024393,C07122,2025-05-09 13:48:45.743028066,not_as_described,2656.25
R002559,O024397,C01146,2025-05-13 06:03:04.050086929,wrong_item,491.39
R002560,O024413,C07601,2025-05-09 06:33:45.138086622,damaged,5972.37
R002561,O024420,C05283,2025-05-16 15:06:15.198390939,not_as_described,8233.73
R002562,O024425,C05371,2025-05-13 20:29:44.574686419,wrong_item,5884.09
R002563,O024440,C07978,2025-05-12 04:44:49.828363220,damaged,1448.98
R002564,O024454,C06869,2025-05-15 22:43:06.406346197,size_fit,2470.33
R002565,O024456,C07859,2025-05-11 01:44:21.107136195,damaged,5166.61
R002566,O024457,C01644,2025-05-11 14:04:18.540800896,wrong_item,1033.25
R002567,O024461,C06655,2025-05-11 12:34:40.506217374,size_fit,923.33
R002568,O024462,C03794,2025-05-13 13:03:44.570153635,changed_mind,6553.48
R002569,O024492,C03553,2025-05-11 15:56:20.637890160,size_fit,1401.19
R002570,O024498,C07961,2025-05-15 07:02:21.006322191,wrong_item,785.58
R002571,O024499,C02424,2025-05-16 11:26:17.974123634,not_as_described,6903.2
R002572,O024502,C05852,2025-05-16 03:56:20.101005009,size_fit,395.08
R002573,O024505,C03832,2025-05-17 01:50:36.922777951,wrong_item,951.75
R002574,O024512,C08767,2025-05-12 20:33:18.377116495,not_as_described,1448.73
R002575,O024522,C02888,2025-05-11 13:39:06.946286648,size_fit,14743.08
R002576,O024534,C05024,2025-05-12 00:36:06.487896808,damaged,1359.55
R002577,O024535,C03150,2025-05-13 18:53:31.491505694,size_fit,1367.39
R002578,O024543,C09730,2025-05-14 03:02:34.822976229,not_as_described,1749.54
R002579,O024545,C07466,2025-05-15 14:48:20.652369811,size_fit,1421.56
R002580,O024549,C05280,2025-05-14 13:00:30.889234396,damaged,661.15
R002581,O024565,C03050,2025-05-12 15:56:44.008720789,damaged,14900.42
R002582,O024582,C05328,2025-05-13 12:21:26.331831964,changed_mind,6223.53
R002583,O024589,C03608,2025-05-12 14:22:25.055684839,changed_mind,967.29
R002584,O024610,C04772,2025-05-12 15:13:24.210274098,damaged,2967.92
R002585,O024611,C02671,2025-05-10 05:35:06.740760685,not_as_described,1278.01
R002586,O024617,C08111,2025-05-15 05:22:54.506592976,size_fit,2229.83
R002587,O024638,C04302,2025-05-12 19:43:21.987095224,changed_mind,3222.81
R002588,O024640,C09805,2025-05-12 02:37:31.323742179,not_as_described,670.33
R002589,O024653,C03019,2025-05-15 07:48:28.148800647,size_fit,685.82
R002590,O024658,C02580,2025-05-11 15:49:44.322587529,not_as_described,774.5
R002591,O024660,C02309,2025-05-11 23:14:29.514449457,not_as_described,1195.76
R002592,O024665,C05274,2025-05-14 12:23:29.433845605,size_fit,3154.22
R002593,O024672,C00423,2025-05-12 09:36:33.624354783,size_fit,4973.59
R002594,O024693,C04120,2025-05-14 17:16:59.599833124,changed_mind,584.15
R002595,O024699,C03481,2025-05-18 03:25:02.507943122,damaged,6269.29
R002596,O024704,C00403,2025-05-14 02:33:29.636871627,not_as_described,1848.13
R002597,O024713,C07867,2025-05-16 02:03:50.662367017,wrong_item,1187.27
R002598,O024719,C02825,2025-05-11 22:29:47.284125770,wrong_item,2532.41
R002599,O024726,C04161,2025-05-16 12:16:42.583562180,changed_mind,1860.84
R002600,O024746,C02623,2025-05-14 04:44:58.611235804,size_fit,1391.6
R002601,O024759,C08272,2025-05-15 15:20:45.373681251,not_as_described,4660.47
R002602,O024766,C01837,2025-05-15 16:06:07.874670412,size_fit,9420.12
R002603,O024769,C09082,2025-05-15 18:20:48.524219235,changed_mind,1455.11
R002604,O024774,C04473,2025-05-13 20:54:32.790485444,size_fit,704.49
R002605,O024775,C09262,2025-05-17 19:03:16.505126150,wrong_item,1638.07
R002606,O024788,C03346,2025-05-18 03:46:47.448104304,damaged,3588.68
R002607,O024791,C05924,2025-05-15 06:48:04.583909865,not_as_described,2341.2
R002608,O024796,C04223,2025-05-16 16:32:40.343260318,wrong_item,8098.8
R002609,O024807,C03590,2025-05-18 06:09:06.606075186,damaged,380.7
R002610,O024818,C06216,2025-05-11 09:32:35.583612702,size_fit,1227.94
R002611,O024824,C06937,2025-05-14 11:38:46.902244765,size_fit,1924.76
R002612,O024840,C09961,2025-05-14 12:37:28.195886420,wrong_item,2288.37
R002613,O024863,C09409,2025-05-15 11:00:22.876934634,wrong_item,5616.76
R002614,O024877,C04339,2025-05-18 15:22:57.859616366,not_as_described,3126.85
R002615,O024893,C05557,2025-05-14 11:43:20.756842651,not_as_described,3128.16
R002616,O024895,C01767,2025-05-13 03:49:28.023489019,changed_mind,22981.07
R002617,O024907,C00902,2025-05-26 00:00:00.000000000,changed_mind,638.52
R002618,O024913,C02043,2025-05-20 15:45:50.191785345,not_as_described,11425.74
R002619,O024917,C08022,2025-05-11 17:01:24.527978655,not_as_described,1327.71
R002620,O024918,C02079,2025-05-15 03:54:19.643739678,size_fit,651.53
R002621,O024926,C05053,2025-05-20 12:01:29.579459836,size_fit,3767.33
R002622,O024928,C01207,2025-05-16 21:12:21.816475790,wrong_item,932.1
R002623,O024944,C03444,2025-05-14 11:11:16.688148144,not_as_described,1067.55
R002624,O024947,C01171,2025-05-17 16:21:56.205457570,not_as_described,5054.59
R002625,O024963,C01299,2025-05-17 23:39:08.051799826,size_fit,847.03
R002626,O024966,C01243,2025-05-18 14:48:35.047365825,damaged,6636.3
R002627,O024977,C00698,2025-05-17 09:30:35.139757489,not_as_described,2256.14
R002628,O024993,C02038,2025-05-17 14:25:26.324482130,not_as_described,903.93
R002629,O025008,C07390,2025-05-17 19:26:20.958223416,size_fit,1091.66
R002630,O025032,C04172,2025-05-21 17:14:13.324788495,not_as_described,26068.82
R002631,O025049,C02059,2025-05-21 06:16:08.375872738,wrong_item,974.33
R002632,O025059,C03162,2025-05-13 11:45:41.477569891,size_fit,5510.5
R002633,O025080,C00913,2025-05-17 01:33:25.235448508,size_fit,6751.61
R002634,O025085,C06534,2025-05-15 08:23:51.982792677,size_fit,1347.36
R002635,O025106,C06417,2025-05-16 05:50:13.071198058,not_as_described,1822.28
R002636,O025116,C09003,2025-05-14 16:28:42.826499893,wrong_item,2350.97
R002637,O025122,C06253,2025-05-16 11:03:18.201768044,wrong_item,1464.19
R002638,O025128,C08747,2025-05-15 14:15:16.633047495,size_fit,979.42
R002639,O025135,C02280,2025-05-18 23:05:39.297867028,size_fit,16178.95
R002640,O025158,C03009,2025-05-16 05:09:56.438838046,not_as_described,3104.59
R002641,O025175,C06649,2025-05-14 11:07:40.310970592,not_as_described,1219.87
R002642,O025185,C03513,2025-05-13 06:51:27.454314974,not_as_described,4799.06
R002643,O025188,C05424,2025-05-22 15:47:04.893348570,wrong_item,853.12
R002644,O025194,C04341,2025-05-16 09:14:32.647987896,not_as_described,774.94
R002645,O025198,C08885,2025-05-18 16:11:13.352289165,not_as_described,2343.8
R002646,O025201,C07434,2025-05-29 00:00:00.000000000,size_fit,2265.06
R002647,O025205,C03697,2025-05-19 15:09:52.532313814,not_as_described,2975.76
R002648,O025210,C04870,2025-05-20 01:53:29.325528358,not_as_described,1733.59
R002649,O025215,C00997,2025-05-16 03:04:05.164444650,size_fit,2865.88
R002650,O025219,C05335,2025-05-20 22:47:46.566559820,wrong_item,810.12
R002651,O025221,C01560,2025-05-17 21:11:34.756878620,size_fit,3759.58
R002652,O025228,C07001,2025-05-19 22:20:29.423556124,changed_mind,304.19
R002653,O025240,C04881,2025-05-14 03:31:46.825131745,not_as_described,4015.67
R002654,O025249,C03741,2025-05-16 23:37:09.732247942,size_fit,1241.08
R002655,O025250,C04175,2025-05-16 05:10:53.382011664,size_fit,1071.62
R002656,O025251,C03673,2025-05-17 04:41:29.855139842,size_fit,3586.01
R002657,O025252,C09940,2025-05-18 21:51:49.392760568,not_as_described,6343.78
R002658,O025258,C08093,2025-05-18 15:38:54.825072648,not_as_described,1390.9
R002659,O025265,C00978,2025-05-14 10:10:30.247201855,changed_mind,2414.88
R002660,O025268,C09214,2025-05-15 05:06:46.175154742,damaged,946.6
R002661,O025269,C05732,2025-05-14 06:47:39.101007872,wrong_item,14763.33
R002662,O025294,C05846,2025-05-18 15:07:10.109358818,not_as_described,1292.2
R002663,O025295,C09523,2025-05-16 16:32:11.402379884,wrong_item,712.23
R002664,O025335,C02748,2025-05-14 12:14:42.512666107,changed_mind,223.65
R002665,O025354,C03598,2025-05-20 05:28:57.073927562,size_fit,1281.91
R002666,O025368,C04583,2025-05-19 12:50:42.524278227,size_fit,4995.0
R002667,O025372,C09279,2025-05-16 11:03:19.067129222,not_as_described,1801.21
R002668,O025411,C02103,2025-05-23 08:06:25.001282037,not_as_described,2375.87
R002669,O025412,C00986,2025-05-15 07:53:00.231553046,size_fit,424.19
R002670,O025441,C08749,2025-05-15 23:20:03.498498427,size_fit,773.1
R002671,O025446,C00641,2025-05-14 12:41:35.177629221,size_fit,1919.04
R002672,O025452,C06028,2025-05-16 23:18:21.421736179,changed_mind,1370.46
R002673,O025462,C02097,2025-05-17 01:09:30.303825800,size_fit,1730.27
R002674,O025475,C06648,2025-05-16 12:59:41.481756636,not_as_described,23844.5
R002675,O025476,C03687,2025-05-15 16:52:41.420045146,size_fit,3608.07
R002676,O025482,C08796,2025-05-17 13:25:35.376008354,size_fit,2096.73
R002677,O025484,C00328,2025-05-22 20:24:01.216585828,size_fit,1241.07
R002678,O025490,C04427,2025-05-16 06:37:53.597365464,size_fit,2901.09
R002679,O025515,C07245,2025-05-16 13:06:19.383304777,damaged,576.49
R002680,O025536,C00264,2025-05-20 21:50:14.921197533,changed_mind,2214.05
R002681,O025542,C04054,2025-05-19 16:27:03.654789940,size_fit,1884.97
R002682,O025555,C00986,2025-05-31 00:00:00.000000000,size_fit,11188.41
R002683,O025566,C02380,2025-05-18 05:42:38.687133009,not_as_described,2867.06
R002684,O025592,C01586,2025-05-15 11:47:16.128478078,not_as_described,1182.52
R002685,O025593,C07302,2025-05-15 06:43:33.832953699,changed_mind,8267.85
R002686,O025599,C05954,2025-05-20 23:36:44.614551409,not_as_described,1441.99
R002687,O025601,C06450,2025-05-17 21:59:44.097775947,changed_mind,14625.54
R002688,O025612,C05044,2025-06-03 00:00:00.000000000,not_as_described,855.82
R002689,O025632,C01870,2025-05-18 18:11:32.337824719,not_as_described,15000.46
R002690,O025634,C05175,2025-05-20 21:50:13.040065885,not_as_described,9336.91
R002691,O025642,C08082,2025-05-16 15:32:02.807112915,size_fit,959.58
R002692,O025645,C08297,2025-05-22 00:39:53.271995965,not_as_described,633.13
R002693,O025647,C07198,2025-05-20 09:34:20.402584525,not_as_described,2361.11
R002694,O025649,C00762,2025-05-23 09:48:46.254073500,damaged,2799.55
R002695,O025650,C03964,2025-05-21 11:49:56.107829337,size_fit,495.37
R002696,O025657,C04234,2025-05-17 07:50:48.808377060,changed_mind,15885.48
R002697,O025659,C01902,2025-05-18 01:20:33.128521706,not_as_described,10743.36
R002698,O025664,C03830,2025-05-17 22:30:38.999683332,changed_mind,827.34
R002699,O025672,C03739,2025-05-17 15:05:51.533389096,not_as_described,1886.24
R002700,O025682,C01950,2025-05-27 11:43:28.492681306,wrong_item,418.22
R002701,O025684,C05232,2025-05-18 15:29:10.849690636,size_fit,2017.21
R002702,O025693,C05761,2025-05-24 20:32:13.053980112,size_fit,2925.11
R002703,O025694,C00949,2025-05-20 02:39:25.437158812,wrong_item,690.66
R002704,O025698,C09588,2025-05-21 23:06:39.376389744,damaged,5045.97
R002705,O025707,C02901,2025-05-22 20:04:24.196532541,wrong_item,661.18
R002706,O025711,C02352,2025-05-21 12:46:43.615753568,damaged,2085.7
R002707,O025712,C05205,2025-05-19 18:07:53.835472182,wrong_item,2393.9
R002708,O025713,C06112,2025-05-19 00:22:00.926104688,damaged,7604.06
R002709,O025716,C03437,2025-05-18 09:33:46.059743214,changed_mind,929.53
R002710,O025723,C07172,2025-05-20 13:17:11.720348887,wrong_item,15166.56
R002711,O025732,C06979,2025-05-21 10:57:01.724423115,size_fit,11320.64
R002712,O025735,C08591,2025-05-20 20:28:32.194385061,wrong_item,365.48
R002713,O025737,C07569,2025-05-17 08:36:32.379237698,not_as_described,1610.02
R002714,O025742,C08341,2025-05-21 21:01:23.748140294,wrong_item,6959.2
R002715,O025743,C06929,2025-05-17 11:53:37.959474325,size_fit,1220.61
R002716,O025755,C06651,2025-05-20 07:41:28.998599535,size_fit,16921.33
R002717,O025757,C09746,2025-05-20 18:09:27.945447753,wrong_item,1653.59
R002718,O025773,C03591,2025-05-18 18:21:06.803445049,size_fit,893.26
R002719,O025774,C07213,2025-05-18 08:46:05.309789073,size_fit,5238.16
R002720,O025779,C04810,2025-05-20 10:09:01.802075058,not_as_described,3819.82
R002721,O025786,C07743,2025-05-19 08:25:18.031201748,size_fit,1764.78
R002722,O025789,C04138,2025-05-17 11:40:59.472889525,size_fit,725.96
R002723,O025790,C02998,2025-05-18 16:31:39.901025636,size_fit,4337.18
R002724,O025794,C02832,2025-05-16 22:08:46.828068313,changed_mind,1305.67
R002725,O025803,C09170,2025-05-19 23:15:19.067973336,not_as_described,693.87
R002726,O025836,C05925,2025-05-20 12:06:08.380009947,size_fit,1388.68
R002727,O025863,C01346,2025-05-21 22:04:51.219669900,not_as_described,280.82
R002728,O025873,C04279,2025-05-22 12:13:39.002917490,size_fit,2505.23
R002729,O025897,C05815,2025-05-23 22:57:06.171030716,not_as_described,13155.61
R002730,O025914,C08398,2025-05-20 15:25:37.450445152,changed_mind,1373.98
R002731,O025920,C05619,2025-05-20 09:31:10.658103668,not_as_described,1913.7
R002732,O025953,C07575,2025-05-19 15:39:26.079543471,changed_mind,2558.35
R002733,O025957,C01536,2025-05-20 01:55:25.715379604,wrong_item,1252.74
R002734,O025958,C07533,2025-05-20 21:35:36.515140285,size_fit,3433.45
R002735,O025963,C01113,2025-05-23 21:42:23.103300751,damaged,917.63
R002736,O025982,C08274,2025-05-20 23:17:17.437376702,size_fit,3007.33
R002737,O025997,C05962,2025-05-17 17:27:19.400793670,size_fit,831.87
R002738,O026000,C01001,2025-05-23 16:24:28.856268309,size_fit,620.3
R002739,O026031,C02615,2025-05-22 18:49:40.507984333,size_fit,1173.07
R002740,O026032,C06449,2025-05-17 12:18:52.553360584,size_fit,5331.93
R002741,O026033,C04840,2025-05-19 03:27:47.700661100,size_fit,32109.48
R002742,O026043,C00427,2025-05-21 22:18:48.037473777,damaged,339.96
R002743,O026057,C06218,2025-05-21 12:14:31.551772578,damaged,2973.5
R002744,O026074,C08466,2025-05-23 14:05:25.916175664,size_fit,5267.05
R002745,O026076,C00078,2025-05-19 09:04:28.623645148,changed_mind,3800.81
R002746,O026089,C08881,2025-05-21 18:07:35.301010879,not_as_described,26322.32
R002747,O026114,C05549,2025-05-24 13:08:33.475358202,size_fit,2326.5
R002748,O026115,C07818,2025-05-23 06:16:22.616566896,not_as_described,1986.03
R002749,O026120,C06885,2025-05-22 05:29:37.958687588,changed_mind,1406.0
R002750,O026125,C07694,2025-05-19 21:25:13.054901840,not_as_described,894.27
R002751,O026143,C05606,2025-05-22 16:21:53.887067290,not_as_described,8121.42
R002752,O026159,C09818,2025-05-20 18:24:39.092582739,wrong_item,2881.9
R002753,O026161,C05174,2025-05-22 10:05:54.932298990,not_as_described,339.71
R002754,O026179,C07329,2025-05-21 03:07:14.590561962,damaged,551.99
R002755,O026181,C07772,2025-05-24 08:54:10.401932484,size_fit,3471.83
R002756,O026183,C04889,2025-05-19 08:15:14.176891580,wrong_item,1568.96
R002757,O026184,C09778,2025-05-19 23:00:05.115650004,not_as_described,1576.85
R002758,O026200,C00024,2025-05-22 19:48:50.499305643,size_fit,1273.11
R002759,O026204,C00584,2025-05-20 16:03:04.481549348,changed_mind,325.86
R002760,O026216,C07211,2025-05-22 13:52:24.573021049,size_fit,4763.49
R002761,O026219,C06673,2025-05-21 15:24:59.943505921,wrong_item,1406.44
R002762,O026230,C01872,2025-05-25 03:23:45.459383557,changed_mind,3401.25
R002763,O026241,C09915,2025-05-27 03:39:25.120215439,not_as_described,692.83
R002764,O026282,C08702,2025-06-01 04:15:39.623005584,changed_mind,4383.0
R002765,O026291,C08453,2025-05-20 19:18:11.951098131,not_as_described,995.11
R002766,O026308,C09043,2025-05-21 11:36:42.113486005,size_fit,629.32
R002767,O026309,C08411,2025-05-24 15:31:52.173306721,damaged,16805.95
R002768,O026325,C07902,2025-05-20 09:25:12.207361620,not_as_described,1545.04
R002769,O026328,C03403,2025-05-22 23:55:44.236949192,size_fit,895.18
R002770,O026336,C07157,2025-05-24 03:20:10.763474442,damaged,9431.75
R002771,O026339,C06045,2025-05-23 10:30:29.094715159,wrong_item,7957.83
R002772,O026340,C06542,2025-05-23 22:26:33.262161216,not_as_described,5752.56
R002773,O026346,C09154,2025-05-23 03:26:38.021497929,size_fit,13740.03
R002774,O026350,C05563,2025-05-31 19:11:36.725150252,not_as_described,11900.14
R002775,O026352,C09020,2025-05-29 00:37:51.730992966,damaged,4560.13
R002776,O026353,C02548,2025-05-22 14:22:24.860944318,changed_mind,2563.15
R002777,O026373,C08261,2025-05-19 16:01:13.868070078,size_fit,327.08
R002778,O026377,C00806,2025-05-23 09:08:41.421618567,changed_mind,2934.83
R002779,O026387,C06990,2025-05-22 19:37:12.127783954,not_as_described,1090.48
R002780,O026392,C04751,2025-05-21 10:39:39.780887533,wrong_item,801.87
R002781,O026398,C03242,2025-05-22 12:11:12.466237268,changed_mind,1411.66
R002782,O026410,C09722,2025-05-27 07:47:25.125650520,size_fit,7836.21
R002783,O026414,C03937,2025-05-25 01:38:08.522780841,damaged,416.87
R002784,O026420,C09300,2025-05-23 01:13:45.463231502,size_fit,1986.85
R002785,O026434,C08987,2025-05-20 13:29:27.967627579,not_as_described,1513.53
R002786,O026439,C01862,2025-05-22 09:28:04.412540982,wrong_item,2123.33
R002787,O026454,C07254,2025-05-22 19:33:53.548993926,damaged,11586.65
R002788,O026459,C06780,2025-05-24 05:03:05.438437959,changed_mind,649.7
R002789,O026464,C01925,2025-05-22 08:51:52.480218765,not_as_described,7766.66
R002790,O026466,C08119,2025-05-22 20:05:55.497433243,size_fit,6016.09
R002791,O026473,C03830,2025-05-25 07:38:01.818084667,size_fit,2380.34
R002792,O026478,C05362,2025-05-22 00:37:08.216331153,wrong_item,4047.91
R002793,O026485,C05713,2025-05-26 08:15:56.699877034,size_fit,1086.5
R002794,O026493,C05987,2025-05-24 10:34:40.513419123,damaged,1485.12
R002795,O026496,C03432,2025-05-22 10:42:47.612770304,not_as_described,1047.71
R002796,O026497,C06573,2025-05-24 22:28:58.652429394,damaged,2187.97
R002797,O026499,C05115,2025-05-27 09:14:37.810265370,not_as_described,1872.57
R002798,O026502,C05177,2025-05-23 08:53:28.322726694,wrong_item,1558.93
R002799,O026504,C06175,2025-05-24 20:49:31.627513905,changed_mind,289.05
R002800,O026510,C08564,2025-05-25 21:40:18.722820943,wrong_item,2490.69
R002801,O026530,C09040,2025-05-27 13:15:03.422323137,size_fit,3797.97
R002802,O026533,C07015,2025-05-26 10:49:11.389951556,not_as_described,2823.1
R002803,O026548,C02859,2025-05-24 11:08:01.383880415,damaged,22155.39
R002804,O026549,C04422,2025-06-01 21:13:00.311703412,not_as_described,1250.01
R002805,O026568,C02591,2025-05-22 03:27:15.971241571,not_as_described,10622.71
R002806,O026571,C04995,2025-05-23 23:33:10.812310074,not_as_described,631.38
R002807,O026576,C04162,2025-05-21 12:16:02.465344354,changed_mind,2170.01
R002808,O026578,C07045,2025-05-23 22:51:24.861965673,changed_mind,5423.23
R002809,O026590,C08428,2025-05-22 01:47:40.494278767,size_fit,1580.06
R002810,O026604,C08166,2025-06-07 01:37:33.910673239,wrong_item,1660.85
R002811,O026613,C04355,2025-05-27 14:56:56.670898779,changed_mind,996.38
R002812,O026615,C00677,2025-05-26 08:59:22.976043187,changed_mind,4948.96
R002813,O026616,C04476,2025-05-23 03:30:40.215459718,size_fit,8693.73
R002814,O026617,C04995,2025-05-23 20:15:26.213918651,not_as_described,3415.24
R002815,O026618,C00364,2025-05-24 13:51:26.780910933,damaged,1292.65
R002816,O026621,C01675,2025-05-27 08:46:40.614653701,changed_mind,1022.45
R002817,O026626,C02700,2025-05-21 14:14:47.351027281,size_fit,2080.6
R002818,O026633,C05064,2025-05-24 05:02:46.106363425,size_fit,3146.64
R002819,O026634,C01050,2025-05-24 00:16:43.028059335,damaged,2552.41
R002820,O026643,C08767,2025-05-23 09:23:38.760893696,size_fit,1089.7
R002821,O026647,C02802,2025-05-25 07:12:30.139699690,wrong_item,2355.39
R002822,O026653,C02319,2025-05-24 04:00:44.500373258,wrong_item,2972.22
R002823,O026659,C05718,2025-05-23 19:43:17.234679187,wrong_item,696.08
R002824,O026660,C03761,2025-06-08 00:00:00.000000000,wrong_item,3164.81
R002825,O026673,C07528,2025-05-24 19:30:31.365496720,not_as_described,1935.99
R002826,O026674,C06484,2025-05-24 08:04:47.884976166,changed_mind,4071.86
R002827,O026686,C09004,2025-05-25 10:30:03.381637536,size_fit,6288.28
R002828,O026687,C00833,2025-05-30 06:34:50.014116714,wrong_item,4333.42
R002829,O026694,C09089,2025-05-26 17:23:11.616501026,size_fit,294.75
R002830,O026762,C02446,2025-05-26 02:37:43.840723364,damaged,384.98
R002831,O026794,C08167,2025-05-25 18:09:54.141513933,size_fit,1322.67
R002832,O026815,C02861,2025-06-01 05:54:08.401674780,not_as_described,1099.76
R002833,O026818,C00429,2025-05-27 03:45:21.141208144,changed_mind,1371.43
R002834,O026824,C01133,2025-05-23 18:48:03.888214102,changed_mind,5349.94
R002835,O026825,C06753,2025-05-23 21:21:05.023587582,not_as_described,1033.37
R002836,O026841,C02998,2025-05-24 11:20:52.119589974,damaged,1542.97
R002837,O026856,C04492,2025-05-31 00:00:00.000000000,changed_mind,13694.19
R002838,O026880,C06183,2025-05-27 03:33:01.886409468,changed_mind,634.36
R002839,O026884,C01164,2025-05-27 01:54:30.059553679,changed_mind,3387.35
R002840,O026888,C02135,2025-05-27 16:23:18.546231706,not_as_described,1216.68
R002841,O026901,C04303,2025-05-24 13:39:18.287199057,damaged,1139.69
R002842,O026906,C08670,2025-05-26 09:30:11.071822143,changed_mind,1429.11
R002843,O026924,C02092,2025-05-29 01:08:49.337653722,damaged,15574.38
R002844,O026934,C05973,2025-05-28 03:58:43.947938143,wrong_item,1797.21
R002845,O026938,C01623,2025-05-23 08:26:21.920590780,size_fit,2904.4
R002846,O026939,C03606,2025-05-26 09:13:19.423651627,size_fit,7278.23
R002847,O026944,C02585,2025-05-23 17:55:25.167521330,wrong_item,2233.0
R002848,O026949,C04471,2025-05-25 04:18:56.212903296,wrong_item,2055.81
R002849,O026952,C02578,2025-05-26 11:31:50.713489045,size_fit,483.53
R002850,O026953,C04751,2025-05-24 12:41:28.169294809,wrong_item,2418.73
R002851,O026961,C06784,2025-05-22 21:26:34.817537468,damaged,1048.41
R002852,O026968,C05559,2025-05-26 13:37:44.707658113,size_fit,11558.28
R002853,O026983,C01439,2025-05-25 22:48:20.482681255,damaged,3426.88
R002854,O026997,C08219,2025-05-29 20:29:37.995328370,damaged,4377.22
R002855,O027001,C01296,2025-05-24 21:53:15.222958659,wrong_item,2868.95
R002856,O027003,C05887,2025-05-29 23:05:53.398111264,changed_mind,1962.24
R002857,O027007,C02163,2025-05-29 23:25:12.676578553,not_as_described,2328.86
R002858,O027012,C02927,2025-05-28 06:11:53.887887445,not_as_described,2837.85
R002859,O027039,C03937,2025-06-03 00:14:16.077632031,size_fit,4641.6
R002860,O027042,C01945,2025-05-28 20:59:25.007531258,size_fit,1215.47
R002861,O027051,C01720,2025-05-28 17:15:07.255172192,damaged,2574.53
R002862,O027052,C02629,2025-05-25 02:47:23.956137189,wrong_item,2639.49
R002863,O027064,C02722,2025-05-26 22:10:22.022196726,changed_mind,1585.34
R002864,O027068,C01333,2025-05-25 10:52:10.455451608,damaged,1986.76
R002865,O027071,C02190,2025-05-25 03:36:30.385741438,wrong_item,2210.3
R002866,O027078,C00130,2025-05-27 03:33:18.276429726,wrong_item,1035.85
R002867,O027081,C07830,2025-05-27 13:22:49.147523540,changed_mind,10230.3
R002868,O027086,C00372,2025-05-31 13:46:33.157609309,size_fit,1208.23
R002869,O027089,C04766,2025-05-24 22:18:12.888805744,not_as_described,1082.76
R002870,O027107,C07904,2025-05-24 22:49:06.601849680,not_as_described,860.7
R002871,O027112,C09648,2025-05-30 15:52:15.639078820,not_as_described,3265.43
R002872,O027113,C07777,2025-05-24 12:11:01.903933143,size_fit,4242.67
R002873,O027124,C07543,2025-05-26 07:04:27.026505836,changed_mind,6711.82
R002874,O027141,C03168,2025-05-27 05:46:08.635520031,not_as_described,1616.19
R002875,O027147,C07310,2025-05-25 19:37:17.029015136,not_as_described,7666.74
R002876,O027148,C05453,2025-05-26 18:04:02.277159621,damaged,4919.63
R002877,O027162,C00739,2025-05-27 10:33:06.183886107,damaged,954.19
R002878,O027170,C04077,2025-05-25 14:42:59.699004339,changed_mind,1636.29
R002879,O027171,C00972,2025-06-04 20:11:25.572120651,size_fit,1246.89
R002880,O027188,C01003,2025-05-29 20:49:08.478023502,damaged,3271.21
R002881,O027201,C04850,2025-05-31 03:33:16.953575644,size_fit,296.77
R002882,O027205,C05207,2025-06-01 05:03:44.587951909,changed_mind,7796.32
R002883,O027206,C00719,2025-05-31 16:26:42.867869344,size_fit,4604.0
R002884,O027209,C04970,2025-05-28 17:26:40.609600530,wrong_item,889.44
R002885,O027217,C01853,2025-05-29 06:25:47.034158275,damaged,3407.18
R002886,O027225,C07160,2025-06-05 01:47:04.977282454,changed_mind,1029.18
R002887,O027234,C05476,2025-05-29 03:20:03.532660094,size_fit,2278.81
R002888,O027252,C07229,2025-05-26 01:03:11.993890334,wrong_item,12464.13
R002889,O027255,C07015,2025-05-26 23:15:35.210009610,wrong_item,8508.28
R002890,O027258,C07656,2025-06-01 12:16:49.689223600,changed_mind,1685.85
R002891,O027291,C01666,2025-05-28 00:51:26.886636529,size_fit,3130.19
R002892,O027295,C06884,2025-05-27 14:26:35.649128288,not_as_described,2080.37
R002893,O027317,C05576,2025-05-28 14:07:32.356496053,size_fit,302.64
R002894,O027321,C08384,2025-05-24 12:46:41.003782154,size_fit,1242.04
R002895,O027325,C07482,2025-05-26 14:36:32.816319116,not_as_described,7206.37
R002896,O027335,C04403,2025-05-26 22:36:00.895899862,wrong_item,906.64
R002897,O027338,C03617,2025-05-27 07:13:20.047091329,size_fit,863.48
R002898,O027356,C04050,2025-05-27 14:43:32.586147040,not_as_described,1406.51
R002899,O027371,C03022,2025-05-31 04:37:36.737675922,size_fit,11058.49
R002900,O027372,C06009,2025-05-29 04:41:11.447738304,size_fit,525.56
R002901,O027375,C07984,2025-05-27 09:35:47.216585598,size_fit,1503.58
R002902,O027381,C06557,2025-06-12 22:28:12.033709690,size_fit,2638.12
R002903,O027383,C00222,2025-05-28 19:36:09.772617423,damaged,968.72
R002904,O027385,C08575,2025-05-27 00:16:32.767072932,wrong_item,1093.73
R002905,O027399,C03136,2025-05-26 07:28:16.555197162,damaged,1415.62
R002906,O027405,C06789,2025-05-30 12:19:39.230499183,damaged,780.46
R002907,O027423,C03316,2025-05-29 15:23:21.836812750,size_fit,3280.35
R002908,O027425,C07272,2025-05-31 20:56:48.185849619,wrong_item,1030.88
R002909,O027436,C09940,2025-05-29 10:09:03.700452020,damaged,512.48
R002910,O027439,C00700,2025-05-31 02:53:20.396158818,not_as_described,6994.34
R002911,O027444,C06702,2025-05-28 18:49:46.984139025,not_as_described,3077.37
R002912,O027467,C03016,2025-05-29 23:07:00.708265434,size_fit,2561.95
R002913,O027474,C09041,2025-05-29 22:26:05.298979624,changed_mind,4870.37
R002914,O027494,C02502,2025-05-26 19:56:57.936391198,not_as_described,1980.62
R002915,O027495,C03421,2025-05-30 22:04:59.564941672,wrong_item,1390.95
R002916,O027523,C00583,2025-05-27 09:14:02.772540999,wrong_item,633.83
R002917,O027535,C02645,2025-05-27 17:50:40.136758375,changed_mind,5829.27
R002918,O027540,C09334,2025-05-30 06:54:21.592467054,size_fit,1535.17
R002919,O027545,C05548,2025-05-30 14:27:45.441488012,wrong_item,14626.49
R002920,O027552,C04170,2025-05-27 20:17:37.450121960,not_as_described,4531.5
R002921,O027570,C07418,2025-06-02 06:57:48.555799329,damaged,4756.27
R002922,O027577,C00470,2025-05-29 10:53:45.573935024,wrong_item,14121.57
R002923,O027586,C01263,2025-05-27 13:37:35.812470075,size_fit,477.22
R002924,O027596,C09825,2025-05-28 13:37:08.147643589,size_fit,601.51
R002925,O027602,C03821,2025-05-30 19:06:43.246613052,size_fit,1982.09
R002926,O027604,C07926,2025-05-30 06:50:02.863507750,size_fit,532.7
R002927,O027611,C04704,2025-06-04 02:17:33.116837730,damaged,5954.75
R002928,O027638,C08085,2025-06-01 15:46:01.256646525,size_fit,2939.93
R002929,O027641,C09763,2025-06-03 14:15:37.014091747,wrong_item,9317.88
R002930,O027649,C07218,2025-05-30 07:47:25.167129691,size_fit,941.73
R002931,O027656,C00919,2025-05-28 19:59:20.509806865,changed_mind,748.39
R002932,O027684,C01729,2025-05-31 17:35:36.904766362,not_as_described,4076.15
R002933,O027686,C02861,2025-05-26 07:39:04.897485712,not_as_described,1166.25
R002934,O027693,C06009,2025-05-28 07:42:14.252628844,wrong_item,7684.42
R002935,O027701,C00933,2025-05-31 19:57:22.349335946,size_fit,1209.38
R002936,O027705,C07218,2025-05-31 14:28:00.247978380,wrong_item,3372.85
R002937,O027706,C01108,2025-05-27 17:27:36.565589617,not_as_described,890.07
R002938,O027712,C04394,2025-06-01 17:56:09.610973775,damaged,1989.27
R002939,O027722,C00994,2025-05-27 02:28:54.211684796,not_as_described,1583.57
R002940,O027725,C03929,2025-05-29 11:21:40.887419590,changed_mind,2455.52
R002941,O027726,C09821,2025-05-29 15:01:11.120982430,changed_mind,7367.89
R002942,O027747,C02003,2025-05-27 10:06:03.857963137,size_fit,1172.44
R002943,O027763,C00764,2025-05-27 19:26:17.276269617,size_fit,6013.52
R002944,O027767,C01517,2025-05-31 17:02:04.306806812,damaged,522.52
R002945,O027770,C06585,2025-06-04 09:00:29.218458668,changed_mind,1329.32
R002946,O027773,C01296,2025-06-06 16:52:17.585695725,size_fit,962.82
R002947,O027781,C07419,2025-05-30 03:09:32.736194841,wrong_item,1495.26
R002948,O027782,C05485,2025-06-03 04:40:36.062839452,wrong_item,7115.92
R002949,O027796,C03207,2025-05-28 23:58:02.315229733,wrong_item,6374.39
R002950,O027802,C07574,2025-06-14 00:00:00.000000000,size_fit,9983.02
R002951,O027804,C02703,2025-05-27 20:59:52.039267746,size_fit,936.62
R002952,O027806,C09668,2025-05-29 15:43:20.011048474,wrong_item,1054.32
R002953,O027807,C00809,2025-05-30 04:08:46.872695400,not_as_described,3907.57
R002954,O027808,C08480,2025-06-04 04:46:22.281534609,wrong_item,2569.37
R002955,O027811,C00469,2025-05-29 19:44:51.560965626,not_as_described,1775.2
R002956,O027824,C05969,2025-06-05 06:35:51.920011683,changed_mind,995.74
R002957,O027837,C05889,2025-05-29 20:34:14.285586093,damaged,2073.12
R002958,O027838,C02256,2025-05-31 05:35:54.742798860,wrong_item,1102.25
R002959,O027846,C04845,2025-05-31 21:07:08.941544097,size_fit,765.36
R002960,O027859,C00477,2025-06-01 19:58:53.916286004,not_as_described,654.09
R002961,O027862,C08453,2025-05-31 10:02:20.937537837,damaged,5966.73
R002962,O027864,C06938,2025-05-30 01:09:00.654329350,changed_mind,356.91
R002963,O027869,C09976,2025-05-31 13:19:26.894526502,wrong_item,836.0
R002964,O027875,C07429,2025-06-03 12:55:03.186603080,wrong_item,3272.23
R002965,O027884,C08267,2025-06-06 05:39:37.027867518,size_fit,749.38
R002966,O027885,C04684,2025-05-31 13:52:22.323054216,not_as_described,3352.46
R002967,O027888,C09284,2025-05-30 01:58:48.849927308,changed_mind,276.81
R002968,O027891,C06354,2025-06-01 04:18:08.721537739,damaged,8619.74
R002969,O027901,C00208,2025-06-01 17:04:22.957709242,changed_mind,6399.68
R002970,O027913,C06943,2025-06-01 01:43:44.120267569,size_fit,4637.27
R002971,O027918,C06400,2025-05-27 13:39:29.173784868,not_as_described,755.33
R002972,O027935,C08078,2025-05-30 23:48:18.116290288,not_as_described,7604.62
R002973,O027938,C07539,2025-05-29 12:08:29.321422929,wrong_item,18148.15
R002974,O027939,C07576,2025-06-02 08:36:19.610732991,wrong_item,3472.26
R002975,O027946,C06034,2025-05-29 03:11:43.177637868,size_fit,8472.07
R002976,O027975,C03954,2025-06-02 03:22:14.355725343,changed_mind,1788.6
R002977,O027976,C03763,2025-06-03 14:34:06.992766310,wrong_item,1117.14
R002978,O027981,C07547,2025-05-31 04:41:25.478712495,not_as_described,4028.08
R002979,O027993,C09804,2025-06-02 17:34:53.086195693,changed_mind,5080.56
R002980,O027997,C06024,2025-06-02 00:19:50.791938517,not_as_described,10202.73
R002981,O028001,C02107,2025-06-01 05:07:16.444249593,not_as_described,4878.55
R002982,O028011,C02750,2025-06-03 02:35:04.540041988,changed_mind,3719.03
R002983,O028013,C02218,2025-05-31 05:29:33.858148362,size_fit,3371.66
R002984,O028023,C04292,2025-06-07 01:18:13.702424291,changed_mind,32039.62
R002985,O028032,C05714,2025-06-02 05:03:37.091664529,size_fit,888.13
R002986,O028048,C02989,2025-06-01 03:36:30.203003077,damaged,5422.75
R002987,O028056,C07904,2025-05-29 09:02:02.065059790,damaged,8810.54
R002988,O028063,C06390,2025-06-02 09:25:50.253760182,damaged,3805.55
R002989,O028065,C04008,2025-06-01 21:23:57.939089215,size_fit,647.76
R002990,O028068,C01912,2025-05-31 16:15:30.108780612,wrong_item,223.77
R002991,O028069,C00757,2025-06-01 00:52:59.509076725,size_fit,1454.69
R002992,O028071,C01280,2025-06-03 11:40:09.599931296,size_fit,1308.98
R002993,O028086,C02496,2025-05-31 09:50:57.818171810,not_as_described,26350.77
R002994,O028095,C00719,2025-05-29 17:09:02.681419914,size_fit,354.81
R002995,O028099,C09666,2025-06-01 22:22:04.041754924,damaged,1076.61
R002996,O028123,C06849,2025-06-06 01:50:06.713130656,size_fit,1632.23
R002997,O028125,C07536,2025-05-30 10:55:54.940305277,not_as_described,983.8
R002998,O028131,C07339,2025-05-31 02:04:39.636082869,changed_mind,4904.91
R002999,O028151,C07199,2025-05-31 21:04:06.197482794,size_fit,1628.41
R003000,O028154,C05232,2025-06-02 22:01:20.276980219,size_fit,1530.27
R003001,O028164,C06050,2025-05-31 23:22:52.918306431,not_as_described,1551.86
R003002,O028169,C03403,2025-05-31 20:45:17.546716605,size_fit,30808.7
R003003,O028171,C02419,2025-06-14 20:43:30.151171250,size_fit,4255.6
R003004,O028174,C01371,2025-05-29 16:15:47.011976985,size_fit,720.16
R003005,O028176,C06173,2025-05-31 22:47:23.831597086,size_fit,967.36
R003006,O028181,C09550,2025-05-30 13:35:57.534836773,wrong_item,558.72
R003007,O028193,C00980,2025-06-01 14:49:00.725879607,size_fit,670.29
R003008,O028218,C01533,2025-05-30 01:13:03.159930432,size_fit,1540.74
R003009,O028221,C01944,2025-05-31 05:22:30.605426551,size_fit,1356.42
R003010,O028229,C08808,2025-05-29 17:29:27.391352492,not_as_described,1401.64
R003011,O028237,C09392,2025-06-07 05:49:55.521339006,size_fit,4769.69
R003012,O028246,C05084,2025-06-03 01:12:22.514289152,size_fit,9557.7
R003013,O028260,C00918,2025-06-03 02:49:23.055525944,not_as_described,5772.72
R003014,O028269,C02579,2025-06-02 01:30:41.802395457,size_fit,2918.43
R003015,O028271,C06500,2025-06-04 23:20:46.000475440,not_as_described,2669.64
R003016,O028275,C02732,2025-05-30 12:01:28.624035698,wrong_item,15320.95
R003017,O028292,C00369,2025-06-01 17:42:21.183949202,size_fit,805.0
R003018,O028297,C01717,2025-06-02 21:23:11.154304935,damaged,2097.33
R003019,O028301,C03740,2025-06-03 05:09:18.700134508,not_as_described,3434.23
R003020,O028311,C08957,2025-06-03 09:13:28.761428964,size_fit,183.81
R003021,O028334,C04852,2025-06-03 07:25:52.163441133,size_fit,12887.94
R003022,O028338,C07464,2025-06-02 08:20:23.757963579,not_as_described,918.19
R003023,O028339,C00424,2025-06-05 16:09:38.146867646,wrong_item,2295.7
R003024,O028344,C00325,2025-05-30 20:07:00.046250742,size_fit,5469.28
R003025,O028349,C00152,2025-06-01 04:02:27.772185253,changed_mind,3193.28
R003026,O028354,C09103,2025-06-02 07:55:13.417783777,wrong_item,2980.17
R003027,O028362,C08241,2025-06-02 00:33:12.509517247,not_as_described,2493.56
R003028,O028381,C05343,2025-06-03 06:23:42.455294473,not_as_described,2391.26
R003029,O028388,C02193,2025-06-03 00:48:58.001992772,not_as_described,9166.18
R003030,O028423,C06170,2025-06-02 09:52:33.216934522,changed_mind,23584.04
R003031,O028441,C03375,2025-06-02 06:18:47.577783621,wrong_item,508.9
R003032,O028442,C07298,2025-06-02 15:43:43.749407866,size_fit,1168.54
R003033,O028451,C05211,2025-06-02 18:48:20.017843426,size_fit,4300.68
R003034,O028452,C09422,2025-06-05 09:15:52.334995021,damaged,2884.3
R003035,O028457,C02233,2025-05-31 21:50:10.292928392,damaged,3361.95
R003036,O028464,C06205,2025-06-04 01:47:10.923305532,changed_mind,1403.75
R003037,O028482,C01897,2025-06-05 06:44:07.098282679,wrong_item,701.52
R003038,O028484,C04642,2025-06-01 20:06:49.379660542,damaged,3035.57
R003039,O028487,C02431,2025-06-02 10:41:16.108065002,changed_mind,5687.05
R003040,O028514,C09550,2025-06-01 01:01:28.754641066,damaged,2456.98
R003041,O028517,C05285,2025-06-05 08:15:09.100191405,changed_mind,1191.56
R003042,O028526,C03730,2025-05-31 22:51:58.571600346,size_fit,815.53
R003043,O028535,C01150,2025-06-04 03:57:40.262210287,size_fit,5049.81
R003044,O028539,C09652,2025-06-04 15:26:11.963335459,not_as_described,3142.79
R003045,O028542,C01728,2025-06-03 20:20:11.435503149,wrong_item,2624.51
R003046,O028544,C01977,2025-05-30 19:02:19.412478218,changed_mind,2222.04
R003047,O028546,C05213,2025-06-02 02:42:10.196280784,changed_mind,2735.93
R003048,O028554,C02920,2025-06-02 01:50:22.481913231,wrong_item,868.76
R003049,O028558,C06367,2025-06-04 12:33:19.231828228,wrong_item,3097.89
R003050,O028561,C06926,2025-05-30 17:59:41.751831202,changed_mind,740.34
R003051,O028562,C08088,2025-06-03 09:52:23.449824609,wrong_item,2190.14
R003052,O028566,C07153,2025-06-06 22:51:02.392493479,size_fit,532.88
R003053,O028574,C04687,2025-06-01 03:55:06.520485622,not_as_described,1857.12
R003054,O028578,C03832,2025-06-05 01:07:19.218924217,not_as_described,1888.5
R003055,O028579,C01026,2025-06-07 04:16:07.522375674,wrong_item,4375.25
R003056,O028587,C03109,2025-06-02 08:35:43.728784353,not_as_described,849.44
R003057,O028609,C06224,2025-06-08 00:34:22.062461034,not_as_described,1226.94
R003058,O028625,C01152,2025-06-03 17:52:31.805106380,not_as_described,3532.18
R003059,O028643,C05603,2025-06-07 07:01:11.554989661,size_fit,1041.43
R003060,O028653,C05148,2025-06-04 03:14:03.875924508,not_as_described,834.41
R003061,O028665,C03937,2025-06-03 11:57:30.517784748,wrong_item,5033.96
R003062,O028666,C08527,2025-06-05 03:56:34.481577634,size_fit,771.17
R003063,O028674,C02959,2025-06-02 20:27:19.790506591,size_fit,1520.75
R003064,O028684,C02123,2025-06-04 06:38:55.629658755,size_fit,2035.31
R003065,O028719,C03584,2025-06-03 01:19:57.654467666,size_fit,1854.43
R003066,O028726,C01857,2025-06-06 03:45:13.687192760,size_fit,1016.65
R003067,O028728,C09695,2025-06-06 15:26:46.179902230,not_as_described,1901.13
R003068,O028731,C06206,2025-06-01 12:58:06.609541969,not_as_described,4273.23
R003069,O028734,C04070,2025-06-04 07:05:22.730567467,wrong_item,1006.81
R003070,O028748,C01167,2025-06-03 18:22:11.203869079,not_as_described,4609.13
R003071,O028754,C01038,2025-06-02 17:29:14.048359213,size_fit,4243.04
R003072,O028767,C03537,2025-06-06 10:44:42.318549884,size_fit,9698.79
R003073,O028771,C06696,2025-06-03 06:00:19.278510523,size_fit,3323.49
R003074,O028784,C00450,2025-06-03 20:44:40.726819744,not_as_described,404.2
R003075,O028785,C07528,2025-06-02 15:56:14.878702838,damaged,1254.52
R003076,O028789,C01994,2025-06-06 14:42:19.206279968,not_as_described,18614.18
R003077,O028824,C08684,2025-06-03 20:07:20.492920477,wrong_item,673.47
R003078,O028845,C00798,2025-06-15 01:07:26.944802295,size_fit,2223.48
R003079,O028852,C02742,2025-06-14 06:01:16.637403331,changed_mind,826.72
R003080,O028856,C07441,2025-06-11 02:30:10.145395951,not_as_described,4103.78
R003081,O028875,C08320,2025-06-02 22:44:48.750246700,damaged,1378.34
R003082,O028901,C08676,2025-06-09 23:25:36.279540919,changed_mind,3620.48
R003083,O028923,C09378,2025-06-03 19:53:04.235885084,size_fit,276.12
R003084,O028933,C06864,2025-06-04 20:39:42.894823453,size_fit,2576.87
R003085,O028938,C03142,2025-06-04 08:00:30.072335911,changed_mind,393.57
R003086,O028948,C03399,2025-06-01 12:17:52.691068766,wrong_item,5959.12
R003087,O028960,C06302,2025-06-10 05:33:22.898049508,not_as_described,3346.12
R003088,O028963,C01538,2025-06-01 08:33:43.016670439,changed_mind,775.19
R003089,O028965,C07879,2025-06-07 07:37:48.790675570,size_fit,1580.8
R003090,O028984,C08232,2025-06-09 14:25:49.836166050,size_fit,3440.44
R003091,O028992,C08604,2025-06-08 17:02:41.555536141,size_fit,1599.54
R003092,O029017,C01439,2025-06-05 15:16:55.605072601,not_as_described,1373.88
R003093,O029036,C01637,2025-06-12 06:38:15.261482461,not_as_described,1077.37
R003094,O029047,C05084,2025-06-09 01:08:15.597846970,wrong_item,378.86
R003095,O029062,C05747,2025-06-07 13:50:19.042539550,not_as_described,1004.98
R003096,O029090,C08230,2025-06-12 00:25:37.131709170,wrong_item,4319.05
R003097,O029110,C03161,2025-06-04 16:56:52.052403706,size_fit,2775.91
R003098,O029116,C00613,2025-06-04 23:35:20.255637346,not_as_described,1437.48
R003099,O029123,C05450,2025-06-07 18:48:17.742809916,wrong_item,2764.61
R003100,O029129,C09370,2025-06-04 06:37:03.816797613,not_as_described,1193.28
R003101,O029139,C09793,2025-06-05 19:19:44.286245086,not_as_described,3363.59
R003102,O029140,C09804,2025-06-03 03:13:08.675566888,changed_mind,826.83
R003103,O029146,C01458,2025-06-04 20:26:54.593046877,damaged,748.76
R003104,O029150,C02345,2025-06-03 21:43:48.985424245,not_as_described,1387.49
R003105,O029151,C03815,2025-06-04 14:34:43.023927900,wrong_item,1028.36
R003106,O029157,C08025,2025-06-03 15:02:50.561724238,changed_mind,2332.61
R003107,O029170,C06500,2025-06-08 04:47:10.194627303,size_fit,2088.25
R003108,O029179,C00018,2025-06-08 22:38:43.737428580,not_as_described,3155.08
R003109,O029194,C04091,2025-06-08 12:29:06.486847933,not_as_described,565.87
R003110,O029198,C07609,2025-06-06 13:26:55.267353272,not_as_described,1434.2
R003111,O029207,C05547,2025-06-09 18:21:51.279084853,not_as_described,3276.99
R003112,O029211,C01111,2025-06-04 21:11:06.851683150,size_fit,2380.83
R003113,O029217,C00277,2025-06-15 18:02:30.686796477,damaged,787.62
R003114,O029220,C01341,2025-06-09 21:44:39.344895751,size_fit,1295.53
R003115,O029222,C03149,2025-06-05 23:08:04.560962892,size_fit,1427.61
R003116,O029225,C04793,2025-06-20 00:00:00.000000000,damaged,14447.12
R003117,O029243,C06789,2025-06-05 08:32:33.642543814,not_as_described,2867.57
R003118,O029275,C07456,2025-06-06 12:00:48.197397704,damaged,1897.52
R003119,O029294,C05820,2025-06-05 13:22:56.539376212,wrong_item,596.2
R003120,O029303,C09259,2025-06-07 19:21:12.511040857,changed_mind,1834.2
R003121,O029308,C05957,2025-06-08 18:50:08.443049107,not_as_described,793.92
R003122,O029309,C06612,2025-06-08 01:59:35.385743310,not_as_described,3321.75
R003123,O029342,C03745,2025-06-08 00:54:55.167092593,not_as_described,7584.08
R003124,O029351,C01081,2025-06-06 17:43:44.960570605,not_as_described,1206.56
R003125,O029356,C08745,2025-06-10 00:35:08.795589421,size_fit,668.43
R003126,O029358,C09461,2025-06-05 02:35:03.756167455,damaged,8385.07
R003127,O029360,C03569,2025-06-09 13:32:59.283797704,wrong_item,1466.0
R003128,O029361,C04122,2025-06-09 23:33:10.057759354,changed_mind,1076.12
R003129,O029365,C08907,2025-06-05 13:11:27.906558518,not_as_described,2019.85
R003130,O029377,C02900,2025-06-10 20:56:45.615112933,wrong_item,1821.74
R003131,O029394,C04987,2025-06-10 02:17:46.783428756,wrong_item,721.56
R003132,O029409,C08278,2025-06-09 21:10:31.142698788,not_as_described,1013.69
R003133,O029415,C08904,2025-06-14 21:59:48.676047615,not_as_described,915.92
R003134,O029427,C08386,2025-06-07 07:49:52.054008049,damaged,4168.58
R003135,O029432,C01122,2025-06-10 04:11:58.062604668,wrong_item,2787.29
R003136,O029434,C00555,2025-06-04 19:16:53.299843971,not_as_described,11436.58
R003137,O029438,C03519,2025-06-15 09:13:22.517099724,not_as_described,6685.18
R003138,O029459,C00644,2025-06-06 06:00:19.310265068,not_as_described,5489.03
R003139,O029465,C05690,2025-06-08 11:01:51.470873320,wrong_item,3327.65
R003140,O029470,C05702,2025-06-05 09:30:52.310845486,damaged,5060.09
R003141,O029476,C01059,2025-06-07 21:57:18.676656867,not_as_described,1644.07
R003142,O029484,C07400,2025-06-06 23:39:44.643790054,not_as_described,12275.54
R003143,O029495,C01524,2025-06-09 23:29:53.638289170,not_as_described,973.51
R003144,O029496,C06787,2025-06-09 12:22:49.841244105,not_as_described,14380.2
R003145,O029507,C06438,2025-06-08 21:31:24.554190615,changed_mind,1583.52
R003146,O029508,C02619,2025-06-07 04:55:38.793687193,not_as_described,1322.19
R003147,O029513,C06400,2025-06-09 10:27:18.800284010,damaged,3027.62
R003148,O029541,C09889,2025-06-13 08:38:50.649953229,size_fit,2026.36
R003149,O029549,C08432,2025-06-07 06:44:29.777114922,wrong_item,2795.86
R003150,O029556,C05081,2025-06-07 09:24:28.378868857,size_fit,2061.96
R003151,O029562,C03170,2025-06-04 11:16:26.584593132,wrong_item,1970.06
R003152,O029580,C07656,2025-06-08 05:14:10.713239772,size_fit,1516.31
R003153,O029596,C06572,2025-06-14 13:04:29.346591986,damaged,5687.89
R003154,O029606,C05844,2025-06-05 14:09:23.973920298,changed_mind,775.61
R003155,O029608,C05377,2025-06-04 14:48:02.855265451,size_fit,1105.75
R003156,O029625,C06805,2025-06-20 17:51:03.725194093,size_fit,12369.1
R003157,O029628,C00837,2025-06-08 09:46:03.211761741,not_as_described,1122.34
R003158,O029640,C09020,2025-06-11 02:50:15.423049474,not_as_described,5061.32
R003159,O029649,C06905,2025-06-08 06:54:41.853986434,wrong_item,1497.93
R003160,O029658,C01340,2025-06-06 05:28:41.836197129,wrong_item,884.08
R003161,O029679,C03324,2025-06-06 13:33:35.183153581,size_fit,673.55
R003162,O029683,C01681,2025-06-08 23:44:16.696822279,changed_mind,1664.01
R003163,O029684,C07084,2025-06-10 03:11:30.452118356,size_fit,1173.11
R003164,O029687,C05935,2025-06-12 07:57:13.419241610,not_as_described,2897.34
R003165,O029689,C06951,2025-06-06 18:14:08.024530063,size_fit,6406.48
R003166,O029713,C01861,2025-06-05 09:10:15.896644935,size_fit,1129.22
R003167,O029715,C06212,2025-06-14 21:47:16.089279856,not_as_described,755.54
R003168,O029723,C09660,2025-06-05 15:55:18.452101702,not_as_described,3293.54
R003169,O029725,C02588,2025-06-07 12:03:40.259837210,changed_mind,2518.99
R003170,O029738,C01479,2025-06-09 11:50:01.202525559,wrong_item,3924.29
R003171,O029739,C03513,2025-06-10 11:39:48.434881784,size_fit,1813.27
R003172,O029742,C01874,2025-06-07 21:54:59.834995776,not_as_described,6738.23
R003173,O029754,C03874,2025-06-12 20:13:44.684975150,wrong_item,1028.54
R003174,O029760,C08518,2025-06-09 05:33:22.078970964,size_fit,1832.96
R003175,O029779,C05786,2025-06-16 21:00:15.300790081,not_as_described,7304.15
R003176,O029782,C08407,2025-06-11 21:01:21.470227161,not_as_described,757.83
R003177,O029800,C08242,2025-06-08 03:49:02.921931552,wrong_item,6650.87
R003178,O029810,C09143,2025-06-12 16:32:55.860146775,not_as_described,1776.05
R003179,O029836,C01986,2025-06-11 10:56:52.145664864,wrong_item,3962.29
R003180,O029846,C07910,2025-06-11 11:23:08.033319488,not_as_described,2482.95
R003181,O029849,C04967,2025-06-08 18:32:31.808969703,changed_mind,2323.94
R003182,O029857,C02524,2025-06-08 09:36:38.301157947,not_as_described,1458.93
R003183,O029858,C09781,2025-06-10 19:35:08.848016880,not_as_described,1178.05
R003184,O029860,C08703,2025-06-09 16:14:06.281021328,not_as_described,438.72
R003185,O029875,C04383,2025-06-08 10:53:48.203046589,not_as_described,4798.64
R003186,O029883,C02525,2025-06-15 09:05:00.563291484,changed_mind,2742.61
R003187,O029893,C06407,2025-06-11 04:43:00.894152510,damaged,853.93
R003188,O029897,C00398,2025-06-10 23:13:51.745962162,size_fit,3443.49
R003189,O029901,C04754,2025-06-18 01:50:07.744008249,size_fit,1111.07
R003190,O029911,C08365,2025-06-08 16:42:30.976053274,changed_mind,3171.18
R003191,O029926,C03184,2025-06-07 16:03:13.267308844,not_as_described,1016.62
R003192,O029927,C04537,2025-06-07 13:40:24.172113946,not_as_described,2275.59
R003193,O029929,C02733,2025-06-08 19:10:33.610519772,size_fit,2388.09
R003194,O029944,C09297,2025-06-11 01:07:13.555376911,not_as_described,369.78
R003195,O029946,C00264,2025-06-11 09:38:15.330655060,size_fit,1229.41
R003196,O029959,C00574,2025-06-09 15:46:41.676409592,wrong_item,7228.73
R003197,O029980,C01763,2025-06-14 10:42:14.229290962,not_as_described,1092.96
R003198,O030010,C09599,2025-06-08 23:02:36.575327180,size_fit,2810.18
R003199,O030015,C00545,2025-06-18 20:56:08.640290515,changed_mind,1943.18
R003200,O030016,C09421,2025-06-16 01:39:21.096571507,wrong_item,1066.53
R003201,O030026,C08232,2025-06-09 15:51:50.522102920,not_as_described,2164.19
R003202,O030047,C00381,2025-06-09 07:46:45.131447884,size_fit,6821.98
R003203,O030062,C00111,2025-06-08 21:45:42.100434662,not_as_described,736.5
R003204,O030083,C07891,2025-06-08 10:03:06.292420347,not_as_described,12458.16
R003205,O030092,C08672,2025-06-12 04:42:17.699235418,wrong_item,948.25
R003206,O030093,C05205,2025-06-11 07:27:42.799905428,size_fit,2025.35
R003207,O030099,C06195,2025-06-11 23:13:28.207002219,changed_mind,1020.92
R003208,O030114,C02409,2025-06-11 22:42:13.591324652,damaged,12925.85
R003209,O030122,C04292,2025-06-12 20:59:19.267861858,changed_mind,1599.48
R003210,O030128,C01282,2025-06-10 04:38:31.564754415,damaged,985.62
R003211,O030131,C08346,2025-06-12 04:18:43.998670893,size_fit,6308.29
R003212,O030139,C09477,2025-06-08 14:20:25.553414673,wrong_item,14946.38
R003213,O030147,C06265,2025-06-16 17:35:48.060208197,size_fit,7066.88
R003214,O030149,C09640,2025-06-09 10:04:21.004075599,changed_mind,1539.39
R003215,O030167,C08652,2025-06-07 09:14:08.648629566,not_as_described,1143.72
R003216,O030184,C01259,2025-06-10 12:57:34.990737051,size_fit,31122.75
R003217,O030185,C06407,2025-06-09 18:59:59.253955238,not_as_described,1437.21
R003218,O030194,C09527,2025-06-14 20:41:41.460827823,changed_mind,1050.43
R003219,O030198,C06858,2025-06-17 06:24:42.624426466,changed_mind,3277.89
R003220,O030202,C07643,2025-06-12 05:41:28.402288591,changed_mind,1702.65
R003221,O030205,C02270,2025-06-14 02:16:25.393888754,damaged,2324.08
R003222,O030210,C07203,2025-06-10 14:14:28.522683564,not_as_described,2529.49
R003223,O030226,C05848,2025-06-10 02:27:07.100936506,not_as_described,1968.6
R003224,O030247,C00497,2025-06-09 12:33:33.641847936,size_fit,1323.02
R003225,O030250,C04725,2025-06-14 23:17:53.528770082,size_fit,633.02
R003226,O030270,C04532,2025-06-11 02:10:21.926857540,changed_mind,767.85
R003227,O030284,C01953,2025-06-10 08:32:06.101991074,changed_mind,16885.39
R003228,O030300,C06524,2025-06-19 00:53:28.838985543,changed_mind,846.77
R003229,O030301,C04088,2025-06-13 10:14:26.247923138,size_fit,1144.37
R003230,O030305,C08428,2025-06-09 01:24:08.009023708,changed_mind,11031.47
R003231,O030322,C03952,2025-06-09 07:48:26.313623553,not_as_described,791.66
R003232,O030331,C06814,2025-06-08 22:41:00.709785070,size_fit,1633.32
R003233,O030332,C00962,2025-06-11 21:09:54.346387471,changed_mind,1740.96
R003234,O030342,C02497,2025-06-17 21:13:40.106580988,changed_mind,903.38
R003235,O030345,C04845,2025-06-10 16:10:46.630604942,size_fit,599.05
R003236,O030348,C07413,2025-06-17 04:42:13.694747418,size_fit,5541.14
R003237,O030352,C02424,2025-06-14 08:58:49.584318225,size_fit,3885.14
R003238,O030354,C09891,2025-06-13 20:50:52.603348635,damaged,2270.82
R003239,O030385,C02464,2025-06-11 14:58:13.623806132,size_fit,522.65
R003240,O030387,C05270,2025-06-18 10:07:13.663081783,size_fit,1122.37
R003241,O030390,C01398,2025-06-12 09:27:58.263507597,changed_mind,2278.5
R003242,O030393,C02535,2025-06-17 23:10:47.002021820,not_as_described,648.87
R003243,O030405,C06375,2025-06-13 20:46:06.671231716,size_fit,4543.82
R003244,O030407,C01757,2025-06-10 21:52:42.790957406,not_as_described,2481.71
R003245,O030433,C01225,2025-06-12 00:29:19.562184456,size_fit,433.37
R003246,O030443,C00372,2025-06-13 20:07:49.697981022,not_as_described,19437.94
R003247,O030446,C05011,2025-06-11 17:04:50.785681508,wrong_item,507.98
R003248,O030456,C04288,2025-06-09 10:00:52.842221956,size_fit,632.57
R003249,O030464,C07398,2025-06-09 14:26:33.085378179,size_fit,867.26
R003250,O030465,C06448,2025-06-15 09:36:15.212809000,size_fit,895.71
R003251,O030472,C03589,2025-06-14 05:41:42.161894829,changed_mind,2167.74
R003252,O030474,C06807,2025-06-14 12:00:22.875516381,not_as_described,1836.7
R003253,O030479,C01846,2025-06-13 14:28:52.007894871,size_fit,4428.53
R003254,O030481,C01820,2025-06-11 22:06:01.543676734,not_as_described,1694.56
R003255,O030501,C00766,2025-06-15 15:24:45.849535761,size_fit,2082.54
R003256,O030519,C06072,2025-06-13 18:22:23.387452600,size_fit,23638.61
R003257,O030538,C07521,2025-06-11 13:21:51.986423451,wrong_item,1782.41
R003258,O030539,C02133,2025-06-14 18:51:52.527513315,changed_mind,427.28
R003259,O030544,C09101,2025-06-12 02:20:37.965741172,not_as_described,1473.27
R003260,O030545,C06944,2025-06-17 21:37:38.995113820,changed_mind,1920.86
R003261,O030546,C02972,2025-06-14 16:04:42.175400102,changed_mind,4056.88
R003262,O030552,C02114,2025-06-11 09:11:37.084307913,size_fit,1022.76
R003263,O030553,C06659,2025-06-14 20:09:39.193068153,wrong_item,6974.72
R003264,O030568,C09631,2025-06-16 18:07:11.068048707,damaged,2025.52
R003265,O030571,C00838,2025-06-17 20:37:50.930356299,wrong_item,6334.09
R003266,O030579,C00594,2025-06-19 01:15:43.623673801,wrong_item,879.35
R003267,O030590,C04602,2025-06-13 14:21:29.222676741,changed_mind,659.28
R003268,O030598,C05363,2025-06-15 00:36:13.765266377,not_as_described,3713.59
R003269,O030600,C00763,2025-06-10 13:23:46.290741021,changed_mind,20260.52
R003270,O030607,C04425,2025-06-18 11:01:55.260650474,changed_mind,7866.79
R003271,O030614,C07571,2025-06-15 19:11:45.227937984,wrong_item,3404.17
R003272,O030624,C04586,2025-06-12 18:51:27.360900064,not_as_described,4073.7
R003273,O030627,C08935,2025-06-17 03:31:55.121456546,damaged,1705.36
R003274,O030644,C02997,2025-06-12 23:02:14.367438635,changed_mind,3099.64
R003275,O030645,C04456,2025-06-15 06:56:36.381111705,size_fit,342.92
R003276,O030671,C00348,2025-06-14 18:56:17.726466678,wrong_item,536.25
R003277,O030674,C06099,2025-06-12 09:34:28.091844422,changed_mind,4728.56
R003278,O030681,C07821,2025-06-13 17:54:56.633876532,not_as_described,2248.62
R003279,O030683,C01862,2025-06-15 19:19:27.772764218,wrong_item,4575.12
R003280,O030688,C01395,2025-06-11 23:59:27.704467474,not_as_described,4246.07
R003281,O030696,C02507,2025-06-16 22:30:35.056053161,not_as_described,954.66
R003282,O030700,C06503,2025-06-17 19:01:35.462483119,wrong_item,926.44
R003283,O030715,C03723,2025-06-18 05:38:26.852905748,damaged,2241.99
R003284,O030727,C06838,2025-06-14 22:53:37.078121490,size_fit,480.5
R003285,O030768,C05083,2025-06-14 22:27:38.448915112,changed_mind,1191.69
R003286,O030769,C09622,2025-06-12 08:05:49.043480290,not_as_described,12874.28
R003287,O030771,C03403,2025-06-16 19:59:07.197485204,not_as_described,12869.7
R003288,O030792,C01115,2025-06-14 08:58:34.658945612,not_as_described,2084.95
R003289,O030801,C00613,2025-06-12 22:49:08.999112316,changed_mind,5902.16
R003290,O030807,C08583,2025-06-14 14:35:03.879476624,not_as_described,9899.41
R003291,O030809,C06017,2025-06-20 20:01:25.635773658,size_fit,539.2
R003292,O030812,C02126,2025-06-14 20:41:10.419028094,changed_mind,10133.35
R003293,O030826,C00710,2025-06-11 17:43:32.740055097,changed_mind,1840.27
R003294,O030832,C02714,2025-06-29 00:00:00.000000000,wrong_item,1021.3
R003295,O030835,C06632,2025-06-14 02:56:19.865575424,size_fit,765.32
R003296,O030841,C03299,2025-06-15 15:26:52.875727299,wrong_item,3518.37
R003297,O030852,C07889,2025-06-20 07:58:30.427578102,size_fit,2128.55
R003298,O030860,C08683,2025-06-15 01:32:16.817006698,not_as_described,330.26
R003299,O030870,C08307,2025-06-13 02:43:06.280252870,wrong_item,1295.23
R003300,O030880,C02207,2025-06-16 18:24:19.705190713,wrong_item,7995.72
R003301,O030882,C06989,2025-06-21 12:01:21.469792569,damaged,1678.11
R003302,O030890,C06945,2025-06-15 14:04:40.005621746,wrong_item,896.35
R003303,O030894,C04230,2025-06-15 22:10:07.966133605,wrong_item,4357.62
R003304,O030908,C04331,2025-06-15 13:43:18.556180492,wrong_item,1663.78
R003305,O030920,C08402,2025-06-16 12:37:30.242319452,not_as_described,2979.33
R003306,O030924,C03822,2025-06-21 00:17:56.792147650,changed_mind,3671.49
R003307,O030927,C03555,2025-06-15 22:05:59.378462887,wrong_item,3014.76
R003308,O030934,C09233,2025-06-15 18:11:47.024070496,size_fit,386.86
R003309,O030936,C07663,2025-06-19 09:11:12.784133644,changed_mind,508.94
R003310,O030976,C02311,2025-06-19 19:22:08.960895901,not_as_described,20183.41
R003311,O030989,C08597,2025-06-18 13:55:00.394029570,not_as_described,897.17
R003312,O031001,C06712,2025-06-13 22:19:53.385811179,size_fit,917.54
R003313,O031005,C00820,2025-06-17 02:56:04.857545335,not_as_described,2051.78
R003314,O031018,C09546,2025-06-25 06:18:29.063654287,size_fit,13628.48
R003315,O031029,C04546,2025-06-17 17:05:42.127994954,damaged,2653.64
R003316,O031030,C05689,2025-06-15 12:27:38.033745847,damaged,8270.54
R003317,O031042,C09148,2025-06-18 18:54:21.285198381,wrong_item,2138.23
R003318,O031050,C05993,2025-06-15 06:14:47.217473732,wrong_item,1174.55
R003319,O031059,C05992,2025-06-16 07:07:23.855954595,not_as_described,3158.84
R003320,O031075,C08129,2025-06-18 06:28:06.155992099,wrong_item,3913.62
R003321,O031110,C02440,2025-06-19 12:55:58.431354168,changed_mind,12496.68
R003322,O031121,C06301,2025-06-16 18:21:13.206494030,wrong_item,1518.43
R003323,O031122,C09275,2025-06-23 14:25:22.421103157,damaged,1039.78
R003324,O031138,C07268,2025-06-16 01:13:33.137817664,size_fit,2972.63
R003325,O031150,C04512,2025-06-13 10:41:23.862841490,not_as_described,1219.88
R003326,O031159,C09986,2025-06-17 18:12:03.023844087,changed_mind,1981.47
R003327,O031169,C02862,2025-06-17 21:41:27.957526706,changed_mind,31659.26
R003328,O031174,C09591,2025-06-20 06:27:03.032344699,damaged,1047.44
R003329,O031182,C08802,2025-06-18 03:01:16.835141092,changed_mind,958.49
R003330,O031186,C04287,2025-06-16 19:19:59.286290005,not_as_described,765.02
R003331,O031194,C08748,2025-06-13 07:03:47.505110936,not_as_described,1581.91
R003332,O031196,C08361,2025-06-16 08:49:14.422176292,not_as_described,3505.57
R003333,O031216,C01347,2025-06-18 06:02:18.627462729,size_fit,467.55
R003334,O031225,C06962,2025-06-25 17:06:46.638647438,not_as_described,1699.0
R003335,O031227,C05798,2025-06-18 07:11:36.724414592,changed_mind,904.94
R003336,O031235,C08089,2025-06-19 16:24:02.273184129,size_fit,1278.56
R003337,O031243,C09679,2025-06-15 08:29:42.629710693,not_as_described,820.95
R003338,O031244,C03735,2025-06-17 06:24:02.083386366,damaged,954.94
R003339,O031248,C08837,2025-06-14 19:00:01.714740858,changed_mind,2078.97
R003340,O031255,C02998,2025-06-14 15:42:13.239422175,wrong_item,7508.09
R003341,O031262,C00044,2025-06-18 00:51:42.277566456,size_fit,2164.3
R003342,O031269,C04684,2025-06-15 14:42:07.796087460,not_as_described,9649.19
R003343,O031275,C04024,2025-06-28 05:35:49.498122282,size_fit,2215.74
R003344,O031281,C08022,2025-06-14 21:05:56.222635038,wrong_item,3197.86
R003345,O031292,C07364,2025-06-24 05:51:03.580215012,wrong_item,508.09
R003346,O031302,C03158,2025-06-19 22:32:51.613907920,size_fit,260.71
R003347,O031303,C09540,2025-06-14 17:49:58.848360117,damaged,724.29
R003348,O031307,C03998,2025-06-16 19:21:28.929779982,not_as_described,1752.03
R003349,O031326,C09450,2025-06-20 00:43:55.604175171,size_fit,3624.65
R003350,O031329,C05981,2025-06-16 21:02:51.903621207,damaged,1137.91
R003351,O031331,C05161,2025-06-15 07:31:25.089912127,changed_mind,1192.81
R003352,O031334,C06274,2025-06-15 00:50:05.917504466,size_fit,2947.25
R003353,O031361,C05781,2025-06-15 08:57:09.167479578,size_fit,4344.69
R003354,O031386,C09311,2025-06-17 21:20:19.562654637,wrong_item,214.94
R003355,O031388,C09543,2025-06-18 07:17:40.515887929,not_as_described,1052.71
R003356,O031395,C01578,2025-06-16 12:46:15.281373493,wrong_item,1948.38
R003357,O031398,C05309,2025-06-15 23:28:45.959757600,damaged,1996.87
R003358,O031399,C02119,2025-06-20 19:42:13.886762454,size_fit,941.33
R003359,O031406,C05767,2025-06-18 05:10:37.173306046,changed_mind,2205.56
R003360,O031445,C08389,2025-06-25 03:47:32.787841185,not_as_described,289.59
R003361,O031449,C04973,2025-06-20 07:24:26.591236790,size_fit,814.22
R003362,O031451,C01843,2025-06-14 19:23:08.184339614,damaged,3990.63
R003363,O031461,C06395,2025-06-15 20:52:34.938639267,size_fit,2846.45
R003364,O031507,C04565,2025-06-16 19:16:47.696003320,size_fit,9339.2
R003365,O031517,C02815,2025-06-16 17:17:56.079171175,changed_mind,715.57
R003366,O031529,C00104,2025-06-18 10:19:50.479744965,damaged,11527.63
R003367,O031533,C05921,2025-06-17 15:52:38.571448522,not_as_described,1215.1
R003368,O031543,C01270,2025-06-19 11:54:42.976504688,not_as_described,1299.32
R003369,O031552,C04381,2025-06-22 21:03:46.146767929,not_as_described,3573.88
R003370,O031570,C04867,2025-06-18 18:31:59.116299614,not_as_described,332.86
R003371,O031578,C02874,2025-06-27 18:05:45.582084322,size_fit,5061.91
R003372,O031590,C07986,2025-06-18 08:23:25.842175587,not_as_described,4938.53
R003373,O031591,C07984,2025-06-17 07:27:14.323548297,not_as_described,4876.39
R003374,O031603,C00249,2025-06-23 08:45:27.716521093,wrong_item,1421.09
R003375,O031617,C03882,2025-06-15 19:16:24.024090136,changed_mind,421.21
R003376,O031620,C00786,2025-06-19 02:14:53.634951531,changed_mind,1497.86
R003377,O031634,C01573,2025-06-17 00:28:26.597935927,not_as_described,4844.12
R003378,O031640,C08565,2025-06-20 02:48:05.053782945,damaged,1482.1
R003379,O031650,C04582,2025-06-17 14:56:38.862154845,damaged,4567.46
R003380,O031653,C08788,2025-06-19 22:15:04.606435731,not_as_described,2130.39
R003381,O031655,C01145,2025-06-28 18:21:22.275197704,wrong_item,2968.49
R003382,O031685,C02389,2025-06-24 03:24:56.700756648,changed_mind,1010.43
R003383,O031697,C04177,2025-06-18 08:22:23.369996953,size_fit,2431.07
R003384,O031702,C08309,2025-06-16 04:55:31.736605735,not_as_described,1052.47
R003385,O031722,C03633,2025-06-21 08:28:03.545576778,size_fit,2846.39
R003386,O031728,C07576,2025-06-19 13:47:02.850711604,size_fit,6329.03
R003387,O031746,C05363,2025-06-18 17:38:58.928800992,changed_mind,5115.13
R003388,O031753,C07321,2025-06-17 12:12:57.694250368,size_fit,1316.35
R003389,O031780,C09395,2025-06-21 12:36:40.349197191,size_fit,20540.72
R003390,O031781,C09967,2025-06-24 19:36:24.267106051,size_fit,14076.16
R003391,O031794,C09708,2025-06-21 18:41:27.853526655,size_fit,1949.94
R003392,O031798,C05773,2025-06-18 11:23:43.208615367,size_fit,3097.28
R003393,O031801,C01129,2025-06-21 09:59:21.950248898,size_fit,2994.95
R003394,O031815,C01085,2025-06-19 22:53:32.857042866,wrong_item,2714.34
R003395,O031819,C05362,2025-06-18 06:09:56.236871365,damaged,6695.64
R003396,O031830,C03137,2025-06-21 07:16:06.276207694,not_as_described,814.4
R003397,O031844,C06247,2025-06-24 23:46:38.334628160,size_fit,3283.04
R003398,O031851,C05216,2025-06-20 04:16:15.527246865,not_as_described,1203.17
R003399,O031853,C05938,2025-06-23 15:12:51.338968786,size_fit,1138.64
R003400,O031862,C00773,2025-06-19 12:40:00.206795704,changed_mind,2238.42
R003401,O031877,C02927,2025-06-21 20:12:51.914545977,changed_mind,3408.81
R003402,O031880,C09457,2025-06-19 20:34:44.331470911,size_fit,2444.13
R003403,O031881,C03923,2025-06-21 20:50:13.983532033,size_fit,2573.41
R003404,O031915,C05209,2025-06-25 11:23:42.258092946,damaged,768.66
R003405,O031940,C07366,2025-06-25 19:21:08.900058884,changed_mind,8254.53
R003406,O031954,C03994,2025-06-22 17:47:40.404028711,size_fit,7435.1
R003407,O031968,C06294,2025-06-18 04:40:45.727465314,not_as_described,687.82
R003408,O031972,C05379,2025-06-19 20:42:56.676281220,changed_mind,1188.05
R003409,O031976,C03988,2025-06-20 00:37:40.210746351,size_fit,1677.0
R003410,O031990,C07603,2025-06-19 23:24:48.223041206,damaged,7688.11
R003411,O031992,C04391,2025-06-24 20:48:43.154146051,not_as_described,1696.26
R003412,O031993,C06294,2025-06-23 16:52:59.332961748,not_as_described,955.82
R003413,O032005,C02976,2025-06-22 01:41:16.083708820,not_as_described,2005.01
R003414,O032015,C07188,2025-06-21 01:44:19.439023563,damaged,817.61
R003415,O032033,C03687,2025-06-23 13:05:18.813090555,size_fit,3403.46
R003416,O032037,C06034,2025-06-20 18:13:56.174580156,changed_mind,2957.3
R003417,O032041,C05278,2025-06-21 10:30:32.175243738,wrong_item,6287.19
R003418,O032055,C00398,2025-06-21 13:05:47.060610097,not_as_described,1464.79
R003419,O032059,C02554,2025-06-25 03:13:49.244626981,changed_mind,1071.68
R003420,O032072,C02125,2025-07-04 00:00:00.000000000,size_fit,822.05
R003421,O032074,C08766,2025-06-22 18:59:22.816969425,not_as_described,5592.28
R003422,O032076,C06647,2025-06-22 17:59:57.372619117,size_fit,5340.04
R003423,O032077,C04381,2025-06-21 16:59:17.819621512,wrong_item,412.98
R003424,O032083,C06355,2025-06-22 08:39:43.307708184,size_fit,907.02
R003425,O032096,C03173,2025-06-22 09:59:33.355869190,changed_mind,1444.74
R003426,O032104,C03948,2025-06-25 06:31:20.412072580,changed_mind,4981.19
R003427,O032121,C04025,2025-06-23 06:29:10.030722158,size_fit,3588.44
R003428,O032126,C07489,2025-06-20 09:01:38.476238635,size_fit,1010.64
R003429,O032134,C02744,2025-06-22 20:58:32.187938210,size_fit,965.73
R003430,O032137,C08155,2025-06-18 05:42:00.749249082,wrong_item,1680.71
R003431,O032152,C06178,2025-06-18 12:36:54.727452716,not_as_described,2217.18
R003432,O032194,C00719,2025-06-23 01:14:49.171379870,changed_mind,3073.58
R003433,O032201,C09135,2025-06-19 10:07:32.930370033,changed_mind,256.94
R003434,O032209,C03310,2025-06-22 04:58:30.428643187,not_as_described,1227.91
R003435,O032220,C06761,2025-06-25 14:35:02.930227756,changed_mind,1932.21
R003436,O032222,C01956,2025-06-24 15:51:12.600420091,wrong_item,1957.21
R003437,O032223,C02920,2025-06-21 12:49:11.579807517,wrong_item,918.14
R003438,O032226,C08163,2025-06-24 16:00:19.625175586,changed_mind,1089.9
R003439,O032233,C04166,2025-06-22 04:34:49.761768201,not_as_described,6267.87
R003440,O032239,C05469,2025-06-24 21:38:59.028021992,changed_mind,2183.7
R003441,O032242,C04784,2025-06-30 22:15:39.031694578,size_fit,2487.0
R003442,O032243,C04812,2025-06-23 20:20:58.670320945,wrong_item,639.66
R003443,O032256,C05456,2025-06-24 02:23:15.448244330,changed_mind,5298.2
R003444,O032262,C02004,2025-06-22 21:56:52.359322650,wrong_item,9921.87
R003445,O032284,C03601,2025-06-22 14:19:02.577085867,not_as_described,3654.12
R003446,O032293,C09321,2025-06-23 11:15:54.072072792,size_fit,2242.23
R003447,O032302,C09477,2025-06-22 03:44:49.446534321,not_as_described,732.65
R003448,O032309,C07824,2025-06-24 16:07:56.800268097,size_fit,305.41
R003449,O032314,C07569,2025-06-22 12:17:58.712148265,damaged,10616.45
R003450,O032319,C09554,2025-06-21 22:54:35.274756420,not_as_described,51164.43
R003451,O032326,C03736,2025-06-23 03:41:40.289420511,size_fit,3064.97
R003452,O032358,C07605,2025-06-19 02:22:37.884728870,not_as_described,443.0
R003453,O032368,C01428,2025-06-21 16:09:24.274903528,wrong_item,6626.3
R003454,O032378,C09553,2025-06-20 09:10:47.153591029,changed_mind,4524.41
R003455,O032388,C06426,2025-06-22 16:40:07.278112635,size_fit,1758.26
R003456,O032390,C06949,2025-07-03 00:59:23.106946124,damaged,1206.41
R003457,O032404,C02827,2025-06-26 03:24:40.412069910,damaged,1547.58
R003458,O032413,C01385,2025-06-29 14:57:14.594001123,size_fit,1832.22
R003459,O032416,C01021,2025-06-21 11:15:36.586203667,wrong_item,1376.19
R003460,O032423,C07112,2025-06-23 23:06:26.787571063,damaged,1026.76
R003461,O032432,C07475,2025-06-30 14:23:19.759208200,changed_mind,1505.34
R003462,O032435,C00949,2025-06-28 12:22:26.327359945,not_as_described,1955.32
R003463,O032436,C02435,2025-06-24 00:35:34.571134622,size_fit,680.94
R003464,O032437,C00628,2025-06-22 22:49:17.771574619,not_as_described,12758.92
R003465,O032454,C06036,2025-06-24 17:30:22.253959911,not_as_described,2146.58
R003466,O032480,C02707,2025-06-21 16:28:46.454365696,damaged,525.9
R003467,O032483,C06407,2025-06-23 07:39:15.167825618,not_as_described,18849.17
R003468,O032507,C05113,2025-06-24 23:14:21.611390535,size_fit,2162.56
R003469,O032520,C00266,2025-06-28 15:27:29.283877540,wrong_item,5588.36
R003470,O032525,C01065,2025-06-23 01:39:57.876682503,changed_mind,2357.64
R003471,O032530,C04559,2025-06-30 14:42:55.043389821,changed_mind,362.39
R003472,O032534,C03684,2025-06-22 10:09:29.138222682,size_fit,1421.7
R003473,O032537,C07066,2025-06-28 02:20:19.115375730,size_fit,1716.21
R003474,O032550,C09888,2025-06-20 23:37:47.799775030,not_as_described,3042.02
R003475,O032551,C05890,2025-06-24 06:36:01.951482463,not_as_described,2276.39
R003476,O032552,C05767,2025-06-22 14:10:13.299269221,wrong_item,11046.49
R003477,O032574,C03603,2025-06-22 14:06:49.661722652,damaged,1673.12
R003478,O032609,C00929,2025-06-28 00:34:13.211244278,not_as_described,2358.63
R003479,O032616,C03049,2025-06-27 20:03:11.091404232,not_as_described,3572.26
R003480,O032623,C07732,2025-06-25 08:05:41.485337242,not_as_described,1411.76
R003481,O032625,C00437,2025-06-30 12:31:52.437003668,damaged,10070.29
R003482,O032629,C06450,2025-06-25 10:28:43.527876805,damaged,1278.26
R003483,O032647,C01458,2025-06-25 19:55:47.974198306,not_as_described,1792.56
R003484,O032655,C09670,2025-06-23 00:50:23.043596499,changed_mind,1230.55
R003485,O032672,C04491,2025-06-24 19:29:41.997444338,damaged,1093.38
R003486,O032681,C06008,2025-06-24 05:16:03.735512759,damaged,5432.99
R003487,O032689,C05841,2025-06-26 01:09:50.561160080,not_as_described,659.32
R003488,O032691,C03587,2025-06-28 00:29:55.715102325,size_fit,9153.39
R003489,O032698,C00300,2025-06-24 09:50:56.926341902,wrong_item,5707.21
R003490,O032700,C08855,2025-06-25 03:38:22.484454871,wrong_item,16960.6
R003491,O032713,C08434,2025-06-28 16:58:48.356468364,not_as_described,5771.7
R003492,O032736,C09972,2025-06-26 22:42:53.462596644,size_fit,7805.0
R003493,O032746,C02620,2025-06-23 19:24:09.339474261,not_as_described,7065.64
R003494,O032764,C08236,2025-06-24 09:15:37.322671100,size_fit,1486.09
R003495,O032771,C04852,2025-06-28 05:08:46.061344359,not_as_described,1446.36
R003496,O032774,C04226,2025-06-25 08:59:01.992435946,not_as_described,12180.32
R003497,O032789,C03667,2025-07-01 09:17:21.779804220,size_fit,13469.42
R003498,O032792,C07021,2025-06-24 10:48:15.050882383,not_as_described,3614.06
R003499,O032800,C05268,2025-06-25 10:29:10.184116196,size_fit,4529.46
R003500,O032801,C03532,2025-06-22 06:07:37.401123457,size_fit,3079.2
R003501,O032803,C04881,2025-06-25 03:08:10.429045191,changed_mind,294.35
R003502,O032812,C03469,2025-06-22 14:16:31.217007342,changed_mind,2102.72
R003503,O032828,C03954,2025-06-24 07:49:16.510297206,not_as_described,2055.17
R003504,O032836,C03706,2025-06-27 11:41:51.452330676,size_fit,13974.58
R003505,O032848,C01689,2025-07-02 08:58:34.877905676,size_fit,1418.53
R003506,O032853,C05306,2025-06-26 01:32:09.843253382,size_fit,6337.35
R003507,O032857,C00882,2025-06-27 13:06:34.983647524,wrong_item,1180.13
R003508,O032872,C08049,2025-06-23 10:57:13.401953625,size_fit,389.12
R003509,O032877,C05585,2025-06-24 08:02:08.776804289,size_fit,1042.27
R003510,O032896,C03665,2025-06-24 22:39:05.471652466,changed_mind,428.57
R003511,O032918,C07469,2025-06-26 23:09:32.383838728,damaged,754.07
R003512,O032938,C04832,2025-06-26 17:39:55.573637623,not_as_described,12153.67
R003513,O032954,C05313,2025-06-26 12:33:06.610341542,not_as_described,5722.9
R003514,O032955,C09963,2025-06-26 05:45:59.082615716,changed_mind,3943.0
R003515,O032967,C05039,2025-06-25 04:58:25.863545751,size_fit,3620.26
R003516,O032971,C01247,2025-06-27 03:37:24.166494026,changed_mind,20010.16
R003517,O032993,C02061,2025-06-28 03:25:58.077631390,damaged,2624.75
R003518,O032999,C05521,2025-06-28 10:52:59.340886842,changed_mind,17744.73
R003519,O033004,C02112,2025-06-24 22:48:45.327017595,not_as_described,1041.15
R003520,O033007,C05109,2025-06-24 10:34:22.001069154,changed_mind,5161.74
R003521,O033008,C02868,2025-07-03 21:42:54.148954744,not_as_described,12083.0
R003522,O033026,C03577,2025-07-02 13:13:53.304669278,size_fit,865.02
R003523,O033055,C04952,2025-06-23 17:59:54.172001443,changed_mind,3650.67
R003524,O033075,C07137,2025-06-28 15:17:45.683875302,damaged,2534.51
R003525,O033086,C03963,2025-06-23 16:21:42.949344142,not_as_described,2419.31
R003526,O033091,C09175,2025-07-01 06:04:58.576769857,changed_mind,1170.3
R003527,O033106,C07490,2025-06-27 16:31:17.920066695,size_fit,782.63
R003528,O033123,C09563,2025-06-23 18:35:41.895986398,changed_mind,1412.73
R003529,O033132,C05459,2025-06-25 02:01:47.179426173,not_as_described,1306.75
R003530,O033143,C00149,2025-06-27 02:46:38.856743857,wrong_item,815.97
R003531,O033152,C06224,2025-07-02 06:12:46.767313573,damaged,7488.26
R003532,O033157,C08717,2025-06-27 19:12:36.554502776,not_as_described,457.81
R003533,O033158,C05638,2025-07-02 03:40:58.293505779,size_fit,3154.16
R003534,O033159,C05706,2025-06-30 16:06:16.197910005,changed_mind,1577.35
R003535,O033168,C06352,2025-07-02 05:39:26.764180952,not_as_described,1038.31
R003536,O033175,C09760,2025-06-26 17:25:37.915788169,damaged,4367.43
R003537,O033183,C00576,2025-07-03 03:00:41.297461264,not_as_described,932.09
R003538,O033184,C05209,2025-06-29 01:30:29.940863716,damaged,1180.84
R003539,O033192,C02630,2025-06-27 03:23:01.025257502,wrong_item,938.9
R003540,O033200,C08293,2025-06-25 14:22:17.088003361,size_fit,11985.22
R003541,O033207,C02187,2025-06-28 00:37:03.447730498,size_fit,2678.82
R003542,O033240,C01534,2025-06-29 04:45:14.751276706,size_fit,529.5
R003543,O033246,C05848,2025-07-01 06:55:50.223736729,size_fit,1228.3
R003544,O033249,C06388,2025-06-26 07:29:05.285058295,size_fit,958.83
R003545,O033269,C08976,2025-06-25 11:47:51.358519762,size_fit,2163.96
R003546,O033271,C06402,2025-07-02 10:58:03.281662743,size_fit,11417.7
R003547,O033278,C05370,2025-06-26 23:49:09.922830214,not_as_described,2826.86
R003548,O033280,C01213,2025-06-26 01:39:01.593418982,wrong_item,12218.3
R003549,O033287,C01654,2025-06-26 21:02:43.134466920,damaged,5471.01
R003550,O033299,C00982,2025-07-05 06:01:47.743982558,wrong_item,601.66
R003551,O033311,C03035,2025-06-26 15:58:50.567213060,not_as_described,21740.9
R003552,O033323,C06280,2025-06-27 00:04:43.107546597,size_fit,1125.0
R003553,O033325,C09164,2025-06-30 23:53:31.430615694,not_as_described,473.71
R003554,O033338,C05703,2025-06-30 22:08:44.623316760,not_as_described,4088.43
R003555,O033339,C06872,2025-06-26 02:58:23.864415960,size_fit,1401.05
R003556,O033345,C01215,2025-06-26 10:55:33.927879698,not_as_described,43428.5
R003557,O033347,C03388,2025-06-26 21:49:18.391327514,not_as_described,5386.62
R003558,O033357,C01625,2025-07-11 14:33:06.445678687,not_as_described,445.75
R003559,O033360,C00303,2025-06-27 20:00:40.103289374,not_as_described,515.02
R003560,O033389,C08167,2025-06-28 09:44:44.670699697,not_as_described,1293.76
R003561,O033407,C09013,2025-06-27 16:53:13.265990480,size_fit,2827.74
R003562,O033409,C09919,2025-07-04 22:49:56.822185603,size_fit,416.07
R003563,O033411,C08639,2025-06-30 05:16:28.097453481,wrong_item,1015.66
R003564,O033414,C05213,2025-06-29 00:30:09.806884239,damaged,2193.96
R003565,O033423,C07528,2025-06-30 06:45:15.816640827,changed_mind,2412.13
R003566,O033428,C05633,2025-06-28 14:07:21.929381205,size_fit,730.24
R003567,O033432,C04396,2025-07-04 14:07:20.203822052,wrong_item,4820.97
R003568,O033435,C05018,2025-06-27 05:41:48.198399032,not_as_described,1201.5
R003569,O033454,C01866,2025-06-27 04:25:26.681694481,changed_mind,1217.4
R003570,O033455,C06598,2025-06-30 14:44:38.535383598,damaged,4659.63
R003571,O033456,C02928,2025-06-29 22:19:51.559792204,size_fit,2183.14
R003572,O033471,C01351,2025-06-25 06:20:40.835512438,not_as_described,6193.77
R003573,O033473,C07022,2025-07-03 15:12:20.763847976,wrong_item,1998.4
R003574,O033474,C07385,2025-06-28 21:13:30.734181156,not_as_described,9294.98
R003575,O033492,C08802,2025-06-26 08:29:13.261685719,size_fit,1854.92
R003576,O033494,C05963,2025-07-04 12:52:02.018347201,size_fit,3713.41
R003577,O033502,C00598,2025-06-28 18:09:48.503866302,not_as_described,1697.21
R003578,O033509,C08197,2025-06-30 09:31:02.972025109,size_fit,7313.3
R003579,O033510,C04128,2025-06-28 01:12:29.579274684,size_fit,3183.5
R003580,O033521,C07174,2025-06-28 16:03:31.604644386,wrong_item,3957.24
R003581,O033523,C05990,2025-06-29 03:09:25.975975622,size_fit,2254.66
R003582,O033526,C00005,2025-06-29 05:35:12.516341398,not_as_described,1741.82
R003583,O033541,C09212,2025-06-29 16:41:15.900011919,size_fit,1215.48
R003584,O033551,C08193,2025-06-28 16:19:43.507268421,damaged,6441.25
R003585,O033552,C06294,2025-07-02 23:40:59.489128466,changed_mind,4906.37
R003586,O033555,C02520,2025-07-03 01:11:11.017879245,damaged,548.24
R003587,O033556,C03534,2025-07-05 00:55:09.796026079,not_as_described,2121.6
R003588,O033600,C00367,2025-07-01 06:36:33.236099229,changed_mind,1329.03
R003589,O033605,C03776,2025-06-27 11:10:13.562296035,size_fit,1497.12
R003590,O033608,C07079,2025-07-12 06:15:01.373669863,not_as_described,786.02
R003591,O033622,C04757,2025-06-30 14:17:38.980871264,damaged,1729.83
R003592,O033625,C09143,2025-06-29 02:21:26.535124040,wrong_item,19001.62
R003593,O033628,C07768,2025-06-28 14:01:26.844179606,size_fit,3536.55
R003594,O033639,C08361,2025-06-29 12:44:05.766390409,not_as_described,780.7
R003595,O033644,C04717,2025-07-02 02:30:35.675045452,damaged,2405.12
R003596,O033648,C00142,2025-06-27 02:35:21.246945406,size_fit,4630.41
R003597,O033652,C08620,2025-06-27 04:32:01.264674098,not_as_described,6221.23
R003598,O033658,C06841,2025-06-29 03:22:28.905770838,size_fit,2423.38
R003599,O033661,C07606,2025-06-30 23:35:04.697877638,changed_mind,1132.52
R003600,O033676,C04120,2025-07-01 17:05:44.804698299,wrong_item,801.99
R003601,O033685,C05368,2025-06-28 18:49:05.084538470,not_as_described,8500.08
R003602,O033686,C08141,2025-07-01 17:32:43.205396017,not_as_described,1451.6
R003603,O033702,C07904,2025-07-01 00:23:02.136326053,size_fit,10759.99
R003604,O033706,C00764,2025-07-03 07:28:43.344686294,not_as_described,9743.24
R003605,O033710,C02566,2025-06-28 09:06:35.157098404,wrong_item,380.74
R003606,O033735,C02148,2025-06-28 16:40:56.397660589,not_as_described,1012.95
R003607,O033738,C09610,2025-06-29 05:43:45.582166639,size_fit,8321.87
R003608,O033741,C03097,2025-07-04 03:30:33.454684573,size_fit,907.23
R003609,O033753,C01439,2025-06-29 22:55:00.379461738,not_as_described,2664.14
R003610,O033764,C09721,2025-06-30 17:20:27.872070392,size_fit,622.68
R003611,O033769,C07648,2025-06-29 02:11:13.597380974,size_fit,3731.11
R003612,O033775,C08966,2025-06-27 17:02:28.516080310,changed_mind,6490.93
R003613,O033778,C07240,2025-06-29 01:57:17.412031080,not_as_described,616.61
R003614,O033783,C06216,2025-06-28 09:17:40.143134400,damaged,526.08
R003615,O033790,C02237,2025-07-02 20:57:36.505576105,size_fit,4148.19
R003616,O033803,C04056,2025-07-03 03:20:22.647612177,size_fit,9509.01
R003617,O033811,C05212,2025-07-06 05:32:13.617772922,not_as_described,13015.1
R003618,O033822,C04006,2025-06-29 14:10:58.124865576,size_fit,2658.87
R003619,O033834,C01912,2025-07-04 20:12:58.449843777,not_as_described,23490.28
R003620,O033842,C03798,2025-07-02 04:00:02.699313220,size_fit,6837.17
R003621,O033847,C03333,2025-07-16 00:00:00.000000000,wrong_item,18924.83
R003622,O033848,C09232,2025-06-30 23:06:40.536792662,size_fit,11231.71
R003623,O033849,C03882,2025-06-28 22:50:16.276722550,wrong_item,3707.47
R003624,O033860,C09006,2025-07-02 04:21:02.892851575,size_fit,6404.57
R003625,O033879,C08364,2025-06-28 15:14:05.911029970,wrong_item,1732.95
R003626,O033891,C04581,2025-06-28 17:21:06.283376096,size_fit,1238.27
R003627,O033904,C08155,2025-07-01 06:42:21.649444974,changed_mind,1394.12
R003628,O033934,C06261,2025-07-03 02:05:18.496776195,damaged,4465.07
R003629,O033942,C08373,2025-07-01 02:52:57.339577977,changed_mind,1532.55
R003630,O033947,C01706,2025-07-01 21:46:22.153312416,size_fit,621.51
R003631,O033954,C05807,2025-07-05 17:21:39.268052344,wrong_item,3052.42
R003632,O033965,C07155,2025-07-01 11:41:06.384950142,not_as_described,433.77
R003633,O033968,C02798,2025-06-29 14:26:38.132343355,size_fit,663.89
R003634,O033973,C05350,2025-07-08 17:18:40.500531187,not_as_described,731.69
R003635,O033985,C02829,2025-07-02 12:35:18.394160330,changed_mind,837.98
R003636,O033988,C00897,2025-07-02 16:22:31.953457560,wrong_item,3102.79
R003637,O034000,C07810,2025-06-30 04:01:30.398576278,not_as_described,3783.21
R003638,O034019,C01193,2025-06-30 23:41:52.530648658,damaged,13833.84
R003639,O034036,C05263,2025-07-02 05:17:30.692919559,wrong_item,1859.62
R003640,O034050,C02444,2025-07-01 07:22:58.600466126,not_as_described,3248.39
R003641,O034052,C02191,2025-07-04 23:53:08.237861487,changed_mind,2238.12
R003642,O034053,C09431,2025-07-03 11:16:27.695054845,damaged,2802.47
R003643,O034062,C01323,2025-07-09 10:14:59.076967462,wrong_item,2082.16
R003644,O034069,C02642,2025-07-03 18:25:05.453396832,wrong_item,868.07
R003645,O034075,C01809,2025-07-04 20:31:54.844583336,size_fit,14132.7
R003646,O034082,C04601,2025-07-03 11:04:27.915645925,not_as_described,1762.51
R003647,O034087,C01895,2025-06-29 19:35:54.619593939,damaged,4217.78
R003648,O034103,C02518,2025-07-03 12:34:16.591750575,damaged,3527.7
R003649,O034109,C03614,2025-07-01 19:59:34.369822154,changed_mind,4571.59
R003650,O034117,C08495,2025-07-02 05:33:53.663160229,size_fit,332.76
R003651,O034120,C04364,2025-07-04 13:02:31.207809292,size_fit,5329.73
R003652,O034121,C03009,2025-07-04 09:35:49.866503395,not_as_described,2082.44
R003653,O034123,C03987,2025-07-04 13:41:18.682764630,not_as_described,1100.07
R003654,O034150,C07314,2025-06-30 15:54:57.803399596,size_fit,6348.02
R003655,O034153,C00123,2025-07-01 15:03:36.508698414,damaged,4445.72
R003656,O034159,C00972,2025-06-30 17:51:37.166672444,not_as_described,5162.57
R003657,O034161,C02722,2025-07-02 00:35:27.656767352,changed_mind,2016.85
R003658,O034164,C09577,2025-07-02 18:47:32.001020775,not_as_described,2864.27
R003659,O034169,C07209,2025-07-02 04:08:01.974161202,wrong_item,4458.15
R003660,O034173,C06043,2025-07-03 11:56:33.376072578,wrong_item,1707.27
R003661,O034174,C05649,2025-07-07 15:03:18.311124711,size_fit,1526.63
R003662,O034196,C09279,2025-07-09 19:45:13.656802035,damaged,3652.38
R003663,O034198,C02345,2025-07-04 22:19:23.512882980,not_as_described,21698.61
R003664,O034202,C01693,2025-07-06 15:27:10.000987689,not_as_described,3410.46
R003665,O034222,C05796,2025-07-02 04:15:03.128291344,changed_mind,4782.77
R003666,O034225,C08723,2025-07-04 09:19:40.092497310,size_fit,448.63
R003667,O034227,C02690,2025-07-04 16:45:42.607726516,not_as_described,747.0
R003668,O034231,C09356,2025-07-01 05:33:59.199957187,size_fit,2138.25
R003669,O034240,C06457,2025-07-02 16:25:52.136947736,damaged,1588.97
R003670,O034252,C03718,2025-07-03 11:30:23.496053817,size_fit,1540.96
R003671,O034259,C03917,2025-07-01 20:47:29.741506821,size_fit,1241.2
R003672,O034266,C02920,2025-07-10 00:00:00.000000000,damaged,489.1
R003673,O034272,C04869,2025-07-05 12:34:54.569336001,damaged,3024.16
R003674,O034289,C01701,2025-07-04 18:39:54.339237198,not_as_described,25488.36
R003675,O034294,C08418,2025-07-05 08:04:07.359200032,changed_mind,2744.63
R003676,O034295,C07439,2025-07-04 04:22:39.861179385,size_fit,1156.62
R003677,O034301,C06733,2025-07-08 18:43:39.148235248,size_fit,9022.91
R003678,O034304,C01030,2025-07-05 15:15:04.441137659,damaged,1668.6
R003679,O034306,C02141,2025-07-05 03:29:20.757110971,damaged,1738.94
R003680,O034317,C08754,2025-07-02 21:41:10.375332396,size_fit,4355.27
R003681,O034333,C09946,2025-07-06 00:20:48.046581423,changed_mind,7545.13
R003682,O034352,C06736,2025-07-04 12:07:24.322760878,not_as_described,1492.21
R003683,O034357,C06040,2025-07-07 13:49:30.338242960,changed_mind,1447.67
R003684,O034361,C04927,2025-07-10 05:27:52.124862502,changed_mind,2914.79
R003685,O034364,C04346,2025-07-05 14:17:37.274898429,size_fit,7590.2
R003686,O034374,C03830,2025-07-02 16:10:19.524303652,size_fit,3101.68
R003687,O034382,C05591,2025-07-13 22:30:44.893723197,changed_mind,8289.75
R003688,O034387,C03931,2025-07-12 09:16:21.289487401,not_as_described,2872.99
R003689,O034390,C03782,2025-07-01 18:27:07.557026810,changed_mind,1825.04
R003690,O034395,C02115,2025-07-08 06:35:29.041042160,changed_mind,1420.69
R003691,O034396,C06797,2025-07-03 17:12:27.455390740,changed_mind,1822.65
R003692,O034409,C02504,2025-07-09 15:20:16.048166672,not_as_described,4160.02
R003693,O034414,C01632,2025-07-04 17:55:24.629064502,changed_mind,2342.72
R003694,O034418,C01971,2025-07-02 22:46:58.165264837,damaged,526.51
R003695,O034421,C08971,2025-07-03 20:28:52.917353655,size_fit,8129.03
R003696,O034430,C00077,2025-07-04 00:01:00.110146965,not_as_described,2001.73
R003697,O034435,C09574,2025-07-05 22:55:17.116253274,size_fit,4630.88
R003698,O034439,C09910,2025-07-05 22:29:59.054699140,changed_mind,13254.72
R003699,O034444,C08680,2025-07-03 10:35:26.310156792,damaged,11893.74
R003700,O034459,C02799,2025-07-05 02:09:29.240252964,size_fit,1467.3
R003701,O034465,C04041,2025-07-12 17:28:05.818866898,not_as_described,1295.33
R003702,O034469,C02175,2025-07-19 00:00:00.000000000,not_as_described,1170.94
R003703,O034473,C02056,2025-07-06 12:52:10.229027361,not_as_described,6383.18
R003704,O034475,C04190,2025-07-06 03:55:42.212623371,not_as_described,4201.04
R003705,O034487,C04445,2025-07-09 17:18:28.042175739,size_fit,454.22
R003706,O034490,C08507,2025-07-05 09:21:49.740399702,wrong_item,1699.11
R003707,O034497,C09934,2025-07-04 00:28:37.720907475,damaged,1657.53
R003708,O034510,C01533,2025-07-05 17:14:14.699508579,not_as_described,495.77
R003709,O034511,C02940,2025-07-03 07:11:30.231882070,size_fit,845.39
R003710,O034513,C07531,2025-07-05 13:03:38.582488080,size_fit,785.69
R003711,O034557,C04649,2025-07-06 03:23:06.331061724,not_as_described,6504.18
R003712,O034559,C01437,2025-07-06 23:45:58.278488893,size_fit,454.45
R003713,O034580,C05943,2025-07-06 09:04:01.118652823,wrong_item,1418.97
R003714,O034594,C05016,2025-07-03 11:21:12.785776945,not_as_described,11130.93
R003715,O034617,C06607,2025-07-05 12:05:09.600506656,not_as_described,603.05
R003716,O034620,C08574,2025-07-08 01:35:09.319936750,not_as_described,1228.91
R003717,O034625,C07879,2025-07-02 06:38:30.804481554,size_fit,2038.42
R003718,O034629,C08564,2025-07-06 06:21:50.531953996,size_fit,719.0
R003719,O034633,C04863,2025-07-04 08:34:13.727770791,size_fit,1021.5
R003720,O034638,C01872,2025-07-04 20:04:29.432132770,size_fit,2661.61
R003721,O034647,C00893,2025-07-04 15:04:20.678943799,size_fit,1451.87
R003722,O034656,C06365,2025-07-08 09:10:10.540522844,not_as_described,1622.27
R003723,O034657,C04661,2025-07-09 21:54:30.537580093,not_as_described,1495.34
R003724,O034693,C06935,2025-07-11 11:19:22.397175890,wrong_item,3446.79
R003725,O034706,C03503,2025-07-07 20:21:02.282244336,size_fit,634.77
R003726,O034709,C00229,2025-07-04 10:22:18.195569648,damaged,1478.95
R003727,O034732,C09121,2025-07-04 22:19:42.212674059,changed_mind,20794.24
R003728,O034733,C08218,2025-07-06 16:39:10.445227336,damaged,1578.11
R003729,O034749,C05321,2025-07-02 05:44:40.542553514,not_as_described,4992.36
R003730,O034761,C01634,2025-07-04 00:31:23.177891197,size_fit,5690.41
R003731,O034778,C03735,2025-07-04 08:34:04.685851650,size_fit,2172.75
R003732,O034779,C06852,2025-07-05 20:47:11.162446202,damaged,4863.39
R003733,O034780,C08230,2025-07-04 11:36:42.444148723,size_fit,4087.95
R003734,O034782,C00532,2025-07-06 17:16:16.678713068,changed_mind,1074.66
R003735,O034791,C01040,2025-07-02 18:08:30.959986038,wrong_item,1702.43
R003736,O034802,C06065,2025-07-08 22:37:38.023190688,size_fit,398.7
R003737,O034813,C04423,2025-07-05 14:32:10.515972577,size_fit,2330.15
R003738,O034829,C07676,2025-07-04 01:14:54.714997665,wrong_item,5068.04
R003739,O034854,C01044,2025-07-04 17:49:39.496124917,size_fit,756.47
R003740,O034855,C00941,2025-07-04 12:28:00.161402199,size_fit,1732.65
R003741,O034898,C06406,2025-07-03 11:12:19.892154880,size_fit,1320.17
R003742,O034907,C06365,2025-07-13 09:09:13.050422636,damaged,5134.88
R003743,O034908,C09014,2025-07-07 08:21:44.680534074,damaged,1704.43
R003744,O034926,C04989,2025-07-05 08:27:16.820567060,not_as_described,1878.75
R003745,O034929,C01941,2025-07-12 08:43:04.724003355,size_fit,730.78
R003746,O034937,C00781,2025-07-05 14:03:14.098869648,size_fit,1722.12
R003747,O034946,C03102,2025-07-07 07:12:22.082472378,not_as_described,3345.76
R003748,O034947,C00781,2025-07-08 03:18:19.055932254,wrong_item,1748.52
R003749,O034948,C01756,2025-07-06 17:49:42.281273391,size_fit,3238.01
R003750,O034954,C05658,2025-07-05 19:04:56.446974825,not_as_described,10647.89
R003751,O034962,C00253,2025-07-07 18:40:21.857831043,not_as_described,847.31
R003752,O034977,C03002,2025-07-09 18:36:53.968875692,changed_mind,1493.65
R003753,O034978,C08663,2025-07-08 16:01:48.824996926,changed_mind,4374.8
R003754,O034985,C05762,2025-07-09 02:10:03.235681768,not_as_described,1819.08
R003755,O034992,C06481,2025-07-04 01:03:18.020318418,damaged,1313.98
R003756,O035007,C00612,2025-07-06 17:36:16.004635758,changed_mind,2980.2
R003757,O035013,C05883,2025-07-05 07:42:40.315529203,not_as_described,1099.98
R003758,O035015,C00186,2025-07-14 02:46:58.515786260,not_as_described,1151.75
R003759,O035023,C04942,2025-07-08 07:08:08.954440440,changed_mind,902.0
R003760,O035028,C09201,2025-07-14 04:21:28.184290650,not_as_described,2157.12
R003761,O035031,C03131,2025-07-08 10:04:46.815649633,size_fit,460.44
R003762,O035033,C01971,2025-07-05 00:49:34.167021337,not_as_described,693.23
R003763,O035039,C00173,2025-07-06 15:07:19.805573395,not_as_described,2533.04
R003764,O035058,C02730,2025-07-07 06:46:28.213956937,size_fit,10432.78
R003765,O035064,C05626,2025-07-07 04:00:19.351858165,not_as_described,1543.32
R003766,O035078,C01713,2025-07-07 02:10:38.174673579,size_fit,2383.92
R003767,O035091,C03406,2025-07-08 10:33:39.088618700,changed_mind,4085.43
R003768,O035111,C04752,2025-07-05 07:22:59.309604670,not_as_described,1895.58
R003769,O035133,C09408,2025-07-07 22:12:37.231660872,size_fit,4013.52
R003770,O035136,C05282,2025-07-06 04:10:24.126287808,changed_mind,1866.48
R003771,O035137,C06202,2025-07-06 14:22:57.401014173,damaged,1691.31
R003772,O035152,C06544,2025-07-05 01:52:45.715266645,changed_mind,657.8
R003773,O035162,C03124,2025-07-15 20:10:13.314387687,not_as_described,425.07
R003774,O035182,C09686,2025-07-06 03:49:48.371729289,not_as_described,1566.94
R003775,O035237,C06849,2025-07-06 12:08:05.320444380,changed_mind,1378.19
R003776,O035239,C06291,2025-07-12 03:17:28.543791807,wrong_item,847.26
R003777,O035247,C05712,2025-07-07 12:05:57.701890100,size_fit,17621.88
R003778,O035251,C02824,2025-07-05 14:42:04.345630812,wrong_item,878.05
R003779,O035259,C01297,2025-07-07 22:06:07.767632649,wrong_item,2389.9
R003780,O035267,C02440,2025-07-06 21:45:11.674755860,not_as_described,2191.36
R003781,O035275,C03099,2025-07-12 23:49:10.259453218,size_fit,851.01
R003782,O035282,C04458,2025-07-11 14:00:31.487384527,size_fit,386.56
R003783,O035289,C03688,2025-07-09 11:49:33.816584722,damaged,3055.49
R003784,O035291,C04333,2025-07-10 00:48:16.932288373,not_as_described,1626.89
R003785,O035319,C09718,2025-07-11 00:58:07.056315627,changed_mind,691.43
R003786,O035321,C06158,2025-07-10 08:00:03.860752370,not_as_described,2361.22
R003787,O035329,C02239,2025-07-08 08:33:42.282340394,size_fit,568.61
R003788,O035338,C04363,2025-07-09 18:45:36.627649682,not_as_described,11073.37
R003789,O035340,C03178,2025-07-08 18:31:45.548376884,size_fit,843.69
R003790,O035377,C07053,2025-07-10 12:48:00.820571295,size_fit,405.94
R003791,O035386,C08487,2025-07-08 18:27:57.072727688,size_fit,1457.49
R003792,O035401,C05253,2025-07-09 19:14:38.781029583,changed_mind,375.9
R003793,O035403,C08563,2025-07-17 15:25:14.878569100,damaged,1022.47
R003794,O035418,C05881,2025-07-12 22:11:41.110922112,damaged,341.54
R003795,O035422,C03349,2025-07-11 21:01:14.526396685,size_fit,3108.03
R003796,O035427,C07295,2025-07-07 22:15:29.332391968,changed_mind,432.55
R003797,O035435,C00994,2025-07-09 11:27:23.317225106,damaged,1460.99
R003798,O035446,C06175,2025-07-10 00:16:46.458550891,not_as_described,3888.14
R003799,O035452,C07975,2025-07-10 08:21:31.259052597,size_fit,1851.88
R003800,O035460,C07498,2025-07-08 10:36:39.589238192,size_fit,2867.61
R003801,O035479,C04988,2025-07-11 13:00:01.010612476,wrong_item,6923.87
R003802,O035485,C04113,2025-07-07 17:24:22.460098510,changed_mind,575.77
R003803,O035493,C07117,2025-07-10 12:56:06.021057177,not_as_described,10381.05
R003804,O035494,C05751,2025-07-08 14:23:10.889065287,wrong_item,577.86
R003805,O035519,C09205,2025-07-11 03:34:06.445724340,not_as_described,3267.83
R003806,O035522,C01593,2025-07-12 08:34:35.618948436,damaged,2466.75
R003807,O035523,C05866,2025-07-08 12:00:15.008380387,not_as_described,862.6
R003808,O035530,C02940,2025-07-07 04:53:37.761267768,wrong_item,5972.89
R003809,O035560,C00145,2025-07-13 22:39:22.775102877,not_as_described,845.56
R003810,O035569,C04622,2025-07-10 06:08:56.084822703,size_fit,2023.49
R003811,O035574,C06246,2025-07-11 10:13:23.370735795,size_fit,2190.7
R003812,O035579,C01154,2025-07-17 12:34:28.729932092,changed_mind,340.28
R003813,O035595,C04396,2025-07-08 05:38:20.043261837,changed_mind,1130.23
R003814,O035599,C08597,2025-07-11 05:05:43.072551164,not_as_described,2520.04
R003815,O035621,C08215,2025-07-08 15:04:22.572387768,changed_mind,1670.98
R003816,O035625,C04258,2025-07-11 12:12:57.292526862,size_fit,3847.02
R003817,O035632,C02946,2025-07-10 19:55:38.757484092,wrong_item,4078.17
R003818,O035640,C02023,2025-07-11 15:41:57.326281836,not_as_described,31690.91
R003819,O035661,C03930,2025-07-16 07:03:07.369801182,not_as_described,698.24
R003820,O035673,C05098,2025-07-12 02:22:44.115797888,wrong_item,756.64
R003821,O035676,C01341,2025-07-08 11:51:02.918854123,not_as_described,2605.69
R003822,O035689,C04174,2025-07-10 20:38:31.226628418,not_as_described,1886.66
R003823,O035694,C02218,2025-07-08 16:45:02.806414934,size_fit,1731.01
R003824,O035708,C04499,2025-07-10 03:55:41.160761853,size_fit,581.74
R003825,O035722,C05231,2025-07-09 03:54:44.824017873,not_as_described,11056.01
R003826,O035724,C05717,2025-07-13 19:06:09.224360881,not_as_described,1416.5
R003827,O035728,C07294,2025-07-09 12:29:45.666364246,damaged,5654.67
R003828,O035729,C09235,2025-07-13 02:12:18.596378455,size_fit,2263.32
R003829,O035746,C07920,2025-07-11 15:44:37.276551020,size_fit,677.63
R003830,O035751,C05864,2025-07-15 09:32:57.104598174,size_fit,9261.55
R003831,O035753,C09125,2025-07-10 04:06:13.119633021,damaged,838.96
R003832,O035759,C00676,2025-07-09 06:19:46.205765857,wrong_item,844.39
R003833,O035760,C04650,2025-07-20 18:02:18.273954224,changed_mind,2652.27
R003834,O035778,C05554,2025-07-15 06:54:03.191422453,size_fit,702.74
R003835,O035785,C01664,2025-07-10 13:44:07.274580802,size_fit,2107.96
R003836,O035789,C07485,2025-07-09 16:18:18.705622211,size_fit,1598.61
R003837,O035794,C00786,2025-07-18 22:47:41.339225004,not_as_described,1657.25
R003838,O035802,C04308,2025-07-08 19:07:19.802241656,wrong_item,771.34
R003839,O035812,C00667,2025-07-12 15:29:30.497849091,size_fit,5537.33
R003840,O035836,C06306,2025-07-11 02:36:14.778328834,wrong_item,19141.51
R003841,O035837,C04762,2025-07-10 21:14:47.538508711,not_as_described,1039.6
R003842,O035844,C06884,2025-07-13 23:45:27.154910566,changed_mind,421.2
R003843,O035876,C09201,2025-07-15 05:17:47.748308006,size_fit,4678.78
R003844,O035878,C07627,2025-07-10 23:45:15.948558388,wrong_item,820.7
R003845,O035901,C08883,2025-07-13 02:25:00.030673524,size_fit,3076.02
R003846,O035920,C01222,2025-07-13 08:40:01.705732323,damaged,5664.9
R003847,O035924,C01825,2025-07-09 05:45:40.071478543,not_as_described,10217.72
R003848,O035926,C07824,2025-07-10 21:07:20.737093044,damaged,11043.15
R003849,O035931,C00589,2025-07-12 11:47:31.265278198,changed_mind,1193.2
R003850,O035932,C09501,2025-07-10 11:27:54.233073115,changed_mind,4248.85
R003851,O035937,C08721,2025-07-10 16:50:35.310558696,not_as_described,9422.59
R003852,O035958,C05435,2025-07-14 08:10:06.784843846,size_fit,1005.62
R003853,O035966,C09558,2025-07-12 19:18:40.121092692,size_fit,2788.53
R003854,O035971,C05236,2025-07-09 02:42:35.635009528,wrong_item,314.65
R003855,O035975,C08448,2025-07-13 19:15:19.229060969,wrong_item,1707.08
R003856,O035983,C09555,2025-07-13 00:44:33.211878273,damaged,8174.95
R003857,O036005,C03270,2025-07-10 13:10:34.318776748,not_as_described,4141.92
R003858,O036017,C04488,2025-07-17 12:39:50.484508786,not_as_described,1959.46
R003859,O036024,C08493,2025-07-12 05:40:04.826265362,wrong_item,2154.4
R003860,O036030,C01730,2025-07-10 22:56:12.689972808,not_as_described,3441.93
R003861,O036040,C02177,2025-07-17 09:08:34.311990901,wrong_item,1366.78
R003862,O036043,C01098,2025-07-15 07:47:39.889818052,not_as_described,972.93
R003863,O036050,C08788,2025-07-14 02:23:25.904143611,damaged,477.57
R003864,O036053,C02308,2025-07-14 06:30:14.471986964,size_fit,1014.62
R003865,O036054,C03810,2025-07-13 00:55:10.471836478,size_fit,697.08
R003866,O036073,C03439,2025-07-13 18:54:20.458714233,size_fit,8002.62
R003867,O036081,C03766,2025-07-15 02:05:06.995678611,wrong_item,18389.22
R003868,O036088,C06877,2025-07-11 21:08:47.166332816,size_fit,10911.18
R003869,O036096,C06840,2025-07-14 06:47:23.081983890,changed_mind,952.16
R003870,O036107,C07306,2025-07-12 15:29:10.993989631,size_fit,4927.35
R003871,O036116,C09226,2025-07-13 13:09:22.993106007,damaged,14776.64
R003872,O036130,C09352,2025-07-12 15:40:40.213973154,changed_mind,563.51
R003873,O036196,C04760,2025-07-12 15:59:26.929112802,damaged,5825.88
R003874,O036205,C09272,2025-07-15 13:04:11.305142148,size_fit,518.11
R003875,O036216,C00563,2025-07-15 18:53:21.613516972,size_fit,740.99
R003876,O036222,C01497,2025-07-16 11:34:23.620725703,changed_mind,1927.28
R003877,O036223,C07761,2025-07-20 23:13:52.731986239,damaged,2076.89
R003878,O036235,C06083,2025-07-14 15:45:07.411670643,wrong_item,7171.37
R003879,O036236,C07050,2025-07-12 21:22:01.975323644,size_fit,2094.0
R003880,O036275,C02609,2025-07-15 14:31:37.889062442,wrong_item,677.5
R003881,O036289,C06255,2025-07-13 22:14:57.214647222,wrong_item,3185.95
R003882,O036294,C02945,2025-07-13 08:21:17.385713604,size_fit,6972.19
R003883,O036302,C05244,2025-07-15 21:43:50.731701409,not_as_described,1187.26
R003884,O036315,C04363,2025-07-15 02:01:24.777242558,wrong_item,20003.2
R003885,O036317,C09325,2025-07-16 23:10:05.033220405,not_as_described,1262.63
R003886,O036410,C03569,2025-07-12 08:17:11.759069299,damaged,13307.78
R003887,O036415,C05420,2025-07-13 15:43:03.426483619,size_fit,3335.74
R003888,O036423,C07727,2025-07-13 18:13:52.261336225,size_fit,1586.52
R003889,O036435,C01643,2025-07-15 15:38:38.657723654,not_as_described,3353.74
R003890,O036447,C05075,2025-07-18 05:14:54.818352686,not_as_described,1836.63
R003891,O036454,C05131,2025-07-11 07:39:58.604578142,not_as_described,657.67
R003892,O036466,C05158,2025-07-15 12:04:20.712742096,wrong_item,25576.11
R003893,O036485,C01038,2025-07-16 06:33:22.915838944,not_as_described,1668.99
R003894,O036497,C08058,2025-07-19 12:23:30.588495943,size_fit,3827.84
R003895,O036515,C05492,2025-07-12 14:57:00.513351684,not_as_described,3308.44
R003896,O036518,C05797,2025-07-15 18:32:06.222184882,not_as_described,10715.38
R003897,O036524,C03160,2025-07-17 08:37:46.058950992,size_fit,4168.16
R003898,O036544,C06918,2025-07-16 09:28:53.388966511,wrong_item,1154.54
R003899,O036549,C05731,2025-07-13 20:35:17.837702559,damaged,1428.48
R003900,O036574,C05223,2025-07-15 10:06:42.695757486,wrong_item,1882.75
R003901,O036579,C06066,2025-07-12 19:06:55.928088903,wrong_item,14765.67
R003902,O036584,C04421,2025-07-14 17:18:09.057511753,not_as_described,1071.26
R003903,O036600,C06932,2025-07-17 07:10:35.899672569,size_fit,2127.79
R003904,O036604,C08190,2025-07-17 11:32:44.270174025,size_fit,3752.35
R003905,O036610,C05983,2025-07-16 17:57:06.955251213,size_fit,519.38
R003906,O036617,C06270,2025-07-12 13:07:50.524239360,not_as_described,2868.96
R003907,O036628,C06504,2025-07-15 01:53:42.257681541,wrong_item,862.4
R003908,O036637,C03114,2025-07-14 06:04:26.046293286,size_fit,434.99
R003909,O036641,C05297,2025-07-18 16:42:49.537221822,damaged,390.06
R003910,O036644,C02263,2025-07-22 02:46:31.790057944,wrong_item,4870.73
R003911,O036649,C06304,2025-07-15 00:29:34.032717628,wrong_item,1358.35
R003912,O036702,C00435,2025-07-14 23:10:34.123526439,damaged,1459.77
R003913,O036714,C07350,2025-07-14 07:28:49.503144176,size_fit,1990.8
R003914,O036716,C00891,2025-07-12 23:02:57.658015208,size_fit,1545.07
R003915,O036720,C09401,2025-07-18 07:49:04.862356860,size_fit,4477.88
R003916,O036722,C06530,2025-07-29 00:00:00.000000000,not_as_described,1530.14
R003917,O036741,C08038,2025-07-14 07:14:52.574483443,not_as_described,935.48
R003918,O036753,C05071,2025-07-27 00:00:00.000000000,damaged,637.68
R003919,O036765,C08236,2025-07-19 07:27:16.837795148,changed_mind,2484.88
R003920,O036766,C03601,2025-07-16 14:33:44.288304480,size_fit,1632.22
R003921,O036768,C08176,2025-07-17 17:43:58.453122741,changed_mind,7084.15
R003922,O036778,C07551,2025-07-15 01:05:06.489043414,size_fit,3234.42
R003923,O036790,C05155,2025-07-18 06:12:24.998542797,changed_mind,2591.22
R003924,O036795,C01428,2025-07-17 12:38:48.362753371,damaged,5015.96
R003925,O036803,C00508,2025-07-16 17:08:01.927616305,size_fit,4197.56
R003926,O036870,C02967,2025-07-15 17:33:20.068062814,size_fit,1516.91
R003927,O036875,C04579,2025-07-13 18:09:49.385829236,damaged,1385.13
R003928,O036886,C06101,2025-07-15 06:14:59.959858988,changed_mind,2446.09
R003929,O036893,C09279,2025-07-17 18:31:46.575089684,wrong_item,2618.48
R003930,O036899,C05883,2025-07-18 06:28:23.584515294,damaged,7922.3
R003931,O036910,C05551,2025-07-31 00:00:00.000000000,damaged,5277.22
R003932,O036913,C09085,2025-07-23 02:34:16.608995310,not_as_described,3228.49
R003933,O036916,C05975,2025-07-22 11:43:03.341963110,size_fit,611.36
R003934,O036918,C00389,2025-07-14 08:34:12.144897987,damaged,794.33
R003935,O036922,C03001,2025-07-18 11:06:39.027634196,not_as_described,3062.6
R003936,O036924,C01023,2025-07-15 07:41:25.965608197,not_as_described,841.07
R003937,O036925,C01496,2025-07-15 12:30:05.911153923,size_fit,2266.04
R003938,O036946,C04016,2025-07-19 06:58:09.807693117,size_fit,1942.38
R003939,O036947,C00045,2025-07-15 19:40:08.987288217,changed_mind,940.9
R003940,O036949,C05825,2025-07-18 08:38:07.248754028,wrong_item,3545.87
R003941,O036954,C04946,2025-07-16 04:29:57.857360244,not_as_described,788.17
R003942,O036980,C06929,2025-07-14 15:33:11.252372608,changed_mind,654.99
R003943,O036993,C07406,2025-07-18 05:18:40.454112733,not_as_described,1763.33
R003944,O036995,C01706,2025-07-16 03:34:49.541457979,size_fit,598.38
R003945,O036999,C02597,2025-07-16 11:08:31.738320391,size_fit,1422.67
R003946,O037006,C04170,2025-07-19 14:10:59.645366637,size_fit,20285.16
R003947,O037013,C09104,2025-07-16 02:54:50.610013048,not_as_described,3367.47
R003948,O037015,C03744,2025-07-22 12:11:43.878584216,size_fit,839.97
R003949,O037025,C07204,2025-07-14 03:34:52.975385115,size_fit,2520.41
R003950,O037068,C02507,2025-07-16 03:39:06.006338506,size_fit,1870.13
R003951,O037090,C03199,2025-07-16 22:51:14.055908475,not_as_described,3846.14
R003952,O037100,C01203,2025-07-19 01:43:32.938375119,wrong_item,2783.8
R003953,O037106,C07125,2025-07-18 19:29:02.619040228,size_fit,4357.85
R003954,O037118,C09281,2025-07-18 11:01:19.848543668,changed_mind,950.02
R003955,O037123,C06319,2025-07-16 23:39:46.858533620,changed_mind,5904.73
R003956,O037147,C09092,2025-07-19 14:28:44.548249778,changed_mind,38438.74
R003957,O037177,C07824,2025-07-16 12:39:41.112780566,changed_mind,2761.97
R003958,O037183,C02847,2025-07-22 08:33:54.556567488,not_as_described,1658.52
R003959,O037194,C07478,2025-07-18 11:44:45.175598710,damaged,1206.29
R003960,O037202,C04762,2025-07-18 19:51:43.899307347,size_fit,575.43
R003961,O037205,C06740,2025-07-16 14:56:07.649410160,wrong_item,2225.87
R003962,O037217,C08995,2025-07-23 00:35:30.530091577,size_fit,2225.21
R003963,O037239,C05503,2025-07-19 08:18:26.830952272,size_fit,3251.11
R003964,O037245,C09989,2025-07-21 02:39:56.873883146,size_fit,1627.28
R003965,O037246,C08458,2025-07-20 13:57:03.440877526,wrong_item,1714.26
R003966,O037284,C07525,2025-07-15 09:38:33.229582418,size_fit,7020.49
R003967,O037318,C07582,2025-07-19 19:15:50.525082910,not_as_described,1329.84
R003968,O037325,C01952,2025-07-18 21:06:59.848653229,not_as_described,873.0
R003969,O037334,C04196,2025-07-20 22:09:03.362104900,wrong_item,2285.14
R003970,O037338,C07686,2025-07-19 00:56:00.642045256,size_fit,4015.47
R003971,O037339,C07515,2025-07-22 14:07:24.027507818,size_fit,5923.66
R003972,O037344,C04683,2025-07-18 06:18:21.044056334,not_as_described,2449.87
R003973,O037356,C00975,2025-07-18 02:34:26.927836788,damaged,10390.57
R003974,O037390,C08078,2025-07-19 17:19:16.608000759,size_fit,1730.75
R003975,O037402,C07231,2025-07-21 23:37:36.863297018,not_as_described,1966.98
R003976,O037411,C03041,2025-07-17 22:08:51.369882262,not_as_described,1555.66
R003977,O037431,C07904,2025-07-20 10:20:11.713717226,wrong_item,695.16
R003978,O037442,C06594,2025-07-16 22:03:25.632224049,wrong_item,599.47
R003979,O037447,C07620,2025-07-22 02:55:39.325204063,size_fit,1109.45
R003980,O037449,C07412,2025-07-20 08:38:53.296422417,not_as_described,867.12
R003981,O037454,C04060,2025-08-02 00:00:00.000000000,size_fit,1066.42
R003982,O037461,C07506,2025-07-23 22:24:09.726728173,not_as_described,2942.31
R003983,O037464,C06279,2025-07-16 20:38:44.658177266,not_as_described,16971.49
R003984,O037470,C04944,2025-07-16 06:10:54.744311251,changed_mind,859.51
R003985,O037474,C00174,2025-07-20 23:48:49.737600201,not_as_described,654.42
R003986,O037490,C08662,2025-07-19 16:01:18.491772824,wrong_item,1124.06
R003987,O037495,C07618,2025-07-20 19:51:49.152534490,changed_mind,1804.44
R003988,O037505,C00307,2025-07-18 13:40:43.272672715,wrong_item,2378.69
R003989,O037518,C07306,2025-07-18 15:56:23.002898564,damaged,7319.25
R003990,O037546,C04172,2025-07-20 02:59:25.518049299,not_as_described,2232.25
R003991,O037554,C04393,2025-07-27 00:14:45.196830636,wrong_item,1771.99
R003992,O037560,C01270,2025-07-21 15:49:04.415177841,size_fit,1739.43
R003993,O037562,C07592,2025-07-20 19:39:36.090647294,not_as_described,2611.73
R003994,O037567,C02290,2025-07-19 19:32:36.015147495,not_as_described,5470.09
R003995,O037583,C03844,2025-07-25 22:41:32.473983451,size_fit,2482.23
R003996,O037634,C09693,2025-07-26 16:16:08.668775272,not_as_described,1118.43
R003997,O037645,C06679,2025-07-19 09:22:29.564371513,not_as_described,2592.08
R003998,O037646,C08865,2025-07-25 06:32:01.716739472,not_as_described,860.67
R003999,O037653,C02552,2025-07-18 14:56:23.784606621,size_fit,45682.63
R004000,O037654,C09515,2025-07-27 15:30:44.368290298,not_as_described,13841.04
R004001,O037662,C01758,2025-07-22 05:03:15.535524157,size_fit,626.05
R004002,O037675,C04855,2025-07-21 17:34:46.735176007,size_fit,794.9
R004003,O037679,C02841,2025-07-27 10:59:37.650090015,size_fit,1320.79
R004004,O037691,C07578,2025-07-23 19:38:27.991550644,not_as_described,2497.94
R004005,O037711,C03917,2025-07-23 12:13:06.699895366,not_as_described,2613.54
R004006,O037718,C04558,2025-07-19 03:02:55.785166706,damaged,965.67
R004007,O037719,C03150,2025-08-02 00:00:00.000000000,size_fit,937.94
R004008,O037727,C07218,2025-08-06 00:00:00.000000000,not_as_described,8255.04
R004009,O037730,C02608,2025-07-20 06:31:17.430110360,size_fit,3109.71
R004010,O037731,C06487,2025-07-19 10:20:54.609798656,damaged,1151.52
R004011,O037746,C08957,2025-07-18 12:53:36.903006718,damaged,2657.75
R004012,O037788,C03389,2025-07-23 06:28:13.484482888,damaged,1479.85
R004013,O037797,C00323,2025-07-21 13:39:41.627884381,wrong_item,2430.35
R004014,O037806,C04187,2025-07-26 22:04:30.387981586,not_as_described,1592.13
R004015,O037809,C04918,2025-07-21 11:35:05.204496854,changed_mind,605.35
R004016,O037838,C04115,2025-07-23 05:09:42.242181548,size_fit,1416.53
R004017,O037843,C08636,2025-07-22 16:46:11.358967965,size_fit,1025.74
R004018,O037849,C09724,2025-07-28 06:40:59.315304320,size_fit,3699.11
R004019,O037850,C07576,2025-07-24 22:16:36.338091506,wrong_item,6655.9
R004020,O037875,C04638,2025-07-23 08:03:01.231314004,changed_mind,968.57
R004021,O037908,C00457,2025-08-02 07:05:29.819029232,not_as_described,272.09
R004022,O037915,C08543,2025-07-21 16:00:55.130573710,size_fit,3378.2
R004023,O037918,C08428,2025-07-20 05:03:06.652413230,not_as_described,5115.61
R004024,O037925,C05354,2025-07-26 20:10:00.422250060,size_fit,893.59
R004025,O037933,C00930,2025-07-20 16:12:16.878984231,size_fit,6470.64
R004026,O037941,C04451,2025-07-20 10:25:37.011599428,not_as_described,2449.57
R004027,O037942,C06651,2025-07-20 09:59:54.415805899,not_as_described,13105.43
R004028,O037952,C07282,2025-07-23 13:25:21.116933940,wrong_item,3916.86
R004029,O037958,C01861,2025-07-22 19:23:35.398436827,size_fit,2230.21
R004030,O037978,C03231,2025-07-27 05:50:09.840890320,not_as_described,6695.47
R004031,O037987,C04469,2025-07-29 17:51:52.570826560,size_fit,673.9
R004032,O037990,C05319,2025-07-21 11:16:41.088864071,not_as_described,11333.82
R004033,O038017,C02717,2025-07-22 22:48:46.642386654,not_as_described,1936.46
R004034,O038019,C08793,2025-07-24 22:40:15.092619002,damaged,1440.32
R004035,O038023,C02836,2025-07-23 11:58:09.717352024,wrong_item,1075.89
R004036,O038030,C08636,2025-07-22 11:21:17.701722943,size_fit,2349.09
R004037,O038048,C08826,2025-07-28 03:09:01.500340395,size_fit,898.12
R004038,O038055,C07845,2025-07-23 20:20:19.422731176,not_as_described,1754.9
R004039,O038066,C06387,2025-07-24 13:46:20.963019914,damaged,825.46
R004040,O038067,C06553,2025-07-23 20:04:50.174509317,changed_mind,3060.29
R004041,O038073,C02622,2025-07-19 05:20:04.688887174,size_fit,3270.71
R004042,O038076,C08808,2025-07-25 07:52:57.800877322,size_fit,8848.61
R004043,O038086,C03644,2025-07-24 17:20:08.929920512,changed_mind,1105.32
R004044,O038099,C07222,2025-07-25 03:09:12.654771087,not_as_described,5503.81
R004045,O038101,C00890,2025-07-30 05:32:24.570438223,not_as_described,1964.89
R004046,O038120,C04147,2025-07-27 02:19:45.369681542,not_as_described,2275.65
R004047,O038140,C08344,2025-07-27 06:32:14.682366027,wrong_item,1605.47
R004048,O038148,C05948,2025-07-22 17:47:52.589114325,not_as_described,2247.24
R004049,O038161,C00059,2025-07-22 20:15:26.265522128,changed_mind,12613.53
R004050,O038189,C06145,2025-07-24 18:37:37.227270180,damaged,1330.34
R004051,O038200,C03316,2025-07-28 20:59:41.276356468,changed_mind,6717.09
R004052,O038201,C01409,2025-07-24 06:58:41.017927720,damaged,2961.64
R004053,O038206,C02026,2025-07-21 19:20:48.677939959,not_as_described,1385.78
R004054,O038210,C02478,2025-07-24 17:48:17.968490809,not_as_described,1666.38
R004055,O038215,C05405,2025-07-30 08:10:03.936869277,changed_mind,2663.05
R004056,O038222,C01848,2025-07-26 20:58:43.734294192,not_as_described,9230.55
R004057,O038242,C06059,2025-07-22 04:18:17.852510124,not_as_described,7992.29
R004058,O038247,C03744,2025-07-23 09:04:05.538593827,size_fit,1164.02
R004059,O038248,C07357,2025-07-23 23:06:53.958306502,wrong_item,1270.76
R004060,O038267,C07849,2025-07-26 07:08:26.919927059,size_fit,2685.5
R004061,O038278,C09272,2025-07-25 22:28:30.292081766,size_fit,3404.97
R004062,O038279,C09409,2025-07-22 17:53:30.826179531,wrong_item,746.82
R004063,O038292,C02369,2025-07-24 08:29:33.388118091,size_fit,1227.83
R004064,O038298,C08945,2025-07-25 03:27:47.505580729,not_as_described,2130.88
R004065,O038301,C09577,2025-07-24 20:40:32.629616796,not_as_described,3256.38
R004066,O038313,C09020,2025-08-03 19:54:47.512973088,size_fit,772.35
R004067,O038316,C08301,2025-08-03 22:58:31.916567607,not_as_described,1197.87
R004068,O038331,C04073,2025-07-22 07:46:40.715324472,size_fit,1302.53
R004069,O038336,C07515,2025-07-24 09:44:47.726941110,damaged,5972.21
R004070,O038341,C02857,2025-08-09 00:00:00.000000000,changed_mind,2083.41
R004071,O038353,C06030,2025-07-27 19:32:40.340063770,wrong_item,1005.53
R004072,O038362,C07438,2025-07-25 16:15:06.237780177,damaged,1518.11
R004073,O038383,C02920,2025-07-23 22:10:53.874345720,not_as_described,8478.65
R004074,O038385,C00750,2025-07-26 14:49:52.522274740,size_fit,3694.98
R004075,O038398,C07209,2025-07-29 04:58:58.749905866,wrong_item,865.79
R004076,O038412,C00114,2025-07-23 15:09:32.475661596,damaged,1008.56
R004077,O038416,C08678,2025-07-24 08:09:02.158740737,wrong_item,3130.14
R004078,O038430,C00935,2025-07-25 17:53:45.625255224,wrong_item,1256.87
R004079,O038431,C08307,2025-07-23 08:54:50.485662698,wrong_item,3234.19
R004080,O038452,C08486,2025-07-23 13:32:30.050655907,size_fit,20449.08
R004081,O038455,C05638,2025-07-26 02:24:18.941121619,not_as_described,495.45
R004082,O038460,C06927,2025-07-23 20:36:07.383952620,changed_mind,1225.84
R004083,O038478,C02556,2025-07-22 09:34:24.924975153,size_fit,1472.54
R004084,O038485,C05262,2025-07-31 23:54:32.253529395,not_as_described,4954.57
R004085,O038488,C03856,2025-07-28 06:15:17.637640855,wrong_item,3010.55
R004086,O038495,C05530,2025-07-25 15:53:15.855348609,changed_mind,2252.05
R004087,O038496,C06994,2025-07-26 06:31:32.603522008,size_fit,5043.31
R004088,O038501,C08960,2025-07-23 01:57:17.631059691,size_fit,776.35
R004089,O038511,C09597,2025-07-26 23:26:12.173747654,not_as_described,626.51
R004090,O038512,C05979,2025-07-26 11:49:48.859916671,size_fit,2759.43
R004091,O038528,C04170,2025-07-23 03:12:35.144369100,not_as_described,1235.14
R004092,O038533,C05353,2025-07-26 19:29:00.930411801,changed_mind,932.68
R004093,O038546,C04224,2025-07-27 02:44:50.002811412,not_as_described,5190.88
R004094,O038554,C02162,2025-07-27 04:28:06.537217749,size_fit,2128.96
R004095,O038555,C06098,2025-07-30 18:59:57.149293538,not_as_described,2323.03
R004096,O038567,C01277,2025-07-31 03:23:26.384616549,wrong_item,3829.32
R004097,O038579,C05609,2025-07-22 20:43:19.020453960,not_as_described,543.83
R004098,O038584,C08509,2025-07-30 00:46:09.709340725,damaged,1401.37
R004099,O038588,C08428,2025-07-24 09:27:10.291371188,size_fit,3456.43
R004100,O038623,C00789,2025-07-28 04:59:57.613025184,size_fit,1592.37
R004101,O038632,C05105,2025-07-30 03:12:09.752158548,wrong_item,211.88
R004102,O038644,C05046,2025-07-28 16:42:56.822304441,changed_mind,2540.97
R004103,O038655,C08497,2025-07-27 04:47:47.473243436,size_fit,2218.69
R004104,O038673,C09218,2025-07-28 05:51:53.772756076,changed_mind,1858.32
R004105,O038689,C02217,2025-08-01 20:07:11.592665774,wrong_item,1083.08
R004106,O038710,C05282,2025-07-23 14:34:45.915071458,not_as_described,2741.9
R004107,O038732,C02676,2025-08-02 13:39:43.893021841,size_fit,637.28
R004108,O038738,C08935,2025-07-24 19:10:55.381006632,size_fit,294.01
R004109,O038746,C09585,2025-08-08 05:10:43.488823792,not_as_described,2945.61
R004110,O038752,C02683,2025-07-27 18:50:00.658524472,size_fit,2169.15
R004111,O038753,C01550,2025-07-28 03:18:14.366286745,not_as_described,1010.89
R004112,O038768,C04560,2025-07-26 22:59:22.196185447,changed_mind,8101.46
R004113,O038769,C07120,2025-07-29 07:30:56.335788835,not_as_described,1816.99
R004114,O038787,C03712,2025-07-27 23:53:00.936910568,wrong_item,1143.81
R004115,O038788,C05067,2025-07-24 10:01:03.174288808,size_fit,3233.77
R004116,O038813,C00424,2025-07-23 06:37:51.099996712,not_as_described,1114.46
R004117,O038844,C02078,2025-08-02 04:34:53.163719248,damaged,3750.46
R004118,O038850,C00831,2025-07-25 15:52:16.508267558,wrong_item,1082.12
R004119,O038853,C06232,2025-08-03 04:58:24.887260020,size_fit,1602.16
R004120,O038874,C09172,2025-07-28 19:00:36.884855667,not_as_described,4055.65
R004121,O038887,C00142,2025-07-26 15:38:27.406169948,damaged,703.84
R004122,O038889,C08237,2025-07-30 02:54:29.151311587,size_fit,5154.07
R004123,O038895,C03598,2025-07-27 04:11:23.840116821,not_as_described,2403.73
R004124,O038901,C07476,2025-07-26 03:16:08.331403112,wrong_item,2130.4
R004125,O038907,C01923,2025-07-29 23:14:03.613936437,not_as_described,14663.15
R004126,O038927,C08129,2025-08-08 07:18:30.335995130,changed_mind,913.08
R004127,O038949,C05427,2025-07-31 10:59:46.960587952,not_as_described,5712.24
R004128,O038969,C01044,2025-07-27 12:03:28.205463805,changed_mind,1997.95
R004129,O038999,C03877,2025-08-04 21:57:21.210734012,changed_mind,1639.98
R004130,O039006,C03948,2025-07-27 08:13:01.109090730,size_fit,1298.89
R004131,O039011,C07943,2025-07-27 12:18:13.178697393,size_fit,662.27
R004132,O039015,C03944,2025-08-01 22:30:26.339478930,damaged,9180.9
R004133,O039020,C08181,2025-07-27 10:53:57.315338127,not_as_described,456.89
R004134,O039021,C09752,2025-07-29 07:36:41.761000411,not_as_described,3326.1
R004135,O039032,C05143,2025-08-10 00:00:00.000000000,not_as_described,2835.31
R004136,O039034,C09367,2025-07-27 16:27:42.080476600,damaged,2430.48
R004137,O039037,C06172,2025-07-29 04:26:10.326380928,size_fit,955.0
R004138,O039039,C07362,2025-07-27 16:53:04.390394510,not_as_described,2285.21
R004139,O039045,C03264,2025-07-27 01:15:45.343219780,not_as_described,14485.23
R004140,O039066,C01021,2025-07-30 07:40:07.776406653,changed_mind,5806.72
R004141,O039069,C02523,2025-07-28 07:56:56.000695099,damaged,7352.8
R004142,O039072,C03607,2025-07-25 23:42:26.202817134,not_as_described,1101.51
R004143,O039080,C04832,2025-07-29 06:59:00.091355546,not_as_described,808.06
R004144,O039083,C00296,2025-07-28 14:18:21.683447650,not_as_described,4589.31
R004145,O039101,C02291,2025-07-28 18:24:48.843167914,not_as_described,954.89
R004146,O039104,C07336,2025-07-28 11:01:40.506370352,size_fit,6906.52
R004147,O039128,C00467,2025-07-30 10:06:57.884693094,not_as_described,582.96
R004148,O039138,C06508,2025-07-27 13:19:32.272297338,size_fit,749.64
R004149,O039143,C07894,2025-08-05 06:15:22.607615106,size_fit,1644.95
R004150,O039144,C09903,2025-07-25 15:42:55.120684165,changed_mind,1034.87
R004151,O039145,C04765,2025-08-02 15:40:26.455738220,size_fit,20545.11
R004152,O039148,C06190,2025-07-29 17:29:04.497308988,damaged,1177.64
R004153,O039165,C03322,2025-08-01 07:31:01.549998577,changed_mind,4738.43
R004154,O039170,C07331,2025-07-29 17:21:47.369789182,changed_mind,6888.22
R004155,O039176,C09922,2025-07-27 03:58:59.706977674,size_fit,6401.19
R004156,O039178,C08934,2025-07-28 00:41:12.707498709,not_as_described,1334.93
R004157,O039205,C04900,2025-07-31 10:25:47.248652002,changed_mind,18339.02
R004158,O039207,C04754,2025-07-28 04:53:29.902944498,size_fit,3469.52
R004159,O039210,C09393,2025-07-28 06:05:01.745986941,damaged,456.45
R004160,O039212,C01862,2025-07-31 09:33:47.058421564,wrong_item,6878.86
R004161,O039217,C06595,2025-07-31 16:43:09.658420734,size_fit,1109.5
R004162,O039227,C02392,2025-07-27 12:24:56.243910567,size_fit,3587.31
R004163,O039233,C07714,2025-08-07 23:28:06.647318778,size_fit,2651.42
R004164,O039236,C07878,2025-07-28 16:36:16.456278866,changed_mind,1312.79
R004165,O039237,C08423,2025-08-01 06:30:47.619309524,size_fit,1052.84
R004166,O039246,C01309,2025-07-31 12:15:09.632617801,changed_mind,1288.35
R004167,O039257,C07161,2025-07-31 18:45:29.545515716,wrong_item,4514.49
R004168,O039264,C08099,2025-08-03 11:22:38.364578511,damaged,1424.78
R004169,O039270,C09348,2025-07-27 02:15:14.484136251,not_as_described,1480.39
R004170,O039282,C03943,2025-07-28 12:15:13.431092493,size_fit,867.51
R004171,O039288,C03964,2025-07-26 19:43:14.791892109,size_fit,1027.38
R004172,O039299,C06325,2025-07-27 14:39:02.061919440,size_fit,2770.91
R004173,O039302,C08513,2025-07-29 17:31:33.189988213,not_as_described,4199.12
R004174,O039308,C01452,2025-08-04 05:35:37.127734965,wrong_item,3525.97
R004175,O039318,C09702,2025-07-31 08:36:31.959312217,damaged,5238.17
R004176,O039336,C06331,2025-07-29 10:08:39.522851012,size_fit,809.42
R004177,O039338,C01445,2025-08-01 10:58:35.082528330,wrong_item,3355.94
R004178,O039352,C07807,2025-08-01 05:35:44.162909919,size_fit,1345.25
R004179,O039358,C02445,2025-07-30 11:52:42.542810875,wrong_item,711.53
R004180,O039362,C03360,2025-07-29 01:18:40.876860553,not_as_described,15107.81
R004181,O039366,C03437,2025-08-02 05:13:41.070451987,size_fit,3862.45
R004182,O039375,C00931,2025-07-31 02:05:53.739244806,damaged,6882.91
R004183,O039384,C09048,2025-07-30 06:49:36.658024957,not_as_described,1604.17
R004184,O039387,C07400,2025-08-04 18:31:35.287409186,changed_mind,1142.4
R004185,O039406,C07656,2025-07-31 17:20:56.777358760,size_fit,9225.12
R004186,O039407,C01068,2025-07-28 05:30:52.879765345,wrong_item,4164.4
R004187,O039425,C09224,2025-08-07 20:11:25.488016713,wrong_item,3303.1
R004188,O039434,C09074,2025-07-31 03:27:17.537046937,damaged,1431.42
R004189,O039452,C07610,2025-07-28 15:55:10.372774717,size_fit,1624.22
R004190,O039453,C03102,2025-07-31 06:50:53.602888902,changed_mind,4745.21
R004191,O039458,C06833,2025-07-29 20:25:30.648494661,damaged,1331.23
R004192,O039484,C07257,2025-07-31 14:56:11.739549778,not_as_described,1930.56
R004193,O039504,C07257,2025-08-01 13:18:39.546295084,size_fit,1359.58
R004194,O039525,C06686,2025-07-27 19:14:28.438410627,wrong_item,748.6
R004195,O039533,C04016,2025-07-29 04:30:54.289099817,not_as_described,3785.24
R004196,O039538,C05780,2025-07-28 07:24:19.625346644,size_fit,4922.29
R004197,O039539,C04486,2025-08-01 07:50:14.430990393,size_fit,3126.39
R004198,O039542,C05314,2025-07-29 09:58:45.958981897,size_fit,1931.35
R004199,O039543,C08047,2025-08-01 09:57:56.378522311,damaged,1675.94
R004200,O039545,C00874,2025-07-28 14:34:16.596751846,not_as_described,1819.15
R004201,O039550,C09725,2025-07-29 18:15:22.967488839,not_as_described,7245.65
R004202,O039569,C04918,2025-08-02 22:48:49.096537761,not_as_described,11153.82
R004203,O039574,C01766,2025-08-01 19:22:14.838605403,damaged,850.37
R004204,O039584,C02026,2025-08-04 02:23:14.382807795,not_as_described,467.4
R004205,O039592,C08309,2025-07-31 05:33:33.580730300,wrong_item,1955.6
R004206,O039609,C00430,2025-08-01 06:28:05.347871896,wrong_item,417.51
R004207,O039616,C04206,2025-08-01 14:41:59.213792810,size_fit,1570.29
R004208,O039618,C00873,2025-07-30 22:22:38.617737409,not_as_described,1225.56
R004209,O039623,C00742,2025-08-02 17:34:39.735807258,not_as_described,1453.41
R004210,O039634,C09794,2025-08-06 03:32:45.462271632,not_as_described,5297.37
R004211,O039635,C00551,2025-07-30 05:28:41.477753305,changed_mind,16573.82
R004212,O039637,C01127,2025-08-02 17:18:21.327302037,not_as_described,1923.0
R004213,O039645,C07257,2025-08-02 23:59:13.676123918,size_fit,1585.07
R004214,O039661,C04935,2025-08-01 03:52:26.897438892,wrong_item,415.72
R004215,O039672,C04023,2025-07-31 16:42:36.826016691,size_fit,5016.49
R004216,O039691,C00094,2025-08-11 17:11:45.844642546,wrong_item,1438.19
R004217,O039694,C05934,2025-07-29 00:23:08.837515899,not_as_described,1402.1
R004218,O039711,C01668,2025-07-31 16:11:48.389846539,damaged,2338.84
R004219,O039727,C07254,2025-08-01 19:30:30.021874012,wrong_item,1124.21
R004220,O039735,C09956,2025-08-03 05:24:03.422286345,wrong_item,1992.38
R004221,O039736,C02624,2025-08-04 22:08:40.091760178,wrong_item,842.1
R004222,O039738,C08831,2025-07-30 01:01:13.950184695,size_fit,390.41
R004223,O039739,C05090,2025-08-02 22:18:43.838197470,changed_mind,1747.88
R004224,O039740,C03661,2025-08-01 18:31:31.303958595,damaged,900.47
R004225,O039741,C06230,2025-08-08 23:50:12.850214380,damaged,886.65
R004226,O039749,C03695,2025-07-30 16:49:59.393058121,not_as_described,17097.37
R004227,O039762,C05684,2025-08-02 01:27:33.226219735,not_as_described,1691.15
R004228,O039767,C02940,2025-07-28 04:40:59.626612891,not_as_described,583.17
R004229,O039775,C06526,2025-08-04 00:02:03.417309708,not_as_described,2334.09
R004230,O039777,C05546,2025-08-01 02:39:14.812285060,wrong_item,1882.96
R004231,O039783,C07614,2025-07-31 07:49:22.166292201,size_fit,13424.07
R004232,O039788,C07317,2025-07-30 12:15:16.930464411,not_as_described,1327.65
R004233,O039790,C05106,2025-08-04 04:19:44.713821298,not_as_described,2228.72
R004234,O039797,C03874,2025-08-01 00:19:47.561942150,damaged,13115.3
R004235,O039804,C00409,2025-07-29 08:48:33.637443181,wrong_item,2270.38
R004236,O039806,C05523,2025-08-03 00:44:04.830248425,size_fit,2241.27
R004237,O039843,C04467,2025-08-01 06:19:27.419817298,wrong_item,12495.59
R004238,O039853,C00401,2025-07-29 13:05:29.656046684,changed_mind,660.2
R004239,O039858,C02873,2025-08-02 23:23:22.638401250,size_fit,453.51
R004240,O039863,C08764,2025-08-05 09:32:17.869598592,size_fit,883.95
R004241,O039864,C01320,2025-08-06 10:50:02.913215265,damaged,4488.92
R004242,O039867,C03009,2025-07-30 21:27:41.929403018,size_fit,5313.73
R004243,O039868,C09354,2025-08-03 23:41:50.031378762,changed_mind,4493.88
R004244,O039872,C03089,2025-08-07 05:40:12.285069088,damaged,365.1
R004245,O039879,C07178,2025-08-02 21:19:53.673402471,changed_mind,2164.38
R004246,O039885,C09199,2025-08-04 09:16:58.218591626,size_fit,2482.85
R004247,O039898,C02564,2025-08-03 10:03:16.207067851,changed_mind,16056.47
R004248,O039909,C01761,2025-08-02 11:47:35.412833133,damaged,1512.34
R004249,O039912,C02761,2025-08-03 12:06:18.126265813,not_as_described,1813.63
R004250,O039930,C08161,2025-08-01 19:50:33.060647223,not_as_described,13413.33
R004251,O039932,C09706,2025-08-02 02:49:34.698101358,damaged,623.36
R004252,O039939,C07841,2025-08-04 08:06:29.928679574,wrong_item,23407.77
R004253,O039940,C09574,2025-08-03 01:41:14.029361952,damaged,1279.8
R004254,O039942,C09464,2025-07-30 17:56:55.424695898,not_as_described,798.92
R004255,O039959,C06372,2025-08-01 14:20:54.667638751,damaged,1639.65
R004256,O039960,C07021,2025-07-31 12:32:26.566988258,changed_mind,18894.71
R004257,O039967,C07716,2025-08-01 07:48:46.172054595,damaged,10258.15
R004258,O039968,C01823,2025-08-03 23:45:21.342546856,size_fit,592.66
R004259,O039971,C05317,2025-08-15 14:20:10.016231722,damaged,4242.22
R004260,O039973,C07044,2025-08-04 02:56:39.915222176,not_as_described,2217.51
R004261,O039987,C01966,2025-08-03 23:28:02.000073644,wrong_item,4564.87
R004262,O040009,C05033,2025-08-02 12:14:10.966761319,wrong_item,3832.13
R004263,O040011,C06388,2025-08-02 03:16:53.667616069,size_fit,1376.35
R004264,O040013,C05756,2025-08-03 04:32:22.254589161,changed_mind,1395.73
R004265,O040017,C03342,2025-08-11 23:27:39.778145730,changed_mind,1249.78
R004266,O040018,C04420,2025-08-02 12:50:03.804906418,not_as_described,7294.49
R004267,O040020,C05170,2025-08-03 15:41:34.966040895,not_as_described,386.56
R004268,O040070,C02010,2025-08-03 19:06:04.359392114,wrong_item,805.97
R004269,O040076,C09875,2025-08-03 15:13:07.524296050,wrong_item,1125.48
R004270,O040083,C01267,2025-08-02 22:00:42.768576252,size_fit,779.73
R004271,O040090,C05443,2025-08-03 14:12:28.723817275,not_as_described,4371.55
R004272,O040120,C04331,2025-08-04 03:31:42.095534318,not_as_described,506.94
R004273,O040135,C05883,2025-08-03 14:40:07.479993997,not_as_described,2516.36
R004274,O040154,C00162,2025-08-02 21:54:41.179555123,not_as_described,1017.2
R004275,O040157,C09550,2025-08-07 08:20:53.695914626,changed_mind,568.75
R004276,O040179,C05937,2025-08-07 01:42:30.657069626,wrong_item,6417.86
R004277,O040188,C05812,2025-08-03 19:04:25.120049635,wrong_item,1746.17
R004278,O040190,C08229,2025-08-04 22:10:35.785714206,wrong_item,6084.05
R004279,O040196,C02067,2025-08-02 12:06:23.831604766,damaged,3965.51
R004280,O040213,C04979,2025-08-02 23:20:44.534751676,changed_mind,9564.53
R004281,O040220,C04659,2025-08-05 02:19:17.439527038,size_fit,3721.28
R004282,O040221,C00336,2025-08-01 14:14:31.304151758,not_as_described,1809.77
R004283,O040222,C00385,2025-08-05 13:16:17.834807283,damaged,2926.46
R004284,O040226,C05142,2025-08-10 15:41:58.594787754,damaged,24224.41
R004285,O040239,C01554,2025-08-09 00:18:53.111822198,changed_mind,998.08
R004286,O040244,C00034,2025-08-03 21:40:32.898528807,not_as_described,4794.95
R004287,O040246,C04032,2025-08-02 03:23:54.385669827,not_as_described,720.35
R004288,O040247,C09933,2025-08-06 16:12:13.952245932,changed_mind,23770.78
R004289,O040248,C00360,2025-08-02 09:57:23.417834518,not_as_described,1300.88
R004290,O040262,C08706,2025-08-13 09:54:06.646532324,size_fit,2445.17
R004291,O040264,C05508,2025-08-01 10:03:26.501400716,not_as_described,2142.93
R004292,O040266,C02007,2025-08-05 14:05:26.478973640,wrong_item,3053.57
R004293,O040304,C09491,2025-08-16 03:50:26.455770330,damaged,1111.71
R004294,O040306,C07419,2025-08-04 17:55:11.510655600,changed_mind,820.22
R004295,O040321,C07464,2025-08-19 00:00:00.000000000,wrong_item,2396.06
R004296,O040330,C03890,2025-08-08 12:59:39.517022673,wrong_item,715.61
R004297,O040335,C03174,2025-08-09 22:42:40.114258275,size_fit,1077.5
R004298,O040355,C04292,2025-08-01 17:11:36.696209863,size_fit,5712.37
R004299,O040365,C04802,2025-08-05 14:22:32.656809860,wrong_item,5633.99
R004300,O040384,C01970,2025-08-15 20:30:05.137728458,changed_mind,1753.77
R004301,O040426,C03771,2025-08-06 04:45:20.858369094,size_fit,1407.91
R004302,O040455,C09424,2025-08-05 19:15:26.009332214,wrong_item,1253.17
R004303,O040472,C01907,2025-08-04 11:03:46.916513758,size_fit,3262.98
R004304,O040485,C05150,2025-08-05 07:23:15.856153987,size_fit,1142.51
R004305,O040490,C00708,2025-08-13 13:40:39.850185792,size_fit,2796.76
R004306,O040497,C00853,2025-08-06 12:28:23.877632226,damaged,5468.54
R004307,O040501,C02186,2025-08-05 22:46:59.455243549,changed_mind,346.98
R004308,O040516,C01572,2025-08-05 21:51:55.456564032,damaged,4898.84
R004309,O040523,C05662,2025-08-03 15:35:31.839041212,size_fit,1861.27
R004310,O040536,C01557,2025-08-05 08:04:45.773577562,not_as_described,1223.1
R004311,O040540,C04065,2025-08-05 03:10:43.104748339,not_as_described,1152.07
R004312,O040546,C07477,2025-08-07 19:46:47.966769955,damaged,10158.69
R004313,O040551,C03697,2025-08-11 00:09:40.963114900,not_as_described,3410.72
R004314,O040560,C05731,2025-08-05 12:18:30.141608634,not_as_described,4024.32
R004315,O040563,C03454,2025-08-06 07:25:08.362068769,changed_mind,12385.41
R004316,O040566,C05126,2025-08-07 02:25:42.962030018,not_as_described,1292.4
R004317,O040570,C05141,2025-08-05 04:10:06.525552111,changed_mind,4258.19
R004318,O040590,C07197,2025-08-09 19:41:27.016687798,size_fit,1968.88
R004319,O040601,C01461,2025-08-09 04:30:56.462057100,wrong_item,984.27
R004320,O040615,C01953,2025-08-06 10:45:33.238931292,not_as_described,608.57
R004321,O040621,C09936,2025-08-02 15:32:48.394094085,damaged,2488.66
R004322,O040642,C07258,2025-08-03 22:55:32.655073040,wrong_item,3386.53
R004323,O040662,C01605,2025-08-06 00:32:39.979997120,size_fit,4621.35
R004324,O040669,C01182,2025-08-05 10:55:26.602544283,wrong_item,1368.76
R004325,O040672,C08023,2025-08-07 07:49:46.347415132,not_as_described,524.57
R004326,O040677,C02173,2025-08-05 06:38:41.856948520,size_fit,1268.07
R004327,O040692,C02619,2025-08-09 13:17:02.933577319,changed_mind,1352.11
R004328,O040718,C09962,2025-08-10 02:28:56.766228708,wrong_item,3182.81
R004329,O040725,C08946,2025-08-07 16:53:32.870229302,not_as_described,1478.14
R004330,O040726,C03328,2025-08-08 08:38:39.797943662,size_fit,8074.17
R004331,O040728,C07001,2025-08-06 18:15:53.404193206,wrong_item,1797.68
R004332,O040752,C09254,2025-08-06 04:27:42.544775030,changed_mind,2678.85
R004333,O040754,C09869,2025-08-10 00:39:22.238168400,not_as_described,688.08
R004334,O040777,C01458,2025-08-07 09:20:17.272383417,size_fit,1013.04
R004335,O040791,C08483,2025-08-06 04:53:17.258419694,not_as_described,496.26
R004336,O040794,C05514,2025-08-07 12:42:32.238421610,changed_mind,1778.28
R004337,O040828,C01634,2025-08-03 21:56:03.958326193,not_as_described,12511.84
R004338,O040843,C01155,2025-08-03 17:09:34.004487574,not_as_described,1574.0
R004339,O040885,C00762,2025-08-08 03:57:11.888171463,size_fit,13505.22
R004340,O040889,C04622,2025-08-07 13:45:06.040397066,damaged,1183.57
R004341,O040891,C01578,2025-08-04 16:57:19.647742269,size_fit,1102.78
R004342,O040892,C06353,2025-08-07 09:16:49.956582802,damaged,15308.45
R004343,O040893,C06089,2025-08-09 08:16:14.695752918,wrong_item,2133.96
R004344,O040911,C04385,2025-08-07 14:32:49.898587743,size_fit,5966.92
R004345,O040914,C00934,2025-08-08 05:26:22.997569833,not_as_described,4407.56
R004346,O040936,C05391,2025-08-06 05:24:38.561498398,changed_mind,1520.46
R004347,O040962,C06987,2025-08-07 17:31:33.333840321,changed_mind,857.68
R004348,O040965,C05086,2025-08-06 17:45:09.186339675,not_as_described,3685.49
R004349,O040973,C02617,2025-08-09 02:08:38.309826062,not_as_described,2213.02
R004350,O040975,C03129,2025-08-08 02:04:38.094290605,not_as_described,1496.16
R004351,O040982,C01300,2025-08-05 19:04:16.438443621,not_as_described,714.1
R004352,O040993,C06737,2025-08-07 13:33:19.731644287,wrong_item,681.4
R004353,O040995,C04878,2025-08-08 13:41:23.616494970,not_as_described,12322.68
R004354,O040996,C08684,2025-08-05 02:19:44.310317275,changed_mind,26171.28
R004355,O040998,C00177,2025-08-08 19:46:46.494340384,not_as_described,524.6
R004356,O041024,C07765,2025-08-07 10:48:34.403031972,damaged,3322.43
R004357,O041031,C03111,2025-08-05 12:44:13.771210286,not_as_described,771.74
R004358,O041041,C07096,2025-08-08 06:46:28.764235470,not_as_described,786.07
R004359,O041047,C03277,2025-08-07 08:59:48.227778830,damaged,372.34
R004360,O041054,C09899,2025-08-21 11:11:58.519931481,size_fit,3806.12
R004361,O041069,C01197,2025-08-18 02:25:25.904754192,changed_mind,635.94
R004362,O041077,C06495,2025-08-07 20:19:23.989411808,changed_mind,459.94
R004363,O041083,C08256,2025-08-09 01:35:19.072380901,not_as_described,2969.15
R004364,O041113,C05286,2025-08-08 10:58:20.454184934,changed_mind,2174.65
R004365,O041115,C01386,2025-08-08 11:14:27.219369588,not_as_described,1359.9
R004366,O041117,C09177,2025-08-13 22:31:11.389913745,size_fit,11194.27
R004367,O041132,C08450,2025-08-10 15:06:36.511450408,size_fit,31324.85
R004368,O041137,C09476,2025-08-05 21:30:59.034124807,size_fit,3096.55
R004369,O041148,C09876,2025-08-09 20:59:18.676533494,damaged,4933.8
R004370,O041151,C09089,2025-08-05 10:46:23.672186212,damaged,1075.71
R004371,O041155,C06199,2025-08-06 06:50:19.302016905,not_as_described,1776.04
R004372,O041157,C00676,2025-08-10 17:41:32.034397995,damaged,2787.3
R004373,O041182,C07452,2025-08-07 21:34:37.977770449,size_fit,1801.8
R004374,O041190,C07678,2025-08-06 21:39:38.488888263,not_as_described,2886.25
R004375,O041191,C00234,2025-08-11 05:59:54.896534293,size_fit,898.53
R004376,O041193,C07949,2025-08-13 22:51:58.418515526,damaged,1656.83
R004377,O041205,C09101,2025-08-09 22:39:54.867347546,not_as_described,609.73
R004378,O041220,C09321,2025-08-09 16:56:04.677281664,not_as_described,2136.82
R004379,O041227,C00487,2025-08-10 16:47:35.484584337,wrong_item,442.82
R004380,O041243,C00497,2025-08-12 17:59:38.311182862,changed_mind,1694.95
R004381,O041252,C09356,2025-08-13 03:04:19.418831166,not_as_described,1187.01
R004382,O041267,C01035,2025-08-10 04:18:43.255006776,size_fit,1656.81
R004383,O041270,C05381,2025-08-11 16:05:29.703083611,changed_mind,7522.97
R004384,O041293,C08648,2025-08-08 16:00:26.535861806,not_as_described,1222.08
R004385,O041317,C01419,2025-08-08 08:35:43.210752327,not_as_described,2227.23
R004386,O041339,C01657,2025-08-15 23:48:53.451668329,not_as_described,1753.81
R004387,O041342,C05587,2025-08-10 10:36:19.851230880,damaged,6532.2
R004388,O041343,C08927,2025-08-16 16:10:58.074569878,wrong_item,2051.3
R004389,O041344,C00223,2025-08-09 03:33:01.949564005,wrong_item,8306.43
R004390,O041350,C09060,2025-08-09 20:44:34.054446494,damaged,680.84
R004391,O041351,C00728,2025-08-09 08:06:50.877414298,size_fit,3190.28
R004392,O041367,C00319,2025-08-11 02:01:58.890508053,damaged,2239.02
R004393,O041375,C02438,2025-08-13 11:03:03.131081542,changed_mind,670.74
R004394,O041376,C04575,2025-08-09 20:58:26.022318445,size_fit,1382.35
R004395,O041385,C02991,2025-08-12 07:01:10.679783750,not_as_described,2559.36
R004396,O041396,C05731,2025-08-13 04:12:39.826569200,damaged,1552.52
R004397,O041397,C02101,2025-08-11 06:42:14.360491368,not_as_described,3381.68
R004398,O041427,C07298,2025-08-09 18:25:56.149459626,size_fit,1562.97
R004399,O041429,C06285,2025-08-12 12:38:12.382487145,not_as_described,1938.9
R004400,O041441,C05851,2025-08-12 11:58:48.412468318,damaged,1385.21
R004401,O041442,C08314,2025-08-14 10:23:27.454710660,not_as_described,1444.15
R004402,O041464,C03128,2025-08-08 22:14:42.751076388,damaged,1524.73
R004403,O041481,C09848,2025-08-08 02:22:51.056482566,wrong_item,6567.04
R004404,O041482,C00965,2025-08-18 05:52:39.123784156,size_fit,636.7
R004405,O041489,C00927,2025-08-23 14:41:03.221845947,wrong_item,4212.85
R004406,O041535,C04129,2025-08-09 09:29:14.774860838,size_fit,370.57
R004407,O041536,C08857,2025-08-09 00:06:02.561957971,not_as_described,730.31
R004408,O041543,C00134,2025-08-10 18:45:57.489849878,size_fit,474.14
R004409,O041552,C04858,2025-08-09 16:31:37.272443113,not_as_described,1323.87
R004410,O041561,C08420,2025-08-13 10:35:34.421541464,not_as_described,825.63
R004411,O041563,C01139,2025-08-08 03:43:48.739385085,size_fit,3075.14
R004412,O041566,C00170,2025-08-13 01:50:45.015593532,size_fit,660.66
R004413,O041592,C02900,2025-08-14 20:46:56.876029402,size_fit,4329.29
R004414,O041596,C00785,2025-08-08 06:48:00.341726238,not_as_described,610.77
R004415,O041600,C07651,2025-08-12 07:48:54.705719253,size_fit,1215.19
R004416,O041607,C06645,2025-08-11 02:05:10.563913712,not_as_described,7701.91
R004417,O041646,C06644,2025-08-27 00:00:00.000000000,wrong_item,1922.2
R004418,O041648,C00285,2025-08-18 23:22:46.973430652,damaged,2648.5
R004419,O041653,C02588,2025-08-10 23:41:54.218622091,not_as_described,754.74
R004420,O041678,C00363,2025-08-12 23:27:24.184316545,wrong_item,5968.18
R004421,O041684,C06983,2025-08-16 07:14:18.362029034,not_as_described,1686.59
R004422,O041688,C00964,2025-08-14 08:49:26.661271616,not_as_described,6588.61
R004423,O041694,C07560,2025-08-13 02:39:43.765357410,not_as_described,639.58
R004424,O041700,C05772,2025-08-12 03:01:49.513555390,damaged,1581.96
R004425,O041709,C03278,2025-08-11 15:08:47.051177096,wrong_item,3351.91
R004426,O041711,C01642,2025-08-13 18:20:46.953333283,size_fit,1610.21
R004427,O041712,C05714,2025-08-11 12:40:39.705150770,not_as_described,1371.01
R004428,O041716,C05049,2025-08-10 14:55:43.405170895,not_as_described,3514.51
R004429,O041728,C09040,2025-08-13 10:17:06.377794933,wrong_item,6408.55
R004430,O041730,C07195,2025-08-14 06:20:15.294252030,damaged,2277.22
R004431,O041739,C05116,2025-08-19 08:40:55.663167234,changed_mind,3899.9
R004432,O041759,C01029,2025-08-11 22:13:19.769800090,size_fit,1116.23
R004433,O041778,C02700,2025-08-12 11:27:05.326586697,changed_mind,1058.09
R004434,O041784,C09898,2025-08-12 10:45:55.877997967,wrong_item,3289.41
R004435,O041842,C03756,2025-08-18 19:41:19.975195579,changed_mind,5446.1
R004436,O041843,C03645,2025-08-15 05:58:51.750340536,not_as_described,28836.65
R004437,O041847,C02771,2025-08-13 06:10:24.958732465,not_as_described,988.03
R004438,O041865,C03779,2025-08-18 18:25:21.431842417,size_fit,944.96
R004439,O041866,C08233,2025-08-11 19:51:31.259240578,not_as_described,1727.98
R004440,O041868,C02730,2025-08-09 13:29:03.206394027,wrong_item,9543.3
R004441,O041871,C02999,2025-08-15 03:34:22.519313821,size_fit,995.16
R004442,O041880,C02392,2025-08-11 19:08:59.477499934,not_as_described,1024.61
R004443,O041881,C00033,2025-08-15 15:28:11.212874839,size_fit,1203.32
R004444,O041896,C07133,2025-08-12 09:55:27.783315847,wrong_item,7430.88
R004445,O041900,C08754,2025-08-13 09:41:06.248320947,changed_mind,12866.57
R004446,O041905,C02975,2025-08-13 21:31:35.538172489,not_as_described,745.47
R004447,O041907,C06717,2025-08-12 10:59:17.012889513,wrong_item,2581.98
R004448,O041913,C05450,2025-08-11 21:08:01.202141356,size_fit,4089.08
R004449,O041920,C07454,2025-08-16 05:21:46.934878435,changed_mind,5969.97
R004450,O041939,C07808,2025-08-24 00:00:00.000000000,damaged,211.38
R004451,O041958,C05480,2025-08-11 15:40:22.037326827,changed_mind,1514.15
R004452,O041974,C04991,2025-08-11 14:52:38.881510442,changed_mind,651.37
R004453,O041988,C06170,2025-08-14 05:36:20.601613591,not_as_described,1632.61
R004454,O041994,C02327,2025-08-12 11:26:19.979423250,wrong_item,11783.88
R004455,O042013,C06363,2025-08-17 01:40:14.984795373,not_as_described,1228.96
R004456,O042026,C06176,2025-08-14 00:55:14.753900460,wrong_item,2252.33
R004457,O042029,C02961,2025-08-18 09:58:41.137341589,size_fit,2863.72
R004458,O042031,C07676,2025-08-12 08:13:35.911823494,not_as_described,1648.82
R004459,O042036,C04014,2025-08-22 09:43:29.017132158,size_fit,952.12
R004460,O042048,C08755,2025-08-12 19:53:36.033822074,damaged,1410.57
R004461,O042054,C01430,2025-08-19 00:30:52.213909903,not_as_described,1879.52
R004462,O042059,C05446,2025-08-12 02:39:37.562105095,size_fit,996.75
R004463,O042076,C05780,2025-08-13 06:31:20.883238932,size_fit,11143.8
R004464,O042085,C01778,2025-08-16 21:30:26.699233564,changed_mind,12579.39
R004465,O042087,C08939,2025-08-14 10:16:32.215441508,wrong_item,3071.55
R004466,O042107,C02794,2025-08-15 03:22:49.227330921,size_fit,1141.27
R004467,O042108,C05564,2025-08-11 09:40:26.435139186,wrong_item,1341.2
R004468,O042125,C08456,2025-08-14 14:02:06.198562424,not_as_described,5504.63
R004469,O042136,C03124,2025-08-15 14:58:13.202202205,size_fit,8653.67
R004470,O042164,C06458,2025-08-15 17:26:42.928864897,not_as_described,2740.05
R004471,O042205,C08340,2025-08-20 02:47:54.887011346,not_as_described,1082.42
R004472,O042215,C06020,2025-08-15 11:19:29.601053662,damaged,3435.93
R004473,O042219,C02683,2025-08-11 17:03:21.312850845,size_fit,844.34
R004474,O042224,C04363,2025-08-16 03:11:06.366659640,wrong_item,3855.98
R004475,O042230,C01142,2025-08-27 20:36:43.072981880,size_fit,4243.45
R004476,O042238,C05074,2025-08-11 19:24:29.218617176,wrong_item,1169.91
R004477,O042248,C04542,2025-08-11 13:29:45.247797261,not_as_described,3228.26
R004478,O042272,C05530,2025-08-15 13:44:47.459856260,size_fit,459.22
R004479,O042275,C03662,2025-08-14 14:21:06.708688387,wrong_item,1593.31
R004480,O042277,C09816,2025-08-17 19:51:12.518402569,wrong_item,3700.51
R004481,O042281,C03671,2025-08-17 20:00:33.145175473,size_fit,2902.15
R004482,O042285,C02579,2025-08-16 17:10:54.158886195,size_fit,1594.9
R004483,O042286,C02630,2025-08-11 08:34:29.741011193,size_fit,1153.33
R004484,O042291,C06904,2025-08-16 15:24:43.449610935,changed_mind,7448.52
R004485,O042314,C09862,2025-08-14 00:00:00.029140779,not_as_described,2208.66
R004486,O042316,C05069,2025-08-13 10:16:33.218567785,changed_mind,12481.85
R004487,O042330,C09971,2025-08-16 18:19:33.530808309,damaged,1534.19
R004488,O042331,C06359,2025-08-12 09:35:12.271716603,damaged,377.77
R004489,O042336,C08274,2025-08-15 23:17:03.469612635,not_as_described,1278.55
R004490,O042345,C03395,2025-08-16 08:58:17.032126832,size_fit,1040.68
R004491,O042348,C02123,2025-08-11 14:18:09.540246301,size_fit,7848.46
R004492,O042361,C00335,2025-08-16 10:52:40.990288623,damaged,3998.12
R004493,O042372,C02728,2025-08-17 04:48:59.402647213,changed_mind,590.14
R004494,O042391,C06313,2025-08-14 16:59:03.824776042,not_as_described,1407.02
R004495,O042400,C02702,2025-08-18 00:32:05.537104051,wrong_item,572.34
R004496,O042410,C00022,2025-08-14 06:23:47.759615376,wrong_item,6450.27
R004497,O042427,C00454,2025-08-13 11:14:53.044319598,damaged,1868.37
R004498,O042428,C05885,2025-08-17 07:22:36.005043388,not_as_described,1241.99
R004499,O042433,C07700,2025-08-14 18:36:36.176578383,changed_mind,2856.19
R004500,O042442,C02456,2025-08-17 04:22:21.562952779,not_as_described,3464.65
R004501,O042443,C03403,2025-08-13 11:43:13.461331738,damaged,1631.69
R004502,O042451,C08801,2025-08-12 05:21:01.646869410,not_as_described,1186.43
R004503,O042470,C05869,2025-08-19 09:10:45.462416595,wrong_item,3612.35
R004504,O042479,C04329,2025-08-13 11:09:38.567296695,not_as_described,4487.48
R004505,O042484,C02614,2025-08-16 01:20:52.733392227,damaged,3835.21
R004506,O042495,C07363,2025-08-19 20:17:38.857989670,wrong_item,1381.64
R004507,O042501,C06021,2025-08-15 16:49:43.596578956,wrong_item,21089.78
R004508,O042508,C08561,2025-08-22 16:29:40.150080348,not_as_described,14644.8
R004509,O042522,C07849,2025-08-14 04:53:17.447232130,changed_mind,306.42
R004510,O042525,C03544,2025-08-16 18:24:08.836794687,size_fit,2578.55
R004511,O042526,C05596,2025-08-14 17:37:09.383602112,damaged,5259.64
R004512,O042531,C01328,2025-08-13 03:13:49.044177069,size_fit,1076.27
R004513,O042532,C05885,2025-08-15 11:53:49.994689210,not_as_described,2995.76
R004514,O042535,C01634,2025-08-15 18:21:40.224787898,changed_mind,1392.53
R004515,O042546,C05735,2025-08-18 07:39:37.066637160,size_fit,8114.34
R004516,O042547,C00414,2025-08-16 01:16:02.410592224,not_as_described,6065.9
R004517,O042558,C02190,2025-08-14 12:59:59.244364867,changed_mind,731.17
R004518,O042569,C06957,2025-08-14 07:07:58.241071920,damaged,3314.14
R004519,O042584,C05266,2025-08-15 16:15:26.002195246,size_fit,11658.21
R004520,O042586,C07862,2025-08-17 04:27:22.880348251,not_as_described,3881.18
R004521,O042600,C05797,2025-08-14 16:28:14.239532150,size_fit,999.03
R004522,O042615,C07558,2025-08-15 16:50:38.057975638,size_fit,7014.53
R004523,O042621,C08787,2025-08-19 09:22:56.462367583,wrong_item,8954.94
R004524,O042642,C01781,2025-08-20 16:06:12.325435934,wrong_item,6441.27
R004525,O042650,C02441,2025-08-16 07:13:06.714691075,not_as_described,2910.54
R004526,O042655,C07256,2025-08-19 16:10:48.538743614,wrong_item,4204.61
R004527,O042661,C02262,2025-08-15 10:24:39.041619397,not_as_described,2138.16
R004528,O042672,C07698,2025-08-15 11:40:10.437710170,size_fit,3184.36
R004529,O042676,C05348,2025-08-16 06:16:42.680626194,not_as_described,1808.87
R004530,O042679,C06346,2025-08-14 17:28:08.888417245,wrong_item,378.73
R004531,O042683,C09010,2025-08-16 12:17:23.985740090,size_fit,2814.05
R004532,O042686,C01208,2025-08-17 10:36:28.831170351,damaged,4130.34
R004533,O042691,C02143,2025-08-20 14:51:20.242070571,size_fit,1005.13
R004534,O042706,C06899,2025-08-20 10:47:33.577291453,not_as_described,7407.45
R004535,O042736,C02816,2025-08-18 22:25:26.227316690,wrong_item,1119.45
R004536,O042773,C03557,2025-08-16 21:15:40.998831681,size_fit,12503.04
R004537,O042775,C02477,2025-08-16 14:54:15.045233025,wrong_item,1454.25
R004538,O042776,C00989,2025-08-21 00:09:53.292135110,wrong_item,3908.65
R004539,O042802,C04772,2025-08-16 05:33:17.387183386,damaged,13445.84
R004540,O042819,C09896,2025-08-19 14:49:58.957128386,size_fit,5419.2
R004541,O042826,C01212,2025-08-19 14:02:41.338393508,size_fit,791.0
R004542,O042835,C06888,2025-08-17 16:45:43.640317533,not_as_described,5678.2
R004543,O042855,C06341,2025-08-14 16:25:35.387001526,not_as_described,1219.26
R004544,O042876,C07755,2025-08-17 06:20:52.906116951,wrong_item,1320.06
R004545,O042898,C04510,2025-08-17 08:25:25.329515217,changed_mind,2415.75
R004546,O042902,C09770,2025-08-23 04:47:47.082892837,changed_mind,1435.58
R004547,O042909,C02820,2025-08-17 19:16:25.728227489,size_fit,1147.45
R004548,O042923,C05189,2025-08-19 13:44:34.062628848,size_fit,1055.81
R004549,O042945,C07780,2025-08-21 13:00:33.620022345,size_fit,1069.61
R004550,O042948,C06357,2025-08-15 06:03:41.662877338,size_fit,3831.51
R004551,O042970,C03411,2025-08-19 05:59:00.179805224,wrong_item,2008.61
R004552,O042971,C03448,2025-08-18 19:39:52.568142022,damaged,1483.74
R004553,O042973,C09889,2025-08-18 23:25:51.361884912,changed_mind,5410.12
R004554,O043001,C02619,2025-08-19 08:27:18.623701443,changed_mind,702.1
R004555,O043004,C05270,2025-08-23 09:53:50.278871007,size_fit,1817.48
R004556,O043006,C04915,2025-08-21 10:07:13.151755812,wrong_item,2849.45
R004557,O043010,C01417,2025-08-20 00:59:09.447446691,not_as_described,4808.28
R004558,O043040,C09521,2025-08-17 21:02:06.938256570,size_fit,1817.02
R004559,O043042,C08838,2025-08-18 04:29:01.350292772,damaged,458.07
R004560,O043053,C09802,2025-08-15 20:10:41.903759316,wrong_item,35012.82
R004561,O043054,C08198,2025-08-19 02:16:36.500198077,damaged,920.03
R004562,O043064,C07845,2025-08-23 19:32:14.582658282,size_fit,2087.42
R004563,O043067,C05448,2025-08-20 20:13:26.382514807,size_fit,1140.15
R004564,O043068,C08537,2025-08-20 08:14:11.842673416,size_fit,700.99
R004565,O043071,C07749,2025-08-16 21:13:58.979872128,not_as_described,655.24
R004566,O043074,C03392,2025-08-15 21:10:23.402947623,not_as_described,707.89
R004567,O043080,C06378,2025-08-19 21:28:15.670623630,changed_mind,402.32
R004568,O043087,C03058,2025-08-24 10:22:33.984382256,not_as_described,2014.25
R004569,O043115,C04385,2025-08-27 19:39:07.550729568,changed_mind,552.31
R004570,O043129,C08488,2025-08-19 01:04:01.156600650,not_as_described,2270.7
R004571,O043134,C09254,2025-08-18 15:36:17.260273274,wrong_item,2000.12
R004572,O043143,C01674,2025-08-15 21:04:41.121118470,not_as_described,8679.1
R004573,O043145,C09584,2025-08-22 09:46:15.653708342,not_as_described,7218.6
R004574,O043170,C03629,2025-08-26 14:57:12.075469293,changed_mind,12688.45
R004575,O043174,C07359,2025-08-19 09:02:39.591662100,wrong_item,4385.01
R004576,O043177,C08194,2025-08-24 20:06:45.300792992,not_as_described,988.22
R004577,O043181,C09955,2025-08-18 10:42:17.905517125,damaged,610.16
R004578,O043183,C00612,2025-08-17 13:56:45.325268905,not_as_described,845.53
R004579,O043186,C06702,2025-08-18 20:58:42.959299094,not_as_described,1910.41
R004580,O043200,C09689,2025-08-23 03:21:55.140280470,wrong_item,5002.43
R004581,O043210,C04797,2025-08-21 04:23:27.653566538,not_as_described,521.5
R004582,O043219,C07783,2025-08-21 16:28:59.960821177,damaged,3148.71
R004583,O043265,C00266,2025-08-16 05:55:00.813822067,size_fit,2996.32
R004584,O043266,C09823,2025-08-20 21:20:44.782876996,not_as_described,4376.99
R004585,O043267,C07661,2025-08-18 12:00:22.655633580,size_fit,15835.89
R004586,O043272,C00434,2025-08-19 19:14:11.335482632,size_fit,1814.88
R004587,O043280,C03211,2025-08-28 03:03:08.915571082,size_fit,339.55
R004588,O043282,C03905,2025-08-21 16:15:27.423622346,not_as_described,690.15
R004589,O043299,C05008,2025-08-19 18:47:59.899331918,wrong_item,1292.04
R004590,O043313,C02133,2025-08-23 23:49:18.674646427,changed_mind,467.57
R004591,O043317,C01561,2025-08-19 14:58:38.815606898,size_fit,882.49
R004592,O043326,C00833,2025-08-20 23:29:00.458382922,damaged,1517.79
R004593,O043327,C05792,2025-08-16 20:29:06.943710264,size_fit,3836.95
R004594,O043334,C06578,2025-08-19 21:26:53.098102960,changed_mind,4218.75
R004595,O043340,C02109,2025-08-24 01:41:30.526837137,size_fit,2514.6
R004596,O043344,C08069,2025-08-19 05:32:43.730416096,size_fit,913.95
R004597,O043345,C07545,2025-08-21 20:30:14.919005473,wrong_item,24240.97
R004598,O043351,C09772,2025-08-20 12:25:31.389312763,not_as_described,2198.51
R004599,O043352,C02573,2025-08-21 15:01:38.899636482,not_as_described,2046.05
R004600,O043353,C08543,2025-08-20 08:10:59.864784016,damaged,15912.54
R004601,O043369,C05738,2025-08-22 14:53:49.149877326,changed_mind,1685.2
R004602,O043375,C00412,2025-08-22 21:00:05.847385158,size_fit,9363.72
R004603,O043388,C09373,2025-08-21 10:18:05.163231513,size_fit,873.57
R004604,O043393,C01967,2025-08-22 08:48:49.267287691,size_fit,4302.49
R004605,O043409,C02194,2025-08-20 11:36:15.385992696,size_fit,2316.61
R004606,O043420,C07532,2025-08-22 07:49:08.659351887,size_fit,3575.14
R004607,O043440,C04985,2025-08-21 17:57:03.322018846,size_fit,30782.32
R004608,O043462,C05215,2025-08-22 10:48:43.778741954,size_fit,563.53
R004609,O043468,C09155,2025-08-25 04:44:22.254601182,not_as_described,2331.7
R004610,O043472,C03159,2025-08-22 05:16:15.912363615,damaged,2043.21
R004611,O043479,C06425,2025-08-22 18:05:15.565732296,size_fit,1431.03
R004612,O043484,C02947,2025-08-17 11:35:22.468315146,damaged,849.53
R004613,O043498,C00936,2025-08-21 03:21:39.023659206,damaged,311.34
R004614,O043501,C07603,2025-08-18 02:17:56.933019247,size_fit,7375.57
R004615,O043515,C07359,2025-08-20 18:33:17.826573319,damaged,2481.6
R004616,O043517,C08034,2025-08-21 13:59:46.926874737,not_as_described,1369.67
R004617,O043532,C03721,2025-08-18 18:16:58.616900191,changed_mind,638.9
R004618,O043537,C07041,2025-08-18 03:31:12.766249423,size_fit,358.89
R004619,O043543,C04190,2025-08-18 08:06:14.571366534,wrong_item,1259.04
R004620,O043556,C08620,2025-08-21 17:53:27.652145964,changed_mind,11011.8
R004621,O043557,C01333,2025-08-23 13:25:39.508093804,damaged,427.2
R004622,O043584,C00090,2025-08-24 17:42:40.600794852,changed_mind,1281.17
R004623,O043590,C00098,2025-08-19 09:04:31.917654976,not_as_described,906.22
R004624,O043593,C03089,2025-08-22 11:15:09.071361615,size_fit,11322.07
R004625,O043601,C07508,2025-08-20 19:53:50.425367161,wrong_item,780.51
R004626,O043602,C07544,2025-08-27 17:00:02.810274919,changed_mind,3717.49
R004627,O043606,C01596,2025-08-23 10:54:38.395696550,damaged,619.31
R004628,O043671,C06175,2025-08-19 15:53:05.085104996,size_fit,2302.72
R004629,O043678,C08829,2025-08-22 16:26:04.779958581,not_as_described,925.09
R004630,O043701,C09013,2025-08-21 23:10:25.680839476,size_fit,3097.2
R004631,O043706,C09578,2025-08-20 09:46:53.042829733,size_fit,856.13
R004632,O043710,C02044,2025-08-21 10:02:22.526926328,wrong_item,1784.74
R004633,O043714,C07645,2025-08-26 06:53:03.786975398,size_fit,6408.12
R004634,O043745,C05115,2025-08-20 09:00:23.065208661,not_as_described,3127.11
R004635,O043759,C07470,2025-08-21 18:33:30.119825127,changed_mind,8809.59
R004636,O043761,C09573,2025-08-21 20:15:33.661733245,not_as_described,1823.39
R004637,O043774,C02651,2025-08-23 05:02:32.388009536,size_fit,1274.33
R004638,O043802,C06951,2025-08-23 05:13:08.146199096,not_as_described,4323.5
R004639,O043805,C01397,2025-08-24 00:07:30.249971900,not_as_described,1996.86
R004640,O043806,C09520,2025-08-21 05:03:06.107923328,size_fit,2709.9
R004641,O043809,C02906,2025-08-20 11:55:18.926711529,size_fit,1608.0
R004642,O043816,C05626,2025-08-26 18:41:55.218313777,size_fit,1961.49
R004643,O043823,C00700,2025-08-23 22:32:59.983722059,not_as_described,1606.75
R004644,O043830,C05371,2025-08-21 22:59:50.306858606,changed_mind,1253.66
R004645,O043847,C00198,2025-08-24 09:29:28.532694613,wrong_item,1479.54
R004646,O043871,C02104,2025-08-23 15:31:16.765244317,damaged,926.08
R004647,O043883,C09489,2025-08-24 06:24:35.689991050,size_fit,2809.27
R004648,O043894,C05607,2025-08-23 21:57:28.104380391,not_as_described,1115.12
R004649,O043936,C03930,2025-08-22 14:58:11.094913444,size_fit,2078.42
R004650,O043944,C04990,2025-08-20 10:47:42.603351378,not_as_described,1596.47
R004651,O043948,C00453,2025-08-27 16:23:09.855444771,wrong_item,16489.38
R004652,O043963,C09912,2025-08-27 19:56:30.999773799,size_fit,6655.91
R004653,O043965,C02076,2025-08-22 05:32:18.224997882,not_as_described,1706.44
R004654,O043969,C08856,2025-09-02 22:03:10.939063309,not_as_described,7746.58
R004655,O043971,C08828,2025-08-30 06:33:39.850273857,size_fit,1138.44
R004656,O044019,C05804,2025-08-23 02:26:08.028787668,not_as_described,3582.63
R004657,O044031,C00063,2025-08-29 16:11:44.802270286,not_as_described,2115.55
R004658,O044058,C08878,2025-08-24 05:59:32.850044624,not_as_described,3739.09
R004659,O044060,C07679,2025-08-22 10:28:34.629253946,not_as_described,1386.97
R004660,O044063,C03790,2025-08-25 08:01:02.309210504,size_fit,15428.06
R004661,O044068,C03952,2025-08-24 12:08:13.412201863,changed_mind,891.13
R004662,O044074,C06327,2025-08-26 03:40:22.064820812,not_as_described,4960.92
R004663,O044080,C09368,2025-08-22 03:54:56.139695499,not_as_described,12819.79
R004664,O044082,C02171,2025-08-25 19:06:59.120807846,not_as_described,1412.04
R004665,O044091,C06372,2025-08-23 01:17:21.034208605,not_as_described,1146.8
R004666,O044098,C09852,2025-08-25 17:48:07.656273730,changed_mind,463.38
R004667,O044105,C04695,2025-08-21 18:17:19.523455512,damaged,1674.14
R004668,O044112,C02959,2025-08-26 11:16:39.199264661,not_as_described,24449.88
R004669,O044116,C03725,2025-08-24 07:18:38.570573160,changed_mind,737.52
R004670,O044120,C00586,2025-08-27 04:06:45.258494356,size_fit,3554.14
R004671,O044146,C09131,2025-08-24 08:06:45.913369788,size_fit,1321.51
R004672,O044147,C06077,2025-08-22 18:34:42.301727058,not_as_described,8226.41
R004673,O044155,C00575,2025-08-24 12:14:15.140135011,wrong_item,7399.03
R004674,O044166,C05527,2025-08-26 08:43:55.031365009,wrong_item,787.88
R004675,O044201,C06496,2025-08-26 08:57:14.770432882,changed_mind,1475.98
R004676,O044203,C02424,2025-08-24 19:38:42.981269067,damaged,1153.52
R004677,O044212,C05156,2025-08-23 05:42:01.350923853,not_as_described,14236.94
R004678,O044244,C05499,2025-08-24 05:06:18.671684061,not_as_described,1639.24
R004679,O044250,C05958,2025-08-26 05:42:44.463890458,not_as_described,2454.26
R004680,O044253,C03224,2025-08-26 04:19:46.668955591,changed_mind,1859.33
R004681,O044272,C06799,2025-08-22 07:17:58.953515625,not_as_described,1654.99
R004682,O044284,C02908,2025-08-24 22:46:12.790740270,wrong_item,1995.83
R004683,O044289,C06136,2025-08-29 01:08:52.474789946,changed_mind,739.51
R004684,O044306,C08703,2025-08-22 01:23:50.230419219,not_as_described,929.88
R004685,O044310,C06265,2025-08-26 07:49:21.716702583,changed_mind,3822.13
R004686,O044320,C02722,2025-08-30 07:50:29.406869631,size_fit,2268.64
R004687,O044333,C08102,2025-08-25 11:50:19.291273414,not_as_described,30475.34
R004688,O044349,C02717,2025-08-25 18:04:03.487310878,wrong_item,1042.11
R004689,O044354,C04939,2025-08-25 16:43:14.514278217,damaged,779.77
R004690,O044390,C02978,2025-08-26 20:26:32.111510064,size_fit,679.63
R004691,O044393,C00694,2025-08-30 14:17:49.011193597,size_fit,4297.86
R004692,O044394,C04395,2025-08-25 15:42:32.930655670,not_as_described,1260.69
R004693,O044397,C08734,2025-08-29 05:21:00.872444178,not_as_described,652.56
R004694,O044401,C07876,2025-08-25 15:40:07.118920761,wrong_item,170.5
R004695,O044402,C03393,2025-08-22 12:59:47.521887154,not_as_described,1501.28
R004696,O044405,C03622,2025-08-25 10:47:29.252005918,not_as_described,1300.94
R004697,O044411,C01181,2025-08-24 21:00:01.964910236,size_fit,393.87
R004698,O044412,C05523,2025-08-25 06:32:00.437107923,not_as_described,1291.51
R004699,O044415,C01928,2025-08-24 06:14:02.692515220,damaged,1912.37
R004700,O044420,C01395,2025-08-26 19:11:05.125268594,wrong_item,1605.93
R004701,O044422,C05797,2025-08-26 09:04:50.790292557,wrong_item,1658.53
R004702,O044439,C01183,2025-08-23 09:55:37.636251758,not_as_described,1626.37
R004703,O044441,C04917,2025-08-31 14:53:51.910606456,changed_mind,758.09
R004704,O044445,C03601,2025-08-26 14:53:32.847147956,changed_mind,8435.06
R004705,O044454,C07995,2025-08-22 06:33:22.575429565,damaged,1020.7
R004706,O044472,C00649,2025-08-27 01:22:21.767437570,size_fit,771.97
R004707,O044474,C00161,2025-08-29 13:50:36.783307302,not_as_described,2832.16
R004708,O044483,C09181,2025-08-27 05:40:07.916390536,not_as_described,3665.45
R004709,O044485,C05327,2025-08-24 17:24:02.863105142,wrong_item,3950.29
R004710,O044498,C04405,2025-08-28 01:22:33.638555625,changed_mind,1030.87
R004711,O044499,C03256,2025-08-26 20:49:52.944891178,wrong_item,2425.76
R004712,O044503,C02596,2025-08-25 16:23:26.957489150,damaged,695.93
R004713,O044504,C05045,2025-08-29 11:02:31.301682295,size_fit,1838.04
R004714,O044505,C02907,2025-08-25 22:27:44.273644264,wrong_item,3017.78
R004715,O044513,C01481,2025-08-26 19:29:35.763587325,not_as_described,1512.49
R004716,O044514,C06010,2025-08-27 08:57:21.774753205,size_fit,1194.8
R004717,O044518,C07620,2025-08-28 02:01:36.577401510,wrong_item,4886.75
R004718,O044522,C06929,2025-08-23 05:38:45.163996328,size_fit,4031.11
R004719,O044539,C01514,2025-08-25 18:22:03.646949390,size_fit,2842.63
R004720,O044551,C06422,2025-08-29 03:54:30.735221781,size_fit,478.8
R004721,O044563,C03574,2025-08-27 17:14:25.484745854,size_fit,864.03
R004722,O044570,C04280,2025-08-27 08:25:00.755445280,changed_mind,2377.32
R004723,O044574,C02865,2025-08-26 16:02:32.231414698,changed_mind,1997.13
R004724,O044576,C07184,2025-08-23 10:58:04.891555232,not_as_described,2339.91
R004725,O044583,C01617,2025-08-27 00:58:57.565243509,wrong_item,648.47
R004726,O044584,C02286,2025-08-30 12:22:30.597667233,size_fit,6559.86
R004727,O044586,C06530,2025-08-26 10:23:22.768923868,not_as_described,845.36
R004728,O044598,C02304,2025-08-27 01:48:32.077105156,wrong_item,1476.97
R004729,O044604,C02277,2025-08-29 06:16:55.120092279,not_as_described,8992.22
R004730,O044607,C05524,2025-08-29 07:27:41.428998586,size_fit,974.76
R004731,O044617,C05106,2025-08-24 19:48:06.816836761,size_fit,707.78
R004732,O044628,C06911,2025-08-26 13:22:59.946959532,changed_mind,6403.49
R004733,O044635,C09112,2025-08-27 06:38:02.039695152,not_as_described,1288.65
R004734,O044645,C05509,2025-09-02 03:06:29.682903927,size_fit,2540.05
R004735,O044653,C08454,2025-08-27 08:43:10.475834948,wrong_item,1277.0
R004736,O044655,C02049,2025-08-24 21:41:39.109421475,size_fit,1748.8
R004737,O044659,C08885,2025-08-29 13:07:39.758553555,not_as_described,889.84
R004738,O044662,C01187,2025-08-26 21:40:15.545513668,damaged,663.82
R004739,O044682,C05516,2025-08-26 08:18:44.263781755,wrong_item,2690.58
R004740,O044683,C09944,2025-08-29 18:51:35.026178572,changed_mind,2619.85
R004741,O044688,C05584,2025-08-28 15:56:19.811089597,size_fit,1152.8
R004742,O044693,C05807,2025-08-27 13:30:50.952651134,changed_mind,6314.41
R004743,O044695,C03477,2025-08-27 23:49:28.451447184,changed_mind,2230.56
R004744,O044696,C07569,2025-08-27 12:06:51.043829637,size_fit,4543.53
R004745,O044698,C07752,2025-08-29 03:23:43.910142579,size_fit,2620.01
R004746,O044709,C09522,2025-08-26 08:08:52.239636726,size_fit,2306.12
R004747,O044731,C07674,2025-08-29 07:23:19.742699090,changed_mind,929.76
R004748,O044739,C02217,2025-08-27 16:34:48.205129267,size_fit,6443.62
R004749,O044740,C03348,2025-08-25 11:34:10.551689968,wrong_item,6440.27
R004750,O044767,C06594,2025-08-24 19:49:49.663115785,size_fit,6077.53
R004751,O044787,C03852,2025-08-27 11:29:04.147017388,changed_mind,3841.71
R004752,O044790,C02787,2025-09-07 01:41:31.309875607,wrong_item,3280.98
R004753,O044796,C09788,2025-08-29 08:29:53.574850798,damaged,4522.31
R004754,O044801,C04926,2025-08-24 20:21:32.875418257,damaged,6885.65
R004755,O044824,C06923,2025-08-28 01:07:03.969532988,changed_mind,593.4
R004756,O044836,C02044,2025-08-28 06:47:02.954909875,not_as_described,1026.6
R004757,O044853,C02325,2025-08-26 15:52:52.729105018,size_fit,2906.51
R004758,O044858,C03387,2025-08-28 09:17:52.989492620,damaged,2105.34
R004759,O044869,C00861,2025-08-25 22:53:20.467638664,size_fit,424.48
R004760,O044880,C01436,2025-08-30 20:59:50.880305378,changed_mind,6330.76
R004761,O044886,C01647,2025-08-27 07:07:16.916949361,size_fit,2894.92
R004762,O044890,C02859,2025-08-30 04:43:11.399621998,size_fit,7440.5
R004763,O044911,C05325,2025-08-28 12:59:35.853027280,not_as_described,475.81
R004764,O044923,C07158,2025-08-26 22:52:57.551120727,size_fit,3247.98
R004765,O044925,C01527,2025-08-31 07:18:03.799672610,size_fit,9844.22
R004766,O044926,C01065,2025-08-29 19:10:08.569789770,size_fit,18030.98
R004767,O044930,C01840,2025-08-26 21:39:34.526518308,not_as_described,792.76
R004768,O044933,C08919,2025-08-26 11:22:02.951237056,changed_mind,1174.43
R004769,O044942,C02319,2025-08-29 17:35:36.181357731,size_fit,1173.26
R004770,O044959,C06990,2025-08-28 18:06:19.380404260,size_fit,4262.04
R004771,O044967,C08469,2025-08-28 17:23:41.807768182,size_fit,3056.96
R004772,O044990,C09833,2025-08-26 07:19:58.340300743,not_as_described,1820.29
R004773,O044999,C01945,2025-08-26 07:28:09.750607471,size_fit,1298.08
R004774,O045001,C09967,2025-08-29 12:28:29.076375727,damaged,1083.38
R004775,O045002,C07806,2025-08-28 17:48:47.002351600,not_as_described,12558.25
R004776,O045013,C08171,2025-08-29 21:58:09.405727672,damaged,1507.77
R004777,O045014,C06028,2025-08-28 19:15:50.910372986,size_fit,1251.54
R004778,O045028,C04060,2025-08-29 17:54:36.925849526,not_as_described,1802.01
R004779,O045031,C02252,2025-08-28 11:49:37.361030322,size_fit,5873.79
R004780,O045033,C06004,2025-08-26 13:59:13.679393967,wrong_item,1601.98
R004781,O045043,C08935,2025-08-26 17:04:02.417344701,wrong_item,584.39
R004782,O045045,C04861,2025-08-29 09:27:55.871726299,not_as_described,3696.63
R004783,O045049,C03599,2025-09-04 05:49:39.632083046,wrong_item,858.44
R004784,O045053,C04177,2025-08-26 22:23:28.068741693,not_as_described,3197.21
R004785,O045057,C04629,2025-08-29 15:46:23.498358535,size_fit,665.23
R004786,O045064,C09914,2025-08-28 05:20:22.748742783,not_as_described,1397.98
R004787,O045071,C00841,2025-09-06 11:23:08.988123519,size_fit,288.59
R004788,O045076,C04530,2025-08-30 15:56:18.479396202,not_as_described,1765.11
R004789,O045091,C02574,2025-08-27 01:17:54.556999587,not_as_described,1598.49
R004790,O045106,C06406,2025-08-31 11:04:25.970399022,not_as_described,696.57
R004791,O045126,C04100,2025-08-31 18:40:30.443772190,size_fit,16305.44
R004792,O045132,C01439,2025-08-27 00:28:40.873468760,changed_mind,4822.9
R004793,O045140,C04844,2025-08-30 01:54:58.139810442,size_fit,3031.46
R004794,O045141,C03509,2025-09-10 15:54:09.494157513,size_fit,12862.15
R004795,O045145,C03481,2025-08-28 09:12:39.834640627,not_as_described,1510.72
R004796,O045146,C08592,2025-09-08 15:37:40.529243542,wrong_item,736.54
R004797,O045148,C09897,2025-08-28 23:00:01.352820193,damaged,678.59
R004798,O045149,C06304,2025-08-31 20:25:42.262713480,not_as_described,1941.9
R004799,O045165,C04067,2025-08-31 22:02:39.391634983,not_as_described,4415.79
R004800,O045185,C02139,2025-08-30 16:48:26.690760601,damaged,5915.6
R004801,O045202,C07007,2025-08-30 19:59:33.741966930,damaged,17150.76
R004802,O045204,C00598,2025-08-31 04:37:56.670015122,wrong_item,3207.47
R004803,O045205,C09638,2025-09-06 21:14:59.022688156,size_fit,1890.09
R004804,O045208,C05908,2025-08-31 07:16:12.795393644,not_as_described,1156.79
R004805,O045214,C08217,2025-09-02 03:15:05.621070132,not_as_described,934.65
R004806,O045230,C06690,2025-09-03 00:38:29.657552946,damaged,11674.62
R004807,O045266,C01886,2025-08-30 15:00:56.995522848,size_fit,1119.96
R004808,O045278,C03591,2025-09-05 07:43:25.825958893,changed_mind,1157.79
R004809,O045280,C01336,2025-08-27 17:09:53.113009492,changed_mind,2662.64
R004810,O045311,C08460,2025-09-01 03:45:04.938952341,wrong_item,679.04
R004811,O045322,C07601,2025-08-29 01:42:49.389181257,not_as_described,1815.99
R004812,O045323,C07584,2025-08-31 14:23:41.117279460,size_fit,838.6
R004813,O045324,C01060,2025-09-04 05:24:26.106329048,damaged,1584.75
R004814,O045352,C04151,2025-09-03 03:41:31.158660465,wrong_item,2353.26
R004815,O045354,C06505,2025-09-03 13:33:37.473443622,wrong_item,6232.6
R004816,O045363,C03423,2025-09-03 00:07:32.286378669,size_fit,2116.13
R004817,O045376,C04546,2025-08-31 01:58:41.935153166,not_as_described,4014.48
R004818,O045382,C02237,2025-09-03 08:52:07.331799957,wrong_item,1703.43
R004819,O045390,C01701,2025-09-02 11:09:36.382694792,damaged,1643.55
R004820,O045392,C00199,2025-08-30 05:59:58.078866735,size_fit,5261.68
R004821,O045405,C03749,2025-09-03 19:07:08.293696111,size_fit,2308.6
R004822,O045414,C07966,2025-08-30 06:57:47.995622618,wrong_item,5788.54
R004823,O045415,C03078,2025-08-28 22:43:37.363775361,size_fit,2712.44
R004824,O045422,C07201,2025-08-29 02:27:16.934313276,damaged,3107.35
R004825,O045426,C07734,2025-08-30 21:17:32.856135388,wrong_item,12694.64
R004826,O045429,C00082,2025-08-30 14:07:23.713261856,wrong_item,738.83
R004827,O045435,C03776,2025-08-31 17:54:42.555988260,changed_mind,1620.61
R004828,O045444,C04246,2025-09-03 04:11:54.906271566,damaged,443.34
R004829,O045447,C00343,2025-08-31 13:43:45.019518376,changed_mind,1438.79
R004830,O045455,C03929,2025-08-31 23:29:03.941053036,not_as_described,2045.67
R004831,O045460,C06500,2025-09-04 12:48:57.743910352,size_fit,699.7
R004832,O045465,C03395,2025-08-31 23:08:22.912496034,size_fit,1539.34
R004833,O045471,C06454,2025-09-05 04:12:17.125452745,not_as_described,3376.61
R004834,O045498,C06355,2025-09-01 17:31:18.220104166,size_fit,3040.35
R004835,O045503,C03886,2025-08-29 10:17:12.095517861,not_as_described,2622.11
R004836,O045521,C06441,2025-09-01 06:03:12.423805282,not_as_described,11849.96
R004837,O045527,C00363,2025-08-30 20:41:43.479076020,size_fit,8239.02
R004838,O045546,C07249,2025-08-29 20:00:56.232710352,size_fit,2363.73
R004839,O045561,C05392,2025-09-02 07:54:55.291873878,wrong_item,2931.73
R004840,O045567,C02441,2025-08-30 21:16:22.716513109,damaged,627.09
R004841,O045568,C06000,2025-08-31 14:38:12.293124673,changed_mind,1024.58
R004842,O045574,C07274,2025-09-02 11:12:07.595295951,size_fit,2372.67
R004843,O045579,C04522,2025-09-14 03:50:25.119677860,not_as_described,1146.75
R004844,O045583,C03252,2025-08-31 20:17:51.784391029,size_fit,866.65
R004845,O045586,C04379,2025-09-04 18:51:36.851174038,not_as_described,1239.39
R004846,O045589,C00127,2025-09-03 17:20:06.808528143,not_as_described,18174.74
R004847,O045590,C07324,2025-08-30 14:43:09.973592961,changed_mind,3015.8
R004848,O045591,C06951,2025-09-02 05:20:21.549633853,not_as_described,2512.3
R004849,O045604,C02217,2025-08-30 20:13:11.695850652,not_as_described,1861.99
R004850,O045627,C02709,2025-08-31 17:15:49.267034528,size_fit,1102.82
R004851,O045635,C09671,2025-09-02 22:42:07.251742677,damaged,508.49
R004852,O045677,C06775,2025-09-05 06:10:56.342892957,not_as_described,729.78
R004853,O045678,C07488,2025-08-30 22:28:04.060020446,damaged,107.93
R004854,O045679,C00079,2025-09-02 10:47:33.182871064,wrong_item,1789.02
R004855,O045692,C01591,2025-09-03 12:25:02.852432101,changed_mind,1611.83
R004856,O045695,C04672,2025-09-03 00:42:46.859744595,not_as_described,4074.77
R004857,O045701,C07052,2025-09-02 11:56:58.315774808,wrong_item,777.11
R004858,O045707,C05431,2025-09-03 03:39:04.905948078,wrong_item,1097.86
R004859,O045710,C01581,2025-09-01 18:58:02.724295252,not_as_described,2875.88
R004860,O045728,C03061,2025-09-02 16:58:59.203358497,size_fit,3389.95
R004861,O045747,C04943,2025-09-01 05:10:44.924013202,wrong_item,230.21
R004862,O045760,C09217,2025-08-30 04:06:03.711794403,size_fit,280.94
R004863,O045761,C07891,2025-09-02 06:03:25.673871373,size_fit,2705.52
R004864,O045780,C00612,2025-08-31 23:05:08.120035795,size_fit,445.58
R004865,O045786,C01702,2025-09-04 19:54:46.236919370,not_as_described,1887.58
R004866,O045789,C09475,2025-08-30 06:44:40.406266860,damaged,7709.94
R004867,O045793,C02373,2025-09-06 07:12:48.048976522,size_fit,2129.58
R004868,O045804,C03173,2025-09-03 00:23:29.031984888,not_as_described,5441.35
R004869,O045820,C07391,2025-09-02 19:46:42.814157880,wrong_item,4266.33
R004870,O045844,C06445,2025-09-14 13:06:41.760929113,damaged,17218.66
R004871,O045845,C00812,2025-09-03 22:27:11.305063044,not_as_described,879.16
R004872,O045861,C02893,2025-09-06 06:52:59.848090719,damaged,1980.9
R004873,O045862,C05576,2025-09-04 12:39:09.667393538,size_fit,2870.03
R004874,O045871,C07387,2025-09-11 13:55:30.519248030,size_fit,4733.73
R004875,O045887,C01380,2025-09-02 01:01:34.563786816,damaged,1392.86
R004876,O045901,C07694,2025-08-30 13:53:36.611766682,size_fit,385.99
R004877,O045909,C09447,2025-08-31 12:26:11.794515961,changed_mind,5798.49
R004878,O045912,C06650,2025-09-15 00:00:00.000000000,not_as_described,894.01
R004879,O045920,C07679,2025-09-03 08:51:14.440743165,wrong_item,995.53
R004880,O045923,C07317,2025-08-31 15:45:23.947043961,damaged,1595.53
R004881,O045928,C00067,2025-09-17 00:00:00.000000000,changed_mind,4329.81
R004882,O045943,C01675,2025-09-13 05:23:23.833417797,not_as_described,4389.61
R004883,O045947,C03595,2025-08-31 20:35:12.698672672,not_as_described,4506.61
R004884,O045960,C07426,2025-09-03 17:55:16.212177901,not_as_described,873.56
R004885,O045998,C09600,2025-09-05 07:52:48.582174468,not_as_described,4663.09
R004886,O046001,C00682,2025-09-07 19:27:35.944629087,not_as_described,1648.05
R004887,O046012,C03987,2025-09-06 00:01:14.072170083,damaged,18985.86
R004888,O046026,C06504,2025-08-31 15:54:20.007199929,not_as_described,961.92
R004889,O046034,C04060,2025-09-06 22:34:42.122863070,size_fit,1131.14
R004890,O046036,C00013,2025-08-31 11:29:14.723722608,changed_mind,1879.88
R004891,O046046,C00774,2025-09-02 02:57:16.696075215,size_fit,245.69
R004892,O046065,C00351,2025-09-03 10:08:07.617521968,damaged,3476.82
R004893,O046086,C04793,2025-08-31 15:13:54.331477345,not_as_described,3269.22
R004894,O046107,C07576,2025-09-04 01:55:11.052188594,size_fit,475.16
R004895,O046113,C03468,2025-09-02 15:11:18.327797340,size_fit,3774.1
R004896,O046116,C02104,2025-09-07 05:49:36.619299192,damaged,804.13
R004897,O046124,C03844,2025-09-04 02:17:13.437657488,changed_mind,1035.21
R004898,O046126,C07309,2025-09-05 04:54:27.658448492,not_as_described,11660.51
R004899,O046130,C09132,2025-09-17 00:00:00.000000000,size_fit,2173.71
R004900,O046146,C01679,2025-09-03 17:17:56.224163417,wrong_item,1559.59
R004901,O046161,C00336,2025-09-04 20:25:53.544233416,wrong_item,3203.02
R004902,O046163,C06490,2025-09-04 03:49:39.471090139,not_as_described,8895.8
R004903,O046168,C09485,2025-09-04 21:27:00.070922217,wrong_item,5175.91
R004904,O046173,C04799,2025-09-02 18:21:55.757653214,damaged,2887.85
R004905,O046199,C08744,2025-09-01 11:03:40.453612650,size_fit,829.48
R004906,O046210,C00376,2025-09-03 09:54:26.611450178,damaged,3042.25
R004907,O046233,C08038,2025-09-05 10:51:15.257308078,size_fit,2864.45
R004908,O046236,C04293,2025-09-01 12:36:02.519993743,wrong_item,2815.62
R004909,O046250,C05479,2025-09-03 10:56:21.906895030,damaged,400.19
R004910,O046252,C08573,2025-08-31 21:33:10.845953287,changed_mind,2202.94
R004911,O046262,C01119,2025-09-05 07:39:18.348017450,wrong_item,1443.05
R004912,O046298,C09423,2025-09-02 16:20:20.067015321,size_fit,1766.29
R004913,O046323,C06105,2025-09-08 17:23:20.669141724,not_as_described,1437.81
R004914,O046346,C00423,2025-09-08 20:57:10.238058810,size_fit,20222.06
R004915,O046370,C06917,2025-09-10 07:59:25.437148900,size_fit,599.19
R004916,O046372,C07213,2025-09-09 16:29:14.963301254,not_as_described,1043.97
R004917,O046376,C04206,2025-09-06 18:04:05.677447296,size_fit,1276.83
R004918,O046377,C06881,2025-09-06 09:18:43.491692080,not_as_described,17184.43
R004919,O046384,C05813,2025-09-05 16:44:35.078081046,changed_mind,2905.07
R004920,O046387,C08016,2025-09-03 01:20:03.580224770,changed_mind,887.82
R004921,O046395,C02609,2025-09-07 22:41:11.687200987,size_fit,567.25
R004922,O046400,C06903,2025-09-02 09:34:36.136062796,size_fit,1746.82
R004923,O046414,C05075,2025-09-06 03:58:06.940610119,not_as_described,7546.08
R004924,O046420,C05737,2025-09-07 16:01:45.134629460,wrong_item,1815.14
R004925,O046425,C01994,2025-09-11 16:05:37.625366792,not_as_described,827.93
R004926,O046427,C06525,2025-09-01 12:27:58.121673314,not_as_described,2635.73
R004927,O046445,C06823,2025-09-03 01:02:46.306362242,changed_mind,5949.15
R004928,O046449,C07026,2025-09-02 10:43:26.778204372,size_fit,14699.13
R004929,O046471,C07824,2025-09-03 04:55:26.255862602,wrong_item,1430.64
R004930,O046477,C06849,2025-09-02 12:18:16.627161369,not_as_described,4144.12
R004931,O046479,C08553,2025-09-06 23:56:35.453520902,not_as_described,1237.95
R004932,O046504,C07431,2025-09-05 04:57:33.453700416,changed_mind,1540.54
R004933,O046526,C01874,2025-09-07 00:52:05.999375352,not_as_described,7351.26
R004934,O046534,C08278,2025-09-09 11:19:09.077264068,changed_mind,2573.4
R004935,O046536,C01451,2025-09-06 11:17:56.054243227,wrong_item,966.97
R004936,O046547,C00128,2025-09-04 12:21:38.057810522,wrong_item,1454.15
R004937,O046557,C08562,2025-09-04 23:55:40.410218280,size_fit,29859.39
R004938,O046560,C09094,2025-09-08 03:23:08.744137177,not_as_described,1182.12
R004939,O046561,C08850,2025-09-05 04:00:29.139268032,damaged,3518.44
R004940,O046573,C03524,2025-09-03 21:59:31.580688681,size_fit,1903.96
R004941,O046574,C05499,2025-09-10 06:13:51.629929269,changed_mind,1997.12
R004942,O046583,C00726,2025-09-05 14:00:48.243893216,changed_mind,6524.11
R004943,O046586,C03424,2025-09-07 09:28:06.454690903,size_fit,459.53
R004944,O046589,C09209,2025-09-06 13:03:24.813714247,changed_mind,5855.47
R004945,O046604,C03027,2025-09-06 22:43:50.169536835,size_fit,6221.2
R004946,O046615,C06219,2025-09-06 07:06:31.081751146,wrong_item,1449.57
R004947,O046637,C06534,2025-09-08 11:03:15.701497009,size_fit,2101.89
R004948,O046645,C09909,2025-09-06 03:31:11.085269354,size_fit,1778.26
R004949,O046659,C06101,2025-09-04 14:23:17.024477820,size_fit,838.83
R004950,O046669,C05178,2025-09-10 06:26:03.000411178,damaged,2328.21
R004951,O046672,C01558,2025-09-06 05:05:46.209904173,not_as_described,2311.1
R004952,O046685,C03296,2025-09-10 04:12:52.355874672,wrong_item,1829.22
R004953,O046689,C07295,2025-09-05 09:52:56.404777994,wrong_item,897.8
R004954,O046704,C01915,2025-09-04 23:20:21.613863847,changed_mind,368.58
R004955,O046710,C02553,2025-09-04 17:20:40.321825659,changed_mind,1309.29
R004956,O046718,C00914,2025-09-05 18:07:05.591016199,not_as_described,1294.2
R004957,O046732,C09985,2025-09-05 13:48:07.679195953,not_as_described,3677.39
R004958,O046739,C08677,2025-09-10 22:31:18.617071645,size_fit,2225.45
R004959,O046741,C00553,2025-09-05 12:52:57.230684662,not_as_described,478.58
R004960,O046774,C04283,2025-09-09 01:46:17.010237374,damaged,4636.8
R004961,O046775,C04561,2025-09-06 11:39:41.623881386,size_fit,5589.5
R004962,O046779,C07245,2025-09-03 10:06:06.124201358,changed_mind,1140.99
R004963,O046780,C00809,2025-09-07 18:50:50.367897571,not_as_described,1846.82
R004964,O046788,C07179,2025-09-08 10:19:54.077016104,size_fit,3386.75
R004965,O046798,C04251,2025-09-10 23:39:05.112992566,damaged,423.77
R004966,O046807,C00455,2025-09-07 18:17:40.179386619,damaged,2131.54
R004967,O046820,C01984,2025-09-05 18:34:34.257383608,not_as_described,2167.02
R004968,O046827,C01228,2025-09-08 22:56:21.904997064,wrong_item,1225.35
R004969,O046828,C03111,2025-09-06 23:19:48.947138464,not_as_described,4084.7
R004970,O046829,C09776,2025-09-11 02:24:14.669498127,changed_mind,4132.74
R004971,O046838,C06322,2025-09-09 11:02:50.815976661,changed_mind,1210.64
R004972,O046848,C02139,2025-09-12 03:35:35.840686963,not_as_described,1061.68
R004973,O046849,C06222,2025-09-09 03:10:38.636907938,not_as_described,1652.3
R004974,O046862,C07701,2025-09-05 14:41:12.950527254,changed_mind,1837.15
R004975,O046868,C05826,2025-09-09 08:30:51.959756538,wrong_item,1025.76
R004976,O046874,C09636,2025-09-15 05:24:02.283838315,not_as_described,1449.01
R004977,O046880,C01950,2025-09-08 13:48:52.127887932,damaged,9029.63
R004978,O046887,C04786,2025-09-18 08:07:14.421587419,size_fit,309.09
R004979,O046888,C06557,2025-09-06 06:46:33.257750181,not_as_described,1781.85
R004980,O046908,C02015,2025-09-04 21:14:04.167187173,not_as_described,6568.21
R004981,O046921,C05972,2025-09-06 17:53:23.697937186,size_fit,482.99
R004982,O046922,C05040,2025-09-06 20:05:55.374196279,size_fit,918.28
R004983,O046923,C07577,2025-09-06 10:05:54.780565545,not_as_described,2777.38
R004984,O046924,C01799,2025-09-06 03:56:05.298874731,not_as_described,2627.68
R004985,O046936,C04868,2025-09-10 04:58:53.588885919,not_as_described,10859.93
R004986,O046942,C05807,2025-09-12 21:10:39.180426841,size_fit,492.14
R004987,O046949,C05797,2025-09-11 13:17:58.859013483,size_fit,1230.38
R004988,O046959,C00689,2025-09-07 06:27:51.690627626,changed_mind,1725.7
R004989,O046974,C07068,2025-09-04 17:29:59.764553239,size_fit,593.8
R004990,O046976,C02023,2025-09-06 15:39:45.515159308,wrong_item,681.16
R004991,O046984,C06877,2025-09-14 05:09:47.236715103,not_as_described,947.88
R004992,O047001,C02908,2025-09-06 10:52:36.986066565,size_fit,6555.3
R004993,O047009,C03852,2025-09-07 09:48:31.280787172,size_fit,10140.21
R004994,O047033,C01831,2025-09-04 21:57:34.131801150,wrong_item,938.46
R004995,O047034,C07247,2025-09-11 02:21:17.728142626,not_as_described,2249.4
R004996,O047043,C09940,2025-09-10 22:28:22.019093648,changed_mind,441.3
R004997,O047044,C01926,2025-09-07 00:16:51.523249969,size_fit,9871.91
R004998,O047045,C03486,2025-09-10 03:34:24.773736014,not_as_described,738.28
R004999,O047054,C01200,2025-09-07 00:55:19.239616534,changed_mind,619.69
R005000,O047064,C07141,2025-09-08 05:14:27.969526575,wrong_item,2829.82
R005001,O047065,C05757,2025-09-08 22:37:12.558292406,not_as_described,843.64
R005002,O047066,C01103,2025-09-11 05:52:08.283932166,changed_mind,8467.72
R005003,O047083,C07462,2025-09-09 09:30:22.595308869,wrong_item,1323.67
R005004,O047084,C08991,2025-09-12 04:46:43.761904305,wrong_item,1003.12
R005005,O047087,C07277,2025-09-10 00:47:29.712450199,not_as_described,1129.59
R005006,O047093,C02409,2025-09-08 11:28:21.702031453,not_as_described,3905.46
R005007,O047094,C01438,2025-09-08 02:25:13.447466994,changed_mind,11179.75
R005008,O047133,C01646,2025-09-07 09:50:47.983959546,not_as_described,3184.79
R005009,O047135,C09906,2025-09-11 08:37:13.634515635,not_as_described,10815.47
R005010,O047140,C00931,2025-09-08 01:18:22.316129805,not_as_described,27799.33
R005011,O047156,C05298,2025-09-07 23:11:29.414555109,changed_mind,2823.35
R005012,O047161,C02787,2025-09-19 10:07:53.059572886,damaged,1022.37
R005013,O047168,C09220,2025-09-08 19:15:33.497119947,damaged,1713.62
R005014,O047174,C07540,2025-09-05 09:41:42.148571496,damaged,2034.31
R005015,O047175,C09419,2025-09-06 12:50:15.888822651,not_as_described,248.53
R005016,O047179,C05486,2025-09-11 23:24:40.521845271,not_as_described,740.8
R005017,O047181,C03247,2025-09-08 21:25:41.068521202,damaged,1459.59
R005018,O047187,C07504,2025-09-09 10:17:17.539388188,not_as_described,1014.06
R005019,O047206,C07569,2025-09-09 11:09:09.029625245,not_as_described,974.04
R005020,O047209,C03937,2025-09-10 06:43:28.559773574,size_fit,3072.16
R005021,O047242,C05482,2025-09-16 21:58:40.860218092,damaged,789.01
R005022,O047252,C00663,2025-09-09 15:59:34.703641456,size_fit,8457.04
R005023,O047259,C04164,2025-09-11 11:59:34.855904158,size_fit,1259.64
R005024,O047274,C09321,2025-09-10 16:21:59.472671950,size_fit,4536.84
R005025,O047299,C08043,2025-09-11 03:10:31.628470231,not_as_described,329.58
R005026,O047321,C01945,2025-09-08 04:49:15.784051681,not_as_described,1807.85
R005027,O047326,C05982,2025-09-10 00:23:51.124744262,changed_mind,413.9
R005028,O047332,C06168,2025-09-09 05:12:33.231530520,damaged,1891.16
R005029,O047338,C02170,2025-09-12 01:12:47.440159722,wrong_item,693.23
R005030,O047348,C06795,2025-09-07 11:23:25.611894268,not_as_described,811.79
R005031,O047349,C05316,2025-09-06 22:17:18.324710123,not_as_described,2327.49
R005032,O047352,C01779,2025-09-09 03:40:28.540726575,not_as_described,2694.55
R005033,O047378,C03156,2025-09-09 23:29:48.860974222,not_as_described,987.88
R005034,O047383,C07128,2025-09-09 19:27:56.966772247,damaged,1838.77
R005035,O047393,C01685,2025-09-18 00:46:40.272773052,not_as_described,5369.47
R005036,O047400,C04861,2025-09-08 17:36:25.923641421,not_as_described,3636.22
R005037,O047423,C01435,2025-09-08 16:57:54.275348419,size_fit,2235.55
R005038,O047425,C06472,2025-09-06 16:37:49.679909439,size_fit,527.82
R005039,O047435,C06809,2025-09-08 06:30:09.143185968,size_fit,2364.98
R005040,O047438,C09817,2025-09-10 00:00:18.578525842,size_fit,3086.32
R005041,O047439,C00998,2025-09-08 05:20:04.541191659,changed_mind,1015.39
R005042,O047440,C07045,2025-09-13 16:17:05.388476992,size_fit,976.66
R005043,O047448,C03376,2025-09-12 07:14:15.712776834,not_as_described,499.32
R005044,O047450,C03857,2025-09-09 04:08:23.745073095,size_fit,8228.54
R005045,O047467,C04906,2025-09-12 11:18:30.336618744,not_as_described,710.29
R005046,O047470,C06030,2025-09-11 12:49:34.539640424,size_fit,10324.81
R005047,O047471,C01778,2025-09-07 06:30:32.872949107,not_as_described,387.67
R005048,O047478,C01876,2025-09-11 11:34:46.151481388,damaged,7430.88
R005049,O047492,C05540,2025-09-12 04:07:08.559361804,changed_mind,1565.79
R005050,O047496,C04231,2025-09-17 01:06:42.175495022,size_fit,1221.85
R005051,O047509,C05565,2025-09-12 10:10:58.167358269,changed_mind,4231.91
R005052,O047514,C06179,2025-09-07 12:03:04.498395573,changed_mind,4681.93
R005053,O047518,C01873,2025-09-10 19:11:27.355704990,changed_mind,11219.36
R005054,O047519,C05218,2025-09-12 01:45:26.388138276,changed_mind,1350.83
R005055,O047529,C00626,2025-09-09 06:44:47.400426560,size_fit,2124.65
R005056,O047547,C06929,2025-09-07 16:53:50.432138638,wrong_item,4203.82
R005057,O047553,C02253,2025-09-11 22:04:04.649531883,changed_mind,989.05
R005058,O047564,C06864,2025-09-11 14:19:11.502136801,wrong_item,4663.55
R005059,O047572,C06489,2025-09-10 19:04:49.800692413,not_as_described,6922.88
R005060,O047574,C04902,2025-09-11 03:20:34.231084465,size_fit,1087.59
R005061,O047582,C07837,2025-09-13 15:29:57.346467676,size_fit,29747.51
R005062,O047584,C03486,2025-09-10 21:33:00.626617386,changed_mind,9818.42
R005063,O047612,C04110,2025-09-07 12:28:29.422120623,changed_mind,466.44
R005064,O047616,C09672,2025-09-07 04:30:41.678893209,not_as_described,746.12
R005065,O047621,C04077,2025-09-11 14:10:50.073863764,size_fit,410.43
R005066,O047643,C06969,2025-09-09 07:01:39.134441992,not_as_described,1785.39
R005067,O047649,C06067,2025-09-11 03:13:44.496848686,size_fit,7192.75
R005068,O047657,C07636,2025-09-13 19:48:23.786530120,changed_mind,527.79
R005069,O047658,C09914,2025-09-08 23:43:14.794463092,size_fit,760.95
R005070,O047661,C03102,2025-09-11 12:34:35.117798318,not_as_described,3839.59
R005071,O047674,C02783,2025-09-17 04:00:02.304127850,size_fit,1325.62
R005072,O047684,C03185,2025-09-10 14:33:28.162999782,changed_mind,3426.03
R005073,O047690,C04385,2025-09-10 02:28:39.781256692,wrong_item,846.88
R005074,O047693,C03455,2025-09-15 20:23:20.016208204,size_fit,5375.94
R005075,O047701,C02510,2025-09-14 08:43:41.377134446,damaged,21519.8
R005076,O047726,C06436,2025-09-14 09:35:48.869673669,size_fit,2305.67
R005077,O047735,C00240,2025-09-15 16:34:12.084892590,wrong_item,3426.6
R005078,O047738,C09138,2025-09-10 13:53:34.247925913,damaged,2072.04
R005079,O047752,C01861,2025-09-14 06:58:25.866176797,not_as_described,3900.01
R005080,O047770,C00914,2025-09-11 06:36:54.222862644,not_as_described,16486.09
R005081,O047776,C05035,2025-09-13 12:31:54.272453170,size_fit,772.55
R005082,O047781,C00974,2025-09-10 01:19:51.035767086,size_fit,2096.56
R005083,O047789,C03998,2025-09-20 07:31:55.398474472,size_fit,1735.42
R005084,O047792,C02392,2025-09-13 15:05:25.570951177,wrong_item,1679.47
R005085,O047819,C03287,2025-09-14 14:55:54.324100027,not_as_described,387.95
R005086,O047820,C02298,2025-09-11 08:08:11.125182587,changed_mind,1496.66
R005087,O047858,C02830,2025-09-13 07:46:47.604413218,wrong_item,5073.36
R005088,O047862,C02313,2025-09-11 17:06:34.805359742,size_fit,7481.67
R005089,O047867,C07808,2025-09-25 10:14:28.010600127,size_fit,7791.94
R005090,O047869,C02211,2025-09-11 14:28:55.448182603,size_fit,1114.18
R005091,O047873,C06393,2025-09-12 12:18:21.114549439,not_as_described,1987.25
R005092,O047879,C07200,2025-09-11 22:33:43.277001238,not_as_described,3027.44
R005093,O047884,C02129,2025-09-13 23:10:30.465284440,damaged,6115.66
R005094,O047890,C01981,2025-09-15 15:54:11.581637911,wrong_item,734.7
R005095,O047892,C04909,2025-09-11 15:17:41.098942467,size_fit,2684.73
R005096,O047899,C00598,2025-09-13 12:57:29.506151030,not_as_described,3820.69
R005097,O047934,C02212,2025-09-10 09:34:41.078137065,not_as_described,440.03
R005098,O047937,C05156,2025-09-12 11:50:05.285959756,not_as_described,436.27
R005099,O047950,C01344,2025-09-10 00:28:25.937265025,size_fit,8144.38
R005100,O047953,C08321,2025-09-11 13:43:59.972257804,changed_mind,5763.7
R005101,O047973,C02736,2025-09-14 10:59:01.952094073,not_as_described,378.42
R005102,O047975,C03089,2025-09-19 17:01:06.761085574,damaged,3413.05
R005103,O047980,C03387,2025-09-11 10:24:21.425288670,damaged,16215.62
R005104,O048000,C00853,2025-09-19 18:13:00.127019330,not_as_described,3066.7
R005105,O048015,C04890,2025-09-11 10:20:00.571364527,changed_mind,1875.38
R005106,O048025,C07871,2025-09-13 11:24:46.978930512,size_fit,6060.43
R005107,O048051,C09004,2025-09-12 06:54:15.581466601,size_fit,3663.09
R005108,O048066,C04321,2025-09-12 22:40:33.799143417,not_as_described,3331.34
R005109,O048117,C02628,2025-09-17 19:30:58.988980252,damaged,836.4
R005110,O048118,C06678,2025-09-12 03:36:39.200894452,not_as_described,1855.8
R005111,O048126,C07170,2025-09-13 05:18:27.265719574,size_fit,4430.49
R005112,O048134,C04464,2025-09-10 13:37:04.799978637,not_as_described,7464.43
R005113,O048149,C01384,2025-09-14 02:50:11.200706653,damaged,5212.05
R005114,O048152,C09951,2025-09-10 07:15:36.714952911,not_as_described,744.27
R005115,O048165,C07136,2025-09-11 22:49:34.889789182,damaged,8496.43
R005116,O048170,C00774,2025-09-11 07:55:49.976030647,size_fit,2020.49
R005117,O048174,C08347,2025-09-22 19:44:23.382007929,damaged,1502.42
R005118,O048176,C04474,2025-09-18 03:21:11.909044918,changed_mind,3675.77
R005119,O048180,C01267,2025-09-11 16:11:52.084711550,size_fit,3787.34
R005120,O048189,C03132,2025-09-16 22:49:25.748936598,changed_mind,1354.9
R005121,O048194,C03326,2025-09-10 05:59:56.986708884,size_fit,584.27
R005122,O048195,C09989,2025-09-14 03:43:40.218956554,damaged,13421.12
R005123,O048197,C07332,2025-09-13 13:33:25.659307328,size_fit,9470.33
R005124,O048199,C01135,2025-09-18 17:38:50.995786092,damaged,430.88
R005125,O048220,C08506,2025-09-11 06:27:30.313765317,size_fit,5669.71
R005126,O048234,C04836,2025-09-14 23:46:34.827732372,not_as_described,1154.78
R005127,O048235,C08587,2025-09-16 11:21:42.981821150,changed_mind,345.05
R005128,O048240,C08927,2025-09-16 02:06:48.483033048,size_fit,8931.05
R005129,O048245,C05280,2025-09-15 23:08:16.395590767,not_as_described,2837.18
R005130,O048248,C05871,2025-09-12 19:48:55.100203250,damaged,8975.07
R005131,O048260,C06273,2025-09-12 21:54:01.417432521,not_as_described,2003.03
R005132,O048271,C05094,2025-09-12 09:11:38.043098934,damaged,2759.73
R005133,O048276,C07989,2025-09-18 18:31:59.546719682,changed_mind,587.24
R005134,O048288,C01056,2025-09-11 19:03:39.827991412,wrong_item,468.08
R005135,O048304,C06943,2025-09-14 15:34:38.828164440,changed_mind,374.22
R005136,O048307,C03557,2025-09-13 08:02:21.975742971,not_as_described,397.42
R005137,O048342,C07140,2025-09-14 14:38:22.641459964,not_as_described,427.44
R005138,O048343,C06085,2025-09-12 10:13:47.030065561,not_as_described,3630.21
R005139,O048361,C01753,2025-09-29 15:44:51.845103499,not_as_described,1022.24
R005140,O048380,C08359,2025-09-11 23:55:46.816694544,changed_mind,426.47
R005141,O048384,C04092,2025-09-14 12:25:43.423704994,not_as_described,863.31
R005142,O048386,C05589,2025-09-15 13:47:17.551298450,changed_mind,1749.76
R005143,O048393,C02784,2025-09-12 22:42:56.934233870,not_as_described,9559.75
R005144,O048402,C03425,2025-09-17 23:22:36.593520301,size_fit,2435.72
R005145,O048403,C07083,2025-09-16 07:29:21.525450288,size_fit,497.92
R005146,O048405,C02595,2025-09-12 06:22:42.670685503,damaged,4402.17
R005147,O048421,C02303,2025-09-14 21:07:11.963657542,not_as_described,3307.53
R005148,O048427,C03311,2025-09-15 13:05:10.873760136,size_fit,2882.7
R005149,O048444,C07815,2025-09-16 13:16:31.966047274,not_as_described,1445.91
R005150,O048445,C02877,2025-09-16 19:44:52.100776327,damaged,469.48
R005151,O048452,C09178,2025-09-20 18:33:08.542111172,size_fit,2663.34
R005152,O048462,C09855,2025-09-16 15:47:53.409100358,not_as_described,3745.2
R005153,O048488,C02413,2025-09-14 07:30:19.103310320,not_as_described,684.46
R005154,O048515,C03383,2025-09-16 23:13:11.749786471,damaged,857.83
R005155,O048520,C00503,2025-09-23 12:24:30.533971017,damaged,8586.95
R005156,O048542,C02262,2025-09-17 19:30:33.082392056,changed_mind,4204.95
R005157,O048545,C00569,2025-09-25 16:28:58.225117702,size_fit,760.08
R005158,O048560,C09658,2025-09-16 09:30:16.403742075,damaged,9043.19
R005159,O048561,C07329,2025-09-17 18:06:03.547698264,not_as_described,3243.87
R005160,O048562,C09131,2025-09-16 13:52:08.252518893,not_as_described,3520.68
R005161,O048568,C05719,2025-09-19 15:11:17.638633086,wrong_item,3173.22
R005162,O048572,C00916,2025-09-15 01:16:35.582114262,not_as_described,1109.01
R005163,O048586,C08362,2025-09-14 19:37:02.808992258,damaged,241.89
R005164,O048594,C08038,2025-09-17 21:08:43.247373507,size_fit,698.98
R005165,O048596,C05748,2025-09-21 09:03:49.672491544,wrong_item,1721.41
R005166,O048650,C00597,2025-09-15 08:34:56.987475070,size_fit,3679.41
R005167,O048651,C03913,2025-09-18 15:52:59.877193785,not_as_described,2731.56
R005168,O048654,C04627,2025-09-14 18:20:50.005844786,wrong_item,978.68
R005169,O048656,C00590,2025-09-15 21:13:29.004226842,not_as_described,567.71
R005170,O048676,C04634,2025-09-17 02:10:31.757858544,not_as_described,3957.99
R005171,O048710,C02235,2025-09-28 15:24:15.697324580,size_fit,1144.19
R005172,O048717,C06073,2025-09-13 14:14:20.942114780,changed_mind,1738.36
R005173,O048725,C03956,2025-09-18 11:15:22.194704196,wrong_item,677.27
R005174,O048733,C05209,2025-09-16 17:33:25.585837668,not_as_described,27045.61
R005175,O048736,C08651,2025-09-25 04:59:03.534052441,damaged,4201.57
R005176,O048750,C01280,2025-09-18 08:03:02.722075056,changed_mind,1721.33
R005177,O048751,C08047,2025-09-14 09:57:38.412703861,size_fit,5081.55
R005178,O048773,C05748,2025-09-15 08:23:25.704931934,not_as_described,20522.77
R005179,O048805,C09279,2025-09-15 14:31:39.591769846,size_fit,2410.42
R005180,O048808,C00784,2025-09-16 09:02:33.536090965,size_fit,10744.38
R005181,O048822,C06483,2025-09-15 21:44:31.554391113,damaged,6896.07
R005182,O048862,C02597,2025-09-18 05:35:49.013013206,damaged,1047.21
R005183,O048866,C07233,2025-09-19 14:24:27.278967949,not_as_described,1064.63
R005184,O048868,C04308,2025-09-17 05:47:30.503164095,not_as_described,1048.64
R005185,O048877,C05648,2025-09-18 09:36:46.165106991,wrong_item,642.5
R005186,O048878,C08307,2025-09-16 05:44:47.462439102,changed_mind,9269.84
R005187,O048879,C05094,2025-09-14 10:48:20.318602701,size_fit,5533.12
R005188,O048892,C07952,2025-09-29 03:03:00.265351986,size_fit,3609.52
R005189,O048894,C01881,2025-09-17 15:32:10.542573236,not_as_described,1399.0
R005190,O048899,C08661,2025-09-21 20:42:12.920352667,not_as_described,12849.01
R005191,O048900,C07515,2025-09-16 07:38:54.817057442,not_as_described,1676.56
R005192,O048901,C01970,2025-09-20 15:37:52.168404522,damaged,378.61
R005193,O048909,C00952,2025-09-26 21:46:35.503432183,not_as_described,1318.96
R005194,O048919,C05942,2025-09-21 16:23:57.415017649,not_as_described,853.3
R005195,O048924,C05977,2025-09-18 17:32:59.617609062,damaged,1380.83
R005196,O048929,C00677,2025-09-14 15:44:57.453207097,size_fit,643.5
R005197,O048931,C09451,2025-09-18 01:57:06.832794722,not_as_described,1098.04
R005198,O048953,C06902,2025-09-21 11:28:37.763829278,size_fit,2141.01
R005199,O048961,C09727,2025-09-15 11:13:59.522994465,changed_mind,526.93
R005200,O048981,C08352,2025-09-19 04:52:01.280404340,wrong_item,1841.63
R005201,O048983,C03128,2025-09-17 05:45:13.872937176,not_as_described,22006.98
R005202,O048999,C00034,2025-09-18 07:05:00.397179751,size_fit,1546.8
R005203,O049000,C07382,2025-09-15 21:28:25.479289470,size_fit,876.03
R005204,O049022,C00813,2025-09-17 08:50:14.805466378,size_fit,2063.57
R005205,O049030,C06975,2025-09-18 12:21:36.294066442,size_fit,684.99
R005206,O049055,C01677,2025-09-17 02:25:37.875981496,wrong_item,4139.0
R005207,O049057,C04363,2025-09-17 10:45:04.006380787,not_as_described,399.56
R005208,O049063,C09248,2025-09-17 06:34:05.400778731,not_as_described,1209.01
R005209,O049074,C02306,2025-09-18 21:50:35.434385538,changed_mind,1253.33
R005210,O049107,C00370,2025-09-26 11:49:08.088760009,size_fit,3494.31
R005211,O049113,C02887,2025-09-15 22:27:27.413590478,size_fit,5008.87
R005212,O049118,C05927,2025-09-27 14:19:46.086849012,size_fit,1383.99
R005213,O049123,C09219,2025-09-19 12:24:24.844312303,wrong_item,611.22
R005214,O049130,C02792,2025-09-23 07:53:00.626974159,not_as_described,219.84
R005215,O049136,C04125,2025-09-19 08:48:38.212772382,wrong_item,1993.66
R005216,O049139,C00315,2025-09-21 14:40:01.731436579,not_as_described,1679.0
R005217,O049143,C09489,2025-09-23 07:58:09.256346234,changed_mind,1029.25
R005218,O049145,C02562,2025-09-21 12:05:17.220279048,damaged,433.15
R005219,O049168,C01661,2025-09-17 10:02:01.352784015,damaged,803.22
R005220,O049170,C05592,2025-09-21 12:58:04.193254390,damaged,1209.19
R005221,O049180,C01081,2025-09-22 14:37:52.308013321,not_as_described,9980.93
R005222,O049199,C06272,2025-09-21 01:32:56.834881256,size_fit,8545.58
R005223,O049201,C09298,2025-09-18 17:04:56.162209173,damaged,4618.01
R005224,O049211,C04470,2025-09-21 02:47:23.732766322,wrong_item,834.55
R005225,O049217,C08360,2025-09-21 17:46:51.299643874,damaged,1172.97
R005226,O049231,C01439,2025-09-20 12:11:35.837860300,not_as_described,566.49
R005227,O049236,C02648,2025-09-19 22:00:08.869267076,wrong_item,2203.94
R005228,O049239,C01840,2025-09-16 07:36:56.452676504,wrong_item,2239.98
R005229,O049246,C00406,2025-09-19 02:23:14.244485434,not_as_described,2076.62
R005230,O049248,C01455,2025-09-22 04:18:28.039447022,size_fit,1210.91
R005231,O049255,C09834,2025-09-23 10:13:52.628031454,size_fit,1110.87
R005232,O049272,C06472,2025-09-17 12:05:10.686121936,changed_mind,8921.79
R005233,O049286,C03108,2025-09-21 17:44:25.760393016,damaged,1052.82
R005234,O049290,C08711,2025-09-21 19:57:19.082279998,not_as_described,3342.23
R005235,O049296,C07465,2025-09-20 16:45:05.038281950,size_fit,760.23
R005236,O049315,C02344,2025-09-18 14:00:39.739441766,damaged,448.03
R005237,O049325,C00554,2025-09-20 19:11:48.255246261,not_as_described,1202.41
R005238,O049331,C08839,2025-09-18 22:17:02.512248270,not_as_described,983.95
R005239,O049332,C01001,2025-09-18 13:50:47.913691218,size_fit,3314.83
R005240,O049335,C07681,2025-09-17 09:33:54.609014984,size_fit,1646.77
R005241,O049337,C09424,2025-09-28 02:18:05.515794270,wrong_item,1885.63
R005242,O049343,C04156,2025-09-17 14:18:40.583190841,damaged,1395.94
R005243,O049357,C00171,2025-09-21 05:58:46.204570347,wrong_item,3042.67
R005244,O049361,C04937,2025-09-17 23:37:03.024943921,not_as_described,1131.31
R005245,O049385,C08709,2025-10-01 07:06:45.865811966,not_as_described,2373.26
R005246,O049401,C01725,2025-09-30 08:39:50.139553316,damaged,1605.59
R005247,O049402,C09440,2025-09-17 12:12:18.367716362,wrong_item,3202.96
R005248,O049413,C00612,2025-09-24 18:01:48.021347550,changed_mind,6262.26
R005249,O049420,C04071,2025-09-21 19:10:10.879430142,damaged,7925.59
R005250,O049467,C05978,2025-09-19 08:56:02.862482496,size_fit,921.04
R005251,O049490,C06509,2025-09-19 15:09:13.037365814,changed_mind,11657.86
R005252,O049491,C07081,2025-09-18 12:52:12.516941870,not_as_described,376.14
R005253,O049511,C02120,2025-09-24 23:33:54.705505392,changed_mind,7333.51
R005254,O049513,C08526,2025-09-22 04:14:22.026634234,changed_mind,1952.93
R005255,O049522,C01290,2025-09-22 13:06:54.503687268,not_as_described,1637.12
R005256,O049533,C08913,2025-09-22 13:57:00.720173437,changed_mind,654.56
R005257,O049536,C08641,2025-09-20 21:37:35.316468699,not_as_described,11335.37
R005258,O049541,C04361,2025-09-25 01:03:06.531370963,not_as_described,1486.25
R005259,O049547,C00691,2025-09-22 19:19:48.325944579,not_as_described,609.55
R005260,O049560,C08424,2025-09-21 11:51:10.111720226,changed_mind,1844.15
R005261,O049562,C00671,2025-09-18 16:38:10.720969069,damaged,6412.87
R005262,O049585,C07002,2025-09-20 07:28:27.240716406,size_fit,1351.41
R005263,O049606,C08724,2025-09-26 19:50:51.799289920,size_fit,6276.0
R005264,O049611,C06210,2025-09-29 02:25:09.222741213,changed_mind,9780.97
R005265,O049642,C07901,2025-09-25 10:54:32.077561381,damaged,2733.03
R005266,O049654,C07838,2025-09-26 09:15:24.674387619,size_fit,536.29
R005267,O049667,C04087,2025-09-23 14:59:37.282527380,not_as_described,1134.17
R005268,O049669,C09682,2025-09-18 15:22:36.294433089,not_as_described,4226.42
R005269,O049685,C09690,2025-09-24 04:40:08.709642177,not_as_described,1926.26
R005270,O049688,C03310,2025-09-19 08:27:07.253899113,damaged,700.79
R005271,O049689,C03212,2025-09-25 05:28:44.691262186,changed_mind,2334.05
R005272,O049698,C00341,2025-09-24 06:27:06.971364090,not_as_described,2558.22
R005273,O049702,C02395,2025-09-20 09:20:45.069903445,size_fit,408.9
R005274,O049734,C05968,2025-09-19 12:14:45.060223495,not_as_described,4144.69
R005275,O049738,C03710,2025-09-22 09:36:15.013200254,size_fit,3872.84
R005276,O049783,C01570,2025-09-24 11:14:59.940386678,not_as_described,1657.77
R005277,O049785,C04479,2025-09-23 21:02:30.214343180,size_fit,2034.47
R005278,O049790,C00462,2025-09-25 05:24:01.768175028,not_as_described,1709.77
R005279,O049791,C07102,2025-09-23 07:46:49.209530523,not_as_described,1706.45
R005280,O049803,C05218,2025-09-21 21:16:33.762637369,damaged,1477.9
R005281,O049822,C08155,2025-09-24 04:21:30.392164915,not_as_described,3414.89
R005282,O049826,C08641,2025-09-20 02:04:19.020178423,size_fit,3421.01
R005283,O049839,C03421,2025-10-04 00:00:00.000000000,changed_mind,2725.96
R005284,O049846,C01653,2025-09-20 09:58:36.752802254,wrong_item,4701.0
R005285,O049848,C06472,2025-09-19 21:50:57.956051803,size_fit,5942.35
R005286,O049849,C01026,2025-09-21 15:14:24.126689385,not_as_described,1024.52
R005287,O049851,C07298,2025-09-23 04:20:45.495001600,damaged,5558.89
R005288,O049864,C04401,2025-09-23 15:35:19.651846606,changed_mind,855.98
R005289,O049875,C04564,2025-09-22 05:44:51.085656574,not_as_described,1203.41
R005290,O049878,C07432,2025-09-22 09:39:58.004623591,wrong_item,1854.17
R005291,O049891,C09269,2025-09-22 18:40:52.141299283,not_as_described,815.39
R005292,O049907,C08278,2025-09-28 15:19:46.244322937,not_as_described,1052.15
R005293,O049953,C04909,2025-09-28 21:34:52.702081816,size_fit,5442.13
R005294,O049957,C02896,2025-09-24 03:58:35.801840096,changed_mind,2548.71
R005295,O049958,C02072,2025-09-22 05:38:39.375738740,size_fit,875.63
R005296,O049963,C03859,2025-09-22 04:09:30.783633534,changed_mind,7794.75
R005297,O049969,C05306,2025-09-21 12:50:34.837521151,size_fit,2019.34
R005298,O049972,C05343,2025-09-22 23:28:30.983005419,size_fit,3694.91
R005299,O049979,C09786,2025-09-26 07:00:16.644403944,size_fit,1809.68
R005300,O049983,C03803,2025-09-27 11:28:27.014512011,not_as_described,2126.14
R005301,O049991,C09125,2025-09-28 11:39:10.038585934,not_as_described,1273.61
R005302,O049998,C09786,2025-09-22 01:13:14.099556147,damaged,3608.55
R005303,O050020,C00257,2025-09-20 12:15:46.823232740,size_fit,679.03
R005304,O050028,C09529,2025-09-23 22:47:12.249888788,changed_mind,2138.2
R005305,O050035,C06178,2025-09-23 14:53:14.922065886,wrong_item,3321.83
R005306,O050036,C02337,2025-10-09 00:00:00.000000000,size_fit,6510.93
R005307,O050042,C07918,2025-09-23 09:00:39.730279939,changed_mind,3604.06
R005308,O050044,C01835,2025-09-22 17:52:11.131189442,not_as_described,682.27
R005309,O050054,C03824,2025-09-23 12:43:55.810035184,size_fit,7104.61
R005310,O050056,C02094,2025-09-23 02:31:26.136868501,size_fit,947.1
R005311,O050058,C01458,2025-09-25 06:44:06.714601285,damaged,615.13
R005312,O050066,C00135,2025-09-27 02:31:19.986812583,size_fit,2797.68
R005313,O050073,C08265,2025-09-27 19:06:38.073542698,wrong_item,1278.13
R005314,O050082,C02278,2025-09-23 03:51:28.960440814,not_as_described,5029.45
R005315,O050089,C07981,2025-09-29 20:57:04.054776998,not_as_described,6360.83
R005316,O050107,C05880,2025-09-23 11:11:28.348585576,wrong_item,484.28
R005317,O050113,C09091,2025-10-01 21:29:30.679614535,damaged,883.51
R005318,O050124,C08238,2025-10-01 01:28:22.480706672,not_as_described,2112.89
R005319,O050131,C04645,2025-09-20 12:22:57.686877447,damaged,547.02
R005320,O050136,C09443,2025-09-26 11:42:22.759802510,damaged,869.63
R005321,O050147,C05175,2025-09-23 11:40:58.458711849,changed_mind,5731.28
R005322,O050155,C04570,2025-09-23 19:20:26.079198716,size_fit,11258.13
R005323,O050156,C00011,2025-09-27 15:50:50.919853909,not_as_described,752.14
R005324,O050166,C06199,2025-09-23 08:35:38.928644023,wrong_item,2233.19
R005325,O050170,C03565,2025-09-21 17:36:38.657420967,size_fit,1254.56
R005326,O050173,C09791,2025-09-29 07:30:45.075885919,not_as_described,6343.59
R005327,O050176,C03298,2025-09-23 08:19:12.914518483,not_as_described,827.12
R005328,O050177,C06346,2025-10-02 10:20:57.368018097,not_as_described,608.7
R005329,O050178,C00341,2025-09-28 16:42:58.563506376,damaged,472.25
R005330,O050188,C06772,2025-09-26 17:49:24.967339575,wrong_item,4723.43
R005331,O050234,C04468,2025-09-24 06:56:25.356787432,damaged,829.14
R005332,O050238,C06289,2025-09-26 06:11:32.942191596,not_as_described,680.86
R005333,O050244,C04943,2025-09-24 04:16:24.637867892,not_as_described,16645.02
R005334,O050250,C01214,2025-09-23 19:39:04.304401822,not_as_described,2131.08
R005335,O050260,C08093,2025-09-22 11:38:56.282666661,size_fit,5710.0
R005336,O050266,C09074,2025-10-01 05:33:17.659034719,size_fit,8957.93
R005337,O050267,C06651,2025-09-23 18:56:46.685737906,size_fit,8740.09
R005338,O050273,C09430,2025-10-01 15:42:03.074150728,damaged,8894.52
R005339,O050279,C01101,2025-09-27 14:01:15.571542752,not_as_described,781.69
R005340,O050302,C09183,2025-09-25 09:16:41.058958638,not_as_described,846.54
R005341,O050313,C05065,2025-09-26 17:57:02.831199573,damaged,6846.58
R005342,O050316,C00829,2025-10-09 00:00:00.000000000,not_as_described,1962.43
R005343,O050326,C01001,2025-09-22 21:47:33.562912221,changed_mind,1660.58
R005344,O050340,C09448,2025-09-23 17:41:32.810507199,size_fit,1277.7
R005345,O050345,C02256,2025-09-23 05:41:03.253995045,not_as_described,4436.82
R005346,O050351,C06526,2025-09-23 10:42:30.352844916,not_as_described,1706.0
R005347,O050362,C05799,2025-09-24 22:41:48.446947950,not_as_described,1062.28
R005348,O050397,C00188,2025-09-25 17:15:19.794980707,not_as_described,631.59
R005349,O050401,C08908,2025-09-23 06:53:54.555458182,not_as_described,3602.47
R005350,O050409,C08522,2025-10-10 00:00:00.000000000,size_fit,1240.21
R005351,O050411,C01728,2025-10-02 12:12:51.150295249,damaged,2124.85
R005352,O050448,C06631,2025-09-26 18:53:22.897357994,not_as_described,8180.4
R005353,O050488,C08682,2025-09-27 15:06:36.053024551,size_fit,700.85
R005354,O050496,C07839,2025-09-26 11:13:07.156743985,damaged,4632.39
R005355,O050507,C05311,2025-09-23 12:21:49.697025962,not_as_described,4027.95
R005356,O050518,C05668,2025-09-28 08:59:46.721282658,changed_mind,2053.58
R005357,O050531,C02119,2025-09-24 05:13:18.235282123,damaged,525.66
R005358,O050535,C04922,2025-10-02 10:23:12.935005774,wrong_item,3267.24
R005359,O050539,C06127,2025-10-03 16:24:05.046273021,not_as_described,1467.48
R005360,O050540,C09726,2025-09-28 16:02:48.787408453,changed_mind,1029.03
R005361,O050548,C07302,2025-09-25 06:18:58.872418538,size_fit,858.88
R005362,O050559,C08258,2025-09-24 05:12:45.835161703,size_fit,1509.33
R005363,O050560,C07548,2025-10-04 16:33:06.613228890,size_fit,1015.9
R005364,O050563,C01091,2025-09-29 12:48:29.488398307,size_fit,755.29
R005365,O050579,C07062,2025-10-10 00:00:00.000000000,size_fit,6792.99
R005366,O050585,C04812,2025-09-28 15:31:21.696413635,not_as_described,10260.69
R005367,O050592,C02121,2025-09-26 09:19:16.066557314,changed_mind,1589.92
R005368,O050598,C09856,2025-09-24 16:08:40.609272422,damaged,1466.14
R005369,O050625,C02728,2025-09-29 22:39:32.543791434,wrong_item,780.85
R005370,O050631,C05883,2025-09-25 12:42:46.515506551,size_fit,1172.87
R005371,O050641,C03946,2025-09-26 01:37:40.070946568,changed_mind,3014.29
R005372,O050652,C06514,2025-09-29 20:06:18.454301593,changed_mind,802.03
R005373,O050660,C04320,2025-09-24 01:31:51.746974168,not_as_described,645.18
R005374,O050664,C07418,2025-09-30 03:52:29.643100957,not_as_described,1179.54
R005375,O050671,C06579,2025-09-28 01:26:37.669244222,size_fit,8406.15
R005376,O050673,C09742,2025-09-29 06:31:43.494762892,wrong_item,9132.89
R005377,O050702,C05748,2025-09-27 08:35:17.717285104,not_as_described,15521.83
R005378,O050706,C02300,2025-09-26 14:16:53.599791003,size_fit,7910.56
R005379,O050723,C09211,2025-09-28 15:00:52.739715171,not_as_described,3128.53
R005380,O050725,C02189,2025-09-28 20:12:19.925150454,not_as_described,3067.2
R005381,O050734,C03348,2025-09-26 22:23:54.595187527,damaged,3810.64
R005382,O050737,C02906,2025-09-30 23:34:56.076651789,size_fit,2377.81
R005383,O050744,C06169,2025-09-26 13:09:34.917789628,size_fit,1316.39
R005384,O050746,C08465,2025-09-26 20:49:17.708737591,changed_mind,937.36
R005385,O050759,C04849,2025-09-29 21:26:06.700919499,size_fit,2091.21
R005386,O050763,C09057,2025-09-25 10:58:43.220193582,not_as_described,1142.38
R005387,O050765,C00852,2025-10-05 15:16:35.386383810,wrong_item,2118.72
R005388,O050788,C08978,2025-09-27 22:02:43.927455634,changed_mind,589.29
R005389,O050799,C09707,2025-10-01 19:11:29.723847190,damaged,806.36
R005390,O050814,C04345,2025-09-28 22:12:16.599733783,wrong_item,2192.05
R005391,O050840,C02882,2025-09-26 14:24:01.655437694,size_fit,1761.93
R005392,O050849,C02177,2025-09-27 06:28:09.355055113,wrong_item,1023.85
R005393,O050851,C01227,2025-09-28 22:22:10.927575858,size_fit,1708.4
R005394,O050860,C03993,2025-09-29 11:32:34.729486008,wrong_item,4536.08
R005395,O050864,C06290,2025-09-29 11:56:28.100290182,size_fit,6260.3
R005396,O050867,C04025,2025-10-04 22:03:00.921045016,wrong_item,1560.3
R005397,O050871,C00319,2025-09-29 19:41:49.381957582,not_as_described,2539.48
R005398,O050874,C03453,2025-10-02 04:45:13.268567358,not_as_described,4983.81
R005399,O050889,C07680,2025-09-26 08:42:37.439562934,size_fit,12454.66
R005400,O050902,C07295,2025-09-28 20:51:23.281475184,not_as_described,856.16
R005401,O050908,C03964,2025-10-01 11:32:46.892018130,size_fit,3237.68
R005402,O050934,C04258,2025-09-26 01:32:53.373067108,not_as_described,527.62
R005403,O050949,C01535,2025-09-28 03:24:08.567208759,wrong_item,449.46
R005404,O050954,C05883,2025-09-26 11:34:50.886864454,wrong_item,8080.46
R005405,O050956,C00380,2025-09-28 14:37:32.030209974,damaged,3403.85
R005406,O050963,C01930,2025-10-02 03:36:25.482124911,not_as_described,651.02
R005407,O050973,C02927,2025-09-29 18:19:40.646047234,size_fit,7059.42
R005408,O050974,C06257,2025-09-28 11:27:38.529215452,size_fit,478.07
R005409,O050994,C01563,2025-09-25 19:39:12.658970584,size_fit,1092.41
R005410,O050997,C04278,2025-09-28 08:04:29.917765714,changed_mind,4170.24
R005411,O051004,C07345,2025-09-28 11:02:04.480225620,size_fit,1128.97
R005412,O051017,C05346,2025-10-06 09:06:12.448827842,damaged,2949.48
R005413,O051037,C00566,2025-09-25 19:22:10.993385571,wrong_item,841.56
R005414,O051038,C05198,2025-10-01 23:06:40.346722432,damaged,1091.09
R005415,O051041,C01618,2025-09-28 09:16:30.685935630,changed_mind,3845.66
R005416,O051059,C01664,2025-09-25 18:13:25.841626215,not_as_described,1386.64
R005417,O051065,C05365,2025-09-29 23:58:18.648873127,size_fit,1473.02
R005418,O051069,C00169,2025-09-27 09:23:37.996390366,damaged,379.8
R005419,O051076,C08996,2025-10-01 10:38:56.034496348,changed_mind,863.3
R005420,O051084,C09540,2025-09-30 01:56:02.551781688,size_fit,45928.63
R005421,O051096,C05598,2025-09-30 13:21:34.140319214,not_as_described,3170.92
R005422,O051101,C01043,2025-09-28 11:34:43.590648561,size_fit,199.7
R005423,O051113,C00058,2025-09-27 07:34:02.255732065,size_fit,3844.85
R005424,O051128,C05111,2025-09-26 15:01:58.486498467,not_as_described,858.08
R005425,O051132,C07295,2025-09-30 20:53:42.642931318,not_as_described,883.64
R005426,O051147,C07730,2025-09-30 13:55:26.079649741,not_as_described,4366.9
R005427,O051166,C05974,2025-09-28 12:23:12.085573218,not_as_described,4282.65
R005428,O051177,C04327,2025-10-01 01:17:14.188241767,size_fit,9816.34
R005429,O051179,C03333,2025-09-29 16:16:38.973493840,damaged,10844.73
R005430,O051183,C07425,2025-10-15 00:00:00.000000000,size_fit,486.15
R005431,O051184,C08687,2025-09-29 20:37:36.460064197,not_as_described,1664.84
R005432,O051185,C09031,2025-10-02 08:17:28.543314642,wrong_item,843.29
R005433,O051193,C03658,2025-09-29 22:03:14.900370440,damaged,1862.92
R005434,O051203,C02385,2025-10-01 20:05:44.738570241,changed_mind,1974.19
R005435,O051213,C03432,2025-09-26 17:56:05.318884881,wrong_item,2483.6
R005436,O051226,C04961,2025-10-01 22:59:35.248920583,size_fit,1672.93
R005437,O051230,C01998,2025-10-08 13:19:07.045505821,not_as_described,2003.26
R005438,O051236,C03250,2025-09-28 21:48:12.648771064,wrong_item,4815.53
R005439,O051272,C07648,2025-10-01 02:43:34.207702705,size_fit,1794.43
R005440,O051276,C01435,2025-09-29 18:32:21.390707698,not_as_described,2483.85
R005441,O051281,C00522,2025-09-26 11:42:38.043372528,size_fit,2088.49
R005442,O051285,C02940,2025-09-27 03:10:48.908733826,wrong_item,2295.08
R005443,O051289,C02215,2025-09-28 04:42:19.292114167,changed_mind,747.64
R005444,O051297,C01794,2025-09-30 16:53:05.112025724,size_fit,1376.03
R005445,O051303,C01762,2025-09-29 12:23:35.108013343,size_fit,5248.68
R005446,O051305,C05454,2025-09-27 17:57:04.642659273,size_fit,4347.26
R005447,O051308,C04944,2025-10-01 21:52:07.906004907,not_as_described,470.36
R005448,O051339,C02326,2025-09-30 21:15:45.378175388,changed_mind,14179.45
R005449,O051367,C00220,2025-10-02 23:42:50.674505760,not_as_described,1309.64
R005450,O051371,C09554,2025-10-02 00:48:35.778232386,wrong_item,1129.64
R005451,O051380,C00037,2025-10-01 06:04:50.803297341,wrong_item,893.37
R005452,O051382,C02256,2025-09-28 11:55:54.507248731,size_fit,1296.99
R005453,O051402,C06239,2025-09-30 03:37:24.036715646,damaged,547.65
R005454,O051412,C02096,2025-10-02 18:41:41.038161266,damaged,1054.39
R005455,O051414,C03134,2025-10-10 17:33:22.966162066,not_as_described,447.27
R005456,O051421,C01086,2025-10-03 02:50:10.331636578,size_fit,842.13
R005457,O051443,C05479,2025-09-29 13:18:45.150018285,size_fit,964.09
R005458,O051445,C04495,2025-09-27 07:43:46.486860790,not_as_described,849.14
R005459,O051451,C08758,2025-10-01 05:29:43.257792555,wrong_item,391.4
R005460,O051462,C05674,2025-10-01 03:11:01.630483332,size_fit,2808.61
R005461,O051465,C00494,2025-09-30 13:27:37.560484976,wrong_item,6919.59
R005462,O051476,C05689,2025-10-03 05:59:09.082892032,not_as_described,2026.91
R005463,O051492,C06461,2025-09-30 00:02:26.696708988,size_fit,3897.19
R005464,O051494,C05521,2025-09-30 07:05:58.161486264,changed_mind,807.26
R005465,O051501,C08080,2025-10-02 10:17:25.687867369,damaged,482.11
R005466,O051508,C07201,2025-09-28 02:36:45.261077774,wrong_item,7395.06
R005467,O051509,C06510,2025-09-27 06:50:12.454530576,damaged,581.1
R005468,O051515,C02230,2025-09-30 07:39:25.367594212,not_as_described,6536.99
R005469,O051525,C00427,2025-09-29 22:50:25.709802403,changed_mind,3417.18
R005470,O051528,C02248,2025-10-01 04:56:54.317364187,changed_mind,1099.35
R005471,O051531,C08064,2025-10-01 21:17:40.394287820,not_as_described,2136.4
R005472,O051532,C01080,2025-10-01 03:36:56.258276868,size_fit,2333.25
R005473,O051535,C00335,2025-10-01 10:35:12.809627376,not_as_described,1844.36
R005474,O051553,C03405,2025-10-01 23:08:30.876354844,wrong_item,2618.52
R005475,O051567,C03650,2025-10-02 04:38:46.096097146,size_fit,1184.24
R005476,O051589,C05666,2025-10-06 06:57:33.555720661,size_fit,3237.35
R005477,O051590,C02000,2025-09-29 06:52:27.179733939,size_fit,2808.47
R005478,O051592,C05835,2025-09-30 21:00:32.060524824,not_as_described,699.02
R005479,O051609,C02136,2025-10-02 23:17:20.360670903,size_fit,10806.07
R005480,O051613,C09575,2025-10-04 03:18:01.676201810,changed_mind,1962.49
R005481,O051644,C05942,2025-10-02 18:58:47.132409853,size_fit,1020.4
R005482,O051659,C04181,2025-09-29 12:22:28.104299619,damaged,1065.52
R005483,O051662,C04656,2025-10-06 20:47:44.348550122,size_fit,1690.61
R005484,O051664,C07746,2025-10-01 07:42:02.594832548,size_fit,4672.3
R005485,O051671,C02469,2025-10-05 08:39:47.777654253,not_as_described,1529.71
R005486,O051687,C01622,2025-09-29 13:01:44.301287010,size_fit,4616.39
R005487,O051691,C05083,2025-10-02 01:47:17.570178582,not_as_described,894.1
R005488,O051695,C06547,2025-10-02 11:02:33.257476953,changed_mind,1017.22
R005489,O051696,C03775,2025-10-01 00:05:34.304311633,damaged,1044.24
R005490,O051704,C02369,2025-10-15 12:54:54.942623730,wrong_item,9924.18
R005491,O051709,C08185,2025-09-30 09:49:56.047971104,wrong_item,6840.05
R005492,O051718,C00400,2025-10-01 07:32:13.401398108,not_as_described,12174.15
R005493,O051722,C03771,2025-10-01 20:27:48.716711424,changed_mind,12193.71
R005494,O051725,C00701,2025-09-30 05:36:44.222116734,not_as_described,1205.89
R005495,O051727,C06322,2025-09-30 10:41:23.799920776,not_as_described,499.58
R005496,O051728,C09308,2025-10-06 22:28:54.832008626,not_as_described,543.87
R005497,O051735,C08955,2025-10-02 23:32:37.163746010,size_fit,3417.98
R005498,O051743,C05182,2025-09-30 17:17:37.396506116,size_fit,18275.52
R005499,O051745,C03738,2025-10-01 16:56:19.329354942,not_as_described,3355.4
R005500,O051767,C01739,2025-10-03 07:24:46.543367502,size_fit,10135.86
R005501,O051774,C09024,2025-10-03 02:08:29.835973838,not_as_described,4388.51
R005502,O051832,C03329,2025-10-08 11:15:11.497339317,wrong_item,10264.49
R005503,O051848,C07245,2025-10-03 16:13:08.286658910,wrong_item,1683.11
R005504,O051864,C09568,2025-10-05 05:58:53.095324666,size_fit,15924.64
R005505,O051899,C07755,2025-09-30 07:16:30.858664263,not_as_described,19484.08
R005506,O051900,C07569,2025-10-02 06:05:31.945327627,damaged,1548.93
R005507,O051913,C06278,2025-10-01 05:18:43.209946278,not_as_described,658.92
R005508,O051917,C06656,2025-10-04 02:40:03.980393371,size_fit,1613.04
R005509,O051932,C01703,2025-10-05 17:20:10.544308101,not_as_described,12276.52
R005510,O051934,C04943,2025-09-30 07:56:16.246888105,wrong_item,19188.52
R005511,O051944,C00464,2025-10-01 01:16:54.302142208,wrong_item,14286.31
R005512,O051947,C06347,2025-10-03 16:20:12.777626943,changed_mind,1652.7
R005513,O051948,C08296,2025-10-01 11:39:10.843626103,size_fit,857.69
R005514,O051993,C07938,2025-10-04 12:40:39.408813361,wrong_item,3098.68
R005515,O052003,C08085,2025-10-03 02:49:29.414451216,wrong_item,7065.99
R005516,O052008,C00296,2025-10-02 04:50:14.199904287,size_fit,5387.42
R005517,O052018,C01034,2025-10-04 16:51:56.926009746,damaged,2955.32
R005518,O052036,C08914,2025-10-04 21:43:55.943570730,size_fit,940.12
R005519,O052079,C07946,2025-10-07 03:26:47.705410730,not_as_described,4178.12
R005520,O052081,C05090,2025-10-05 14:57:20.785835275,changed_mind,1184.32
R005521,O052101,C07479,2025-10-06 15:20:11.279422878,not_as_described,942.46
R005522,O052106,C08043,2025-10-02 14:42:27.924155082,not_as_described,950.38
R005523,O052110,C08641,2025-10-01 01:36:38.847872440,size_fit,4222.48
R005524,O052149,C03016,2025-10-05 04:42:49.796753263,damaged,1826.39
R005525,O052160,C01398,2025-10-07 06:09:27.336602520,changed_mind,2225.61
R005526,O052167,C00591,2025-10-05 19:13:45.653163506,not_as_described,761.79
R005527,O052168,C08628,2025-10-04 16:14:13.225381270,size_fit,3809.51
R005528,O052175,C07513,2025-10-09 15:16:33.455092915,not_as_described,3637.01
R005529,O052181,C07189,2025-10-03 04:48:01.264782369,damaged,3016.74
R005530,O052186,C04035,2025-10-07 05:22:11.905334288,not_as_described,13126.46
R005531,O052209,C00943,2025-10-03 20:08:18.650598270,size_fit,1031.94
R005532,O052216,C08475,2025-10-02 11:02:28.061298841,wrong_item,1190.01
R005533,O052228,C01868,2025-10-07 11:54:12.954840940,not_as_described,4730.35
R005534,O052229,C01070,2025-10-05 21:37:19.975695146,changed_mind,715.28
R005535,O052236,C08008,2025-10-05 08:30:55.033005895,not_as_described,1484.56
R005536,O052238,C00818,2025-10-06 03:38:32.258713398,not_as_described,4328.43
R005537,O052240,C09242,2025-10-03 07:52:35.181939489,size_fit,1351.07
R005538,O052241,C09432,2025-10-08 12:07:09.719241333,not_as_described,2459.18
R005539,O052246,C03035,2025-10-02 13:04:27.683092156,damaged,170.24
R005540,O052251,C05343,2025-10-03 13:42:37.486858561,not_as_described,1557.7
R005541,O052256,C06405,2025-10-06 16:19:49.076211550,not_as_described,836.3
R005542,O052270,C05747,2025-10-08 02:23:28.105578996,damaged,4210.43
R005543,O052296,C03365,2025-10-03 20:14:40.869765398,wrong_item,3258.47
R005544,O052307,C04781,2025-10-05 15:59:30.700875577,not_as_described,1247.01
R005545,O052312,C01284,2025-10-05 18:34:27.907120225,not_as_described,979.1
R005546,O052313,C00733,2025-10-09 13:16:25.374033102,size_fit,23205.18
R005547,O052319,C05547,2025-10-05 00:59:36.652964092,size_fit,2748.9
R005548,O052329,C09057,2025-10-09 08:50:26.979569430,not_as_described,14504.77
R005549,O052343,C07438,2025-10-05 18:26:17.980781042,wrong_item,1481.84
R005550,O052346,C01431,2025-10-15 01:37:51.764727507,changed_mind,1158.65
R005551,O052350,C01623,2025-10-06 00:34:11.690684965,damaged,3228.67
R005552,O052356,C07818,2025-10-03 13:18:48.482899592,wrong_item,3111.2
R005553,O052357,C03556,2025-10-03 18:24:14.483136949,changed_mind,431.74
R005554,O052363,C05973,2025-10-05 10:53:42.240938128,damaged,1914.02
R005555,O052364,C04252,2025-10-04 22:54:39.983803120,not_as_described,19314.67
R005556,O052379,C02777,2025-10-07 03:28:22.035949629,damaged,1208.15
R005557,O052389,C04541,2025-10-04 15:25:28.877880054,not_as_described,1242.15
R005558,O052392,C05864,2025-10-07 23:24:38.223884750,damaged,1294.53
R005559,O052393,C07761,2025-10-06 14:54:25.876732244,size_fit,1070.34
R005560,O052416,C03469,2025-10-04 18:21:41.381457404,wrong_item,7297.4
R005561,O052426,C01388,2025-10-02 11:17:08.734418606,size_fit,965.02
R005562,O052431,C03584,2025-10-03 13:35:46.693777844,not_as_described,1809.03
R005563,O052434,C03142,2025-10-07 06:07:47.811269784,not_as_described,1623.77
R005564,O052438,C04494,2025-10-12 03:07:32.701141639,changed_mind,1089.0
R005565,O052458,C04540,2025-10-06 09:36:28.907760344,wrong_item,4400.66
R005566,O052465,C01598,2025-10-06 09:12:55.889385591,not_as_described,4423.72
R005567,O052481,C09320,2025-10-05 11:45:55.117113951,not_as_described,4212.39
R005568,O052483,C06245,2025-10-06 15:18:09.344330809,wrong_item,328.78
R005569,O052491,C05231,2025-10-04 01:53:42.414491169,wrong_item,1981.05
R005570,O052510,C05094,2025-10-08 08:27:08.740470117,not_as_described,8209.63
R005571,O052527,C02628,2025-10-05 06:45:33.356986772,wrong_item,2420.22
R005572,O052534,C01099,2025-10-06 15:05:57.016980236,not_as_described,1305.44
R005573,O052535,C06683,2025-10-05 22:50:42.196161613,not_as_described,5902.96
R005574,O052541,C01788,2025-10-06 18:17:01.665268951,size_fit,1182.59
R005575,O052565,C04584,2025-10-04 03:35:11.910578290,not_as_described,865.55
R005576,O052569,C04267,2025-10-07 06:35:36.722007661,not_as_described,771.21
R005577,O052571,C06917,2025-10-04 01:54:13.646943770,size_fit,1447.92
R005578,O052587,C05899,2025-10-06 17:39:08.657359909,size_fit,1778.9
R005579,O052594,C01007,2025-10-06 05:12:27.974019664,size_fit,2120.1
R005580,O052602,C05793,2025-10-11 22:59:24.744025024,size_fit,706.63
R005581,O052609,C01114,2025-10-03 20:38:51.350928867,size_fit,8362.58
R005582,O052611,C07627,2025-10-07 04:23:57.942537842,size_fit,11511.0
R005583,O052612,C02817,2025-10-04 00:31:36.523507494,not_as_described,3076.35
R005584,O052637,C04405,2025-10-03 07:53:09.930172113,size_fit,11606.62
R005585,O052638,C06733,2025-10-07 10:00:40.405920829,wrong_item,4688.55
R005586,O052642,C05805,2025-10-08 19:24:09.747675007,damaged,1417.29
R005587,O052644,C05191,2025-10-08 12:12:45.199042401,not_as_described,852.76
R005588,O052648,C09061,2025-10-05 16:50:06.602310186,not_as_described,1146.08
R005589,O052649,C09978,2025-10-17 10:35:34.391897080,wrong_item,1075.77
R005590,O052656,C01283,2025-10-07 19:00:40.257099446,changed_mind,2362.13
R005591,O052673,C04352,2025-10-03 05:52:47.419871145,not_as_described,916.13
R005592,O052709,C05924,2025-10-06 15:25:32.849326009,damaged,1276.26
R005593,O052719,C04688,2025-10-06 20:19:16.768317140,wrong_item,3348.22
R005594,O052733,C04683,2025-10-06 17:08:23.602689725,changed_mind,8165.25
R005595,O052735,C01993,2025-10-08 10:34:46.177214646,size_fit,10291.55
R005596,O052743,C06441,2025-10-13 12:59:46.662733194,changed_mind,943.63
R005597,O052750,C09371,2025-10-08 03:58:51.368582877,size_fit,2028.02
R005598,O052763,C07090,2025-10-07 10:30:49.322237482,changed_mind,2279.08
R005599,O052767,C03726,2025-10-12 11:26:05.263884038,wrong_item,530.96
R005600,O052768,C08973,2025-10-07 06:21:05.141536027,size_fit,2338.58
R005601,O052784,C04490,2025-10-05 11:06:32.593354830,not_as_described,1251.14
R005602,O052786,C02210,2025-10-08 06:18:09.416748517,not_as_described,10950.94
R005603,O052794,C06378,2025-10-08 20:54:11.005092255,size_fit,4856.76
R005604,O052795,C08323,2025-10-07 10:53:35.339644341,size_fit,1898.33
R005605,O052815,C07227,2025-10-04 12:19:16.292663000,not_as_described,2232.62
R005606,O052821,C03785,2025-10-09 08:39:51.036990447,wrong_item,3078.89
R005607,O052836,C09690,2025-10-07 01:59:15.597204864,not_as_described,764.87
R005608,O052847,C06833,2025-10-04 17:13:07.644670978,size_fit,4296.76
R005609,O052856,C07186,2025-10-05 01:36:53.542021849,not_as_described,797.07
R005610,O052859,C03243,2025-10-06 15:06:44.825366570,not_as_described,2448.18
R005611,O052864,C04705,2025-10-10 12:55:14.676199575,not_as_described,1961.54
R005612,O052877,C03377,2025-10-04 22:14:55.586054878,wrong_item,10623.47
R005613,O052879,C09062,2025-10-07 13:58:09.457854121,not_as_described,1116.27
R005614,O052880,C03010,2025-10-07 09:40:26.735372162,not_as_described,3048.34
R005615,O052887,C05206,2025-10-11 04:56:12.049778918,wrong_item,2119.26
R005616,O052897,C00312,2025-10-05 16:01:29.344857938,damaged,3105.26
R005617,O052913,C00513,2025-10-09 20:30:32.400853624,size_fit,1727.44
R005618,O052957,C07238,2025-10-08 22:58:36.570977558,size_fit,738.77
R005619,O052968,C04632,2025-10-10 22:01:55.688613027,not_as_described,845.48
R005620,O052979,C06993,2025-10-08 09:03:16.718673726,changed_mind,2341.92
R005621,O052997,C06742,2025-10-11 00:32:27.681209962,changed_mind,1855.95
R005622,O052999,C05675,2025-10-15 17:56:11.329123588,damaged,448.46
R005623,O053007,C08226,2025-10-09 02:27:34.802557387,wrong_item,1808.89
R005624,O053026,C04375,2025-10-12 21:15:53.350685701,wrong_item,1693.6
R005625,O053036,C08917,2025-10-07 12:11:19.069907874,size_fit,563.03
R005626,O053041,C03806,2025-10-07 00:08:06.197457634,not_as_described,653.86
R005627,O053046,C00296,2025-10-07 22:07:06.627627033,damaged,4845.99
R005628,O053065,C01259,2025-10-05 03:53:11.829130353,not_as_described,270.15
R005629,O053069,C09498,2025-10-09 01:53:27.380794401,changed_mind,2617.87
R005630,O053074,C06035,2025-10-07 04:14:33.460247778,not_as_described,809.69
R005631,O053084,C08902,2025-10-09 04:39:11.898519588,size_fit,753.28
R005632,O053100,C00331,2025-10-06 09:40:54.518118312,wrong_item,16205.83
R005633,O053114,C00911,2025-10-08 13:00:35.185427042,wrong_item,2605.86
R005634,O053116,C00928,2025-10-18 12:09:33.235201213,changed_mind,22214.38
R005635,O053120,C00613,2025-10-11 07:08:55.786199622,size_fit,1563.16
R005636,O053122,C07229,2025-10-08 22:34:10.574636937,changed_mind,9959.75
R005637,O053123,C05550,2025-10-10 21:10:00.997297075,not_as_described,1879.04
R005638,O053139,C07157,2025-10-11 21:03:21.920509699,size_fit,949.52
R005639,O053162,C07749,2025-10-10 20:22:36.563377011,damaged,903.68
R005640,O053195,C02323,2025-10-12 09:04:39.138908624,wrong_item,3890.31
R005641,O053198,C07597,2025-10-18 11:47:16.888559733,not_as_described,1119.73
R005642,O053206,C01993,2025-10-14 06:54:24.148372075,size_fit,6757.21
R005643,O053207,C09157,2025-10-10 04:12:26.199895226,size_fit,1709.05
R005644,O053211,C01700,2025-10-11 09:59:08.082833683,wrong_item,1941.11
R005645,O053212,C03770,2025-10-12 08:54:45.875884723,not_as_described,10271.94
R005646,O053235,C02026,2025-10-09 12:34:20.904905179,not_as_described,2704.81
R005647,O053240,C00905,2025-10-10 15:17:51.737821792,not_as_described,758.12
R005648,O053243,C05898,2025-10-10 23:36:59.081058230,not_as_described,475.91
R005649,O053248,C05748,2025-10-12 01:43:31.127063937,not_as_described,413.05
R005650,O053265,C00994,2025-10-07 15:38:05.355040765,changed_mind,980.23
R005651,O053273,C08412,2025-10-13 08:07:24.612741868,size_fit,1819.05
R005652,O053281,C05202,2025-10-06 09:11:39.202908918,not_as_described,1271.39
R005653,O053284,C06664,2025-10-08 12:30:56.430069472,size_fit,746.94
R005654,O053294,C03454,2025-10-10 09:14:03.614235637,not_as_described,6388.97
R005655,O053300,C01506,2025-10-09 12:22:59.012014634,wrong_item,1135.82
R005656,O053301,C03260,2025-10-13 09:37:22.802244553,changed_mind,1075.08
R005657,O053311,C08765,2025-10-09 13:48:56.887765563,damaged,4993.47
R005658,O053328,C09355,2025-10-14 05:02:35.424552915,size_fit,538.75
R005659,O053337,C07575,2025-10-09 13:24:35.641964898,not_as_described,9322.0
R005660,O053338,C03704,2025-10-11 17:31:25.956994245,wrong_item,1072.08
R005661,O053340,C00887,2025-10-12 22:28:04.005525543,wrong_item,1062.78
R005662,O053343,C04998,2025-10-10 06:05:40.320411547,damaged,3666.54
R005663,O053351,C06986,2025-10-10 18:37:21.583646328,damaged,2824.4
R005664,O053386,C08520,2025-10-10 20:40:39.788228503,wrong_item,3317.37
R005665,O053387,C04060,2025-10-12 02:06:29.846823786,not_as_described,1351.35
R005666,O053391,C09110,2025-10-12 18:35:58.679576609,not_as_described,30704.23
R005667,O053392,C08691,2025-10-12 20:18:52.227300960,damaged,5563.67
R005668,O053393,C06585,2025-10-09 17:54:00.373991025,not_as_described,2603.64
R005669,O053399,C00519,2025-10-10 15:34:33.013027999,damaged,8767.22
R005670,O053409,C07217,2025-10-08 18:59:51.446308718,changed_mind,1433.23
R005671,O053413,C07755,2025-10-13 17:57:12.044213888,wrong_item,3028.03
R005672,O053421,C07499,2025-10-12 14:56:19.973411138,size_fit,1914.35
R005673,O053423,C06753,2025-10-10 09:04:03.357168639,damaged,3405.64
R005674,O053449,C00840,2025-10-09 02:20:04.059884968,wrong_item,548.23
R005675,O053451,C01692,2025-10-11 17:45:23.095838275,changed_mind,1679.37
R005676,O053466,C09793,2025-10-08 05:32:04.310173417,size_fit,2531.27
R005677,O053477,C00022,2025-10-10 12:12:25.110092674,not_as_described,4210.34
R005678,O053489,C03467,2025-10-12 04:57:56.813531839,not_as_described,2810.34
R005679,O053502,C09315,2025-10-17 07:52:56.375532904,wrong_item,750.45
R005680,O053510,C06405,2025-10-12 20:35:35.593265047,size_fit,2702.21
R005681,O053512,C05556,2025-10-12 01:53:39.341979574,size_fit,1089.4
R005682,O053513,C07915,2025-10-11 13:26:41.800748704,changed_mind,8504.43
R005683,O053528,C07879,2025-10-10 04:10:56.027095960,wrong_item,861.03
R005684,O053555,C09837,2025-10-13 15:36:22.371618430,size_fit,941.25
R005685,O053559,C03137,2025-10-13 03:14:32.591877100,size_fit,3690.18
R005686,O053561,C02532,2025-10-12 08:34:36.243965049,not_as_described,2959.29
R005687,O053564,C08763,2025-10-20 09:06:40.487412848,not_as_described,2675.53
R005688,O053570,C09328,2025-10-11 06:36:58.349238098,size_fit,523.86
R005689,O053576,C03428,2025-10-25 00:00:00.000000000,not_as_described,902.06
R005690,O053578,C02475,2025-10-13 12:28:44.556615411,wrong_item,1945.54
R005691,O053602,C09633,2025-10-13 08:29:51.468141948,changed_mind,483.23
R005692,O053610,C00385,2025-10-09 05:01:14.310927429,not_as_described,1328.12
R005693,O053620,C05717,2025-10-11 05:21:24.506594614,damaged,3181.88
R005694,O053624,C01284,2025-10-11 20:23:08.449166706,not_as_described,1158.31
R005695,O053626,C01154,2025-10-12 00:39:58.937444996,not_as_described,2955.06
R005696,O053628,C06587,2025-10-10 22:36:34.243005448,wrong_item,5651.28
R005697,O053634,C01675,2025-10-10 11:16:19.294137152,not_as_described,849.26
R005698,O053654,C04703,2025-10-10 06:53:22.371707230,not_as_described,635.43
R005699,O053658,C03570,2025-10-12 01:25:27.313110163,not_as_described,1162.36
R005700,O053666,C05768,2025-10-11 22:41:40.382371410,size_fit,1966.71
R005701,O053667,C00621,2025-10-20 18:09:47.933781372,size_fit,619.52
R005702,O053669,C05350,2025-10-10 17:52:25.054208824,size_fit,4878.48
R005703,O053671,C07587,2025-10-13 18:43:29.991309070,changed_mind,1492.3
R005704,O053672,C01995,2025-10-14 19:44:20.578606479,not_as_described,1923.52
R005705,O053675,C09099,2025-10-12 17:08:13.434074793,size_fit,1320.84
R005706,O053684,C02858,2025-10-09 08:09:46.459184068,damaged,2118.04
R005707,O053686,C03294,2025-10-13 23:02:01.204029636,size_fit,791.21
R005708,O053688,C04895,2025-10-19 05:09:04.456978480,size_fit,2900.48
R005709,O053698,C08456,2025-10-20 04:36:19.363731627,not_as_described,592.7
R005710,O053708,C02995,2025-10-13 10:41:12.249561426,not_as_described,3275.84
R005711,O053722,C08472,2025-10-11 20:17:00.488383339,wrong_item,1671.04
R005712,O053729,C07503,2025-10-11 02:14:15.825918278,changed_mind,5152.79
R005713,O053780,C06567,2025-10-17 14:08:05.532315522,size_fit,5722.75
R005714,O053792,C01900,2025-10-13 11:03:58.751416591,size_fit,3332.79
R005715,O053807,C07157,2025-10-18 15:12:46.474749957,wrong_item,1306.51
R005716,O053820,C00883,2025-10-09 22:39:04.413189668,damaged,3504.22
R005717,O053839,C08453,2025-10-11 06:40:56.684854560,damaged,664.02
R005718,O053843,C09538,2025-10-15 05:45:43.937732700,wrong_item,5640.02
R005719,O053847,C09486,2025-10-12 12:52:28.419863430,size_fit,1668.13
R005720,O053861,C08170,2025-10-16 01:31:33.604958319,changed_mind,564.78
R005721,O053865,C00955,2025-10-14 16:51:07.487019003,wrong_item,3472.01
R005722,O053877,C04920,2025-10-12 11:19:29.962920248,not_as_described,1263.04
R005723,O053883,C02508,2025-10-15 03:45:43.716019903,size_fit,1649.49
R005724,O053886,C08680,2025-10-12 09:06:54.567735087,wrong_item,3361.99
R005725,O053891,C06230,2025-10-14 03:19:48.568008651,damaged,3783.18
R005726,O053895,C06833,2025-10-12 12:38:02.350112046,wrong_item,1578.16
R005727,O053906,C02126,2025-10-23 07:32:50.740952578,changed_mind,2139.32
R005728,O053914,C02237,2025-10-14 21:49:24.586869144,size_fit,5090.09
R005729,O053925,C08185,2025-10-14 08:36:07.640575203,damaged,9805.08
R005730,O053937,C03338,2025-10-12 11:50:47.592252312,wrong_item,781.71
R005731,O053942,C06641,2025-10-15 00:50:57.388519536,changed_mind,3734.64
R005732,O053943,C04034,2025-10-12 00:03:51.182875022,changed_mind,1937.87
R005733,O053945,C01263,2025-10-17 10:11:16.656163346,size_fit,5398.94
R005734,O053949,C01647,2025-10-10 12:20:30.085364090,size_fit,30718.53
R005735,O053958,C08284,2025-10-14 13:29:08.625273777,wrong_item,5270.42
R005736,O053960,C06376,2025-10-14 09:02:54.041915814,size_fit,635.49
R005737,O053992,C04418,2025-10-14 16:25:25.860917787,wrong_item,1677.99
R005738,O054003,C04008,2025-10-13 17:16:31.844645803,wrong_item,1316.51
R005739,O054012,C07586,2025-10-18 18:48:34.880248267,size_fit,4245.62
R005740,O054023,C06181,2025-10-11 15:11:59.611076116,not_as_described,6360.9
R005741,O054042,C04433,2025-10-13 14:36:58.974211677,size_fit,23431.83
R005742,O054049,C04484,2025-10-11 03:47:30.390384868,wrong_item,801.78
R005743,O054058,C09068,2025-10-27 11:25:10.705390518,wrong_item,1538.41
R005744,O054075,C05935,2025-10-11 07:28:31.102881830,size_fit,4971.26
R005745,O054084,C00491,2025-10-16 03:26:31.374256358,not_as_described,1793.98
R005746,O054099,C09707,2025-10-17 15:40:39.052984339,changed_mind,4469.53
R005747,O054100,C06437,2025-10-14 04:33:20.264507881,not_as_described,28700.27
R005748,O054114,C05528,2025-10-16 21:19:04.148948586,not_as_described,2023.26
R005749,O054158,C07348,2025-10-13 09:49:08.808410546,not_as_described,1311.22
R005750,O054171,C03702,2025-10-15 02:26:48.085361379,not_as_described,2195.67
R005751,O054177,C02635,2025-10-12 15:27:52.102955610,not_as_described,1552.32
R005752,O054185,C07476,2025-10-13 19:24:24.956619843,wrong_item,156.18
R005753,O054187,C00004,2025-10-16 08:49:24.014984671,size_fit,5945.0
R005754,O054219,C08131,2025-10-14 16:18:19.098130280,size_fit,1982.52
R005755,O054221,C07855,2025-10-15 11:19:46.847209245,not_as_described,18690.16
R005756,O054225,C09161,2025-10-15 13:07:17.447793013,wrong_item,1579.54
R005757,O054232,C06176,2025-10-14 08:14:26.773571796,size_fit,352.24
R005758,O054246,C00048,2025-10-14 16:45:05.606869341,not_as_described,744.34
R005759,O054248,C04278,2025-10-19 00:02:32.681655463,size_fit,3241.45
R005760,O054255,C01415,2025-10-16 12:00:56.315634901,wrong_item,2380.4
R005761,O054262,C00359,2025-10-20 16:26:16.978963941,changed_mind,1776.98
R005762,O054269,C04012,2025-10-16 06:04:11.303342760,changed_mind,2115.21
R005763,O054271,C02229,2025-10-22 20:07:25.579217240,size_fit,26705.35
R005764,O054273,C08138,2025-10-19 22:29:47.823421268,changed_mind,139.39
R005765,O054275,C08847,2025-10-15 23:31:32.467012539,damaged,7988.14
R005766,O054281,C03782,2025-10-17 01:12:45.604796814,size_fit,1103.43
R005767,O054283,C03862,2025-10-14 23:26:17.633699487,changed_mind,4688.55
R005768,O054301,C03138,2025-10-15 12:55:23.840307613,damaged,4296.6
R005769,O054302,C00830,2025-10-14 18:01:54.792148403,not_as_described,568.02
R005770,O054306,C02714,2025-10-16 06:37:56.147480288,size_fit,4923.12
R005771,O054338,C09573,2025-10-17 04:02:21.537402835,size_fit,14893.31
R005772,O054340,C04890,2025-10-17 00:37:55.543388548,wrong_item,1313.43
R005773,O054341,C05309,2025-10-17 08:17:00.780670809,size_fit,2803.44
R005774,O054363,C09985,2025-10-16 09:00:28.382896875,not_as_described,1485.39
R005775,O054367,C00915,2025-10-19 01:01:37.531241360,size_fit,16993.94
R005776,O054370,C03300,2025-10-14 07:58:10.449961435,wrong_item,2884.55
R005777,O054372,C04092,2025-10-17 05:49:35.934288610,size_fit,1285.94
R005778,O054379,C04007,2025-10-18 19:41:44.835402555,wrong_item,6709.9
R005779,O054384,C03956,2025-10-14 20:26:36.959161628,changed_mind,987.41
R005780,O054397,C02935,2025-10-15 11:38:22.617142080,changed_mind,9561.53
R005781,O054398,C08275,2025-10-28 00:00:00.000000000,not_as_described,602.53
R005782,O054400,C02102,2025-10-16 15:51:56.680019406,changed_mind,6579.07
R005783,O054408,C07898,2025-10-16 22:29:38.852616915,not_as_described,12392.29
R005784,O054425,C08261,2025-10-19 04:49:19.892314200,not_as_described,857.78
R005785,O054427,C07069,2025-10-16 05:48:30.867040879,changed_mind,6098.2
R005786,O054428,C02629,2025-10-16 18:36:00.304291558,not_as_described,1166.61
R005787,O054434,C09476,2025-10-21 06:27:20.386903280,not_as_described,6557.96
R005788,O054467,C01232,2025-10-17 01:08:22.919395657,size_fit,1452.12
R005789,O054474,C00388,2025-10-21 14:29:03.392161105,wrong_item,5094.52
R005790,O054495,C05910,2025-10-15 05:09:42.651366098,not_as_described,961.39
R005791,O054506,C06470,2025-10-18 12:14:53.944008986,size_fit,12854.54
R005792,O054511,C04960,2025-10-17 15:32:17.562603418,size_fit,3181.2
R005793,O054512,C02740,2025-10-18 00:06:49.381460560,changed_mind,1217.98
R005794,O054526,C00251,2025-10-13 18:59:22.421116093,not_as_described,2069.41
R005795,O054528,C01139,2025-10-14 09:12:46.850008068,not_as_described,2338.54
R005796,O054534,C08771,2025-10-17 12:55:16.814749274,size_fit,3330.95
R005797,O054539,C07457,2025-10-16 03:06:30.882709213,wrong_item,2262.12
R005798,O054550,C05304,2025-10-17 02:11:03.682463348,damaged,476.61
R005799,O054558,C03628,2025-10-15 10:49:09.832645502,changed_mind,2481.3
R005800,O054573,C07610,2025-10-17 17:02:41.357226102,wrong_item,1285.68
R005801,O054579,C07818,2025-10-14 21:55:59.686569012,damaged,16095.97
R005802,O054595,C05337,2025-10-29 00:00:00.000000000,not_as_described,1231.74
R005803,O054605,C01809,2025-10-17 22:49:19.429969339,not_as_described,38026.38
R005804,O054610,C07108,2025-10-23 03:26:08.621603376,changed_mind,2192.68
R005805,O054648,C00236,2025-10-18 12:35:27.914799483,size_fit,8630.19
R005806,O054652,C05641,2025-10-17 12:25:47.912150474,wrong_item,6612.54
R005807,O054654,C04009,2025-10-24 07:02:05.785744552,not_as_described,454.71
R005808,O054656,C01666,2025-10-17 18:03:42.026742381,size_fit,1630.83
R005809,O054661,C06938,2025-10-19 11:21:03.574003780,not_as_described,4118.66
R005810,O054665,C09740,2025-10-19 00:40:38.859645324,damaged,465.28
R005811,O054668,C01954,2025-10-14 11:51:16.334770474,damaged,10256.24
R005812,O054678,C01347,2025-10-18 03:36:27.276656356,damaged,3452.97
R005813,O054712,C06644,2025-10-19 05:07:01.767648205,size_fit,4829.31
R005814,O054727,C04601,2025-10-19 20:48:43.521944169,wrong_item,2581.16
R005815,O054729,C01438,2025-10-19 05:53:31.586828244,size_fit,914.97
R005816,O054731,C07605,2025-10-20 10:32:53.142789645,not_as_described,757.66
R005817,O054736,C04864,2025-10-18 01:53:22.958968894,changed_mind,4564.19
R005818,O054751,C03227,2025-10-14 15:00:57.641592801,size_fit,1923.67
R005819,O054776,C02315,2025-10-22 05:57:37.569014359,not_as_described,5478.13
R005820,O054790,C04790,2025-10-15 11:36:40.658482404,changed_mind,1360.59
R005821,O054791,C04720,2025-10-14 12:00:23.375123917,damaged,17273.71
R005822,O054830,C03718,2025-10-16 13:56:22.650848304,wrong_item,1007.52
R005823,O054836,C00233,2025-10-18 02:38:25.645657156,wrong_item,13261.87
R005824,O054841,C09373,2025-10-17 23:48:05.287592257,not_as_described,934.41
R005825,O054844,C09373,2025-10-18 17:28:45.041744528,wrong_item,1442.55
R005826,O054853,C07092,2025-10-22 19:19:16.628810080,size_fit,7793.67
R005827,O054854,C04026,2025-10-21 18:37:54.399850942,not_as_described,3562.35
R005828,O054857,C04100,2025-10-21 21:55:34.066440811,size_fit,4520.29
R005829,O054862,C06257,2025-10-17 15:15:48.572341034,wrong_item,3606.01
R005830,O054879,C05042,2025-10-16 06:56:36.625012094,damaged,371.8
R005831,O054886,C09227,2025-10-17 05:47:07.183758501,size_fit,3276.17
R005832,O054891,C06611,2025-10-15 14:37:45.121980025,changed_mind,5988.31
R005833,O054896,C05592,2025-10-17 14:51:01.003405406,not_as_described,1204.22
R005834,O054911,C01336,2025-10-17 22:09:44.089509103,wrong_item,563.25
R005835,O054915,C07937,2025-10-16 04:35:49.754994439,damaged,307.24
R005836,O054923,C06714,2025-10-16 10:16:10.858035579,wrong_item,2761.26
R005837,O054927,C00323,2025-10-17 18:28:47.747084491,not_as_described,1749.08
R005838,O054939,C07270,2025-10-15 16:34:27.568748841,not_as_described,3195.58
R005839,O054949,C07626,2025-10-20 10:54:50.053532961,size_fit,19991.29
R005840,O054959,C05649,2025-10-15 19:30:18.426222648,size_fit,1036.45
R005841,O054960,C00868,2025-10-19 01:48:02.600190165,changed_mind,1612.88
R005842,O054985,C00095,2025-10-19 22:44:18.986580009,size_fit,1357.88
R005843,O054990,C08352,2025-10-19 21:40:42.870770886,not_as_described,2124.62
R005844,O055009,C09962,2025-10-18 08:13:58.980276321,not_as_described,7959.51
R005845,O055012,C02188,2025-10-19 11:58:24.167318455,size_fit,863.29
R005846,O055018,C02385,2025-10-21 07:59:55.408098004,wrong_item,1929.56
R005847,O055037,C03180,2025-10-20 02:06:13.167323438,not_as_described,1969.72
R005848,O055038,C05517,2025-10-18 23:00:19.705553298,not_as_described,1457.83
R005849,O055042,C00005,2025-10-21 03:53:03.124972478,not_as_described,7757.05
R005850,O055046,C05213,2025-10-18 15:51:56.691908629,not_as_described,5579.51
R005851,O055066,C07878,2025-10-17 12:06:05.132386969,wrong_item,6035.52
R005852,O055080,C08398,2025-10-17 20:26:56.677579209,not_as_described,2198.94
R005853,O055098,C09526,2025-10-20 12:08:46.027174570,wrong_item,9961.04
R005854,O055114,C03201,2025-10-19 02:46:21.024411999,damaged,2693.38
R005855,O055129,C09482,2025-10-21 01:39:10.274655384,not_as_described,16326.08
R005856,O055166,C03261,2025-10-18 02:30:28.867575333,changed_mind,1899.14
R005857,O055173,C01671,2025-10-19 15:05:10.914394714,wrong_item,5987.18
R005858,O055174,C02829,2025-10-18 19:33:24.633500115,wrong_item,1248.15
R005859,O055177,C08502,2025-10-18 20:00:41.588872668,changed_mind,9162.71
R005860,O055178,C01661,2025-10-21 21:36:57.683350972,wrong_item,1818.21
R005861,O055197,C00482,2025-10-21 04:47:47.103161110,size_fit,1469.28
R005862,O055199,C05505,2025-10-25 05:47:10.481870032,wrong_item,1257.08
R005863,O055200,C03428,2025-10-22 05:36:59.557561128,wrong_item,903.75
R005864,O055214,C09429,2025-10-19 06:18:29.454420049,size_fit,3684.98
R005865,O055217,C01556,2025-10-19 17:03:41.844524252,size_fit,7441.33
R005866,O055268,C00337,2025-10-25 06:39:17.839210744,not_as_described,1738.93
R005867,O055271,C04822,2025-10-20 23:20:06.824024041,not_as_described,610.52
R005868,O055281,C09488,2025-10-21 13:47:41.457457496,changed_mind,1264.59
R005869,O055307,C05064,2025-10-25 06:22:19.792327969,wrong_item,1936.98
R005870,O055318,C04853,2025-10-18 08:37:45.378096772,not_as_described,3891.57
R005871,O055324,C05409,2025-10-21 07:47:36.029904360,size_fit,948.63
R005872,O055326,C06921,2025-10-21 22:47:30.805161720,size_fit,14605.99
R005873,O055356,C03881,2025-10-22 13:44:43.899468867,changed_mind,1025.05
R005874,O055360,C02145,2025-10-19 17:33:28.159761211,not_as_described,1840.66
R005875,O055369,C02156,2025-10-19 05:41:37.859213986,damaged,504.99
R005876,O055385,C00320,2025-10-23 22:25:34.382532680,damaged,2864.53
R005877,O055391,C00381,2025-10-17 17:30:37.061166924,not_as_described,666.75
R005878,O055392,C02290,2025-10-20 11:09:52.479666889,size_fit,531.21
R005879,O055393,C01298,2025-10-21 08:48:50.973151161,changed_mind,2059.12
R005880,O055398,C02730,2025-10-20 18:40:55.576611692,damaged,988.5
R005881,O055404,C08802,2025-10-18 05:14:48.459334228,not_as_described,2023.66
R005882,O055407,C03311,2025-10-22 13:40:18.503651654,damaged,13691.45
R005883,O055417,C03543,2025-10-25 05:15:08.835655874,damaged,3794.1
R005884,O055419,C00850,2025-10-30 08:18:30.531048127,changed_mind,5573.42
R005885,O055431,C06620,2025-10-22 05:40:26.983124727,size_fit,2283.99
R005886,O055433,C03154,2025-10-22 07:44:02.306387342,not_as_described,2016.12
R005887,O055436,C04363,2025-10-18 09:57:34.954545510,damaged,829.58
R005888,O055441,C05614,2025-10-22 15:02:23.179285964,damaged,869.01
R005889,O055454,C05020,2025-10-23 07:53:43.170757382,not_as_described,1075.21
R005890,O055460,C02041,2025-10-19 17:35:34.685256602,not_as_described,917.92
R005891,O055469,C08529,2025-10-22 05:38:50.927301218,not_as_described,492.74
R005892,O055486,C04073,2025-10-23 20:43:39.761843581,not_as_described,1455.17
R005893,O055502,C05559,2025-10-24 00:36:38.203773746,size_fit,2945.61
R005894,O055503,C00527,2025-10-26 03:47:43.364938444,changed_mind,4584.85
R005895,O055504,C00839,2025-10-20 02:41:06.632044317,size_fit,2090.73
R005896,O055513,C09573,2025-10-21 21:33:40.634709069,wrong_item,2632.68
R005897,O055534,C03952,2025-10-27 06:08:56.737486680,changed_mind,2548.31
R005898,O055535,C06283,2025-10-21 06:24:44.469738687,size_fit,1106.9
R005899,O055548,C09649,2025-10-22 16:08:22.855517451,not_as_described,1287.08
R005900,O055553,C09151,2025-10-23 14:57:34.877725822,wrong_item,831.39
R005901,O055587,C02743,2025-10-29 09:54:14.253233061,size_fit,1267.59
R005902,O055599,C00920,2025-10-21 22:42:19.967658336,not_as_described,9041.89
R005903,O055611,C05528,2025-10-22 01:18:12.918573658,not_as_described,3465.41
R005904,O055615,C02690,2025-10-22 21:15:49.697906871,damaged,2946.4
R005905,O055618,C01936,2025-10-25 06:58:56.330555851,damaged,3367.66
R005906,O055620,C02506,2025-10-23 13:39:13.764071908,wrong_item,16180.89
R005907,O055622,C09985,2025-10-21 23:21:17.797664250,size_fit,2164.29
R005908,O055629,C00177,2025-10-22 23:34:02.054200382,size_fit,3091.68
R005909,O055641,C01943,2025-11-03 00:48:40.802174755,not_as_described,2461.5
R005910,O055647,C01684,2025-10-23 03:40:20.293894023,size_fit,9334.6
R005911,O055669,C04577,2025-10-20 02:36:34.672360089,not_as_described,696.82
R005912,O055688,C07785,2025-10-21 20:04:26.767649697,damaged,10920.3
R005913,O055696,C07983,2025-10-21 12:32:21.553084831,damaged,712.77
R005914,O055699,C08965,2025-10-20 14:28:01.567442528,not_as_described,893.32
R005915,O055703,C01578,2025-10-22 15:32:11.994961048,size_fit,438.68
R005916,O055718,C09998,2025-11-05 17:58:49.797834560,size_fit,10766.34
R005917,O055727,C05453,2025-10-24 02:05:50.726609293,size_fit,5678.72
R005918,O055742,C01355,2025-10-22 11:19:50.038248961,not_as_described,10477.99
R005919,O055754,C00204,2025-10-22 21:20:28.584573676,changed_mind,2245.72
R005920,O055784,C03457,2025-10-19 23:04:07.336187392,size_fit,524.94
R005921,O055797,C08144,2025-10-23 21:56:22.860324492,size_fit,1321.21
R005922,O055831,C07359,2025-10-22 03:00:22.251547090,size_fit,4082.01
R005923,O055835,C07473,2025-10-23 17:24:09.842950436,not_as_described,3843.65
R005924,O055843,C03267,2025-10-25 06:32:33.207801540,changed_mind,4040.53
R005925,O055853,C07295,2025-10-22 11:47:43.129594561,size_fit,1487.22
R005926,O055876,C03469,2025-10-24 11:25:00.527419466,size_fit,3687.67
R005927,O055878,C06784,2025-10-25 03:24:09.618490332,not_as_described,1253.61
R005928,O055895,C03421,2025-10-20 18:10:59.024063672,damaged,601.62
R005929,O055903,C03403,2025-10-20 14:31:15.750956301,wrong_item,897.39
R005930,O055906,C04057,2025-10-25 19:04:41.773954483,wrong_item,14814.98
R005931,O055909,C03889,2025-10-24 17:14:41.636458640,not_as_described,748.4
R005932,O055925,C09165,2025-10-23 21:43:05.300201053,damaged,2481.1
R005933,O055933,C02896,2025-10-23 08:22:00.425837618,not_as_described,1042.41
R005934,O055943,C01950,2025-10-22 09:03:26.405971124,not_as_described,5267.88
R005935,O055949,C01848,2025-10-25 18:37:10.144047025,size_fit,919.62
R005936,O055960,C05160,2025-10-24 17:52:38.474868010,changed_mind,12753.92
R005937,O055980,C09217,2025-10-24 19:12:51.536566868,changed_mind,6794.96
R005938,O056000,C05469,2025-10-23 18:09:15.918069992,size_fit,4885.03
R005939,O056036,C03780,2025-10-25 10:18:19.786314960,size_fit,4709.46
R005940,O056045,C09652,2025-10-26 08:12:28.105843280,size_fit,2071.09
R005941,O056057,C01021,2025-10-24 10:36:00.429373368,not_as_described,12762.88
R005942,O056073,C09248,2025-10-24 02:03:59.668774210,wrong_item,4135.6
R005943,O056084,C04329,2025-10-25 15:33:38.540489410,size_fit,751.42
R005944,O056095,C06317,2025-11-01 18:35:37.280027076,damaged,1261.11
R005945,O056099,C05174,2025-10-22 08:28:40.446762110,not_as_described,1883.88
R005946,O056128,C03023,2025-10-26 13:51:42.347167866,size_fit,1620.22
R005947,O056135,C01803,2025-10-29 22:42:37.672838758,not_as_described,9088.96
R005948,O056137,C08280,2025-10-24 09:34:17.003563939,changed_mind,19793.49
R005949,O056138,C01549,2025-10-21 21:53:41.860463100,not_as_described,446.8
R005950,O056153,C05561,2025-10-24 05:38:15.265669714,size_fit,12518.75
R005951,O056172,C07645,2025-10-23 17:31:28.111943416,size_fit,588.69
R005952,O056181,C04602,2025-10-21 14:31:15.788146781,changed_mind,1219.48
R005953,O056183,C02795,2025-10-24 22:16:52.534451683,size_fit,409.19
R005954,O056189,C02550,2025-10-26 14:31:13.832932044,not_as_described,546.14
R005955,O056198,C00882,2025-10-24 12:01:49.613015269,not_as_described,11337.82
R005956,O056209,C09577,2025-10-25 05:20:51.987020154,not_as_described,17343.74
R005957,O056230,C05914,2025-10-26 14:19:47.922834190,damaged,1744.91
R005958,O056233,C08484,2025-10-29 12:03:40.616373099,changed_mind,1154.08
R005959,O056240,C07323,2025-10-28 14:09:58.734402037,size_fit,1930.77
R005960,O056253,C06312,2025-10-25 04:06:29.053820444,not_as_described,3316.08
R005961,O056259,C07475,2025-10-24 13:48:05.600857201,changed_mind,1006.65
R005962,O056302,C02005,2025-10-25 11:46:22.582403781,not_as_described,572.07
R005963,O056317,C05167,2025-10-30 22:30:13.450192243,not_as_described,20735.04
R005964,O056335,C08836,2025-10-23 00:57:32.148455130,changed_mind,3434.59
R005965,O056337,C02019,2025-10-27 07:33:01.241049398,not_as_described,1112.7
R005966,O056351,C02920,2025-10-27 03:38:20.849736174,changed_mind,4515.89
R005967,O056357,C09118,2025-10-23 10:10:15.398618311,size_fit,1892.52
R005968,O056361,C06199,2025-10-26 10:36:12.790677657,not_as_described,1471.63
R005969,O056364,C00182,2025-10-23 04:23:16.449024055,wrong_item,1116.23
R005970,O056395,C05566,2025-10-28 18:25:36.550361676,size_fit,1045.21
R005971,O056398,C02509,2025-10-23 01:29:33.165071386,not_as_described,10983.39
R005972,O056409,C05852,2025-10-26 16:31:20.740628301,not_as_described,991.76
R005973,O056416,C02018,2025-10-25 09:10:24.549744532,changed_mind,958.69
R005974,O056419,C07373,2025-10-29 21:31:57.990680540,changed_mind,761.05
R005975,O056423,C01996,2025-10-24 11:35:42.389754061,wrong_item,726.2
R005976,O056424,C09701,2025-10-26 23:48:45.492749866,not_as_described,5379.17
R005977,O056429,C01719,2025-10-26 11:27:11.073493688,size_fit,593.01
R005978,O056438,C09070,2025-10-26 22:59:19.376770498,changed_mind,2985.9
R005979,O056444,C05363,2025-10-27 03:45:43.813402894,changed_mind,8321.42
R005980,O056447,C03341,2025-10-25 07:47:20.936908302,damaged,867.18
R005981,O056462,C04258,2025-10-29 13:33:04.127964260,changed_mind,9642.09
R005982,O056478,C05235,2025-11-10 18:58:00.054757873,wrong_item,933.13
R005983,O056484,C08725,2025-10-25 19:02:14.459839951,damaged,11701.07
R005984,O056525,C09359,2025-10-30 20:19:25.950178293,size_fit,1144.0
R005985,O056530,C09636,2025-10-27 15:45:09.321576354,damaged,1647.78
R005986,O056535,C01828,2025-10-23 20:52:57.112535805,not_as_described,1024.17
R005987,O056536,C08473,2025-11-01 03:22:06.461928519,size_fit,906.38
R005988,O056537,C01229,2025-10-29 21:24:26.019345657,damaged,2860.69
R005989,O056541,C06972,2025-10-26 22:43:30.744358791,size_fit,1317.86
R005990,O056553,C01372,2025-10-23 21:12:13.700997644,not_as_described,1247.79
R005991,O056568,C09939,2025-10-23 08:19:38.210444788,not_as_described,1488.93
R005992,O056580,C09869,2025-11-02 13:51:56.414893755,changed_mind,1714.59
R005993,O056593,C09567,2025-11-05 14:54:35.231067590,not_as_described,3001.39
R005994,O056603,C06159,2025-10-27 03:12:55.915006424,not_as_described,16669.91
R005995,O056615,C02828,2025-10-31 10:14:53.542545266,damaged,3422.23
R005996,O056619,C00880,2025-10-25 06:54:29.110631943,wrong_item,634.33
R005997,O056621,C07941,2025-10-28 05:54:09.767012713,wrong_item,2102.68
R005998,O056622,C00023,2025-10-27 17:29:30.375774632,damaged,3899.51
R005999,O056629,C05893,2025-10-31 19:16:43.341110108,damaged,2314.64
R006000,O056630,C02686,2025-10-29 21:56:04.238811517,size_fit,3751.39
R006001,O056659,C09959,2025-10-31 02:51:02.344518896,size_fit,1222.43
R006002,O056662,C00531,2025-10-27 07:44:02.033492272,size_fit,6439.88
R006003,O056684,C02114,2025-10-30 06:16:29.330786384,size_fit,3701.03
R006004,O056692,C03512,2025-10-28 16:00:53.581481910,damaged,15937.25
R006005,O056697,C06973,2025-10-30 08:39:38.373721934,not_as_described,1516.84
R006006,O056705,C02388,2025-10-25 17:54:31.116404401,size_fit,1063.53
R006007,O056706,C05115,2025-11-01 17:00:19.416700656,damaged,1530.35
R006008,O056708,C06249,2025-10-28 08:20:41.418857155,damaged,15569.58
R006009,O056710,C01108,2025-10-27 06:29:13.141207824,not_as_described,3143.03
R006010,O056715,C04007,2025-10-25 20:08:54.543876226,damaged,812.62
R006011,O056726,C01455,2025-10-25 15:51:59.130359838,wrong_item,2357.58
R006012,O056761,C02863,2025-11-02 01:52:18.248304529,not_as_described,1369.6
R006013,O056779,C06431,2025-10-27 02:45:00.922900222,size_fit,1686.33
R006014,O056810,C02290,2025-10-28 12:23:29.427888944,not_as_described,1388.56
R006015,O056813,C06251,2025-10-29 09:40:09.810203696,wrong_item,1990.08
R006016,O056818,C08504,2025-10-28 04:50:50.224648200,not_as_described,1542.45
R006017,O056849,C08956,2025-10-29 22:59:35.788146903,size_fit,1068.29
R006018,O056860,C02686,2025-10-25 09:48:28.133471199,wrong_item,4375.46
R006019,O056863,C07841,2025-10-28 04:45:25.418473326,damaged,8757.38
R006020,O056865,C03791,2025-10-30 05:22:25.140260920,wrong_item,1534.38
R006021,O056871,C05582,2025-10-30 14:00:12.312780213,not_as_described,4986.16
R006022,O056890,C00464,2025-10-25 06:13:45.040009256,size_fit,4587.64
R006023,O056893,C06046,2025-10-29 17:04:15.185153744,wrong_item,513.31
R006024,O056908,C02516,2025-10-29 17:26:23.246896585,damaged,1755.05
R006025,O056925,C06178,2025-10-28 02:27:40.359002670,not_as_described,1217.84
R006026,O056930,C04048,2025-11-02 09:14:29.440104111,changed_mind,1987.91
R006027,O056954,C04331,2025-10-31 15:42:35.920947322,changed_mind,1416.74
R006028,O056982,C05263,2025-10-31 10:23:17.003140141,size_fit,59149.53
R006029,O056983,C02263,2025-10-30 18:39:51.824273824,not_as_described,468.38
R006030,O056997,C09600,2025-10-31 08:05:33.457465442,changed_mind,3410.29
R006031,O057000,C06358,2025-10-26 15:27:47.609241004,size_fit,3422.39
R006032,O057001,C03091,2025-10-31 19:07:38.210829787,not_as_described,2933.62
R006033,O057022,C03920,2025-11-07 01:39:10.704472606,wrong_item,3070.21
R006034,O057024,C09360,2025-10-31 19:56:11.053868024,size_fit,3967.63
R006035,O057032,C03872,2025-10-27 23:20:00.863615097,size_fit,1734.07
R006036,O057041,C01010,2025-10-27 06:47:59.755407910,not_as_described,809.25
R006037,O057047,C03549,2025-10-28 17:08:15.978838394,damaged,706.83
R006038,O057062,C07843,2025-11-06 16:36:05.319344484,size_fit,2867.89
R006039,O057074,C08077,2025-10-27 18:44:35.787639447,not_as_described,3183.29
R006040,O057084,C02104,2025-10-30 18:40:27.412766097,damaged,681.36
R006041,O057114,C03734,2025-11-03 19:30:39.264282338,wrong_item,3656.95
R006042,O057128,C07997,2025-10-31 13:26:11.848381983,changed_mind,1046.51
R006043,O057136,C08940,2025-10-29 10:15:12.869840379,size_fit,3241.99
R006044,O057163,C09412,2025-10-29 04:29:32.384597337,changed_mind,1012.17
R006045,O057171,C00527,2025-11-03 00:19:17.413713400,size_fit,14071.65
R006046,O057187,C04605,2025-11-03 06:52:12.637434932,size_fit,4805.04
R006047,O057190,C00912,2025-10-31 07:43:56.715463254,damaged,1761.49
R006048,O057217,C08207,2025-10-29 16:22:19.629423847,changed_mind,1210.92
R006049,O057226,C07528,2025-11-02 16:27:00.959424148,damaged,7302.19
R006050,O057230,C04705,2025-10-29 20:21:21.446041813,damaged,420.04
R006051,O057251,C00812,2025-10-27 14:14:06.157518601,changed_mind,3704.92
R006052,O057255,C00409,2025-11-01 09:31:35.258200482,not_as_described,3447.79
R006053,O057259,C05988,2025-10-31 20:08:19.438575104,changed_mind,1254.91
R006054,O057264,C09047,2025-10-30 01:47:57.194163387,changed_mind,2302.33
R006055,O057273,C07646,2025-10-31 14:35:27.165981289,not_as_described,3146.43
R006056,O057301,C06488,2025-10-30 06:26:38.178881750,not_as_described,9488.05
R006057,O057317,C08442,2025-10-28 11:01:20.043730243,size_fit,8363.68
R006058,O057319,C08373,2025-10-31 23:07:42.267393541,not_as_described,1892.46
R006059,O057325,C09019,2025-10-29 13:09:40.476871008,size_fit,8993.79
R006060,O057357,C07367,2025-11-01 06:19:51.085576851,damaged,1235.76
R006061,O057358,C06896,2025-10-30 17:08:00.913565187,damaged,10916.56
R006062,O057362,C00083,2025-10-29 21:40:52.769961109,damaged,5932.13
R006063,O057385,C02819,2025-10-29 08:30:23.178503847,damaged,838.26
R006064,O057389,C07982,2025-11-03 19:31:58.689950966,changed_mind,1167.73
R006065,O057412,C02314,2025-10-29 20:32:26.140346098,size_fit,5562.26
R006066,O057415,C03864,2025-10-30 03:38:32.367305673,not_as_described,485.97
R006067,O057418,C00883,2025-10-29 02:53:22.122390609,damaged,15461.66
R006068,O057419,C00387,2025-11-01 13:39:52.505381973,not_as_described,2201.98
R006069,O057421,C04979,2025-11-02 11:43:44.395158183,not_as_described,898.91
R006070,O057427,C00271,2025-11-05 11:07:00.187486870,damaged,1692.01
R006071,O057430,C05267,2025-10-30 14:15:49.111270884,size_fit,1236.66
R006072,O057432,C03236,2025-11-01 10:39:07.356625790,wrong_item,1174.34
R006073,O057458,C08820,2025-11-01 15:00:19.037939670,not_as_described,510.83
R006074,O057461,C04492,2025-10-29 10:22:13.326076851,not_as_described,1800.63
R006075,O057468,C00713,2025-11-03 13:04:14.199240860,size_fit,2127.43
R006076,O057471,C05133,2025-11-02 00:58:26.591748830,wrong_item,5401.98
R006077,O057483,C07400,2025-11-04 02:47:52.539751129,wrong_item,1074.03
R006078,O057490,C08908,2025-11-10 14:24:31.649468367,size_fit,518.59
R006079,O057507,C03163,2025-10-31 15:01:25.616683819,size_fit,806.47
R006080,O057520,C08829,2025-11-01 04:13:52.809598578,damaged,1318.54
R006081,O057523,C01757,2025-11-01 19:03:02.677977896,not_as_described,19753.17
R006082,O057526,C03347,2025-11-01 10:33:43.050956310,not_as_described,30127.16
R006083,O057531,C08784,2025-11-12 00:00:00.000000000,not_as_described,2852.65
R006084,O057533,C07160,2025-11-01 14:49:39.950735149,damaged,1193.53
R006085,O057538,C08212,2025-10-31 02:20:29.629005648,changed_mind,2530.66
R006086,O057540,C01568,2025-11-12 04:52:37.218856386,size_fit,1873.34
R006087,O057543,C00215,2025-11-03 14:54:12.530788009,size_fit,1127.8
R006088,O057557,C03621,2025-10-31 15:56:46.447502582,damaged,1845.49
R006089,O057569,C04544,2025-11-01 22:01:20.030925244,size_fit,2135.4
R006090,O057588,C02787,2025-10-29 08:07:28.307739050,not_as_described,1697.9
R006091,O057592,C05591,2025-10-31 13:30:05.576352930,not_as_described,700.42
R006092,O057593,C00790,2025-10-29 16:35:05.150048550,not_as_described,2723.29
R006093,O057596,C04171,2025-11-03 02:51:13.122392504,size_fit,534.72
R006094,O057625,C03530,2025-10-29 10:36:56.002309833,size_fit,4405.56
R006095,O057633,C06370,2025-10-31 15:16:44.023370138,damaged,1177.2
R006096,O057641,C04606,2025-11-08 00:01:32.255404759,not_as_described,1025.9
R006097,O057642,C07703,2025-11-04 04:41:42.094206625,wrong_item,12295.3
R006098,O057654,C04684,2025-10-31 16:25:11.259787558,wrong_item,2886.5
R006099,O057655,C00105,2025-11-01 10:37:59.196584892,size_fit,1649.77
R006100,O057667,C05419,2025-10-29 18:20:24.867943288,not_as_described,1747.66
R006101,O057673,C09415,2025-10-31 21:07:49.379833095,not_as_described,1379.05
R006102,O057688,C03349,2025-11-03 06:13:00.659831422,wrong_item,7298.87
R006103,O057698,C03698,2025-11-05 12:19:44.285165504,not_as_described,993.13
R006104,O057705,C01730,2025-10-30 17:14:23.779825767,changed_mind,25418.37
R006105,O057706,C04385,2025-11-01 04:33:37.834284492,damaged,808.33
R006106,O057728,C08535,2025-10-31 10:01:59.968892618,not_as_described,2329.51
R006107,O057745,C00462,2025-11-02 23:54:14.959641276,size_fit,3089.58
R006108,O057752,C04302,2025-11-03 01:47:19.014139723,size_fit,1678.11
R006109,O057753,C07022,2025-10-31 05:46:27.421259232,wrong_item,410.53
R006110,O057767,C02118,2025-10-30 09:30:15.416674214,changed_mind,1346.81
R006111,O057775,C00954,2025-10-31 17:49:39.969444352,size_fit,656.19
R006112,O057777,C06664,2025-11-01 19:29:14.723098414,damaged,2434.43
R006113,O057788,C04505,2025-10-31 19:53:46.864487360,size_fit,4346.82
R006114,O057796,C01862,2025-11-01 11:20:52.964889874,changed_mind,13215.54
R006115,O057801,C06116,2025-11-02 04:46:37.161350198,changed_mind,1267.19
R006116,O057803,C04376,2025-11-01 13:43:00.047217349,size_fit,544.77
R006117,O057814,C08894,2025-11-04 18:33:49.237412763,not_as_described,380.5
R006118,O057815,C09696,2025-11-01 13:35:28.694471920,size_fit,3145.34
R006119,O057821,C09935,2025-11-01 11:34:53.971448192,wrong_item,1410.22
R006120,O057839,C04757,2025-11-01 14:12:29.275474147,not_as_described,1387.49
R006121,O057842,C00635,2025-11-02 11:53:42.458367030,not_as_described,201.19
R006122,O057862,C02739,2025-10-31 06:14:39.124761057,wrong_item,6034.32
R006123,O057864,C07020,2025-10-31 11:40:30.138543076,not_as_described,962.44
R006124,O057868,C05813,2025-11-03 11:14:56.731954444,not_as_described,4184.87
R006125,O057890,C02050,2025-11-01 06:44:37.412340882,size_fit,3365.21
R006126,O057894,C03805,2025-11-04 12:31:28.111471492,wrong_item,2753.05
R006127,O057895,C01430,2025-10-30 13:06:11.182997548,size_fit,2357.4
R006128,O057896,C06699,2025-11-03 10:03:47.029592908,wrong_item,12707.89
R006129,O057901,C06407,2025-11-03 09:08:29.493965205,size_fit,2795.2
R006130,O057902,C03886,2025-11-01 00:49:37.522178893,size_fit,1713.99
R006131,O057906,C03148,2025-11-03 11:06:36.502079068,wrong_item,3273.77
R006132,O057909,C09714,2025-11-08 15:49:40.099752973,damaged,3070.21
R006133,O057912,C03864,2025-11-02 01:44:43.611694958,size_fit,2486.88
R006134,O057922,C00593,2025-11-01 03:49:48.494760222,size_fit,1745.97
R006135,O057927,C01022,2025-10-31 14:30:51.776937158,changed_mind,1107.47
R006136,O057939,C07760,2025-11-03 03:15:34.160937926,damaged,2050.71
R006137,O057941,C04587,2025-11-04 02:34:55.434841172,not_as_described,3547.69
R006138,O057964,C08370,2025-11-07 12:20:35.320562559,size_fit,2507.89
R006139,O057968,C08416,2025-11-06 07:25:10.006847619,changed_mind,778.98
R006140,O057972,C06903,2025-11-05 17:58:29.397875422,size_fit,546.57
R006141,O057985,C02502,2025-11-04 08:54:01.387222430,not_as_described,2830.84
R006142,O057996,C07558,2025-11-05 21:17:07.132787646,size_fit,405.7
R006143,O058001,C04023,2025-11-07 15:38:40.812555170,wrong_item,1797.98
R006144,O058012,C04368,2025-11-07 14:38:15.249192176,changed_mind,2659.93
R006145,O058020,C02527,2025-11-06 16:35:52.010038226,not_as_described,12596.41
R006146,O058022,C00131,2025-11-04 14:14:42.398521314,wrong_item,1384.0
R006147,O058023,C00343,2025-11-06 14:44:54.660029269,size_fit,5545.99
R006148,O058024,C00058,2025-11-05 14:50:56.139959317,wrong_item,3210.43
R006149,O058035,C01920,2025-11-03 06:28:36.535077940,wrong_item,2498.61
R006150,O058056,C02374,2025-11-08 05:28:19.574438862,damaged,5264.04
R006151,O058058,C04118,2025-11-03 17:02:33.575114299,size_fit,2278.56
R006152,O058063,C06951,2025-11-03 23:53:47.226648015,size_fit,2592.7
R006153,O058071,C09688,2025-11-16 00:00:00.000000000,wrong_item,2386.39
R006154,O058085,C02646,2025-11-04 17:05:48.938988127,size_fit,1592.66
R006155,O058104,C08385,2025-11-07 15:20:01.657861126,size_fit,4107.11
R006156,O058109,C01652,2025-11-04 15:56:32.796593322,size_fit,1670.93
R006157,O058113,C02136,2025-11-04 09:03:17.972108618,wrong_item,6078.64
R006158,O058127,C03564,2025-11-04 10:01:20.775278409,not_as_described,3366.29
R006159,O058137,C08335,2025-11-04 11:59:22.482721024,size_fit,264.61
R006160,O058161,C04684,2025-11-08 17:27:40.428344016,not_as_described,5533.73
R006161,O058186,C01068,2025-11-11 20:10:33.100136868,wrong_item,2259.03
R006162,O058190,C06579,2025-11-02 15:19:19.663868373,wrong_item,551.07
R006163,O058194,C06992,2025-11-06 11:29:03.104756239,wrong_item,1364.12
R006164,O058197,C04139,2025-11-04 11:04:20.652885728,not_as_described,572.18
R006165,O058210,C08325,2025-11-05 14:03:04.302856645,not_as_described,986.1
R006166,O058213,C07591,2025-11-03 18:48:03.852627307,changed_mind,13974.07
R006167,O058218,C08079,2025-11-01 14:17:00.320599950,not_as_described,9046.85
R006168,O058228,C03469,2025-11-04 23:32:13.940250046,not_as_described,455.9
R006169,O058260,C05154,2025-11-06 13:16:29.659372330,damaged,1998.81
R006170,O058265,C01795,2025-11-07 08:10:28.578313308,wrong_item,3404.42
R006171,O058283,C01559,2025-11-08 18:11:42.531354132,wrong_item,1351.44
R006172,O058292,C01259,2025-11-01 18:45:44.707643355,size_fit,6786.8
R006173,O058309,C08365,2025-11-02 13:05:20.354948390,size_fit,759.98
R006174,O058323,C06465,2025-11-06 09:24:04.165411435,changed_mind,18483.31
R006175,O058328,C08516,2025-11-04 13:14:18.603967765,not_as_described,1315.32
R006176,O058329,C06578,2025-11-08 08:44:27.947661820,damaged,1064.04
R006177,O058332,C00039,2025-11-06 15:34:11.277609880,size_fit,970.49
R006178,O058334,C00065,2025-11-03 09:32:16.545205867,wrong_item,719.24
R006179,O058377,C00868,2025-11-03 00:12:51.057487990,not_as_described,1363.7
R006180,O058379,C03706,2025-11-10 23:20:55.136402966,size_fit,1436.8
R006181,O058391,C00719,2025-11-09 06:47:38.697728287,changed_mind,887.18
R006182,O058398,C05645,2025-11-02 10:41:00.889166479,not_as_described,2241.69
R006183,O058400,C07151,2025-11-04 06:52:15.680427128,size_fit,4103.4
R006184,O058401,C04713,2025-11-07 16:20:48.814175216,size_fit,784.14
R006185,O058415,C01108,2025-11-06 13:31:43.597670815,wrong_item,1433.2
R006186,O058423,C01665,2025-11-05 03:22:44.519827177,damaged,1657.14
R006187,O058447,C00005,2025-11-05 14:02:08.627465309,wrong_item,317.56
R006188,O058448,C00562,2025-11-05 16:26:52.958875113,not_as_described,3718.99
R006189,O058450,C04925,2025-11-06 20:57:17.241713611,not_as_described,1013.69
R006190,O058451,C05568,2025-11-05 07:21:32.400618303,not_as_described,505.33
R006191,O058452,C06450,2025-11-05 18:23:59.696060766,wrong_item,25033.09
R006192,O058456,C03355,2025-11-06 02:35:42.606084480,changed_mind,1058.37
R006193,O058459,C08381,2025-11-07 17:09:22.300314660,not_as_described,1771.5
R006194,O058472,C09780,2025-11-11 03:04:39.362239462,wrong_item,1340.55
R006195,O058486,C08537,2025-11-08 13:14:33.096604495,changed_mind,8141.4
R006196,O058495,C01714,2025-11-06 22:31:28.566974848,damaged,1697.25
R006197,O058502,C08150,2025-11-06 12:12:20.149438748,wrong_item,2043.94
R006198,O058506,C02929,2025-11-12 00:05:57.592335523,wrong_item,671.64
R006199,O058513,C08725,2025-11-15 02:43:48.055330686,not_as_described,453.84
R006200,O058514,C09185,2025-11-05 08:46:37.199178408,size_fit,3019.09
R006201,O058515,C05025,2025-11-04 22:52:42.355808058,damaged,437.68
R006202,O058516,C06293,2025-11-07 21:16:13.512982576,changed_mind,3428.23
R006203,O058523,C06768,2025-11-07 04:54:54.206603395,changed_mind,2762.44
R006204,O058528,C09188,2025-11-06 23:54:02.945499224,not_as_described,640.44
R006205,O058536,C01136,2025-11-09 06:36:56.201751183,size_fit,501.34
R006206,O058539,C09060,2025-11-05 10:34:59.218091270,wrong_item,718.19
R006207,O058551,C04740,2025-11-10 08:51:20.961523328,size_fit,29323.22
R006208,O058554,C02294,2025-11-06 17:24:27.307882656,not_as_described,723.57
R006209,O058562,C05579,2025-11-10 14:41:11.264567913,not_as_described,353.57
R006210,O058566,C08397,2025-11-09 08:41:01.945189370,size_fit,1738.64
R006211,O058579,C00054,2025-11-05 21:21:14.177017364,size_fit,422.82
R006212,O058580,C05049,2025-11-07 13:34:56.131100252,wrong_item,1497.31
R006213,O058584,C06570,2025-11-07 02:17:41.490322673,not_as_described,237.13
R006214,O058596,C01311,2025-11-20 00:00:00.000000000,size_fit,1274.42
R006215,O058602,C05835,2025-11-07 08:57:46.382385985,not_as_described,1459.19
R006216,O058608,C09032,2025-11-10 03:53:18.070406476,size_fit,917.95
R006217,O058614,C07555,2025-11-12 18:03:39.687474438,damaged,23903.13
R006218,O058628,C06685,2025-11-10 01:13:43.155277060,changed_mind,734.54
R006219,O058662,C07451,2025-11-05 09:43:53.019109441,not_as_described,2270.67
R006220,O058665,C00242,2025-11-05 15:40:40.586731489,not_as_described,6387.74
R006221,O058682,C08149,2025-11-07 02:32:34.304959773,not_as_described,1883.6
R006222,O058687,C03143,2025-11-05 16:18:01.959691104,not_as_described,603.8
R006223,O058699,C03089,2025-11-07 18:55:36.575031270,not_as_described,6268.55
R006224,O058709,C05617,2025-11-05 09:32:10.868928748,not_as_described,403.08
R006225,O058735,C02174,2025-11-09 18:16:06.522959550,not_as_described,2376.23
R006226,O058740,C05772,2025-11-09 21:17:50.768708326,not_as_described,1066.27
R006227,O058744,C04001,2025-11-11 22:54:47.757084238,damaged,4401.95
R006228,O058757,C03269,2025-11-08 20:12:19.373763164,changed_mind,4957.44
R006229,O058764,C02357,2025-11-12 00:18:15.443720290,size_fit,1348.7
R006230,O058782,C03034,2025-11-07 18:40:22.504523948,size_fit,4604.03
R006231,O058787,C08145,2025-11-09 15:15:22.264369196,wrong_item,13133.59
R006232,O058790,C09827,2025-11-15 19:59:14.107629746,damaged,6196.89
R006233,O058797,C08583,2025-11-05 22:23:43.459847646,damaged,935.6
R006234,O058799,C03076,2025-11-06 23:02:04.526920626,size_fit,2671.14
R006235,O058805,C09751,2025-11-08 06:54:42.450876140,not_as_described,2179.29
R006236,O058809,C01828,2025-11-09 18:18:11.755323025,changed_mind,655.6
R006237,O058811,C02803,2025-11-09 11:26:58.023491884,damaged,2824.29
R006238,O058812,C02395,2025-11-05 00:29:12.321008275,not_as_described,1120.85
R006239,O058817,C09978,2025-11-06 15:15:06.491955754,wrong_item,2863.09
R006240,O058821,C06097,2025-11-11 00:45:33.660320623,not_as_described,1589.15
R006241,O058826,C01341,2025-11-04 11:57:28.446963746,size_fit,3544.27
R006242,O058830,C00764,2025-11-10 05:09:07.939644760,size_fit,4356.21
R006243,O058834,C03549,2025-11-05 08:21:50.324588240,size_fit,1002.49
R006244,O058839,C00189,2025-11-10 15:40:35.255117586,not_as_described,404.8
R006245,O058840,C03150,2025-11-11 03:05:25.210918474,size_fit,1143.39
R006246,O058842,C00316,2025-11-08 21:01:37.166453490,not_as_described,9032.46
R006247,O058847,C06960,2025-11-05 16:27:45.658828677,not_as_described,2513.98
R006248,O058850,C04184,2025-11-04 14:17:55.178528226,wrong_item,5054.98
R006249,O058851,C03227,2025-11-10 03:39:22.399514895,size_fit,4416.99
R006250,O058853,C01793,2025-11-06 09:46:25.582740340,damaged,1781.92
R006251,O058866,C06338,2025-11-14 18:12:22.430022001,size_fit,3846.83
R006252,O058896,C01456,2025-11-10 08:22:20.476414542,changed_mind,1648.86
R006253,O058897,C02630,2025-11-11 11:57:26.401651077,size_fit,16334.68
R006254,O058899,C09061,2025-11-07 01:08:33.678236223,not_as_described,3103.28
R006255,O058916,C07742,2025-11-06 21:17:40.039941865,wrong_item,12872.98
R006256,O058932,C01717,2025-11-08 06:30:30.828581434,wrong_item,3050.34
R006257,O058936,C07382,2025-11-10 23:31:00.196674794,size_fit,1813.58
R006258,O058937,C06882,2025-11-08 04:13:04.979962938,not_as_described,4487.36
R006259,O058947,C03568,2025-11-07 05:47:02.712126498,changed_mind,1420.04
R006260,O058957,C08504,2025-11-08 05:23:14.528630720,size_fit,808.7
R006261,O058983,C03379,2025-11-12 18:46:57.566515501,not_as_described,1873.16
R006262,O059005,C03413,2025-11-08 06:00:12.035098508,not_as_described,1095.82
R006263,O059032,C04985,2025-11-10 05:07:51.121157930,size_fit,1112.39
R006264,O059059,C07266,2025-11-07 11:17:21.948066085,damaged,954.83
R006265,O059061,C04288,2025-11-12 09:56:17.542887370,size_fit,4573.2
R006266,O059071,C05845,2025-11-11 01:13:49.719365688,changed_mind,1424.93
R006267,O059084,C04122,2025-11-11 14:31:25.673586221,not_as_described,1481.68
R006268,O059103,C02902,2025-11-12 13:36:59.828663732,not_as_described,3107.04
R006269,O059114,C08131,2025-11-07 01:22:38.270305088,not_as_described,1045.51
R006270,O059116,C00802,2025-11-06 14:53:53.352023604,wrong_item,29367.06
R006271,O059131,C09195,2025-11-08 03:07:34.479464412,wrong_item,2657.16
R006272,O059136,C05645,2025-11-14 16:54:49.418078594,changed_mind,1984.89
R006273,O059138,C02204,2025-11-07 18:51:03.412955113,size_fit,1382.86
R006274,O059141,C04987,2025-11-11 19:18:58.046872762,not_as_described,324.49
R006275,O059153,C08533,2025-11-10 20:00:53.422154175,size_fit,11736.76
R006276,O059154,C05925,2025-11-09 01:05:06.451168329,changed_mind,364.58
R006277,O059166,C02502,2025-11-09 23:58:07.036902170,size_fit,1147.95
R006278,O059182,C09577,2025-11-13 01:48:30.520243296,not_as_described,1311.56
R006279,O059184,C02026,2025-11-11 22:22:32.281075120,not_as_described,2474.38
R006280,O059191,C07366,2025-11-11 10:30:26.356259941,wrong_item,649.68
R006281,O059227,C03894,2025-11-12 08:30:35.113338683,not_as_described,2128.21
R006282,O059235,C09549,2025-11-12 09:41:09.266603636,wrong_item,909.09
R006283,O059243,C09667,2025-11-06 04:53:42.601983025,not_as_described,4088.92
R006284,O059250,C03973,2025-11-11 22:44:04.500756232,changed_mind,1613.9
R006285,O059256,C00109,2025-11-07 12:14:29.646437787,size_fit,602.59
R006286,O059263,C03672,2025-11-12 19:13:30.977018421,not_as_described,1228.76
R006287,O059266,C09388,2025-11-08 03:36:48.317829616,wrong_item,891.08
R006288,O059272,C01869,2025-11-07 19:17:01.075762121,size_fit,759.68
R006289,O059280,C04936,2025-11-11 20:31:56.087350798,not_as_described,6386.82
R006290,O059290,C05479,2025-11-07 23:06:35.713804892,not_as_described,10788.61
R006291,O059292,C06315,2025-11-24 01:33:50.070675596,damaged,522.85
R006292,O059294,C06523,2025-11-08 05:06:20.761273576,wrong_item,924.44
R006293,O059307,C08265,2025-11-14 19:41:57.444134236,not_as_described,733.41
R006294,O059316,C00814,2025-11-11 13:07:59.678481914,damaged,373.86
R006295,O059334,C09776,2025-11-12 08:59:55.829984042,size_fit,346.61
R006296,O059341,C09222,2025-11-12 06:18:24.470158507,not_as_described,1720.4
R006297,O059348,C01357,2025-11-12 22:06:58.737515000,size_fit,474.61
R006298,O059350,C04265,2025-11-15 18:28:39.501720667,not_as_described,4176.42
R006299,O059379,C04638,2025-11-07 12:19:06.213786628,not_as_described,4093.21
R006300,O059393,C06691,2025-11-10 16:07:35.564892618,size_fit,3244.88
R006301,O059394,C04736,2025-11-22 05:56:09.696948090,not_as_described,296.15
R006302,O059400,C07697,2025-11-12 20:11:41.681722707,not_as_described,4547.46
R006303,O059426,C00574,2025-11-11 10:04:22.555720930,wrong_item,1075.82
R006304,O059431,C00266,2025-11-11 03:11:16.961850747,changed_mind,24598.51
R006305,O059444,C08935,2025-11-09 20:38:45.170655370,wrong_item,1037.27
R006306,O059447,C00201,2025-11-09 05:55:57.851616993,changed_mind,71153.75
R006307,O059457,C03053,2025-11-09 14:26:39.103701262,not_as_described,9404.84
R006308,O059459,C05969,2025-11-15 23:20:47.756037087,size_fit,1805.6
R006309,O059465,C04680,2025-11-12 11:50:34.985414738,size_fit,1625.0
R006310,O059476,C09233,2025-11-13 20:36:39.279820467,changed_mind,4669.47
R006311,O059487,C04172,2025-11-10 15:03:56.722697863,not_as_described,2428.62
R006312,O059517,C04095,2025-11-12 23:57:22.426105554,wrong_item,6974.51
R006313,O059524,C09681,2025-11-13 19:27:35.165367752,not_as_described,912.62
R006314,O059530,C03496,2025-11-10 05:59:52.003183038,not_as_described,3748.16
R006315,O059533,C02365,2025-11-12 13:46:19.766563064,size_fit,1438.39
R006316,O059552,C02590,2025-11-12 14:08:46.078234821,not_as_described,6244.67
R006317,O059553,C08751,2025-11-09 01:42:04.314376839,damaged,692.98
R006318,O059554,C04152,2025-11-10 06:59:29.906371147,not_as_described,776.71
R006319,O059557,C01333,2025-11-15 04:18:02.324085073,size_fit,3045.01
R006320,O059572,C05973,2025-11-12 20:26:31.228738252,not_as_described,553.72
R006321,O059575,C07275,2025-11-12 19:48:54.769484847,not_as_described,687.83
R006322,O059583,C04793,2025-11-10 23:07:43.155186034,size_fit,7473.97
R006323,O059585,C07973,2025-11-11 22:08:44.594622887,damaged,5998.08
R006324,O059605,C04145,2025-11-11 07:19:22.464939381,size_fit,1153.42
R006325,O059614,C03861,2025-11-10 17:59:56.518680454,size_fit,1767.84
R006326,O059627,C07229,2025-11-10 01:06:17.196144868,wrong_item,1949.77
R006327,O059637,C08896,2025-11-10 10:06:14.194080266,size_fit,1177.88
R006328,O059644,C09779,2025-11-09 08:36:15.439824165,size_fit,939.65
R006329,O059656,C03080,2025-11-17 18:37:52.647947979,damaged,1650.95
R006330,O059658,C02894,2025-11-14 11:45:17.947129075,size_fit,1024.28
R006331,O059660,C02044,2025-11-11 00:33:18.972208547,size_fit,1612.99
R006332,O059687,C07522,2025-11-13 03:50:41.741579338,changed_mind,1409.19
R006333,O059688,C00941,2025-11-14 04:51:45.384461020,not_as_described,7586.07
R006334,O059696,C09564,2025-11-14 16:16:16.640921625,damaged,15597.85
R006335,O059710,C05836,2025-11-11 20:43:32.993402660,size_fit,782.22
R006336,O059726,C05858,2025-11-14 22:02:52.152896400,wrong_item,2623.98
R006337,O059731,C05902,2025-11-10 15:05:27.773110982,size_fit,890.34
R006338,O059740,C00109,2025-11-12 02:22:06.247904818,damaged,1109.61
R006339,O059746,C06712,2025-11-17 04:59:49.608117988,size_fit,3603.64
R006340,O059756,C09962,2025-11-14 17:00:03.067603563,wrong_item,1653.54
R006341,O059757,C09102,2025-11-12 04:42:23.797821027,damaged,1479.65
R006342,O059782,C02053,2025-11-12 03:42:31.182171562,changed_mind,825.23
R006343,O059788,C08579,2025-11-15 13:30:47.281226320,changed_mind,2514.88
R006344,O059799,C06700,2025-11-14 20:24:37.500603555,size_fit,2885.8
R006345,O059804,C07681,2025-11-13 04:32:17.171909080,not_as_described,4377.22
R006346,O059819,C09271,2025-11-13 04:11:18.993680556,size_fit,1451.8
R006347,O059820,C08104,2025-11-09 08:04:10.735237207,wrong_item,23990.31
R006348,O059836,C02219,2025-11-15 15:12:25.094423070,wrong_item,869.4
R006349,O059860,C08995,2025-11-11 02:15:41.306911729,not_as_described,1592.0
R006350,O059865,C01169,2025-11-16 08:50:39.680508364,size_fit,2110.82
R006351,O059866,C01008,2025-11-12 12:00:44.996947887,size_fit,21463.12
R006352,O059867,C02656,2025-11-14 17:06:16.121517534,not_as_described,606.78
R006353,O059871,C01791,2025-11-16 13:38:46.290554523,damaged,2446.8
R006354,O059878,C07600,2025-11-14 10:27:11.443281904,not_as_described,2597.62
R006355,O059886,C01259,2025-11-11 16:36:02.139428501,not_as_described,2241.95
R006356,O059894,C07374,2025-11-10 17:40:05.568897144,not_as_described,5145.51
R006357,O059898,C05828,2025-11-10 22:32:05.509594226,damaged,3021.8
R006358,O059915,C06906,2025-11-11 11:32:07.026464774,not_as_described,666.52
R006359,O059921,C09569,2025-11-12 13:06:39.612470500,size_fit,2719.55
R006360,O059939,C01047,2025-11-14 16:56:38.332811421,not_as_described,566.16
R006361,O059954,C05973,2025-11-13 05:45:18.808871317,damaged,1709.4
R006362,O059963,C05249,2025-11-14 20:07:03.490099852,not_as_described,651.83
R006363,O059966,C01766,2025-11-10 19:08:38.395859308,damaged,660.41
R006364,O059989,C07640,2025-11-12 01:14:27.484067662,changed_mind,753.27
R006365,O059991,C05458,2025-11-11 16:22:49.241208576,changed_mind,48569.32
R006366,O060012,C08583,2025-11-17 09:50:32.950685846,not_as_described,2675.26
R006367,O060020,C09106,2025-11-15 10:44:28.081087951,damaged,1002.03
R006368,O060026,C04589,2025-11-16 15:34:57.166552930,size_fit,1019.29
R006369,O060033,C02992,2025-11-24 00:49:24.492644889,size_fit,3330.37
R006370,O060038,C02948,2025-11-12 10:39:54.481978832,size_fit,3511.93
R006371,O060041,C00096,2025-11-16 02:03:27.369042620,not_as_described,7755.79
R006372,O060048,C05115,2025-11-15 10:54:05.797136415,changed_mind,942.9
R006373,O060051,C04243,2025-11-18 10:28:42.486493591,size_fit,1394.82
R006374,O060066,C03463,2025-11-14 03:24:36.457727569,wrong_item,949.74
R006375,O060068,C03570,2025-11-17 12:22:17.712018598,not_as_described,5896.21
R006376,O060072,C00730,2025-11-14 05:06:27.113904036,not_as_described,798.76
R006377,O060077,C08047,2025-11-12 16:49:53.952590845,wrong_item,1475.0
R006378,O060082,C06956,2025-11-19 11:40:51.647360689,size_fit,723.24
R006379,O060102,C07904,2025-11-16 07:52:58.218616783,changed_mind,3557.83
R006380,O060112,C06494,2025-11-12 01:40:26.115875936,changed_mind,6832.76
R006381,O060129,C04177,2025-11-11 17:38:35.340782150,not_as_described,814.68
R006382,O060143,C04617,2025-11-18 13:14:55.196656414,not_as_described,2196.12
R006383,O060146,C03100,2025-11-14 01:45:18.374299646,damaged,832.45
R006384,O060165,C03069,2025-11-15 21:40:36.976263772,wrong_item,1168.28
R006385,O060171,C01793,2025-11-16 02:18:23.601982741,damaged,118.32
R006386,O060185,C01608,2025-11-22 10:41:17.582940837,size_fit,2382.67
R006387,O060188,C01659,2025-11-16 07:58:53.064983013,changed_mind,2198.86
R006388,O060202,C04459,2025-11-16 07:35:01.332031898,wrong_item,3726.32
R006389,O060208,C08439,2025-11-16 14:54:30.357258274,not_as_described,760.52
R006390,O060216,C07797,2025-11-17 21:54:17.508239596,size_fit,1477.6
R006391,O060219,C08155,2025-11-12 21:29:05.545000474,size_fit,1392.4
R006392,O060221,C07748,2025-11-19 10:00:24.029625780,not_as_described,11446.14
R006393,O060228,C07743,2025-11-15 10:56:24.959556762,changed_mind,906.6
R006394,O060232,C02504,2025-11-17 02:18:39.937176957,damaged,32125.32
R006395,O060235,C06199,2025-11-14 00:30:10.737690127,size_fit,4861.95
R006396,O060242,C01882,2025-11-28 00:00:35.095173886,wrong_item,2345.84
R006397,O060258,C00113,2025-11-17 07:50:41.105836132,size_fit,1533.94
R006398,O060265,C01065,2025-11-15 09:26:30.409416240,size_fit,807.91
R006399,O060266,C06040,2025-11-15 13:53:34.241850852,size_fit,3940.48
R006400,O060272,C00895,2025-11-15 03:32:22.601168203,size_fit,1154.52
R006401,O060277,C04959,2025-11-14 15:25:24.806098747,size_fit,2118.98
R006402,O060308,C01090,2025-11-19 16:41:21.386349492,not_as_described,513.55
R006403,O060328,C09501,2025-11-19 15:01:44.783292784,damaged,2720.02
R006404,O060330,C05124,2025-11-18 12:34:43.189310316,damaged,4011.56
R006405,O060332,C06850,2025-11-14 10:22:55.246297144,not_as_described,46299.9
R006406,O060336,C07773,2025-11-13 09:45:36.797052819,changed_mind,1644.39
R006407,O060354,C03546,2025-11-15 04:01:21.070435555,size_fit,1225.0
R006408,O060367,C09263,2025-11-14 21:05:40.366659728,size_fit,5172.58
R006409,O060383,C08170,2025-11-17 14:59:01.392587872,damaged,9125.95
R006410,O060385,C07936,2025-11-16 22:42:31.395607178,not_as_described,1072.99
R006411,O060405,C03726,2025-11-17 13:59:36.103313767,changed_mind,1503.44
R006412,O060408,C09408,2025-11-15 12:22:27.671044501,not_as_described,2215.47
R006413,O060418,C02779,2025-11-16 01:02:46.918036626,not_as_described,1624.6
R006414,O060461,C00966,2025-11-17 01:02:50.857624114,size_fit,13691.39
R006415,O060473,C09940,2025-11-18 16:23:19.918083472,not_as_described,2085.63
R006416,O060483,C03198,2025-11-15 15:16:04.597073857,not_as_described,1699.91
R006417,O060488,C07285,2025-11-17 00:42:32.721053364,wrong_item,3114.15
R006418,O060489,C00135,2025-11-18 16:20:28.427022618,not_as_described,5812.85
R006419,O060532,C00202,2025-11-16 02:45:16.558381706,not_as_described,1345.63
R006420,O060544,C04984,2025-11-16 12:46:47.282990937,size_fit,2955.2
R006421,O060570,C09835,2025-11-19 07:13:57.823401450,size_fit,1654.47
R006422,O060577,C04279,2025-11-16 19:10:23.653718043,size_fit,3165.87
R006423,O060592,C03643,2025-11-15 21:07:35.643751183,size_fit,2928.66
R006424,O060614,C09671,2025-11-27 23:01:43.659232370,not_as_described,2232.39
R006425,O060619,C08718,2025-11-17 16:44:02.055095527,changed_mind,1258.77
R006426,O060636,C09999,2025-11-19 07:25:23.767281350,size_fit,3708.42
R006427,O060650,C07481,2025-11-19 00:03:46.327548826,not_as_described,1264.08
R006428,O060662,C02968,2025-11-18 08:30:08.128993957,changed_mind,1782.57
R006429,O060663,C01697,2025-11-16 06:07:12.536267912,not_as_described,830.52
R006430,O060664,C03490,2025-11-20 10:58:37.130117390,size_fit,1650.4
R006431,O060682,C00020,2025-11-15 18:22:42.009461824,changed_mind,814.37
R006432,O060684,C02424,2025-11-21 05:45:45.565097594,wrong_item,3379.66
R006433,O060685,C03997,2025-11-18 22:22:00.332186242,damaged,5017.86
R006434,O060696,C02667,2025-11-15 14:25:27.179241650,wrong_item,1711.53
R006435,O060731,C01938,2025-11-21 15:39:13.721774202,not_as_described,2048.28
R006436,O060734,C05722,2025-11-19 13:03:40.530864020,not_as_described,9318.69
R006437,O060768,C03165,2025-11-15 22:26:39.074535132,size_fit,3298.17
R006438,O060797,C07605,2025-11-19 16:06:31.676121885,changed_mind,8994.07
R006439,O060807,C00816,2025-11-19 05:42:04.454067081,not_as_described,4594.18
R006440,O060810,C00902,2025-11-18 01:56:54.004842708,changed_mind,6022.63
R006441,O060836,C00742,2025-11-15 22:38:30.632615473,changed_mind,856.1
R006442,O060841,C06230,2025-11-16 21:31:23.358805381,not_as_described,2120.93
R006443,O060846,C03738,2025-11-26 11:42:02.416121481,size_fit,2292.9
R006444,O060849,C07518,2025-11-17 15:27:44.807575258,size_fit,11587.61
R006445,O060856,C09144,2025-11-22 12:15:42.777554878,not_as_described,2461.87
R006446,O060857,C01917,2025-11-20 15:29:55.071498123,changed_mind,19040.75
R006447,O060862,C04671,2025-11-17 19:59:11.020388841,changed_mind,281.5
R006448,O060868,C06976,2025-11-22 10:15:03.809241266,size_fit,8280.34
R006449,O060870,C08663,2025-11-19 22:07:15.245030809,changed_mind,1399.6
R006450,O060880,C03054,2025-11-17 14:22:02.019935942,wrong_item,8084.89
R006451,O060891,C09344,2025-11-18 11:00:58.619359206,not_as_described,2750.92
R006452,O060905,C04242,2025-11-18 13:54:54.354348356,wrong_item,902.0
R006453,O060910,C05691,2025-11-17 15:46:15.444225883,not_as_described,1372.06
R006454,O060915,C09084,2025-11-20 01:38:08.439552366,wrong_item,502.71
R006455,O060918,C01264,2025-11-29 15:48:04.232986977,not_as_described,15601.87
R006456,O060929,C07436,2025-11-18 17:42:28.470289021,wrong_item,1003.94
R006457,O060937,C06823,2025-11-23 15:59:10.178516972,wrong_item,1097.89
R006458,O060951,C01402,2025-11-16 07:30:05.290004516,size_fit,2567.13
R006459,O060954,C09398,2025-11-15 06:55:11.839931572,wrong_item,693.37
R006460,O060960,C07177,2025-11-16 03:56:38.439495070,damaged,1392.75
R006461,O060971,C05181,2025-11-18 18:29:05.032993668,not_as_described,10221.04
R006462,O060984,C04552,2025-11-17 05:17:50.627149875,not_as_described,3310.53
R006463,O060989,C01419,2025-11-18 19:36:12.570807672,not_as_described,3565.38
R006464,O060993,C08428,2025-11-18 01:18:37.815652886,damaged,6566.54
R006465,O061009,C07977,2025-11-19 18:34:26.032904529,damaged,1512.13
R006466,O061020,C05052,2025-11-24 22:05:38.670019004,wrong_item,1933.58
R006467,O061051,C05035,2025-11-20 13:10:59.071340362,not_as_described,2208.82
R006468,O061053,C08933,2025-11-20 07:38:45.100666384,size_fit,22192.04
R006469,O061062,C04150,2025-11-21 15:30:30.092605966,damaged,1095.05
R006470,O061065,C05792,2025-11-24 11:41:48.897403940,size_fit,277.44
R006471,O061068,C07884,2025-11-21 03:07:55.386333022,not_as_described,7073.84
R006472,O061083,C00770,2025-11-27 17:26:11.790971178,size_fit,5871.4
R006473,O061087,C04355,2025-11-19 12:42:50.548086014,not_as_described,959.23
R006474,O061115,C08903,2025-11-17 11:08:01.184826620,not_as_described,3722.77
R006475,O061124,C00553,2025-11-23 21:28:41.135947377,size_fit,5512.21
R006476,O061129,C00619,2025-11-21 22:14:36.131259933,size_fit,2211.15
R006477,O061131,C00435,2025-11-20 16:19:06.075600589,size_fit,216.92
R006478,O061133,C04306,2025-11-27 17:06:36.949922614,size_fit,2060.83
R006479,O061134,C07724,2025-11-18 08:55:07.101493644,size_fit,1573.39
R006480,O061167,C01376,2025-11-25 13:08:05.387425386,size_fit,4146.45
R006481,O061176,C01988,2025-11-21 13:33:38.818018684,not_as_described,4384.78
R006482,O061178,C04507,2025-11-22 23:19:05.659950734,size_fit,8763.19
R006483,O061186,C09337,2025-11-23 03:26:28.415904068,size_fit,2542.25
R006484,O061199,C02558,2025-11-19 16:16:45.237752813,wrong_item,1752.37
R006485,O061204,C07257,2025-11-21 04:19:17.129294328,damaged,1734.78
R006486,O061206,C00890,2025-11-22 21:41:14.601666980,not_as_described,1606.22
R006487,O061207,C09925,2025-11-18 00:20:29.069010528,not_as_described,1732.07
R006488,O061236,C06561,2025-11-26 12:10:40.928779470,not_as_described,3616.62
R006489,O061247,C07479,2025-11-18 15:15:24.350486709,not_as_described,1802.08
R006490,O061259,C03821,2025-11-18 01:07:21.111701570,not_as_described,1155.61
R006491,O061267,C06886,2025-11-21 23:27:12.775147765,not_as_described,1106.57
R006492,O061283,C09982,2025-11-20 08:36:22.009021614,changed_mind,2047.78
R006493,O061293,C05302,2025-11-23 05:30:58.444063509,size_fit,1038.8
R006494,O061299,C09263,2025-11-22 00:37:04.009389808,not_as_described,1121.73
R006495,O061305,C09170,2025-11-30 04:07:39.255428316,size_fit,2677.69
R006496,O061323,C05230,2025-11-22 18:50:15.513506048,not_as_described,13391.96
R006497,O061345,C00540,2025-11-22 17:25:02.202431674,size_fit,1171.54
R006498,O061347,C05993,2025-11-20 03:51:38.653938234,size_fit,2097.27
R006499,O061359,C01648,2025-11-18 07:52:01.328053796,not_as_described,1508.84
R006500,O061369,C02704,2025-11-20 10:31:31.986239829,size_fit,2636.09
R006501,O061370,C07654,2025-11-22 02:21:23.422356561,wrong_item,345.04
R006502,O061372,C00961,2025-11-22 09:08:38.494323823,not_as_described,983.84
R006503,O061374,C04774,2025-11-19 23:46:27.704295552,changed_mind,1045.88
R006504,O061387,C09715,2025-11-20 06:14:12.348066541,not_as_described,608.77
R006505,O061398,C02785,2025-11-25 23:44:54.857694022,size_fit,900.33
R006506,O061399,C06141,2025-11-18 11:48:50.052478093,size_fit,1154.28
R006507,O061408,C08043,2025-11-22 15:59:49.161160946,size_fit,801.73
R006508,O061423,C06151,2025-11-23 13:02:14.365677656,wrong_item,3301.26
R006509,O061429,C03232,2025-11-18 08:55:07.166093876,size_fit,15673.41
R006510,O061455,C00075,2025-11-21 09:03:48.970605466,not_as_described,4218.59
R006511,O061478,C05363,2025-11-21 15:32:54.688519431,size_fit,2488.23
R006512,O061483,C02384,2025-11-19 03:03:01.539938887,damaged,3522.36
R006513,O061485,C04848,2025-11-20 06:14:20.389073319,changed_mind,1917.6
R006514,O061499,C03197,2025-11-18 11:54:05.121299181,damaged,1860.48
R006515,O061506,C00831,2025-11-20 07:11:01.709324689,wrong_item,278.57
R006516,O061508,C07285,2025-11-22 05:39:44.265863160,not_as_described,2024.46
R006517,O061529,C09561,2025-11-20 01:14:11.467925062,damaged,541.28
R006518,O061533,C00462,2025-11-24 20:28:30.907309893,size_fit,1347.96
R006519,O061540,C08350,2025-11-20 09:33:46.761041469,damaged,295.53
R006520,O061552,C04775,2025-11-19 12:56:06.972906346,size_fit,6560.3
R006521,O061555,C02539,2025-11-18 07:28:30.548334172,damaged,1197.51
R006522,O061560,C04954,2025-11-23 00:13:47.997807927,size_fit,1094.61
R006523,O061561,C03389,2025-12-03 07:12:55.118616166,size_fit,11364.4
R006524,O061563,C01924,2025-11-24 07:17:01.700735359,changed_mind,1373.86
R006525,O061569,C00789,2025-11-22 07:37:13.046531829,not_as_described,825.05
R006526,O061571,C09905,2025-11-26 10:21:07.285322811,wrong_item,5334.19
R006527,O061576,C09146,2025-11-21 15:42:51.620714060,wrong_item,956.17
R006528,O061584,C00223,2025-11-22 09:12:30.829836974,wrong_item,574.52
R006529,O061596,C00471,2025-11-24 13:21:05.819091609,damaged,1500.58
R006530,O061599,C09621,2025-11-20 21:01:47.513455496,size_fit,927.94
R006531,O061604,C07688,2025-11-25 16:57:15.586075422,not_as_described,5598.18
R006532,O061607,C08340,2025-11-25 05:27:35.466565730,damaged,1361.17
R006533,O061622,C05149,2025-11-22 04:51:13.921050618,not_as_described,2030.54
R006534,O061649,C07368,2025-11-24 20:51:14.947330852,damaged,890.31
R006535,O061655,C04489,2025-11-26 19:52:00.415402172,not_as_described,5846.63
R006536,O061661,C06970,2025-11-23 10:45:18.383066949,not_as_described,5903.28
R006537,O061677,C05146,2025-11-21 04:12:16.229677417,wrong_item,4160.58
R006538,O061688,C00337,2025-11-24 01:36:04.644718077,size_fit,3150.79
R006539,O061689,C03419,2025-11-24 16:34:11.826008817,not_as_described,4588.0
R006540,O061695,C00223,2025-11-22 05:35:51.906728216,damaged,237.38
R006541,O061699,C03370,2025-11-21 16:27:37.427272171,not_as_described,6465.03
R006542,O061701,C03758,2025-11-21 11:34:58.407682979,size_fit,3039.05
R006543,O061706,C07091,2025-11-24 07:50:31.553151954,changed_mind,100.92
R006544,O061716,C07985,2025-11-24 16:12:58.186411768,not_as_described,9340.01
R006545,O061718,C03379,2025-11-23 07:48:51.705610952,not_as_described,1366.19
R006546,O061723,C07770,2025-11-23 03:04:53.845856814,changed_mind,1827.04
R006547,O061732,C03593,2025-11-22 08:00:53.146743955,changed_mind,2571.71
R006548,O061733,C06849,2025-11-22 12:04:05.334534717,changed_mind,4044.57
R006549,O061739,C07011,2025-11-20 10:40:35.243723517,size_fit,3796.53
R006550,O061744,C06287,2025-11-20 14:20:39.734549149,not_as_described,3000.8
R006551,O061750,C06640,2025-11-25 07:25:18.195064197,size_fit,13199.5
R006552,O061755,C09277,2025-11-20 04:29:58.706372670,not_as_described,3502.03
R006553,O061780,C00543,2025-11-20 00:03:36.036121064,damaged,12026.38
R006554,O061784,C03633,2025-11-22 04:13:05.207238894,not_as_described,12942.7
R006555,O061794,C00381,2025-11-26 01:08:40.644184182,size_fit,2703.36
R006556,O061816,C09547,2025-11-25 07:59:32.841496982,not_as_described,7743.02
R006557,O061819,C00826,2025-11-22 12:59:28.798515801,size_fit,5179.86
R006558,O061821,C08317,2025-11-27 23:45:43.849429776,not_as_described,969.89
R006559,O061825,C06040,2025-11-27 02:55:28.156193781,damaged,4124.33
R006560,O061830,C03877,2025-11-26 16:37:42.706204791,not_as_described,2458.57
R006561,O061843,C04819,2025-11-21 15:12:10.478762330,wrong_item,4680.43
R006562,O061845,C09551,2025-12-03 07:22:56.843490514,not_as_described,1772.14
R006563,O061865,C08048,2025-11-22 12:08:34.839376461,not_as_described,3501.68
R006564,O061867,C02345,2025-11-24 03:30:06.726987856,size_fit,759.15
R006565,O061869,C06929,2025-11-20 02:49:10.393974552,size_fit,937.21
R006566,O061873,C01844,2025-11-21 14:18:24.656837767,changed_mind,849.15
R006567,O061879,C07297,2025-11-22 19:59:25.723673736,size_fit,12448.14
R006568,O061887,C05994,2025-11-24 16:41:05.523100040,size_fit,2797.05
R006569,O061899,C03100,2025-11-23 06:52:13.144120888,size_fit,869.2
R006570,O061902,C06312,2025-11-24 17:35:44.279623212,wrong_item,392.31
R006571,O061906,C04241,2025-11-29 12:48:40.422848486,wrong_item,5152.75
R006572,O061914,C04190,2025-11-21 14:35:41.278766362,size_fit,2070.75
R006573,O061915,C09897,2025-11-22 22:20:10.394191874,not_as_described,2358.04
R006574,O061919,C06911,2025-11-22 19:41:13.117702293,changed_mind,7442.62
R006575,O061921,C00521,2025-11-22 02:59:42.730937293,damaged,712.92
R006576,O061936,C08125,2025-11-25 10:38:19.348445076,not_as_described,4141.32
R006577,O061964,C04124,2025-11-23 07:46:23.396807924,size_fit,2196.04
R006578,O061968,C09590,2025-11-21 08:35:35.446651101,size_fit,8759.54
R006579,O061985,C09193,2025-11-27 19:47:35.715871021,changed_mind,1912.13
R006580,O062007,C09628,2025-11-26 14:52:33.304345795,changed_mind,558.92
R006581,O062016,C03648,2025-11-27 19:34:58.108331719,size_fit,4872.24
R006582,O062024,C03317,2025-11-27 03:08:59.814684160,size_fit,741.82
R006583,O062025,C07624,2025-11-25 09:14:08.661098648,size_fit,1846.52
R006584,O062038,C04528,2025-11-28 04:51:27.002031418,damaged,5688.54
R006585,O062039,C05012,2025-11-24 06:12:51.887846995,size_fit,6875.24
R006586,O062049,C05410,2025-11-29 21:09:19.628317602,changed_mind,1315.28
R006587,O062063,C05982,2025-11-23 10:00:39.142543766,size_fit,2831.19
R006588,O062071,C05929,2025-11-28 06:02:58.351573726,size_fit,1719.13
R006589,O062089,C04512,2025-11-23 21:47:18.000696634,changed_mind,1736.46
R006590,O062099,C02270,2025-11-26 01:25:51.841750350,wrong_item,1144.7
R006591,O062118,C06981,2025-11-25 03:09:46.484644392,damaged,1290.13
R006592,O062119,C08537,2025-11-22 11:49:06.335307786,changed_mind,1226.72
R006593,O062120,C07921,2025-11-23 12:13:28.375143211,damaged,6893.62
R006594,O062125,C07374,2025-11-23 17:30:08.713555822,wrong_item,465.44
R006595,O062129,C06967,2025-11-22 09:30:24.706944284,size_fit,754.46
R006596,O062130,C05684,2025-11-25 12:51:49.132214830,wrong_item,1254.52
R006597,O062133,C02459,2025-11-22 13:46:28.983969094,not_as_described,1928.36
R006598,O062134,C07842,2025-11-24 15:02:22.584547989,size_fit,10839.77
R006599,O062147,C09480,2025-11-27 04:07:51.070479542,size_fit,2291.8
R006600,O062166,C06859,2025-11-25 18:48:02.573491186,wrong_item,13836.34
R006601,O062178,C09518,2025-11-28 04:04:14.006322130,not_as_described,1073.9
R006602,O062191,C01595,2025-11-22 10:10:05.323492333,changed_mind,2471.69
R006603,O062203,C01114,2025-11-24 17:56:06.882543690,not_as_described,12803.55
R006604,O062222,C09169,2025-11-27 08:32:54.730572939,not_as_described,8247.38
R006605,O062223,C08293,2025-11-26 01:02:26.976050703,size_fit,1683.64
R006606,O062229,C07983,2025-11-23 14:42:23.648970009,wrong_item,1151.46
R006607,O062233,C09615,2025-11-30 02:43:08.732474598,changed_mind,3125.99
R006608,O062242,C08246,2025-11-23 13:45:54.364664563,damaged,6386.53
R006609,O062246,C04743,2025-11-29 23:03:08.254978124,size_fit,1321.26
R006610,O062253,C07680,2025-11-23 22:39:01.761355472,size_fit,1006.09
R006611,O062254,C06816,2025-11-26 16:54:38.627908189,not_as_described,1642.6
R006612,O062276,C08878,2025-11-27 05:31:09.455499552,size_fit,16632.24
R006613,O062277,C04063,2025-11-26 22:48:30.615891591,not_as_described,1522.21
R006614,O062287,C03129,2025-11-29 05:50:31.320541518,size_fit,2930.4
R006615,O062294,C06569,2025-11-30 01:47:29.086666184,not_as_described,7531.0
R006616,O062304,C08715,2025-11-28 07:59:22.646891198,wrong_item,9370.68
R006617,O062309,C00022,2025-11-22 15:55:30.637146345,not_as_described,21558.4
R006618,O062313,C00522,2025-11-26 09:23:18.575835842,wrong_item,5870.19
R006619,O062325,C06777,2025-11-25 10:08:59.671402627,damaged,518.06
R006620,O062333,C03890,2025-11-22 15:38:22.922369739,not_as_described,2736.0
R006621,O062334,C06159,2025-11-27 20:55:12.586319331,wrong_item,6408.38
R006622,O062335,C05899,2025-11-27 04:42:27.351951044,damaged,1412.83
R006623,O062338,C09002,2025-11-26 20:28:12.767465586,not_as_described,8704.02
R006624,O062342,C03377,2025-11-23 16:35:20.328354808,not_as_described,3003.18
R006625,O062344,C01560,2025-11-29 03:36:10.487613286,damaged,1265.53
R006626,O062352,C06472,2025-11-26 03:06:19.460189984,not_as_described,3210.86
R006627,O062353,C01616,2025-11-27 00:10:11.030738707,size_fit,2192.85
R006628,O062357,C03479,2025-11-25 20:05:39.158273450,not_as_described,5638.34
R006629,O062363,C02647,2025-11-28 09:12:06.246091810,size_fit,3061.48
R006630,O062367,C05739,2025-11-24 18:48:16.998530907,size_fit,2774.1
R006631,O062375,C07980,2025-11-23 23:51:15.551133202,not_as_described,1879.78
R006632,O062384,C04999,2025-11-26 07:51:09.972140558,size_fit,1711.26
R006633,O062388,C06684,2025-11-23 23:01:07.994937082,wrong_item,431.05
R006634,O062407,C05235,2025-11-24 10:37:04.433758579,changed_mind,5014.66
R006635,O062420,C00719,2025-11-27 00:06:47.464148988,size_fit,1435.5
R006636,O062435,C05054,2025-11-27 20:40:09.450901617,wrong_item,1098.96
R006637,O062442,C07547,2025-11-23 19:56:42.521536366,wrong_item,876.34
R006638,O062444,C00998,2025-11-25 17:25:34.784794884,damaged,9720.79
R006639,O062466,C03029,2025-11-24 05:55:20.440450113,not_as_described,1138.26
R006640,O062469,C06663,2025-11-29 00:39:04.926364833,wrong_item,1540.93
R006641,O062485,C03358,2025-11-28 15:46:01.692632362,not_as_described,3028.65
R006642,O062487,C08285,2025-11-24 22:26:44.215518429,not_as_described,1495.21
R006643,O062506,C06730,2025-11-27 16:01:16.488029118,damaged,10022.8
R006644,O062532,C03838,2025-11-27 20:55:22.611254916,wrong_item,5816.17
R006645,O062534,C05674,2025-11-28 15:06:00.213657915,wrong_item,725.92
R006646,O062543,C07551,2025-12-03 16:06:51.103944662,size_fit,1084.88
R006647,O062545,C03335,2025-11-28 11:13:19.719337706,wrong_item,8223.32
R006648,O062573,C00260,2025-11-27 13:07:43.171398461,size_fit,5299.26
R006649,O062587,C02617,2025-11-27 07:31:49.047298802,not_as_described,444.52
R006650,O062599,C00992,2025-11-29 11:57:59.827453527,size_fit,4869.19
R006651,O062601,C09271,2025-11-26 06:25:59.097327121,not_as_described,2413.94
R006652,O062613,C09389,2025-11-26 21:44:52.748407867,not_as_described,5138.01
R006653,O062617,C07935,2025-11-28 19:43:49.254391668,not_as_described,2722.38
R006654,O062618,C03351,2025-11-28 14:08:46.940009139,not_as_described,1447.57
R006655,O062619,C07988,2025-11-28 07:15:49.648598848,changed_mind,2542.1
R006656,O062641,C09721,2025-11-28 17:03:57.988727744,wrong_item,4258.74
R006657,O062651,C09153,2025-11-29 10:57:18.149507431,wrong_item,2898.24
R006658,O062653,C00354,2025-11-26 01:10:05.051159158,changed_mind,2299.24
R006659,O062661,C08365,2025-11-25 08:23:27.822722982,changed_mind,1411.61
R006660,O062662,C03034,2025-11-27 15:18:54.725239162,not_as_described,4542.48
R006661,O062670,C07395,2025-12-09 00:00:00.000000000,changed_mind,2178.68
R006662,O062674,C07519,2025-11-25 18:32:40.262636111,not_as_described,4687.47
R006663,O062687,C09671,2025-12-03 23:09:19.632115188,damaged,1557.75
R006664,O062700,C09554,2025-11-30 23:26:48.299780086,not_as_described,5494.81
R006665,O062703,C07065,2025-11-27 10:38:47.712707163,size_fit,318.72
R006666,O062704,C09024,2025-12-03 09:31:06.192012557,changed_mind,237.5
R006667,O062707,C04333,2025-11-27 21:20:18.060374043,not_as_described,1868.11
R006668,O062731,C01901,2025-11-29 19:47:41.360309379,changed_mind,827.18
R006669,O062746,C01586,2025-11-28 14:42:44.573640498,size_fit,29260.4
R006670,O062763,C03796,2025-11-29 09:38:50.369196130,size_fit,1790.44
R006671,O062768,C08574,2025-12-01 00:30:50.215091796,size_fit,3352.82
R006672,O062769,C05411,2025-12-10 17:55:55.476402412,size_fit,790.82
R006673,O062773,C02432,2025-11-26 06:45:06.910713252,damaged,519.54
R006674,O062779,C05110,2025-11-30 03:25:07.293114804,size_fit,3873.97
R006675,O062781,C08459,2025-12-04 06:25:39.683575790,wrong_item,5825.65
R006676,O062790,C09656,2025-11-29 08:31:51.580967012,size_fit,711.5
R006677,O062803,C02597,2025-12-03 05:00:37.609497176,not_as_described,1462.37
R006678,O062822,C08805,2025-12-04 00:46:17.533279930,not_as_described,3507.74
R006679,O062826,C05049,2025-11-29 13:16:09.830686969,not_as_described,4282.5
R006680,O062827,C00396,2025-12-02 00:08:50.210407147,changed_mind,1231.8
R006681,O062832,C03420,2025-11-26 12:03:40.285735347,changed_mind,5251.58
R006682,O062843,C06923,2025-12-12 17:14:34.205143686,not_as_described,7785.89
R006683,O062848,C00154,2025-11-28 06:42:25.492900557,damaged,1111.36
R006684,O062860,C09675,2025-11-27 20:09:35.589667881,not_as_described,8105.1
R006685,O062878,C06420,2025-11-28 06:55:50.724926072,not_as_described,1728.53
R006686,O062879,C07913,2025-11-30 21:03:43.010344008,not_as_described,3092.06
R006687,O062885,C08484,2025-11-28 10:03:14.472545407,wrong_item,1164.36
R006688,O062894,C00315,2025-12-14 00:00:00.000000000,changed_mind,4867.3
R006689,O062914,C01095,2025-12-04 13:25:19.061877684,not_as_described,2706.87
R006690,O062926,C04680,2025-11-27 15:48:51.060770794,changed_mind,540.86
R006691,O062947,C01033,2025-12-02 02:35:03.103363906,wrong_item,1982.37
R006692,O062948,C00964,2025-11-26 20:26:02.238046447,wrong_item,8876.25
R006693,O062953,C02091,2025-12-07 03:13:40.362114241,not_as_described,2279.4
R006694,O062954,C00824,2025-11-27 14:40:28.279622870,wrong_item,1199.35
R006695,O062974,C08968,2025-12-01 02:02:46.337779885,size_fit,1664.14
R006696,O062994,C02894,2025-11-29 08:20:11.390386182,changed_mind,2197.58
R006697,O063001,C05755,2025-12-01 10:55:17.725564387,changed_mind,2514.93
R006698,O063003,C05699,2025-11-28 11:16:04.699264799,damaged,3392.35
R006699,O063006,C08620,2025-11-28 06:42:51.862011224,changed_mind,1581.01
R006700,O063045,C05495,2025-12-01 09:04:02.185367599,not_as_described,987.7
R006701,O063049,C03688,2025-12-01 06:34:16.451308779,damaged,2801.74
R006702,O063053,C04407,2025-11-29 21:17:27.574916924,not_as_described,1479.59
R006703,O063058,C08513,2025-11-29 22:42:56.884160214,size_fit,2868.33
R006704,O063062,C05932,2025-11-26 08:30:24.418205049,size_fit,666.98
R006705,O063066,C06412,2025-11-29 21:29:00.469160930,not_as_described,5176.53
R006706,O063069,C01262,2025-12-01 23:12:19.915850250,not_as_described,1824.01
R006707,O063070,C04329,2025-11-29 18:31:30.888748754,not_as_described,30900.9
R006708,O063075,C00218,2025-11-30 21:01:17.400038653,not_as_described,1952.35
R006709,O063077,C01744,2025-12-02 14:05:38.916891214,damaged,5487.84
R006710,O063082,C04560,2025-11-30 08:44:24.416283534,damaged,2634.68
R006711,O063084,C00212,2025-11-27 05:32:00.940069269,not_as_described,5375.01
R006712,O063087,C02189,2025-12-09 00:33:24.630115914,size_fit,1178.13
R006713,O063089,C05839,2025-12-04 00:01:19.523544744,changed_mind,629.4
R006714,O063095,C08213,2025-11-29 16:55:47.067317630,wrong_item,675.46
R006715,O063103,C05624,2025-11-30 09:19:24.105263408,size_fit,2666.86
R006716,O063115,C09459,2025-11-30 10:49:13.998858092,wrong_item,14510.95
R006717,O063122,C03871,2025-11-29 00:36:40.069602475,size_fit,1823.97
R006718,O063123,C07323,2025-12-12 00:00:00.000000000,not_as_described,1066.18
R006719,O063138,C00087,2025-12-02 23:40:33.303628480,size_fit,1919.66
R006720,O063140,C09341,2025-11-30 10:34:38.019443149,not_as_described,707.56
R006721,O063148,C02793,2025-11-29 05:25:03.080070984,wrong_item,2178.45
R006722,O063159,C08750,2025-12-01 22:21:13.193690065,size_fit,15399.79
R006723,O063166,C03111,2025-12-01 11:12:39.701494242,not_as_described,3865.59
R006724,O063182,C08013,2025-11-28 09:42:52.783488997,not_as_described,1537.9
R006725,O063187,C04326,2025-11-30 13:00:31.861464012,damaged,2803.59
R006726,O063191,C04226,2025-11-28 00:06:20.459999019,not_as_described,7476.64
R006727,O063194,C05658,2025-12-01 15:02:16.172561065,wrong_item,20728.02
R006728,O063195,C09491,2025-11-28 16:54:23.038345292,size_fit,1402.98
R006729,O063196,C06521,2025-12-02 01:11:20.313614382,size_fit,781.15
R006730,O063203,C05628,2025-11-29 03:31:41.304556084,wrong_item,533.37
R006731,O063204,C03512,2025-11-29 12:26:28.748166079,not_as_described,1719.12
R006732,O063208,C08131,2025-11-28 10:39:11.190584829,not_as_described,3221.18
R006733,O063225,C05084,2025-11-29 03:38:12.128855326,wrong_item,5250.35
R006734,O063228,C05732,2025-11-30 14:34:43.877870364,changed_mind,977.8
R006735,O063240,C07727,2025-12-07 09:19:28.057581415,size_fit,394.5
R006736,O063245,C09201,2025-12-03 18:21:53.267997906,wrong_item,2418.47
R006737,O063257,C07902,2025-11-28 20:05:21.184117742,not_as_described,2580.62
R006738,O063260,C02587,2025-11-30 06:57:56.003544874,damaged,811.59
R006739,O063279,C08230,2025-12-01 23:59:42.827464251,changed_mind,334.8
R006740,O063288,C07377,2025-11-29 05:12:51.074712910,changed_mind,3061.65
R006741,O063300,C04081,2025-12-14 00:00:00.000000000,damaged,1932.69
R006742,O063331,C04840,2025-12-02 11:34:49.569197505,not_as_described,372.82
R006743,O063334,C00550,2025-12-01 17:10:39.650808763,not_as_described,3037.0
R006744,O063337,C07244,2025-12-01 11:11:11.010352264,size_fit,2429.98
R006745,O063344,C03027,2025-12-02 12:50:36.026169637,changed_mind,2544.17
R006746,O063348,C09727,2025-11-30 12:35:34.156938498,size_fit,22778.34
R006747,O063350,C07593,2025-12-02 11:45:26.113954546,size_fit,1291.96
R006748,O063356,C00755,2025-11-29 08:08:54.714673161,wrong_item,740.78
R006749,O063377,C05395,2025-12-04 00:25:11.406524876,changed_mind,3431.22
R006750,O063388,C06679,2025-11-29 13:29:36.662896161,size_fit,9747.51
R006751,O063409,C00137,2025-12-04 11:18:26.693298482,not_as_described,1901.9
R006752,O063410,C09377,2025-12-03 05:51:51.762380702,size_fit,2685.46
R006753,O063414,C09286,2025-12-03 01:29:59.617463377,not_as_described,4636.31
R006754,O063419,C03804,2025-12-02 11:14:09.071600362,not_as_described,715.63
R006755,O063428,C09737,2025-12-02 16:14:38.716430298,wrong_item,1183.76
R006756,O063460,C07462,2025-11-29 17:47:54.260068196,not_as_described,5592.06
R006757,O063464,C03272,2025-12-02 07:23:02.523221505,changed_mind,4589.6
R006758,O063473,C02325,2025-12-01 15:58:32.190189535,not_as_described,1992.73
R006759,O063474,C03391,2025-12-07 17:18:02.933193841,size_fit,533.19
R006760,O063475,C02791,2025-11-29 13:37:09.769521457,size_fit,10777.69
R006761,O063483,C07644,2025-11-29 14:52:17.599131105,not_as_described,25574.28
R006762,O063492,C09048,2025-12-04 12:03:44.658665560,size_fit,19947.73
R006763,O063496,C01556,2025-12-03 19:01:53.423350896,damaged,1960.05
R006764,O063501,C03221,2025-12-09 13:34:22.187010882,wrong_item,3590.54
R006765,O063502,C07325,2025-12-02 15:35:09.934069534,wrong_item,11321.51
R006766,O063513,C06043,2025-11-29 10:49:36.236336498,not_as_described,2624.11
R006767,O063524,C06668,2025-12-03 17:47:26.356046442,size_fit,2270.22
R006768,O063541,C01524,2025-12-04 04:17:50.334957923,changed_mind,608.78
R006769,O063551,C01350,2025-11-29 19:15:04.931216330,damaged,2228.23
R006770,O063553,C02546,2025-12-04 20:42:26.029322071,wrong_item,1008.88
R006771,O063554,C09514,2025-12-11 14:03:59.965810632,size_fit,12389.92
R006772,O063555,C01314,2025-12-09 02:51:25.631410874,not_as_described,1021.35
R006773,O063578,C02349,2025-12-03 23:51:26.882597286,not_as_described,3107.19
R006774,O063581,C05675,2025-12-03 14:26:11.474354706,size_fit,9472.98
R006775,O063584,C09474,2025-12-04 20:52:12.115107667,wrong_item,2398.46
R006776,O063589,C00994,2025-12-03 22:52:25.080491694,damaged,644.98
R006777,O063593,C05478,2025-12-04 12:25:31.783262606,changed_mind,2368.18
R006778,O063599,C00777,2025-12-04 08:04:28.386719878,size_fit,1034.7
R006779,O063621,C09672,2025-11-29 22:00:08.932763620,wrong_item,1652.35
R006780,O063625,C08377,2025-12-03 08:49:06.514330436,changed_mind,791.56
R006781,O063631,C00697,2025-12-02 17:46:54.517826546,damaged,702.71
R006782,O063638,C09388,2025-12-06 01:00:09.017799764,not_as_described,1246.59
R006783,O063646,C00739,2025-12-09 01:20:39.800391601,damaged,12543.14
R006784,O063653,C04721,2025-12-03 18:44:12.742213776,changed_mind,4451.5
R006785,O063659,C05981,2025-11-30 16:28:32.707929579,changed_mind,22762.81
R006786,O063677,C05371,2025-12-02 01:13:44.640663103,size_fit,2174.53
R006787,O063679,C00759,2025-11-29 20:47:26.753781156,changed_mind,1344.09
R006788,O063694,C07070,2025-12-02 12:07:45.994784725,changed_mind,2718.44
R006789,O063741,C08283,2025-12-06 19:37:38.540198550,wrong_item,410.3
R006790,O063749,C05407,2025-12-11 06:47:33.063239284,damaged,1186.9
R006791,O063751,C01892,2025-12-03 14:59:21.456460838,changed_mind,17761.57
R006792,O063752,C02740,2025-12-02 18:59:21.205039372,not_as_described,1388.58
R006793,O063767,C07490,2025-12-01 22:39:16.093930669,not_as_described,2555.56
R006794,O063773,C06457,2025-12-03 13:45:35.966012796,size_fit,630.02
R006795,O063795,C00563,2025-12-04 18:58:30.081445514,damaged,2408.17
R006796,O063802,C05222,2025-12-06 21:26:08.653613157,wrong_item,4954.04
R006797,O063803,C05551,2025-12-02 07:13:02.594770780,size_fit,5519.81
R006798,O063808,C01284,2025-12-04 03:48:07.881584565,wrong_item,3319.69
R006799,O063819,C03275,2025-12-07 22:21:49.669408432,size_fit,6295.82
R006800,O063862,C01355,2025-12-05 16:51:37.070383194,not_as_described,9204.08
R006801,O063864,C08028,2025-12-05 08:10:49.899250783,size_fit,3372.24
R006802,O063873,C07916,2025-12-05 03:24:45.337969134,changed_mind,884.55
R006803,O063874,C06765,2025-12-04 19:29:24.026364481,wrong_item,16666.63
R006804,O063881,C00645,2025-12-02 04:21:33.845077796,not_as_described,2291.71
R006805,O063884,C08742,2025-12-03 17:54:24.567630397,size_fit,1074.97
R006806,O063886,C04129,2025-12-04 05:17:17.738022750,not_as_described,616.62
R006807,O063887,C09396,2025-12-03 22:40:44.688000086,changed_mind,2972.45
R006808,O063891,C03914,2025-12-01 11:00:49.641441541,damaged,1115.68
R006809,O063895,C06770,2025-12-06 09:13:33.213426456,wrong_item,1281.4
R006810,O063896,C00385,2025-12-01 15:40:21.460437242,wrong_item,1193.08
R006811,O063903,C00121,2025-12-04 18:36:48.415178030,not_as_described,2607.65
R006812,O063909,C03435,2025-12-02 08:27:27.733258123,not_as_described,1811.49
R006813,O063920,C07972,2025-12-04 22:56:56.964115071,damaged,6324.28
R006814,O063929,C08448,2025-12-01 20:52:10.560482749,not_as_described,419.99
R006815,O063961,C09962,2025-12-06 06:55:27.438998289,damaged,1637.48
R006816,O063972,C04195,2025-12-05 06:07:51.992056466,changed_mind,1843.07
R006817,O063973,C08392,2025-12-04 17:52:56.451458521,damaged,2207.35
R006818,O063978,C02300,2025-12-11 00:22:26.756431251,damaged,972.6
R006819,O063979,C02030,2025-12-01 23:08:30.707214990,wrong_item,1370.91
R006820,O063987,C08669,2025-12-06 13:42:40.516982211,size_fit,12938.42
R006821,O063991,C07313,2025-12-07 23:13:49.412366576,damaged,858.33
R006822,O063997,C09653,2025-12-01 19:21:26.861161928,size_fit,7910.18
R006823,O064007,C06675,2025-12-08 16:52:25.657521330,size_fit,800.31
R006824,O064034,C02002,2025-12-03 02:47:41.460356263,size_fit,3601.06
R006825,O064037,C08319,2025-12-05 16:36:25.954945099,wrong_item,6013.93
R006826,O064051,C00380,2025-12-02 18:16:23.944153058,size_fit,12008.89
R006827,O064052,C01245,2025-12-09 06:22:11.846032064,size_fit,1463.84
R006828,O064083,C09638,2025-12-04 18:13:12.789919729,not_as_described,3190.89
R006829,O064093,C02033,2025-12-06 20:52:57.599507877,changed_mind,9267.97
R006830,O064099,C09066,2025-12-08 03:40:22.894741038,not_as_described,10261.02
R006831,O064106,C03567,2025-12-05 09:51:04.718290122,wrong_item,600.83
R006832,O064133,C07339,2025-12-05 19:54:32.301795553,size_fit,2390.86
R006833,O064150,C04391,2025-12-07 15:34:47.754579712,changed_mind,3912.56
R006834,O064159,C01217,2025-12-08 21:11:27.961179482,wrong_item,11528.38
R006835,O064161,C05797,2025-12-07 00:59:43.692605001,size_fit,1251.81
R006836,O064174,C01964,2025-12-05 18:29:24.141329426,size_fit,285.56
R006837,O064180,C03011,2025-12-04 16:35:01.018752450,changed_mind,2015.51
R006838,O064194,C00284,2025-12-04 11:49:48.406260194,wrong_item,1539.78
R006839,O064203,C02007,2025-12-03 11:12:54.865987214,size_fit,1090.89
R006840,O064212,C07457,2025-12-06 08:29:03.601737726,damaged,1274.72
R006841,O064233,C06959,2025-12-05 06:38:26.891828872,size_fit,9818.63
R006842,O064236,C01139,2025-12-07 11:54:03.044263345,changed_mind,1688.41
R006843,O064259,C01164,2025-12-07 01:58:23.681402630,not_as_described,1261.6
R006844,O064264,C09132,2025-12-11 11:25:43.019601628,wrong_item,2661.93
R006845,O064283,C05194,2025-12-07 23:05:03.830188927,not_as_described,1485.81
R006846,O064311,C05508,2025-12-05 13:57:53.304974751,not_as_described,886.13
R006847,O064317,C07675,2025-12-08 14:15:06.722259343,not_as_described,2101.99
R006848,O064323,C01334,2025-12-07 06:27:21.789283482,damaged,1010.41
R006849,O064329,C01045,2025-12-04 18:23:08.309773939,not_as_described,2680.6
R006850,O064334,C00499,2025-12-09 18:38:04.080842120,not_as_described,1709.95
R006851,O064351,C06922,2025-12-19 23:01:04.074918463,wrong_item,4345.48
R006852,O064353,C01832,2025-12-15 04:43:07.666092836,not_as_described,990.28
R006853,O064358,C03782,2025-12-12 13:28:12.665245706,not_as_described,4716.7
R006854,O064393,C08155,2025-12-05 05:51:31.534790594,changed_mind,6419.87
R006855,O064397,C00404,2025-12-08 09:30:53.451004860,not_as_described,5913.38
R006856,O064409,C00080,2025-12-11 15:56:21.251507308,damaged,861.76
R006857,O064423,C00025,2025-12-04 12:57:51.631174411,not_as_described,1420.43
R006858,O064432,C06736,2025-12-10 01:06:52.233070435,not_as_described,1808.77
R006859,O064434,C02406,2025-12-08 09:34:28.378530804,changed_mind,1065.6
R006860,O064444,C01517,2025-12-04 15:34:40.191330018,not_as_described,2264.08
R006861,O064446,C06474,2025-12-05 04:21:27.384779170,not_as_described,7684.58
R006862,O064447,C09188,2025-12-11 02:15:26.760567434,not_as_described,3096.47
R006863,O064449,C02328,2025-12-06 03:51:35.976163525,wrong_item,54075.02
R006864,O064472,C03978,2025-12-07 15:28:36.070465684,not_as_described,333.11
R006865,O064482,C04779,2025-12-05 10:25:03.451837087,wrong_item,6078.72
R006866,O064490,C08127,2025-12-06 05:48:54.547496582,not_as_described,10269.4
R006867,O064497,C01776,2025-12-07 20:16:50.514808227,damaged,232.26
R006868,O064502,C05244,2025-12-10 07:40:26.758976113,size_fit,10005.61
R006869,O064505,C05074,2025-12-08 20:22:12.191459937,changed_mind,29297.76
R006870,O064511,C07556,2025-12-07 07:17:46.604051034,not_as_described,4827.88
R006871,O064528,C05129,2025-12-06 11:58:21.456652756,size_fit,2092.23
R006872,O064540,C00906,2025-12-06 00:12:15.572575522,wrong_item,591.75
R006873,O064544,C01753,2025-12-10 20:39:12.749793472,wrong_item,8109.9
R006874,O064553,C04115,2025-12-09 12:13:38.578281258,changed_mind,4848.92
R006875,O064554,C03459,2025-12-06 07:08:30.927403428,changed_mind,705.83
R006876,O064576,C09608,2025-12-09 06:45:43.913977891,not_as_described,1967.87
R006877,O064578,C08252,2025-12-09 09:32:56.749928308,damaged,1889.81
R006878,O064588,C01585,2025-12-08 15:11:54.010342554,wrong_item,2300.25
R006879,O064605,C05775,2025-12-08 01:10:45.556765996,changed_mind,966.93
R006880,O064613,C00292,2025-12-17 08:22:54.717464175,size_fit,7183.3
R006881,O064614,C06294,2025-12-08 09:03:00.343059858,changed_mind,841.45
R006882,O064629,C02604,2025-12-09 11:37:30.055677088,wrong_item,3524.23
R006883,O064660,C03688,2025-12-11 12:23:38.524648056,size_fit,3613.91
R006884,O064673,C06008,2025-12-10 17:35:25.457642998,size_fit,2142.57
R006885,O064678,C04865,2025-12-14 14:34:52.271642171,size_fit,1123.28
R006886,O064702,C04136,2025-12-11 09:22:54.102204663,not_as_described,661.7
R006887,O064705,C02924,2025-12-09 00:05:32.052876694,changed_mind,1886.6
R006888,O064713,C08265,2025-12-11 01:15:57.058087989,size_fit,8449.94
R006889,O064720,C00655,2025-12-13 20:46:12.887725569,size_fit,1419.12
R006890,O064722,C03279,2025-12-13 00:47:49.450458076,damaged,7580.2
R006891,O064732,C08521,2025-12-11 05:19:52.603773412,wrong_item,1400.65
R006892,O064739,C01099,2025-12-10 09:03:34.530466402,not_as_described,652.71
R006893,O064745,C01134,2025-12-06 07:36:07.747712265,damaged,3444.39
R006894,O064750,C01084,2025-12-09 05:29:40.639748028,not_as_described,1456.23
R006895,O064798,C09268,2025-12-07 15:46:32.758663728,not_as_described,1076.88
R006896,O064821,C01878,2025-12-14 23:05:32.913570930,wrong_item,1587.94
R006897,O064831,C00113,2025-12-06 18:28:06.419158132,changed_mind,19396.72
R006898,O064833,C00434,2025-12-12 05:53:58.839451090,changed_mind,976.01
R006899,O064834,C01548,2025-12-06 22:46:10.737189627,not_as_described,2317.45
R006900,O064840,C03004,2025-12-10 02:35:34.533118852,damaged,445.49
R006901,O064841,C01988,2025-12-07 01:10:31.477860764,size_fit,3387.91
R006902,O064868,C07915,2025-12-15 00:00:00.000000000,not_as_described,498.73
R006903,O064871,C09071,2025-12-08 14:43:59.735499337,size_fit,515.51
R006904,O064873,C05269,2025-12-09 10:24:19.828256763,changed_mind,766.61
R006905,O064883,C09061,2025-12-23 00:00:00.000000000,changed_mind,6040.03
R006906,O064888,C01368,2025-12-08 15:28:16.884097953,not_as_described,284.14
R006907,O064889,C00142,2025-12-16 08:41:00.469586475,damaged,1309.79
R006908,O064896,C02107,2025-12-09 20:23:53.916238802,size_fit,22172.66
R006909,O064906,C09993,2025-12-11 16:55:27.772468154,changed_mind,4765.4
R006910,O064907,C04894,2025-12-07 23:26:11.190793311,damaged,1602.58
R006911,O064914,C06468,2025-12-10 04:22:23.220137139,wrong_item,501.5
R006912,O064932,C03519,2025-12-08 08:59:03.620158242,wrong_item,1041.72
R006913,O064935,C07043,2025-12-08 21:57:19.910168067,not_as_described,3768.84
R006914,O064955,C05320,2025-12-15 20:22:27.879320827,wrong_item,469.26
R006915,O064966,C08169,2025-12-10 05:21:39.877727936,damaged,4644.54
R006916,O064967,C09839,2025-12-12 08:45:18.209186982,damaged,3295.96
R006917,O064972,C08533,2025-12-10 00:08:58.433158870,size_fit,645.07
R006918,O064992,C08361,2025-12-11 12:10:46.656838110,not_as_described,1044.23
R006919,O065001,C07384,2025-12-22 00:00:00.000000000,size_fit,4995.44
R006920,O065008,C01855,2025-12-09 18:37:02.182946361,wrong_item,1754.97
R006921,O065011,C03702,2025-12-08 09:16:49.101553844,size_fit,3023.01
R006922,O065041,C06914,2025-12-11 01:29:33.955135983,size_fit,298.1
R006923,O065059,C01287,2025-12-11 22:08:52.806164888,not_as_described,10463.72
R006924,O065095,C06522,2025-12-15 19:32:12.345569448,damaged,502.53
R006925,O065099,C02862,2025-12-07 07:52:37.580068657,changed_mind,785.5
R006926,O065125,C02658,2025-12-12 23:25:31.700538980,damaged,580.11
R006927,O065144,C05850,2025-12-11 08:14:04.977370788,not_as_described,1148.63
R006928,O065152,C03149,2025-12-12 06:19:53.538525181,changed_mind,1291.47
R006929,O065164,C09356,2025-12-09 14:17:56.560492896,wrong_item,4575.17
R006930,O065187,C08662,2025-12-09 00:51:55.722656160,size_fit,1874.38
R006931,O065188,C09953,2025-12-12 19:26:02.830985419,changed_mind,29597.55
R006932,O065192,C05467,2025-12-11 01:07:56.833813963,changed_mind,1440.69
R006933,O065194,C04362,2025-12-08 08:17:37.213626224,changed_mind,1945.29
R006934,O065202,C09735,2025-12-14 13:17:13.134260137,damaged,878.47
R006935,O065210,C03797,2025-12-12 00:23:03.325241835,not_as_described,852.77
R006936,O065221,C02996,2025-12-10 00:03:23.721786766,wrong_item,2101.28
R006937,O065226,C07663,2025-12-09 22:47:46.919092347,size_fit,28602.39
R006938,O065276,C05463,2025-12-12 13:41:53.918752678,size_fit,670.21
R006939,O065279,C05257,2025-12-17 20:32:13.839055105,not_as_described,14117.1
R006940,O065282,C01657,2025-12-10 03:59:07.763676388,changed_mind,13066.56
R006941,O065286,C01836,2025-12-18 07:32:52.992082496,size_fit,628.39
R006942,O065288,C08761,2025-12-16 04:47:39.061174696,not_as_described,1337.33
R006943,O065289,C06862,2025-12-13 04:55:55.705079323,not_as_described,1077.08
R006944,O065293,C07755,2025-12-09 21:52:08.397466831,wrong_item,925.64
R006945,O065296,C01076,2025-12-12 14:55:15.385859241,damaged,10793.09
R006946,O065304,C07324,2025-12-09 03:45:16.280336595,changed_mind,4239.18
R006947,O065330,C01781,2025-12-11 13:05:10.532993053,wrong_item,14289.34
R006948,O065337,C03054,2025-12-09 10:46:52.789420473,size_fit,33838.25
R006949,O065344,C02889,2025-12-13 23:24:56.895846789,changed_mind,325.24
R006950,O065351,C08696,2025-12-10 10:49:19.344727290,size_fit,5439.08
R006951,O065361,C03490,2025-12-18 09:22:16.760325122,wrong_item,840.38
R006952,O065382,C02926,2025-12-10 12:57:44.320196880,size_fit,830.55
R006953,O065401,C07822,2025-12-17 00:35:38.698639594,not_as_described,6467.46
R006954,O065402,C08397,2025-12-12 18:54:16.430623902,not_as_described,984.43
R006955,O065407,C01270,2025-12-11 07:40:57.071599413,not_as_described,3208.52
R006956,O065428,C04523,2025-12-18 09:18:08.974223100,wrong_item,1574.16
R006957,O065433,C00825,2025-12-13 12:43:42.425840611,size_fit,1684.32
R006958,O065443,C03521,2025-12-14 21:24:36.797125957,changed_mind,15196.34
R006959,O065472,C06288,2025-12-13 18:12:17.629914146,size_fit,2366.85
R006960,O065474,C02288,2025-12-10 23:56:44.109359059,wrong_item,15198.12
R006961,O065476,C09795,2025-12-10 23:09:16.942484602,not_as_described,1985.96
R006962,O065477,C00909,2025-12-13 19:57:45.239534028,not_as_described,13383.94
R006963,O065484,C06520,2025-12-17 03:06:11.425187678,size_fit,1017.63
R006964,O065517,C08232,2025-12-16 06:25:24.012734016,not_as_described,559.8
R006965,O065520,C08832,2025-12-18 07:26:58.489929945,changed_mind,3523.18
R006966,O065527,C08000,2025-12-11 05:44:31.631349685,wrong_item,912.03
R006967,O065531,C09789,2025-12-17 16:15:39.751889094,damaged,2646.15
R006968,O065533,C08536,2025-12-15 21:44:34.751408226,not_as_described,1429.57
R006969,O065540,C01465,2025-12-15 04:53:26.279420301,not_as_described,1882.25
R006970,O065581,C07005,2025-12-10 09:14:33.019536058,wrong_item,1385.96
R006971,O065592,C05520,2025-12-13 11:52:02.147832562,not_as_described,586.73
R006972,O065597,C03530,2025-12-09 09:45:33.919808166,size_fit,1069.8
R006973,O065613,C02056,2025-12-10 14:53:04.758978159,damaged,1726.32
R006974,O065628,C05143,2025-12-15 08:24:12.765754548,size_fit,1692.6
R006975,O065637,C09155,2025-12-16 13:50:38.246870911,wrong_item,4192.74
R006976,O065643,C00682,2025-12-15 23:05:14.429419706,not_as_described,2617.15
R006977,O065654,C00339,2025-12-13 03:59:43.444196048,not_as_described,1792.93
R006978,O065665,C06443,2025-12-17 04:19:22.607401760,size_fit,2261.08
R006979,O065700,C09459,2025-12-11 17:09:55.536496765,size_fit,4531.35
R006980,O065703,C02222,2025-12-12 21:06:05.913544168,not_as_described,2450.58
R006981,O065721,C08712,2025-12-16 07:18:33.934399182,wrong_item,5625.85
R006982,O065724,C00025,2025-12-14 08:35:46.013030901,not_as_described,16542.62
R006983,O065734,C05770,2025-12-13 09:36:41.921020260,wrong_item,835.27
R006984,O065748,C06811,2025-12-17 03:27:34.536757096,size_fit,1010.73
R006985,O065777,C08454,2025-12-20 20:19:51.893306115,not_as_described,655.58
R006986,O065784,C04274,2025-12-13 22:17:23.251781212,changed_mind,3398.59
R006987,O065791,C09885,2025-12-16 12:05:33.475201155,size_fit,1746.98
R006988,O065794,C00649,2025-12-10 16:16:34.244906260,wrong_item,3560.4
R006989,O065796,C01247,2025-12-13 05:59:13.012224396,not_as_described,20962.49
R006990,O065815,C07819,2025-12-17 21:51:23.777522287,wrong_item,7897.69
R006991,O065819,C05715,2025-12-17 17:43:44.624938807,size_fit,4474.29
R006992,O065822,C00020,2025-12-14 18:51:15.647825988,wrong_item,3118.22
R006993,O065826,C06511,2025-12-11 08:46:19.940334812,wrong_item,5730.93
R006994,O065842,C07546,2025-12-16 22:52:38.319268746,size_fit,1678.57
R006995,O065843,C01830,2025-12-15 11:57:35.987855702,wrong_item,4538.46
R006996,O065871,C07936,2025-12-18 14:31:58.969827559,size_fit,3292.88
R006997,O065879,C09176,2025-12-16 08:44:00.506145980,size_fit,1216.4
R006998,O065883,C01030,2025-12-18 13:10:51.283236399,not_as_described,1655.78
R006999,O065884,C00912,2025-12-19 17:28:53.508335808,damaged,1567.85
R007000,O065892,C00924,2025-12-14 13:52:42.649835462,damaged,11442.93
R007001,O065925,C07245,2025-12-14 07:26:01.817727316,size_fit,2309.04
R007002,O065926,C04584,2025-12-16 10:17:09.600724028,damaged,561.12
R007003,O065941,C06531,2025-12-15 16:59:05.307637801,damaged,2778.12
R007004,O065953,C06467,2025-12-12 17:38:11.759389904,size_fit,840.85
R007005,O065958,C09942,2025-12-16 11:17:19.494027204,not_as_described,1659.38
R007006,O065984,C09278,2025-12-18 22:41:40.130644027,not_as_described,357.12
R007007,O065986,C05161,2025-12-16 07:53:13.867296392,size_fit,382.35
R007008,O065993,C08730,2025-12-12 17:38:41.761391107,not_as_described,8282.31
R007009,O065995,C08802,2025-12-14 14:08:48.354041958,wrong_item,859.56
R007010,O066006,C07933,2025-12-17 04:07:57.274427665,changed_mind,2828.62
R007011,O066011,C09136,2025-12-16 00:13:07.505011099,size_fit,5901.99
R007012,O066026,C07329,2025-12-19 06:09:37.799594395,size_fit,529.83
R007013,O066029,C08209,2025-12-17 20:50:04.547346694,damaged,580.41
R007014,O066036,C04476,2025-12-21 08:52:00.461931974,not_as_described,2426.57
R007015,O066046,C07661,2025-12-15 09:35:29.343412136,wrong_item,231.19
R007016,O066052,C00048,2025-12-24 05:07:12.784113883,damaged,1241.03
R007017,O066066,C05033,2025-12-17 06:06:00.807857146,damaged,2301.4
R007018,O066069,C09740,2025-12-17 13:58:00.965409794,size_fit,2803.61
R007019,O066070,C09712,2025-12-24 07:12:18.326218575,size_fit,7611.33
R007020,O066077,C04157,2025-12-20 08:03:35.708387115,changed_mind,401.28
R007021,O066085,C07706,2025-12-18 18:58:47.937210718,size_fit,1638.84
R007022,O066096,C04193,2025-12-14 08:07:26.245427376,size_fit,731.2
R007023,O066105,C07871,2025-12-16 00:56:46.295702260,wrong_item,14973.55
R007024,O066107,C05530,2025-12-17 09:54:45.431732293,wrong_item,3916.65
R007025,O066108,C07592,2025-12-17 03:20:48.446254557,changed_mind,3493.34
R007026,O066113,C07719,2025-12-16 04:10:34.588649373,not_as_described,1017.61
R007027,O066124,C01350,2025-12-18 11:19:16.666695537,not_as_described,171.78
R007028,O066126,C08104,2025-12-16 22:53:18.949932128,not_as_described,17846.0
R007029,O066130,C08641,2025-12-14 14:32:22.830314146,size_fit,838.08
R007030,O066131,C01804,2025-12-14 08:53:47.023543201,damaged,3613.78
R007031,O066180,C05848,2025-12-15 05:20:39.946940394,size_fit,922.3
R007032,O066206,C05053,2025-12-17 15:03:04.170514744,not_as_described,1253.8
R007033,O066237,C03392,2025-12-16 00:04:52.945463899,damaged,1646.33
R007034,O066248,C09772,2025-12-17 20:26:45.402025495,damaged,5436.53
R007035,O066253,C07079,2025-12-16 16:00:25.706665836,changed_mind,1826.08
R007036,O066260,C09278,2025-12-18 16:40:56.240937127,damaged,20123.83
R007037,O066265,C01135,2025-12-17 06:07:05.404900148,damaged,1364.58
R007038,O066275,C07156,2025-12-16 07:08:14.983862711,changed_mind,2461.43
R007039,O066276,C03324,2025-12-17 19:53:15.083201904,damaged,571.35
R007040,O066278,C08603,2025-12-17 14:37:52.693805931,size_fit,7036.7
R007041,O066283,C03546,2025-12-22 02:03:21.610567458,damaged,2400.86
R007042,O066285,C09743,2025-12-16 03:17:40.584569838,not_as_described,11106.77
R007043,O066291,C01117,2025-12-16 09:01:10.608412173,size_fit,402.78
R007044,O066294,C04487,2025-12-16 06:48:58.370622886,wrong_item,3046.26
R007045,O066299,C01760,2025-12-18 23:00:52.278245254,not_as_described,3849.34
R007046,O066301,C06785,2025-12-20 19:32:00.860195018,not_as_described,1767.75
R007047,O066326,C05128,2025-12-14 22:42:45.736455927,wrong_item,1933.15
R007048,O066332,C05807,2025-12-14 07:46:15.528143845,wrong_item,1301.16
R007049,O066333,C05984,2025-12-17 08:29:42.181959296,size_fit,371.98
R007050,O066340,C09285,2025-12-17 16:11:21.352469913,wrong_item,975.25
R007051,O066343,C08717,2025-12-20 09:53:37.009185082,changed_mind,10383.48
R007052,O066348,C00804,2025-12-15 06:20:44.921298861,size_fit,2110.99
R007053,O066349,C05424,2025-12-17 15:14:09.583660629,not_as_described,1767.31
R007054,O066355,C00004,2025-12-18 13:15:11.211690477,not_as_described,1355.71
R007055,O066356,C05936,2025-12-17 15:47:50.730029278,size_fit,598.8
R007056,O066369,C04073,2025-12-14 17:22:01.255544115,size_fit,4415.28
R007057,O066370,C05770,2025-12-13 03:16:50.365138184,size_fit,746.33
R007058,O066378,C02569,2025-12-21 00:00:00.000000000,not_as_described,3647.85
R007059,O066385,C09480,2025-12-22 15:06:03.038259884,not_as_described,3556.11
R007060,O066395,C08860,2026-01-02 00:00:00.000000000,size_fit,4616.4
R007061,O066405,C04807,2025-12-16 22:46:29.580086020,damaged,953.39
R007062,O066409,C06057,2025-12-19 12:54:08.338399621,size_fit,782.22
R007063,O066412,C04496,2025-12-16 05:02:41.863484432,damaged,754.94
R007064,O066418,C05406,2025-12-18 02:09:36.198076687,not_as_described,4773.14
R007065,O066439,C09548,2025-12-15 02:15:48.721119624,not_as_described,3219.46
R007066,O066440,C01327,2025-12-16 22:28:43.486057902,not_as_described,5613.05
R007067,O066448,C07970,2025-12-17 15:28:43.190483757,wrong_item,816.49
R007068,O066455,C00002,2025-12-14 22:04:51.342861007,not_as_described,1707.54
R007069,O066479,C02056,2025-12-16 07:59:09.520858975,not_as_described,156.7
R007070,O066493,C02656,2025-12-16 05:58:42.455081985,size_fit,693.5
R007071,O066504,C09935,2025-12-18 03:17:06.163562425,not_as_described,2375.77
R007072,O066526,C02037,2025-12-20 03:30:59.298140235,changed_mind,4044.95
R007073,O066529,C00119,2025-12-17 17:35:05.021882012,changed_mind,262.29
R007074,O066535,C04943,2025-12-17 18:31:16.071803115,wrong_item,2952.27
R007075,O066549,C09972,2025-12-18 02:10:48.556726096,not_as_described,3570.75
R007076,O066550,C06067,2025-12-27 19:05:34.954370649,damaged,13844.43
R007077,O066552,C04231,2025-12-19 18:42:18.132352545,not_as_described,1144.36
R007078,O066571,C07184,2025-12-17 06:37:21.213809526,wrong_item,859.05
R007079,O066579,C00557,2025-12-19 11:04:36.322767231,size_fit,391.95
R007080,O066584,C09781,2025-12-18 00:40:50.143691708,wrong_item,2462.27
R007081,O066595,C07777,2025-12-21 13:15:46.062401457,damaged,1955.13
R007082,O066596,C04760,2025-12-15 09:52:59.097959133,not_as_described,2860.23
R007083,O066610,C03958,2025-12-21 03:59:35.355197486,not_as_described,7170.71
R007084,O066623,C08031,2025-12-20 00:23:24.223606465,changed_mind,1546.67
R007085,O066625,C02948,2025-12-19 10:27:40.991056891,damaged,1855.12
R007086,O066635,C04258,2025-12-19 11:36:15.479082802,size_fit,565.56
R007087,O066655,C04260,2025-12-20 04:14:43.695381130,wrong_item,4193.63
R007088,O066663,C06484,2025-12-16 01:30:25.400662574,changed_mind,4791.02
R007089,O066667,C05758,2025-12-19 20:32:27.718139025,size_fit,1523.62
R007090,O066678,C08551,2025-12-17 14:04:07.026585996,wrong_item,1619.55
R007091,O066730,C09984,2025-12-21 05:42:53.733396402,not_as_described,1754.03
R007092,O066777,C02978,2025-12-21 02:27:51.152223625,not_as_described,1423.07
R007093,O066781,C03808,2025-12-20 22:11:39.493907977,damaged,7023.87
R007094,O066790,C07506,2025-12-20 00:50:44.741126191,damaged,5006.07
R007095,O066791,C01908,2025-12-19 16:04:39.380794406,wrong_item,644.07
R007096,O066796,C00919,2025-12-20 00:00:52.887839349,not_as_described,615.5
R007097,O066810,C09990,2025-12-23 10:44:59.147860074,size_fit,1684.16
R007098,O066814,C00955,2025-12-22 08:36:11.569909399,wrong_item,476.87
R007099,O066826,C02582,2025-12-19 19:45:00.006599023,changed_mind,1140.86
R007100,O066831,C02806,2025-12-18 16:27:08.387373160,changed_mind,1794.77
R007101,O066836,C02367,2025-12-24 04:42:11.929136187,wrong_item,689.25
R007102,O066841,C06525,2025-12-20 13:23:44.464344486,wrong_item,1559.44
R007103,O066844,C01971,2025-12-21 16:30:07.441763414,size_fit,10326.97
R007104,O066858,C05539,2025-12-24 16:03:20.284507623,changed_mind,413.69
R007105,O066876,C08751,2025-12-28 23:45:34.302113791,wrong_item,2297.66
R007106,O066879,C00088,2025-12-21 02:16:09.430533454,size_fit,433.97
R007107,O066885,C09191,2025-12-19 01:48:54.597278109,not_as_described,269.4
R007108,O066888,C00778,2025-12-17 19:49:03.393722499,wrong_item,2904.11
R007109,O066894,C00283,2025-12-17 19:09:13.764393547,changed_mind,354.82
R007110,O066917,C01006,2025-12-18 01:38:14.869434012,not_as_described,535.02
R007111,O066931,C00493,2025-12-18 18:58:47.268608134,wrong_item,1652.04
R007112,O066973,C07015,2025-12-20 00:55:51.809700745,size_fit,1775.26
R007113,O066977,C02562,2025-12-19 08:07:08.024506240,damaged,1111.37
R007114,O066981,C02424,2025-12-18 17:12:37.389278545,size_fit,1773.75
R007115,O066984,C08968,2025-12-30 17:40:55.352667360,wrong_item,4490.89
R007116,O066990,C09226,2025-12-17 07:19:57.948822177,not_as_described,2453.33
R007117,O066993,C06550,2025-12-19 02:04:21.776790514,wrong_item,3413.01
R007118,O066997,C06254,2025-12-21 15:26:33.990692506,not_as_described,4169.72
R007119,O067005,C01721,2026-01-03 00:00:00.000000000,size_fit,3042.06
R007120,O067021,C07001,2025-12-22 10:34:32.687189724,not_as_described,1007.04
R007121,O067027,C09427,2025-12-20 05:34:58.219463388,not_as_described,1886.25
R007122,O067030,C07037,2025-12-21 15:35:09.204700970,size_fit,1199.41
R007123,O067032,C02139,2025-12-20 02:14:29.221124650,not_as_described,4168.49
R007124,O067039,C00387,2025-12-17 11:21:51.648806613,changed_mind,1612.48
R007125,O067040,C09322,2025-12-23 04:24:10.361745302,size_fit,1098.85
R007126,O067049,C09307,2025-12-20 10:51:24.149562188,wrong_item,1389.66
R007127,O067071,C08651,2025-12-21 17:46:47.643804390,damaged,9066.3
R007128,O067088,C00612,2025-12-22 03:57:43.471898388,changed_mind,187.86
R007129,O067097,C07569,2025-12-23 05:30:31.281227596,changed_mind,742.62
R007130,O067112,C03098,2025-12-23 22:44:09.030989580,not_as_described,1761.58
R007131,O067116,C03034,2025-12-21 08:16:02.310810394,size_fit,2030.44
R007132,O067119,C00502,2025-12-27 01:36:09.304846333,not_as_described,18112.47
R007133,O067126,C02086,2025-12-21 08:47:23.975181024,not_as_described,666.22
R007134,O067130,C08503,2025-12-20 14:10:22.295299764,changed_mind,2742.35
R007135,O067135,C07611,2025-12-20 22:50:00.139890757,wrong_item,2283.13
R007136,O067137,C09493,2025-12-21 11:55:48.600018123,damaged,2242.42
R007137,O067157,C02655,2025-12-20 19:24:40.102173352,not_as_described,2714.0
R007138,O067164,C01911,2025-12-26 10:16:43.575665750,size_fit,5971.64
R007139,O067176,C07172,2025-12-22 11:38:54.342984390,not_as_described,1956.79
R007140,O067185,C09951,2025-12-19 10:43:41.835750096,not_as_described,1925.46
R007141,O067203,C06833,2025-12-22 07:21:51.754982569,damaged,2059.18
R007142,O067207,C07990,2025-12-21 15:22:04.157161284,not_as_described,2562.16
R007143,O067211,C02290,2025-12-20 16:55:42.573210960,size_fit,20783.3
R007144,O067220,C03987,2025-12-18 13:20:59.859051406,wrong_item,1508.2
R007145,O067227,C02474,2025-12-20 22:22:26.176994886,not_as_described,602.83
R007146,O067235,C06316,2025-12-27 16:49:27.608398086,wrong_item,1680.77
R007147,O067257,C06644,2025-12-22 07:43:53.076216385,size_fit,3975.48
R007148,O067261,C02036,2025-12-28 17:51:30.287768493,size_fit,2008.31
R007149,O067265,C07869,2025-12-21 18:33:38.388750890,size_fit,886.78
R007150,O067282,C02096,2025-12-24 17:34:11.985251005,size_fit,5296.43
R007151,O067299,C06807,2025-12-20 15:58:06.298914687,damaged,6591.67
R007152,O067300,C06489,2025-12-20 18:21:26.684710570,size_fit,13710.72
R007153,O067325,C05310,2025-12-22 09:25:22.800011772,size_fit,842.98
R007154,O067354,C07019,2025-12-22 17:00:36.101522674,not_as_described,662.32
R007155,O067357,C05627,2025-12-22 18:21:31.843012845,not_as_described,5046.01
R007156,O067362,C00839,2025-12-22 05:18:27.851988675,changed_mind,3156.27
R007157,O067388,C04309,2025-12-21 02:00:14.038474006,damaged,1448.24
R007158,O067397,C03898,2025-12-22 04:39:35.334062856,size_fit,657.87
R007159,O067404,C01084,2025-12-23 16:01:43.511841951,size_fit,1676.12
R007160,O067409,C07529,2025-12-23 09:30:44.399660144,damaged,1861.69
R007161,O067423,C07605,2025-12-20 15:46:20.160408712,changed_mind,1579.64
R007162,O067424,C03917,2025-12-30 16:40:40.011735914,not_as_described,1207.32
R007163,O067429,C01712,2025-12-19 10:55:06.231168458,not_as_described,4466.96
R007164,O067455,C02675,2025-12-22 11:15:26.433083664,not_as_described,1189.91
R007165,O067461,C00574,2025-12-24 20:10:55.960865526,not_as_described,4948.99
R007166,O067468,C02793,2025-12-23 03:32:33.258714075,damaged,465.77
R007167,O067475,C07152,2025-12-20 22:48:47.133362415,size_fit,3183.07
R007168,O067477,C04398,2025-12-24 04:15:12.248646224,not_as_described,566.06
R007169,O067501,C08079,2025-12-23 21:36:45.549865450,size_fit,316.1
R007170,O067543,C08275,2025-12-23 13:29:33.291485700,damaged,2052.0
R007171,O067553,C08551,2025-12-24 15:05:53.642119405,not_as_described,1238.22
R007172,O067554,C07652,2025-12-23 09:27:17.327334376,changed_mind,6223.78
R007173,O067558,C02062,2025-12-22 07:57:12.582046785,wrong_item,1453.97
R007174,O067577,C01988,2025-12-24 12:30:26.943958483,damaged,979.26
R007175,O067578,C04605,2025-12-22 06:08:07.686296872,wrong_item,1921.49
R007176,O067605,C03982,2025-12-25 23:51:40.794685959,size_fit,1081.31
R007177,O067606,C01020,2025-12-25 18:35:31.105267457,damaged,2641.49
R007178,O067624,C03542,2025-12-25 04:31:52.805199309,not_as_described,2667.68
R007179,O067637,C09839,2025-12-22 05:38:27.562377336,size_fit,1827.62
R007180,O067639,C01861,2025-12-21 05:07:25.841074087,not_as_described,3226.9
R007181,O067642,C01698,2025-12-24 18:59:31.632284353,size_fit,2420.32
R007182,O067654,C04312,2025-12-22 10:26:08.667512926,not_as_described,2227.99
R007183,O067655,C07780,2025-12-23 00:11:07.187923435,changed_mind,1978.39
R007184,O067676,C09321,2025-12-27 04:46:02.781936901,size_fit,3564.21
R007185,O067677,C02352,2026-01-01 10:55:56.512066339,wrong_item,487.87
R007186,O067680,C01571,2025-12-23 18:10:18.735894490,not_as_described,13240.62
R007187,O067699,C09157,2025-12-25 06:26:39.695345646,size_fit,641.24
R007188,O067715,C05865,2025-12-25 11:23:20.006172398,wrong_item,9000.09
R007189,O067723,C02292,2025-12-21 20:18:01.091117588,not_as_described,12228.07
R007190,O067724,C00205,2025-12-23 09:45:54.960240650,changed_mind,1503.38
R007191,O067725,C05477,2025-12-24 02:45:25.969024148,changed_mind,2140.62
R007192,O067731,C02728,2025-12-22 20:54:25.891962703,damaged,1261.31
R007193,O067753,C09347,2025-12-28 04:01:35.649418119,not_as_described,1097.37
R007194,O067758,C03916,2025-12-23 20:38:37.296454236,size_fit,1594.55
R007195,O067774,C00406,2025-12-23 00:23:18.007995786,size_fit,691.58
R007196,O067782,C06461,2025-12-22 23:18:49.348080630,wrong_item,1511.84
R007197,O067788,C02201,2025-12-25 18:34:27.073554938,size_fit,2199.59
R007198,O067798,C07296,2025-12-28 17:11:42.884260378,damaged,3540.87
R007199,O067813,C08457,2025-12-28 17:53:39.274199264,wrong_item,4334.81
R007200,O067817,C07539,2025-12-27 15:19:51.539520666,size_fit,2507.78
R007201,O067835,C05517,2025-12-25 08:54:53.136619952,not_as_described,373.76
R007202,O067840,C04890,2025-12-25 10:40:39.467453048,size_fit,1012.17
R007203,O067858,C08139,2025-12-23 06:54:05.136906956,changed_mind,2001.58
R007204,O067864,C01928,2025-12-24 14:09:42.048741520,damaged,2388.17
R007205,O067894,C02181,2025-12-25 21:19:41.975018626,wrong_item,3096.4
R007206,O067901,C09789,2025-12-25 00:37:55.584909184,not_as_described,3740.14
R007207,O067904,C07773,2025-12-25 15:42:34.949194484,wrong_item,5684.68
R007208,O067906,C03295,2025-12-24 15:25:24.087013032,not_as_described,3721.04
R007209,O067916,C08386,2025-12-26 11:32:18.357276163,not_as_described,1576.17
R007210,O067925,C01777,2025-12-27 07:34:34.849151706,size_fit,1076.61
R007211,O067933,C01639,2025-12-25 12:18:44.987919836,size_fit,2213.18
R007212,O067938,C01538,2025-12-29 19:53:25.224765140,size_fit,5372.18
R007213,O067947,C08323,2025-12-28 00:46:56.085106346,size_fit,1134.73
R007214,O067962,C01873,2025-12-25 13:25:16.083685848,wrong_item,2570.98
R007215,O067966,C06431,2025-12-27 00:23:07.753463556,not_as_described,9579.28
R007216,O067988,C08170,2025-12-26 23:09:31.752518101,changed_mind,5465.22
R007217,O067995,C07051,2025-12-27 10:33:16.008505009,size_fit,2226.19
R007218,O067998,C06520,2025-12-28 15:33:20.432324462,wrong_item,1911.62
R007219,O068001,C07350,2025-12-26 08:36:19.673494315,not_as_described,5208.47
R007220,O068016,C08912,2025-12-29 17:32:38.419138860,not_as_described,1726.92
R007221,O068019,C02793,2025-12-24 20:06:08.183143335,not_as_described,1078.53
R007222,O068029,C02636,2025-12-27 13:11:17.633297439,size_fit,366.07
R007223,O068032,C05711,2025-12-25 17:56:45.515933642,changed_mind,1480.16
R007224,O068042,C00004,2025-12-24 16:09:47.697145102,not_as_described,2301.54
R007225,O068048,C01353,2025-12-26 13:55:03.031820623,not_as_described,4930.11
R007226,O068061,C05978,2025-12-23 19:33:27.167639986,wrong_item,1130.09
R007227,O068065,C04186,2025-12-26 19:52:48.042952309,damaged,10808.59
R007228,O068067,C08258,2025-12-30 19:18:03.052398643,not_as_described,9844.32
R007229,O068073,C04165,2025-12-26 18:01:03.028791910,not_as_described,1705.25
R007230,O068089,C03935,2025-12-31 22:24:06.081607832,not_as_described,12434.53
R007231,O068093,C03782,2025-12-26 23:44:06.741036517,size_fit,1954.71
R007232,O068097,C03822,2025-12-25 07:16:24.977630215,changed_mind,12599.44
R007233,O068107,C05484,2025-12-29 23:08:41.160825614,changed_mind,2000.85
R007234,O068110,C04979,2025-12-31 09:19:17.803763256,size_fit,1644.88
R007235,O068112,C06619,2025-12-27 01:11:03.741832471,size_fit,1054.6
R007236,O068121,C01977,2025-12-30 09:47:13.032401661,not_as_described,1706.12
R007237,O068134,C08105,2025-12-24 06:42:07.745162637,size_fit,914.3
R007238,O068136,C09602,2025-12-25 21:28:11.204279634,changed_mind,5455.17
R007239,O068143,C05534,2025-12-30 01:53:47.985135954,not_as_described,1458.03
R007240,O068156,C06128,2025-12-24 16:43:43.783495266,size_fit,4850.23
R007241,O068183,C00549,2025-12-27 02:36:19.246531330,size_fit,4643.05
R007242,O068186,C07390,2025-12-28 10:51:37.268320946,size_fit,1069.87
R007243,O068194,C02196,2026-01-06 17:36:27.290062126,size_fit,396.53
R007244,O068197,C07821,2025-12-25 01:57:17.844936015,not_as_described,5434.48
R007245,O068203,C09329,2025-12-29 16:08:46.154907214,wrong_item,628.17
R007246,O068209,C09826,2025-12-27 20:18:26.307005414,wrong_item,6963.97
R007247,O068253,C03547,2025-12-25 00:15:31.294947978,size_fit,657.06
R007248,O068267,C02858,2025-12-26 02:05:13.279242523,wrong_item,11361.7
R007249,O068272,C02547,2025-12-26 23:06:52.322204052,size_fit,493.48
R007250,O068276,C04081,2025-12-25 22:59:49.686171417,not_as_described,1558.98
R007251,O068283,C02938,2026-01-03 16:39:19.580521377,size_fit,2050.67
R007252,O068284,C03622,2025-12-27 07:35:31.566066115,damaged,2062.72
R007253,O068289,C09707,2025-12-26 00:28:40.452512070,size_fit,395.68
R007254,O068294,C09785,2025-12-29 14:18:26.058948760,size_fit,12161.88
R007255,O068303,C01714,2025-12-27 09:34:55.997631145,changed_mind,806.98
R007256,O068306,C02752,2026-01-10 08:18:25.111320901,not_as_described,2261.76
R007257,O068307,C05357,2025-12-25 16:52:08.615664584,size_fit,613.37
R007258,O068309,C09429,2025-12-30 02:16:47.979198177,wrong_item,1515.33
R007259,O068320,C02183,2025-12-29 13:58:41.093826978,size_fit,473.9
R007260,O068322,C00936,2026-01-03 19:58:50.744373985,wrong_item,1157.9
R007261,O068323,C09922,2026-01-11 00:00:00.000000000,size_fit,2034.24
R007262,O068333,C09494,2025-12-28 00:57:10.870428124,size_fit,7236.2
R007263,O068342,C09425,2025-12-29 21:02:25.915304979,damaged,19391.4
R007264,O068345,C07663,2025-12-26 10:47:36.776853182,not_as_described,691.79
R007265,O068348,C05586,2025-12-29 01:27:02.693709730,changed_mind,27863.11
R007266,O068349,C06607,2025-12-26 05:57:47.532364110,damaged,22772.71
R007267,O068350,C09071,2025-12-30 20:06:51.225034201,size_fit,1661.83
R007268,O068355,C01182,2025-12-26 15:50:54.830978329,size_fit,933.23
R007269,O068367,C09021,2025-12-28 15:38:03.787969855,changed_mind,8004.86
R007270,O068405,C05132,2026-01-02 17:10:30.476556699,size_fit,4950.65
R007271,O068407,C00039,2025-12-28 19:39:08.535878499,changed_mind,2203.96
R007272,O068415,C06416,2025-12-30 14:54:38.218637145,size_fit,16177.72
R007273,O068425,C02840,2025-12-27 10:59:54.999298572,not_as_described,2561.86
R007274,O068435,C09869,2025-12-29 01:35:36.062317064,not_as_described,2285.87
R007275,O068439,C02191,2025-12-31 14:26:28.678817212,changed_mind,646.39
R007276,O068453,C05523,2025-12-27 04:05:49.588126098,damaged,1059.94
R007277,O068464,C03816,2025-12-28 15:11:41.534824329,not_as_described,4273.27
R007278,O068483,C07669,2026-01-01 02:30:04.243246649,not_as_described,3646.76
R007279,O068489,C08152,2025-12-27 17:02:14.728834330,size_fit,484.87
R007280,O068499,C05763,2025-12-25 14:27:20.703243081,changed_mind,1974.68
R007281,O068505,C09734,2025-12-25 13:35:27.922117509,size_fit,4045.64
R007282,O068533,C03937,2025-12-26 18:54:50.845644543,changed_mind,2594.22
R007283,O068540,C07044,2025-12-25 12:15:49.682537391,size_fit,5549.93
R007284,O068541,C05423,2025-12-26 05:45:19.743099156,not_as_described,2908.0
R007285,O068544,C09371,2025-12-31 07:35:53.143527199,not_as_described,625.34
R007286,O068548,C09341,2025-12-30 04:59:10.256642718,not_as_described,1820.07
R007287,O068549,C01420,2025-12-29 23:32:07.936785567,changed_mind,6854.4
R007288,O068561,C06299,2025-12-28 21:11:51.411882408,changed_mind,2727.43
R007289,O068562,C02147,2025-12-26 09:35:45.566929593,not_as_described,2965.14
R007290,O068564,C01450,2026-01-01 03:14:46.742812278,size_fit,417.23
R007291,O068565,C02136,2026-01-02 17:31:50.734487967,size_fit,450.73
R007292,O068573,C07339,2025-12-28 13:03:53.479956164,not_as_described,1795.51
R007293,O068581,C01487,2025-12-30 10:35:45.349647766,wrong_item,3653.99
R007294,O068582,C09625,2025-12-28 03:02:11.186699758,not_as_described,1257.11
R007295,O068593,C06875,2025-12-29 10:14:27.668583913,wrong_item,566.33
R007296,O068594,C02498,2025-12-28 00:15:12.207304875,changed_mind,780.61
R007297,O068605,C09416,2025-12-27 10:00:19.814209534,not_as_described,503.54
R007298,O068611,C09747,2025-12-26 09:08:42.053368552,size_fit,910.12
R007299,O068617,C03361,2026-01-01 01:05:16.679050976,wrong_item,27930.15
R007300,O068618,C01460,2025-12-30 06:47:48.228442130,wrong_item,1613.74
R007301,O068621,C06865,2025-12-31 16:43:39.147829147,wrong_item,1177.56
R007302,O068626,C03762,2025-12-30 02:31:21.466149996,size_fit,1731.42
R007303,O068631,C05392,2025-12-28 22:59:51.832092336,damaged,1646.76
R007304,O068638,C08751,2025-12-29 14:34:11.945223933,damaged,1473.91
R007305,O068660,C04687,2026-01-01 06:08:49.821365583,not_as_described,5185.81
R007306,O068670,C06865,2026-01-01 12:32:18.603571999,size_fit,5266.83
R007307,O068712,C07332,2026-01-06 15:41:23.634480494,not_as_described,2691.61
R007308,O068720,C09541,2025-12-31 09:23:12.996699259,not_as_described,254.12
R007309,O068723,C04840,2026-01-01 08:06:39.828094689,changed_mind,6186.94
R007310,O068745,C01552,2025-12-30 15:01:04.973876580,not_as_described,340.22
R007311,O068754,C05648,2025-12-31 06:02:31.980563563,not_as_described,472.63
R007312,O068756,C03606,2026-01-04 20:48:05.244839859,size_fit,14884.67
R007313,O068759,C01597,2025-12-29 13:54:40.251551414,size_fit,2476.12
R007314,O068760,C08291,2025-12-30 18:56:44.328737619,changed_mind,13996.94
R007315,O068767,C02432,2026-01-05 07:45:51.005086074,size_fit,1008.33
R007316,O068772,C07604,2026-01-02 00:52:06.145799440,size_fit,223.52
R007317,O068798,C07677,2025-12-28 09:28:54.848004398,not_as_described,5515.58
R007318,O068799,C01999,2025-12-31 12:07:43.570243822,not_as_described,4264.21
R007319,O068800,C08906,2025-12-30 10:17:15.241224652,changed_mind,11919.09
R007320,O068805,C08643,2025-12-31 02:54:42.869855242,damaged,3410.04
R007321,O068861,C01053,2025-12-29 06:16:39.820066867,size_fit,4921.32
R007322,O068874,C02570,2025-12-31 14:13:04.004944111,changed_mind,1024.72
R007323,O068876,C09898,2025-12-29 14:22:24.610880881,size_fit,5567.69
R007324,O068886,C03250,2025-12-29 11:06:50.389595182,not_as_described,2783.21
R007325,O068888,C08851,2026-01-02 02:53:09.008215134,size_fit,2106.39
R007326,O068903,C06124,2025-12-29 19:25:40.313061156,size_fit,7477.09
R007327,O068904,C06630,2025-12-31 14:23:56.880696508,size_fit,620.03
R007328,O068910,C01359,2025-12-31 08:34:23.654560382,wrong_item,1708.01
R007329,O068913,C00729,2026-01-02 13:52:56.429053579,damaged,1598.25
R007330,O068933,C02765,2025-12-30 18:08:36.037139582,wrong_item,1566.77
R007331,O068934,C05664,2025-12-31 06:34:19.505676611,not_as_described,538.06
R007332,O068990,C09526,2026-01-01 06:56:29.840966538,size_fit,1088.19
R007333,O068998,C08100,2026-01-04 00:28:38.859701379,not_as_described,533.82
R007334,O069022,C05622,2025-12-31 11:25:27.649082845,not_as_described,751.22
R007335,O069026,C05864,2026-01-02 17:18:40.019407974,wrong_item,906.3
R007336,O069037,C06575,2026-01-01 20:19:13.288622415,wrong_item,676.63
R007337,O069048,C09464,2025-12-29 12:24:26.258948557,wrong_item,1942.16
R007338,O069062,C06525,2026-01-01 07:06:08.747839839,not_as_described,1906.52
R007339,O069075,C08068,2026-01-01 18:08:25.541411758,size_fit,761.01
R007340,O069078,C01375,2025-12-29 23:39:14.976670046,not_as_described,1024.63
R007341,O069084,C04582,2025-12-31 22:08:36.615106114,changed_mind,1982.17
R007342,O069089,C05080,2025-12-28 13:53:59.897397469,changed_mind,714.18
R007343,O069102,C05516,2026-01-07 12:09:05.625346082,size_fit,6447.59
R007344,O069118,C01004,2025-12-28 09:23:47.996173035,size_fit,2473.81
R007345,O069127,C09610,2026-01-01 04:09:10.618383481,not_as_described,1901.26
R007346,O069137,C02147,2025-12-30 11:55:26.260172299,not_as_described,1752.22
R007347,O069145,C08288,2026-01-01 09:24:41.936307516,wrong_item,823.16
R007348,O069147,C09379,2025-12-31 00:19:34.924933419,size_fit,6584.9
R007349,O069149,C05287,2026-01-11 11:20:36.894616944,wrong_item,473.91
R007350,O069165,C02004,2026-01-04 08:38:34.031432684,damaged,3280.7
R007351,O069181,C06762,2025-12-28 15:47:30.535287122,not_as_described,2384.36
R007352,O069182,C06927,2026-01-04 02:32:43.598410634,size_fit,1199.49
R007353,O069222,C06164,2026-01-02 03:51:33.693802351,not_as_described,3458.77
R007354,O069226,C00694,2026-01-03 19:13:34.113862873,wrong_item,3514.76
R007355,O069247,C07007,2025-12-31 07:29:17.861521477,wrong_item,14109.34
R007356,O069249,C09613,2026-01-03 21:01:03.765479332,wrong_item,7891.88
R007357,O069250,C07586,2026-01-01 09:45:29.762039350,size_fit,1527.17
R007358,O069256,C02780,2026-01-02 19:29:57.727651660,wrong_item,1384.81
R007359,O069257,C06760,2026-01-04 08:55:13.390976323,size_fit,5182.67
R007360,O069274,C07382,2025-12-31 18:48:32.212536584,changed_mind,7870.12
R007361,O069276,C03631,2026-01-06 22:07:31.011120166,wrong_item,1192.2
R007362,O069293,C06976,2026-01-01 22:54:39.785467831,size_fit,1711.14
R007363,O069296,C04240,2026-01-01 01:34:41.493949679,damaged,252.88
R007364,O069300,C04648,2026-01-03 14:03:15.621635610,size_fit,526.3
R007365,O069313,C01371,2026-01-15 20:22:22.137201314,size_fit,1368.18
R007366,O069314,C00012,2026-01-04 15:29:02.075477827,size_fit,753.82
R007367,O069325,C00643,2026-01-06 06:12:35.773443910,size_fit,3123.15
R007368,O069327,C07421,2026-01-05 04:54:08.097546506,wrong_item,2215.38
R007369,O069339,C03575,2026-01-02 20:13:09.085685390,not_as_described,2221.08
R007370,O069378,C03963,2025-12-29 16:00:23.024224998,not_as_described,612.11
R007371,O069383,C05873,2026-01-01 03:20:00.959036755,damaged,785.55
R007372,O069385,C01298,2026-01-05 09:33:32.224396388,wrong_item,1768.84
R007373,O069399,C09703,2026-01-02 07:31:12.738189676,size_fit,805.4
R007374,O069402,C03025,2026-01-05 12:29:58.668568929,wrong_item,1302.17
R007375,O069412,C03754,2026-01-04 05:26:25.190076822,size_fit,437.8
R007376,O069419,C08249,2026-01-01 10:20:18.879522576,damaged,823.54
R007377,O069428,C06761,2026-01-02 09:50:50.659485054,size_fit,4761.02
R007378,O069440,C05303,2026-01-01 00:16:03.064112814,not_as_described,6515.73
R007379,O069453,C07626,2026-01-05 18:19:12.395646721,not_as_described,2856.3
R007380,O069473,C09982,2025-12-30 18:10:31.085104630,size_fit,5161.55
R007381,O069481,C07013,2026-01-09 04:18:39.288258626,not_as_described,282.87
R007382,O069494,C05717,2026-01-03 02:15:55.311450926,size_fit,1252.1
R007383,O069496,C09702,2026-01-02 20:18:35.452378785,size_fit,8775.75
R007384,O069507,C06363,2026-01-03 11:38:12.491745021,not_as_described,846.2
R007385,O069515,C07568,2026-01-07 16:15:07.080730102,not_as_described,1809.77
R007386,O069520,C02868,2026-01-06 01:12:32.731787908,damaged,794.81
R007387,O069523,C03160,2026-01-04 08:13:25.191254881,wrong_item,6594.23
R007388,O069524,C02951,2026-01-06 16:57:41.366954354,not_as_described,2865.28
R007389,O069552,C06044,2026-01-10 02:29:49.289907062,not_as_described,823.18
R007390,O069553,C08878,2026-01-05 02:59:59.781379185,not_as_described,2460.95
R007391,O069565,C03461,2026-01-04 10:11:12.858868993,wrong_item,2301.62
R007392,O069572,C09054,2026-01-06 12:32:39.116709222,damaged,2285.17
R007393,O069574,C00763,2026-01-14 00:00:00.000000000,wrong_item,570.55
R007394,O069575,C09247,2026-01-03 23:51:55.038732991,wrong_item,3038.56
R007395,O069579,C03774,2026-01-10 11:15:11.792660943,changed_mind,714.59
R007396,O069580,C05187,2026-01-02 20:29:12.349648096,damaged,5905.58
R007397,O069584,C01016,2025-12-31 07:05:48.285445066,not_as_described,13863.18
R007398,O069608,C09760,2026-01-07 03:20:42.225174564,changed_mind,612.08
R007399,O069623,C06326,2025-12-31 15:04:50.284713608,size_fit,5512.29
R007400,O069630,C06372,2026-01-02 00:17:28.451565506,size_fit,1048.33
R007401,O069636,C01635,2026-01-04 06:16:53.717933089,damaged,3529.07
R007402,O069638,C00062,2026-01-02 05:57:56.489036601,changed_mind,4869.07
R007403,O069641,C09671,2026-01-05 12:18:57.726700581,damaged,7016.67
R007404,O069656,C08574,2026-01-07 07:53:12.085039557,size_fit,3572.9
R007405,O069666,C05084,2026-01-05 08:42:56.119904820,damaged,1128.18
R007406,O069670,C07969,2026-01-08 20:25:02.838880419,damaged,1338.58
R007407,O069684,C00506,2026-01-10 03:27:34.809112317,not_as_described,8621.74
R007408,O069686,C00622,2025-12-31 22:35:44.835625503,wrong_item,2727.08
R007409,O069690,C04428,2025-12-31 07:49:16.080263796,not_as_described,5333.62
R007410,O069691,C02266,2026-01-06 03:11:07.709087878,size_fit,22384.23
R007411,O069709,C02186,2026-01-03 06:11:30.982678915,not_as_described,488.76
R007412,O069715,C09676,2026-01-07 14:03:04.666766742,not_as_described,2353.69
R007413,O069717,C05195,2026-01-03 11:47:02.177575368,size_fit,2419.39
R007414,O069721,C07059,2026-01-05 16:58:22.585643533,changed_mind,8094.29
R007415,O069723,C07973,2026-01-02 04:20:32.630094772,not_as_described,484.99
R007416,O069725,C01079,2025-12-31 19:47:02.404244482,changed_mind,7630.53
R007417,O069726,C03348,2026-01-01 23:10:15.945895398,size_fit,390.58
R007418,O069729,C02343,2026-01-06 19:25:51.941953023,not_as_described,12919.02
R007419,O069730,C05049,2025-12-31 16:10:25.802584435,damaged,4830.95
R007420,O069738,C05982,2026-01-02 07:52:59.468095142,damaged,5854.49
R007421,O069749,C00882,2026-01-04 07:50:53.848348432,size_fit,626.35
R007422,O069756,C04237,2026-01-05 23:16:56.960318164,wrong_item,33943.36
R007423,O069766,C05029,2026-01-03 10:21:22.424766800,size_fit,3437.94
R007424,O069777,C09785,2026-01-11 01:05:55.757976795,size_fit,262.12
R007425,O069795,C01978,2026-01-03 08:24:25.195197852,size_fit,683.35
R007426,O069802,C09226,2026-01-05 15:02:19.337362540,size_fit,425.71
R007427,O069803,C00591,2025-12-31 15:55:14.227461300,size_fit,12857.75
R007428,O069810,C09993,2026-01-11 23:25:21.625954676,size_fit,1554.35
R007429,O069811,C05510,2026-01-05 22:28:53.188145882,not_as_described,372.76
R007430,O069828,C00840,2026-01-03 16:49:57.803017987,not_as_described,2752.51
R007431,O069830,C04682,2026-01-06 04:40:45.545901150,size_fit,683.08
R007432,O069837,C09939,2026-01-02 07:52:31.757834751,wrong_item,217.93
R007433,O069875,C03217,2026-01-03 11:37:22.642932342,damaged,1712.28
R007434,O069890,C08630,2026-01-06 01:53:03.064381519,size_fit,4068.83
R007435,O069894,C03145,2026-01-12 11:43:58.497746980,not_as_described,3889.62
R007436,O069900,C06667,2026-01-04 21:55:27.718256391,wrong_item,3450.28
R007437,O069905,C07672,2026-01-03 03:50:58.702510874,damaged,740.65
R007438,O069916,C07912,2026-01-03 08:38:54.033927241,size_fit,1582.48
R007439,O069919,C03221,2026-01-14 02:40:38.033739271,not_as_described,578.18
R007440,O069922,C01747,2026-01-05 08:52:18.961385865,damaged,28962.13
R007441,O069926,C09482,2026-01-06 03:03:37.950234242,changed_mind,1155.04
R007442,O069934,C01309,2026-01-11 20:58:55.271139373,size_fit,3542.6
R007443,O069975,C02002,2026-01-02 08:34:58.539264927,size_fit,525.26
R007444,O069985,C07502,2026-01-02 19:02:21.537141882,not_as_described,1715.32
R007445,O069990,C06612,2026-01-03 19:07:27.055298110,not_as_described,765.64
R007446,O069998,C09247,2026-01-04 16:42:58.306581658,changed_mind,1011.09
